date,ticker,actual,predicted,model
2005-01-10,AAPL,0.15549089979224387,0.0035488268468311327,Historical
2005-01-10,CAT,-0.016171264388042606,0.013187500917934908,Historical
2005-01-10,CVX,0.1012459213505597,0.006181740337265706,Historical
2005-01-10,DUK,0.09689313928586571,0.00399850607262771,Historical
2005-01-10,GS,0.0650305530682746,0.0034805304865974827,Historical
2005-01-10,HD,0.0150952203168258,-0.007032039229583397,Historical
2005-01-10,INTC,0.029952333197272408,-0.010477024060912537,Historical
2005-01-10,JNJ,0.05771751320381959,0.006404860232225322,Historical
2005-01-10,JPM,-0.016806990666977,-0.0006507210336267654,Historical
2005-01-10,KO,0.0355606583185259,-0.003682683690629338,Historical
2005-01-10,MCD,0.017110495338905497,-0.0025857430010192747,Historical
2005-01-10,MMM,0.024485343385419002,0.010995164913980272,Historical
2005-01-10,MSFT,-0.0162545046016263,-0.011025799518320487,Historical
2005-01-10,NEM,-0.026863945134647703,0.009557437435249404,Historical
2005-01-10,PFE,-0.0289311929478207,-0.001988444473846835,Historical
2005-01-10,PG,-0.0685881170776355,0.0024465240776891176,Historical
2005-01-10,UNH,0.0186266654535233,0.031213084409613265,Historical
2005-01-10,VZ,-0.07807866593091489,-0.0038604710270596985,Historical
2005-01-10,WFC,-0.004014232982545102,0.00984045650853527,Historical
2005-01-10,XOM,0.11848658555961342,0.005996114451670255,Historical
2005-02-09,AAPL,-0.015446587883200366,0.008218961485872148,Historical
2005-02-09,CAT,0.07149730511269431,0.014693604251383727,Historical
2005-02-09,CVX,0.03974855730398559,0.008069674454250574,Historical
2005-02-09,DUK,0.0312842723144893,0.002964222209120864,Historical
2005-02-09,GS,-0.0019738325792958934,0.004019010324787589,Historical
2005-02-09,HD,-0.050222528504569194,-0.005605453049889625,Historical
2005-02-09,INTC,0.0596945637643185,-0.01230927009876248,Historical
2005-02-09,JNJ,0.029184257647464802,0.008646338422856845,Historical
2005-02-09,JPM,-0.037780685644784394,-0.0030671292647133546,Historical
2005-02-09,KO,0.009799009898308394,-0.003090006051987238,Historical
2005-02-09,MCD,0.010127529120826699,-0.0004684431005205096,Historical
2005-02-09,MMM,0.03203019442376499,0.011737709557054407,Historical
2005-02-09,MSFT,-0.028275454207326807,-0.008877288556450329,Historical
2005-02-09,NEM,0.1263681037562356,0.011478072629514753,Historical
2005-02-09,PFE,0.0533611085074048,-0.0044989120588993705,Historical
2005-02-09,PG,0.024514058248960996,0.002645301805591959,Historical
2005-02-09,UNH,0.0282893442178262,0.030877303134740363,Historical
2005-02-09,VZ,-0.007711173777421299,-0.005094491321863033,Historical
2005-02-09,WFC,-0.020222787333544906,0.009735952584074128,Historical
2005-02-09,XOM,0.07907727840179467,0.006839641034021947,Historical
2005-03-11,AAPL,0.05114286226318039,0.0036480796722892788,Historical
2005-03-11,CAT,-0.08592080828075091,0.018842586314920987,Historical
2005-03-11,CVX,-0.02808829295134439,0.01030301494723011,Historical
2005-03-11,DUK,0.03190643305657841,0.00557863443442047,Historical
2005-03-11,GS,0.006802565552313097,0.0020255982497819182,Historical
2005-03-11,HD,-0.0554050325110691,-0.004633057009587903,Historical
2005-03-11,INTC,-0.07215971437572072,-0.014243158428403464,Historical
2005-03-11,JNJ,0.013003768684027498,0.011568948312317102,Historical
2005-03-11,JPM,-0.0390618862625842,-0.003441974326243888,Historical
2005-03-11,KO,-0.021735038579536497,-0.0009682579646999531,Historical
2005-03-11,MCD,-0.061388481813133,0.0012683226877833148,Historical
2005-03-11,MMM,-0.025481122392370104,0.012713440635980556,Historical
2005-03-11,MSFT,-0.018254007883441198,-0.008554999333356588,Historical
2005-03-11,NEM,-0.08888070820230069,0.01302101765742129,Historical
2005-03-11,PFE,-0.010900170441581095,-0.002011130092500841,Historical
2005-03-11,PG,0.03812285722497011,0.004871008884874535,Historical
2005-03-11,UNH,0.06173173079696579,0.031783190137575315,Historical
2005-03-11,VZ,-0.024356479081576704,-0.004059318479583759,Historical
2005-03-11,WFC,-0.0034933689013729,0.011351947188197875,Historical
2005-03-11,XOM,-0.0013259712450808024,0.00976392105111322,Historical
2005-04-12,AAPL,-0.1406457983122764,0.0038226939596341172,Historical
2005-04-12,CAT,-0.0011158997084381754,0.01506377969321693,Historical
2005-04-12,CVX,-0.07085292977227058,0.00627585392490347,Historical
2005-04-12,DUK,-0.022583816110528794,0.0046180804680892775,Historical
2005-04-12,GS,-0.090869495821368,0.001658172082691108,Historical
2005-04-12,HD,-0.03450466331825651,-0.009257296191365979,Historical
2005-04-12,INTC,0.06825274020318149,-0.016964281860605526,Historical
2005-04-12,JNJ,-0.0169821176730625,0.012071558450358283,Historical
2005-04-12,JPM,0.0149086650313058,-0.0062799608085405125,Historical
2005-04-12,KO,0.05483385927590161,-0.0011205226988055966,Historical
2005-04-12,MCD,-0.02298968635321049,-0.0026748917556730155,Historical
2005-04-12,MMM,-0.0976687352601859,0.011852262241213413,Historical
2005-04-12,MSFT,-0.002807336647981007,-0.007923159464428058,Historical
2005-04-12,NEM,-0.10895140564796901,0.010876696006439375,Historical
2005-04-12,PFE,0.044352706398762494,-0.004734584415135689,Historical
2005-04-12,PG,-0.003180091603028609,0.012111720117108959,Historical
2005-04-12,UNH,0.006664131101249606,0.030618259130609775,Historical
2005-04-12,VZ,-0.016467005548914098,-0.006650708619388139,Historical
2005-04-12,WFC,0.0033153759454283005,0.0074490178083791835,Historical
2005-04-12,XOM,-0.0520883849327419,0.008714423973033236,Historical
2005-05-11,AAPL,0.03321582723529471,0.0039322685819108945,Historical
2005-05-11,CAT,0.08342623469895769,0.01614902555191174,Historical
2005-05-11,CVX,0.0645647853803909,0.006023073385509045,Historical
2005-05-11,DUK,0.016975187753965303,0.003377151017984104,Historical
2005-05-11,GS,-0.021381433354475104,0.002563646537884486,Historical
2005-05-11,HD,0.08511900761438251,-0.0059903090103005565,Historical
2005-05-11,INTC,0.1158443394095168,-0.014286158257879608,Historical
2005-05-11,JNJ,-0.009984565889855097,0.009426594182490065,Historical
2005-05-11,JPM,0.010192367676918092,-0.0024553426306616853,Historical
2005-05-11,KO,-0.013200171975547001,7.02665582244385e-05,Historical
2005-05-11,MCD,-0.0379187756901298,-0.002535883069186953,Historical
2005-05-11,MMM,-0.0001596691179720968,0.01136218443110558,Historical
2005-05-11,MSFT,0.0273698788410556,-0.003753513105745779,Historical
2005-05-11,NEM,-0.014998865455478405,0.006445313258718158,Historical
2005-05-11,PFE,0.0021820940876516003,-0.005934044452602251,Historical
2005-05-11,PG,0.005814130727390702,0.011669073200920999,Historical
2005-05-11,UNH,0.056033621509553,0.030948964411460195,Historical
2005-05-11,VZ,0.013884717539507398,-0.004879191466482616,Historical
2005-05-11,WFC,0.026602789756956506,0.008652389746306553,Historical
2005-05-11,XOM,0.026002604312973698,0.008479271002020828,Historical
2005-06-10,AAPL,0.011880969603068302,0.008112389038066352,Historical
2005-06-10,CAT,0.025530798053966006,0.016627055983423265,Historical
2005-06-10,CVX,0.022770075014022194,0.006373067415626811,Historical
2005-06-10,DUK,0.061166459151876205,0.0032675638394631676,Historical
2005-06-10,GS,0.0710520376410107,0.003003318542607924,Historical
2005-06-10,HD,0.017522890666546498,-0.004455518425796151,Historical
2005-06-10,INTC,8.847089727481716e-17,-0.014348587945276211,Historical
2005-06-10,JNJ,-0.029503406789441102,0.009050331035832358,Historical
2005-06-10,JPM,-0.005654983351210294,-0.0036712328357075847,Historical
2005-06-10,KO,-0.013974580518274906,-0.0014903835420308317,Historical
2005-06-10,MCD,-0.00034523730924830055,-0.002628815494375418,Historical
2005-06-10,MMM,-0.0006564915620494924,0.01154575280449995,Historical
2005-06-10,MSFT,-0.008661507767041896,-0.0022620082357709395,Historical
2005-06-10,NEM,0.047407029331142096,0.007951331550967153,Historical
2005-06-10,PFE,-0.015004698064977298,-0.00626840138525105,Historical
2005-06-10,PG,-0.02383239185241141,0.010863038072146104,Historical
2005-06-10,UNH,0.013054649361718105,0.028535257858230894,Historical
2005-06-10,VZ,-0.0030932377758025003,-0.004093760330542564,Historical
2005-06-10,WFC,0.006500228231908599,0.00637684479648615,Historical
2005-06-10,XOM,0.025843848800629503,0.008463417867587239,Historical
2005-07-12,AAPL,0.13987611412568057,0.00595317463747341,Historical
2005-07-12,CAT,0.08823034127267751,0.019245514820154568,Historical
2005-07-12,CVX,0.06617330398945181,0.0076292650883336395,Historical
2005-07-12,DUK,-0.0512928467084787,0.004287004825327766,Historical
2005-07-12,GS,0.040435852482663306,0.00270837658212298,Historical
2005-07-12,HD,0.025962513407769797,-0.002906935526474331,Historical
2005-07-12,INTC,-0.0263988755765993,-0.014679082564347471,Historical
2005-07-12,JNJ,-0.011955832686965498,0.005476564751528304,Historical
2005-07-12,JPM,0.0020004003371779993,-0.0018304432851016417,Historical
2005-07-12,KO,0.03062270172500931,-0.0034716842351345143,Historical
2005-07-12,MCD,0.11313094147573971,-0.0008721484149360827,Historical
2005-07-12,MMM,-0.0557763752088122,0.01158430261324638,Historical
2005-07-12,MSFT,0.07830732787948051,-0.005533835164235918,Historical
2005-07-12,NEM,0.0151464473258205,0.010291155642316606,Historical
2005-07-12,PFE,-0.015608146038635796,-0.008026355603887987,Historical
2005-07-12,PG,0.005856645445923797,0.012728603376604516,Historical
2005-07-12,UNH,-0.012475035662038801,0.026049052424574795,Historical
2005-07-12,VZ,-0.029587897085092997,-0.00469404119780605,Historical
2005-07-12,WFC,-0.012657590453300102,0.009152818389080256,Historical
2005-07-12,XOM,-0.008541088092923399,0.008818682254324455,Historical
2005-08-10,AAPL,0.127522854826183,0.010296411649852039,Historical
2005-08-10,CAT,0.0708558070151177,0.021026126042989028,Historical
2005-08-10,CVX,0.0210395034043922,0.009961456448578078,Historical
2005-08-10,DUK,0.05194571874011511,0.001443010261119704,Historical
2005-08-10,GS,0.0324775385053181,0.002146135452957887,Historical
2005-08-10,HD,-0.001891456513731092,-0.0035891373235626437,Historical
2005-08-10,INTC,-0.030574038123567192,-0.013821759887823111,Historical
2005-08-10,JNJ,0.0063983806312493,0.006047243800242924,Historical
2005-08-10,JPM,-0.011196246183016803,-0.0031024822404452823,Historical
2005-08-10,KO,0.004073406538140494,-0.004269165833713847,Historical
2005-08-10,MCD,0.0282652415044977,0.0005394112591887047,Historical
2005-08-10,MMM,0.021313865012641202,0.009470980255273752,Historical
2005-08-10,MSFT,-0.024467673990714305,-0.0018537077230875013,Historical
2005-08-10,NEM,0.04606621906516821,0.013332235974438002,Historical
2005-08-10,PFE,3.641992836027341e-07,-0.007731263542969252,Historical
2005-08-10,PG,0.0401546515548605,0.012049877318434482,Historical
2005-08-10,UNH,0.038827068868059395,0.026702865938551923,Historical
2005-08-10,VZ,-0.024933349176093,-0.002889238324151227,Historical
2005-08-10,WFC,-0.010645764198834697,0.008548175286913219,Historical
2005-08-10,XOM,0.03536578136168211,0.007993211561607308,Historical
2005-09-09,AAPL,0.030077587725688196,0.008181858098641148,Historical
2005-09-09,CAT,-0.029753967474916005,0.02138680706341331,Historical
2005-09-09,CVX,-0.017227743776058492,0.009227589470058067,Historical
2005-09-09,DUK,-0.0508583027041376,-0.0001695912138854505,Historical
2005-09-09,GS,0.020711205054716197,-0.0012706313266303264,Historical
2005-09-09,HD,-0.08564405174055459,-0.0019649107017857166,Historical
2005-09-09,INTC,-0.09102675187069352,-0.017132220754056723,Historical
2005-09-09,JNJ,-0.044012333485148505,0.006903208929737512,Historical
2005-09-09,JPM,-0.011578580455618602,-0.004668248071306935,Historical
2005-09-09,KO,-0.0417648436426874,-0.0012237040326388549,Historical
2005-09-09,MCD,-0.0350698033376849,0.002879373059780543,Historical
2005-09-09,MMM,-0.019192737660921305,0.00922247171619311,Historical
2005-09-09,MSFT,-0.07894738221272721,-0.0023662835688072472,Historical
2005-09-09,NEM,0.14757922877224855,0.013759856138279949,Historical
2005-09-09,PFE,-0.0833490492673879,-0.006652163454660889,Historical
2005-09-09,PG,-0.0019610578944485022,0.011707650281196948,Historical
2005-09-09,UNH,0.046106007967664404,0.025309612420359007,Historical
2005-09-09,VZ,-0.04730149146335311,-0.001713571408217166,Historical
2005-09-09,WFC,-0.02078294485477479,0.007675310986704176,Historical
2005-09-09,XOM,-0.028124175863484095,0.008742041475826393,Historical
2005-10-10,AAPL,0.16047960027558475,0.024040344693301317,Historical
2005-10-10,CAT,-0.0382389498219034,0.022072184884867337,Historical
2005-10-10,CVX,-0.06082932700971108,0.008517573404509118,Historical
2005-10-10,DUK,-0.052056212654340905,-0.0035171599269754983,Historical
2005-10-10,GS,0.09600524497246132,0.0009994458160938339,Historical
2005-10-10,HD,0.09338471840539439,-0.0048839885449156,Historical
2005-10-10,INTC,0.03157625838180879,-0.008252320897649896,Historical
2005-10-10,JNJ,0.001466818930132006,0.005947423349582919,Historical
2005-10-10,JPM,0.10571454779370401,-0.0021547672200910306,Historical
2005-10-10,KO,0.0049637365342334976,-0.0032988811944623664,Historical
2005-10-10,MCD,0.044911032007065796,0.0021993135516305113,Historical
2005-10-10,MMM,0.05584862661354401,0.009142284261017312,Historical
2005-10-10,MSFT,0.09386753694010451,-0.0009127503435073618,Historical
2005-10-10,NEM,-0.0997184585525885,0.01815578893450905,Historical
2005-10-10,PFE,-0.0909328013042863,-0.00846448439446311,Historical
2005-10-10,PG,-0.0031707282604468024,0.010073828975623216,Historical
2005-10-10,UNH,0.0370892814779714,0.024176646388035527,Historical
2005-10-10,VZ,-0.0013087025397335965,-0.003918179852910685,Historical
2005-10-10,WFC,0.03766388351825099,0.005902861576160864,Historical
2005-10-10,XOM,-0.0428518797087379,0.006384483918398654,Historical
2005-11-08,AAPL,0.20521864087762,0.030295067210319732,Historical
2005-11-08,CAT,0.0630394949352108,0.020857271412493945,Historical
2005-11-08,CVX,0.040534305877968996,0.008404876884639593,Historical
2005-11-08,DUK,0.013808875082114296,-0.004288632644335267,Historical
2005-11-08,GS,0.005713425846820606,0.004994015565592483,Historical
2005-11-08,HD,0.0028853829961084966,1.9142693617488214e-05,Historical
2005-11-08,INTC,0.06517621362453171,-0.009637098930780892,Historical
2005-11-08,JNJ,-0.017663962306196594,0.006162993518778654,Historical
2005-11-08,JPM,0.020748507961943094,0.00020962645917617736,Historical
2005-11-08,KO,0.0016028105716010006,-0.004174893444887434,Historical
2005-11-08,MCD,0.06555741802022327,0.0024360244412092494,Historical
2005-11-08,MMM,0.025286058910896796,0.009198905767652615,Historical
2005-11-08,MSFT,0.029956028105042703,-0.0018922781255067656,Historical
2005-11-08,NEM,0.144456039560477,0.019761335779120384,Historical
2005-11-08,PFE,-0.045399159969040793,-0.009574966073951037,Historical
2005-11-08,PG,0.025929253638515507,0.009134625108581915,Historical
2005-11-08,UNH,0.06789854535778861,0.02426257934448247,Historical
2005-11-08,VZ,0.0290345836093507,-0.0073887880446541114,Historical
2005-11-08,WFC,0.036000262241549494,0.006798335001110344,Historical
2005-11-08,XOM,0.0381642776564479,0.006085535593832922,Historical
2005-12-08,AAPL,0.02800170169288368,0.036552914674274024,Historical
2005-12-08,CAT,0.0632072735848469,0.020001091300408943,Historical
2005-12-08,CVX,-0.005919470533225892,0.00900218250789881,Historical
2005-12-08,DUK,0.059166809403465685,-0.004828721286395322,Historical
2005-12-08,GS,0.0038421038545633033,0.00834009253026866,Historical
2005-12-08,HD,-0.017003312077405713,0.0015973858804161677,Historical
2005-12-08,INTC,0.012162839794365499,-0.005767416699812433,Historical
2005-12-08,JNJ,0.047964782004906996,0.0044448054900310665,Historical
2005-12-08,JPM,0.0641082780383949,0.004058414680099395,Historical
2005-12-08,KO,-0.014080174998543703,-0.00480494807176689,Historical
2005-12-08,MCD,-0.015721324837945003,0.0029560053110311733,Historical
2005-12-08,MMM,0.020972496912490302,0.008966503186327862,Historical
2005-12-08,MSFT,-0.0325977092100485,0.001651727935892726,Historical
2005-12-08,NEM,0.16540873608385492,0.0198095407061595,Historical
2005-12-08,PFE,0.1635847764149767,-0.010795287132081312,Historical
2005-12-08,PG,0.0351399504248275,0.008783495843547307,Historical
2005-12-08,UNH,-0.0195149448119093,0.024226577515154862,Historical
2005-12-08,VZ,0.013840486957473402,-0.006429704350338052,Historical
2005-12-08,WFC,0.0135085826607442,0.006911718022983409,Historical
2005-12-08,XOM,0.006417969137430293,0.006863949454806352,Historical
2006-01-10,AAPL,-0.1000416356126779,0.03874760382970014,Historical
2006-01-10,CAT,0.1154780248309599,0.01832338507978789,Historical
2006-01-10,CVX,-0.0181450585464386,0.008096405033511571,Historical
2006-01-10,DUK,0.001076835286032804,-0.0024544157239923363,Historical
2006-01-10,GS,0.08109250763725609,0.005080385953132818,Historical
2006-01-10,HD,-0.038711245029295197,-0.0011981159333136612,Historical
2006-01-10,INTC,-0.24260044267383163,-0.002177566480462207,Historical
2006-01-10,JNJ,-0.07224096274539658,0.004914173766752436,Historical
2006-01-10,JPM,-0.02666146193138929,0.0021826162158339693,Historical
2006-01-10,KO,-0.009174516381312892,-0.004550132492184822,Historical
2006-01-10,MCD,0.0464414656044237,0.0018652536335451615,Historical
2006-01-10,MMM,-0.107021708019645,0.006369729766661763,Historical
2006-01-10,MSFT,0.0018595863896180012,0.005770523192800436,Historical
2006-01-10,NEM,-0.04921810587680619,0.020235897728587752,Historical
2006-01-10,PFE,0.0689465741947467,-0.008737016564573097,Historical
2006-01-10,PG,0.011364663457054603,0.008581175677384971,Historical
2006-01-10,UNH,-0.0640607850690504,0.023821597076630487,Historical
2006-01-10,VZ,0.034653094987536305,-0.004337635711641601,Historical
2006-01-10,WFC,-0.024031802981947407,0.004996655463298948,Historical
2006-01-10,XOM,0.02182813025404251,0.0067591995621650745,Historical
2006-02-09,AAPL,-0.08520307938072,0.031233988794835087,Historical
2006-02-09,CAT,0.030626325445362482,0.020850791914023573,Historical
2006-02-09,CVX,-0.0601005050241688,0.008319524514689825,Historical
2006-02-09,DUK,0.019229973765194596,-0.0004698965685960325,Historical
2006-02-09,GS,0.0027591279878663045,0.0036685483766127173,Historical
2006-02-09,HD,0.0527855578880551,-0.002936095608493373,Historical
2006-02-09,INTC,-0.0404790450262492,-0.009498214922930138,Historical
2006-02-09,JNJ,0.013128218696665299,0.005094528563030918,Historical
2006-02-09,JPM,0.0379081188868146,-0.0023580605252384174,Historical
2006-02-09,KO,0.036671220107135895,-0.0037521258184520048,Historical
2006-02-09,MCD,-0.048171374816437205,0.0050262069297043604,Historical
2006-02-09,MMM,0.0247253913216859,0.005689784881096212,Historical
2006-02-09,MSFT,0.012998432715569802,-0.0002531751033407844,Historical
2006-02-09,NEM,-0.1342707752304072,0.021689304526965866,Historical
2006-02-09,PFE,-0.011058720084444602,-0.007253950885155969,Historical
2006-02-09,PG,0.045686724289359,0.009684463270435288,Historical
2006-02-09,UNH,-0.024966249628751408,0.023387222727196785,Historical
2006-02-09,VZ,0.0479278124702337,-0.005383477403114488,Historical
2006-02-09,WFC,0.0465124614073061,0.005649464348714768,Historical
2006-02-09,XOM,-0.020240019777980393,0.008211549639735081,Historical
2006-03-13,AAPL,0.083166397718414,0.030416424769967552,Historical
2006-03-13,CAT,0.061494717235397796,0.02136123067144627,Historical
2006-03-13,CVX,0.0992023196674933,0.005825822998953119,Historical
2006-03-13,DUK,0.0204233054637562,-0.0020201224041817146,Historical
2006-03-13,GS,0.13792002288315783,0.007863869907381398,Historical
2006-03-13,HD,0.013244922797543798,0.0006211153360961118,Historical
2006-03-13,INTC,-0.024995270346769495,-0.006531871776164734,Historical
2006-03-13,JNJ,-0.0227847709062643,0.004458428381014926,Historical
2006-03-13,JPM,0.026213313258228406,0.0012344258476047047,Historical
2006-03-13,KO,-0.023351487167585804,-0.0008955102944974876,Historical
2006-03-13,MCD,0.020000677097864503,0.0044953933876691905,Historical
2006-03-13,MMM,0.1131013553639757,0.005916969851022611,Historical
2006-03-13,MSFT,0.004407023899519396,0.0013379231989318154,Historical
2006-03-13,NEM,0.084573464913804,0.018052584142940024,Historical
2006-03-13,PFE,-0.0563915536592053,-0.006962368948204844,Historical
2006-03-13,PG,-0.08547896211842138,0.011322745391277828,Historical
2006-03-13,UNH,-0.0683678932841929,0.02204003063397404,Historical
2006-03-13,VZ,-0.009155856162521401,-0.002360887717273238,Historical
2006-03-13,WFC,0.002486933108090503,0.006614239274222813,Historical
2006-03-13,XOM,0.0455824846649783,0.0077153377800480575,Historical
2006-04-11,AAPL,0.027717868377969697,0.03191329496553921,Historical
2006-04-11,CAT,0.0737789826853663,0.023222626803693358,Historical
2006-04-11,CVX,0.051561084924898096,0.008307126437549687,Historical
2006-04-11,DUK,0.010435501764951803,-0.002433363226413769,Historical
2006-04-11,GS,0.012061384034212905,0.012248347151572981,Historical
2006-04-11,HD,-0.014215153547859904,0.00036161512009291654,Historical
2006-04-11,INTC,0.0164175868161723,-0.003702733139295931,Historical
2006-04-11,JNJ,0.010514975831234903,0.006315819522337667,Historical
2006-04-11,JPM,0.09209170278243632,0.0036201198007960525,Historical
2006-04-11,KO,0.0493870925716328,0.0006042531686565695,Historical
2006-04-11,MCD,0.017108604030380597,0.0065290719525272125,Historical
2006-04-11,MMM,0.07914961084464509,0.00973554662934145,Historical
2006-04-11,MSFT,-0.1380963886326891,0.002633947575129565,Historical
2006-04-11,NEM,0.0971984881380346,0.019990327074852196,Historical
2006-04-11,PFE,0.0251500247118763,-0.005964823823445074,Historical
2006-04-11,PG,-0.008739658723688797,0.012202543439444035,Historical
2006-04-11,UNH,-0.12714867098702823,0.021390716464039408,Historical
2006-04-11,VZ,-0.03464333577849431,-0.002328931967169664,Historical
2006-04-11,WFC,0.0611918647379247,0.006952648275293792,Historical
2006-04-11,XOM,0.03585761218799349,0.009701751899449754,Historical
2006-05-11,AAPL,-0.1754333885137158,0.028881731037234987,Historical
2006-05-11,CAT,-0.18165458920391234,0.021479067948720315,Historical
2006-05-11,CVX,-0.08036355515210239,0.00809689489516868,Historical
2006-05-11,DUK,0.0086799202873985,-0.0029355915248821802,Historical
2006-05-11,GS,-0.09051254222491621,0.009660909431541945,Historical
2006-05-11,HD,-0.10510276675144109,-0.002040569211871689,Historical
2006-05-11,INTC,-0.13192765705289858,-0.0066990011363966375,Historical
2006-05-11,JNJ,0.05732677981602652,0.004547602853794429,Historical
2006-05-11,JPM,-0.08685298423514809,0.0022895439833090355,Historical
2006-05-11,KO,-0.0006886784227129019,0.0006651036967050911,Historical
2006-05-11,MCD,-0.07445010425111942,0.0061119003060323114,Historical
2006-05-11,MMM,-0.07890993480812449,0.008316478000719307,Historical
2006-05-11,MSFT,-0.0771329133166169,-0.0038331351369081212,Historical
2006-05-11,NEM,-0.1655710400920385,0.01969007329208036,Historical
2006-05-11,PFE,-0.0621980602266724,-0.006871154251818236,Historical
2006-05-11,PG,-0.034121800712825105,0.01111194094091904,Historical
2006-05-11,UNH,-0.008701489901601005,0.018333892967590734,Historical
2006-05-11,VZ,-0.02631747886638601,-0.00568548052040634,Historical
2006-05-11,WFC,0.017072779670900106,0.008406516892690922,Historical
2006-05-11,XOM,-0.0828642575419163,0.008631331690036171,Historical
2006-06-12,AAPL,-0.06251474898124328,0.029109056157650227,Historical
2006-06-12,CAT,0.083500277962014,0.016641618075502983,Historical
2006-06-12,CVX,0.1266857137905892,0.005531037854038225,Historical
2006-06-12,DUK,0.0171353424335507,-0.0027746198744554662,Historical
2006-06-12,GS,-0.008173058280247891,0.008064051350140817,Historical
2006-06-12,HD,-0.0720911501119007,-0.004296498728729056,Historical
2006-06-12,INTC,0.08433624905019818,-0.007822145811787551,Historical
2006-06-12,JNJ,-0.009987492644022596,0.00487108808848533,Historical
2006-06-12,JPM,0.02625313983963551,0.0006727762812484025,Historical
2006-06-12,KO,0.013136301718501296,0.0003638270143147922,Historical
2006-06-12,MCD,0.0266052034628733,0.003486570886400523,Historical
2006-06-12,MMM,-0.09743412344023208,0.006600988392714794,Historical
2006-06-12,MSFT,0.052433427943012596,-0.005657101866166776,Historical
2006-06-12,NEM,0.11825607155531591,0.014822604582402829,Historical
2006-06-12,PFE,-0.0017014463798651052,-0.008424950447768625,Historical
2006-06-12,PG,0.050144588312982206,0.010717894635959563,Historical
2006-06-12,UNH,0.0494455535966281,0.01955270052623694,Historical
2006-06-12,VZ,0.049322298068945815,-0.006004200520331804,Historical
2006-06-12,WFC,-0.003914261658037906,0.008377908387690062,Historical
2006-06-12,XOM,0.0844283752500326,0.006276985894638371,Historical
2006-07-12,AAPL,0.13337408343317958,0.02568108538407168,Historical
2006-07-12,CAT,-0.0644533032487547,0.019206014981473594,Historical
2006-07-12,CVX,0.0328390360465617,0.00899479860058782,Historical
2006-07-12,DUK,0.019746224492663292,-0.000441402575882255,Historical
2006-07-12,GS,0.011386308046706798,0.01024166236083657,Historical
2006-07-12,HD,-0.0289188701259896,-0.004792554608917809,Historical
2006-07-12,INTC,-0.06474618440573081,-0.007525048062909429,Historical
2006-07-12,JNJ,0.0411045922223604,0.00438483411368212,Historical
2006-07-12,JPM,0.03393973603860201,0.0023356283811015264,Historical
2006-07-12,KO,-0.0013708019174788963,0.0010983952946569838,Historical
2006-07-12,MCD,0.0023310293208280014,0.005105137258236204,Historical
2006-07-12,MMM,-0.06778181887165562,0.005423279588910889,Historical
2006-07-12,MSFT,0.0563881097499109,-0.004710050508500234,Historical
2006-07-12,NEM,-0.038198365250893096,0.018706884714072815,Historical
2006-07-12,PFE,0.1164909360971917,-0.007249119169996515,Historical
2006-07-12,PG,0.04479107719431231,0.011293617093555808,Historical
2006-07-12,UNH,0.0183379399728223,0.018829982183695856,Historical
2006-07-12,VZ,0.0342790063445665,-0.0050553373777964304,Historical
2006-07-12,WFC,0.020450257425946007,0.008738610830604109,Historical
2006-07-12,XOM,0.07973023932225931,0.008333384200790045,Historical
2006-08-10,AAPL,0.13140642494393093,0.030981842057979807,Historical
2006-08-10,CAT,-0.0176683148590447,0.01720613102191126,Historical
2006-08-10,CVX,-0.0417088080156304,0.009420860840965837,Historical
2006-08-10,DUK,0.018348819350330097,-0.0004958450905417837,Historical
2006-08-10,GS,-0.0014003135615145035,0.00995757443303328,Historical
2006-08-10,HD,0.030346432998520204,-0.005919653216086996,Historical
2006-08-10,INTC,0.11137687260701228,-0.009483359641350456,Historical
2006-08-10,JNJ,0.010041053421299309,0.004382228687937416,Historical
2006-08-10,JPM,0.020311066012091702,0.0037053312289321216,Historical
2006-08-10,KO,0.0192423538481686,0.001828784851107753,Historical
2006-08-10,MCD,0.08744737787527182,0.0040145139658539835,Historical
2006-08-10,MMM,0.0524010964355637,0.005103267662089554,Historical
2006-08-10,MSFT,0.050047431021850705,-0.003040240701694385,Historical
2006-08-10,NEM,-0.1010787570347886,0.017919099772842412,Historical
2006-08-10,PFE,0.05360409717494491,-0.005430784058345214,Historical
2006-08-10,PG,0.02651790199646001,0.010267267231049827,Historical
2006-08-10,UNH,0.038450714670797796,0.01869459327865994,Historical
2006-08-10,VZ,0.045363761534726404,-0.00445711784084308,Historical
2006-08-10,WFC,0.0032927543854119013,0.009217939401089711,Historical
2006-08-10,XOM,-0.0318196395832039,0.01041958830499337,Historical
2006-09-11,AAPL,0.028679732351632604,0.03427566272214448,Historical
2006-09-11,CAT,0.023199149138509213,0.01837850860735478,Historical
2006-09-11,CVX,-0.015377404652437199,0.0086628470543075,Historical
2006-09-11,DUK,0.016393959030927503,-2.1819907135642304e-05,Historical
2006-09-11,GS,0.16938761858699913,0.011176801873128497,Historical
2006-09-11,HD,0.09509774018780459,-0.0040931743208975436,Historical
2006-09-11,INTC,0.058414291009973016,-0.005330927714236909,Historical
2006-09-11,JNJ,0.019929201752172394,0.004645922104164746,Historical
2006-09-11,JPM,0.047207664380247,0.005693772728844353,Historical
2006-09-11,KO,0.0029025091417151996,0.00043414232737317565,Historical
2006-09-11,MCD,0.0786882799716639,0.004976274386956605,Historical
2006-09-11,MMM,0.05826086350372431,0.006996672090925573,Historical
2006-09-11,MSFT,0.0795613863584622,0.0005848526879885963,Historical
2006-09-11,NEM,-0.15525796077314208,0.014624246437663496,Historical
2006-09-11,PFE,0.0021725952104635054,-0.0035570985026728503,Historical
2006-09-11,PG,0.027585016067548308,0.010093365070116551,Historical
2006-09-11,UNH,-0.0035425024943607983,0.01829730563813898,Historical
2006-09-11,VZ,0.04655869465344819,-0.002264757683074612,Historical
2006-09-11,WFC,0.04006739211431081,0.009440987133379005,Historical
2006-09-11,XOM,-0.0038984743065250994,0.01043936025488812,Historical
2006-10-10,AAPL,0.0758385126486816,0.037011289567316995,Historical
2006-10-10,CAT,-0.1352940779061618,0.019924573307029802,Historical
2006-10-10,CVX,0.0858646953305415,0.008740465575209841,Historical
2006-10-10,DUK,-0.002930751201775392,-4.27571600487675e-05,Historical
2006-10-10,GS,0.06327866509345312,0.015029855063350396,Historical
2006-10-10,HD,-0.012545680906237892,0.0004964309085287888,Historical
2006-10-10,INTC,0.013538988049959792,-0.0005426519015424495,Historical
2006-10-10,JNJ,0.05750943835119239,0.004037568723384428,Historical
2006-10-10,JPM,0.008034159480494102,0.009557383067417899,Historical
2006-10-10,KO,0.0547540285949525,0.001187890022478478,Historical
2006-10-10,MCD,0.026752606955451994,0.007241363903453293,Historical
2006-10-10,MMM,0.04665144754170451,0.008897735574036576,Historical
2006-10-10,MSFT,0.04341608613631301,0.0016241436772464091,Historical
2006-10-10,NEM,0.10198648995611038,0.009760852034877235,Historical
2006-10-10,PFE,-0.013106090421586105,-0.004651907416474824,Historical
2006-10-10,PG,0.0248413765171027,0.010985745058163014,Historical
2006-10-10,UNH,-0.0229348805518045,0.01822847011733662,Historical
2006-10-10,VZ,0.004893824059303104,-0.0030392049347935115,Historical
2006-10-10,WFC,0.007195908355948702,0.011760069161809687,Historical
2006-10-10,XOM,0.0860469772413671,0.010049639001420422,Historical
2006-11-08,AAPL,0.07798698184587038,0.03512552004968975,Historical
2006-11-08,CAT,0.050124529274513996,0.017138909408307233,Historical
2006-11-08,CVX,0.06944785006464291,0.010579340677079399,Historical
2006-11-08,DUK,0.06561854831421139,0.0006712356330695905,Historical
2006-11-08,GS,0.05926435107733399,0.013748569529682808,Historical
2006-11-08,HD,0.05065378077576298,-0.0014947163269124254,Historical
2006-11-08,INTC,-0.007237725241496896,-0.004316357640781769,Historical
2006-11-08,JNJ,-0.033698818796275294,0.004057695195579728,Historical
2006-11-08,JPM,-0.018275145970843096,0.007257702486487971,Historical
2006-11-08,KO,0.0443085193113104,0.0008151049258465948,Historical
2006-11-08,MCD,0.0620240695732088,0.008506294064569812,Historical
2006-11-08,MMM,0.007430482415345805,0.007920600745897014,Historical
2006-11-08,MSFT,-4.729093947570314e-05,0.0005166752366533695,Historical
2006-11-08,NEM,0.035689628681785504,0.01148873461976539,Historical
2006-11-08,PFE,-0.0844265294785187,-0.005394525297253274,Historical
2006-11-08,PG,-0.004847295857270998,0.010033955356919765,Historical
2006-11-08,UNH,-0.0016149458093265845,0.018182437962352572,Historical
2006-11-08,VZ,-0.017562030812177994,-0.001673734739438364,Historical
2006-11-08,WFC,-0.025042752752109407,0.011590547705334063,Historical
2006-11-08,XOM,0.0472356006795978,0.012093199423934149,Historical
2006-12-08,AAPL,0.1083431127625665,0.03389385744571432,Historical
2006-12-08,CAT,-0.043470551026049,0.017051733927547358,Historical
2006-12-08,CVX,-0.05480249631178791,0.011765104937622579,Historical
2006-12-08,DUK,-0.012473174968096898,0.0027133164987357006,Historical
2006-12-08,GS,0.038749707334418335,0.013368195793540963,Historical
2006-12-08,HD,0.021599371618118597,-0.003032673594178572,Historical
2006-12-08,INTC,0.0412676813968023,-0.007603020474829262,Historical
2006-12-08,JNJ,0.0013613047020569014,0.004414250902408108,Historical
2006-12-08,JPM,0.038102318856158494,0.005737655392320539,Historical
2006-12-08,KO,-0.0008206993560406005,0.0026754903494976183,Historical
2006-12-08,MCD,0.0223902770869629,0.009020909072156472,Historical
2006-12-08,MMM,-0.021727831953447605,0.006577449741477655,Historical
2006-12-08,MSFT,0.0276894262838119,-0.00045119319948129234,Historical
2006-12-08,NEM,-0.10901211651613713,0.014655596984888157,Historical
2006-12-08,PFE,0.052499399600990995,-0.0072417729435350665,Historical
2006-12-08,PG,0.0068727498107375995,0.010452005835605129,Historical
2006-12-08,UNH,0.06530826870059991,0.016847233615699078,Historical
2006-12-08,VZ,0.06254512436536061,-0.0013300547885388293,Historical
2006-12-08,WFC,-0.00028200281191190094,0.010597866432860361,Historical
2006-12-08,XOM,-0.0643709508560514,0.013712111892472146,Historical
2007-01-11,AAPL,-0.15262272670670007,0.03582443617636143,Historical
2007-01-11,CAT,0.0766617522912338,0.016052337009706458,Historical
2007-01-11,CVX,0.0548024963117877,0.010080896331935442,Historical
2007-01-11,DUK,0.08053870817669329,0.0013952571674538913,Historical
2007-01-11,GS,0.026209738033697007,0.014264395646939435,Historical
2007-01-11,HD,0.030207772325704794,-0.003321140812749093,Historical
2007-01-11,INTC,-0.0176958228615037,-0.007594031229742375,Historical
2007-01-11,JNJ,-0.008349391431358296,0.0039007765443058364,Historical
2007-01-11,JPM,0.04710598849139261,0.006967448770983035,Historical
2007-01-11,KO,-0.019079748209783202,0.003313339129077706,Historical
2007-01-11,MCD,0.006755688009927502,0.009551708095694033,Historical
2007-01-11,MMM,-0.04344802957022251,0.006754107008182746,Historical
2007-01-11,MSFT,-0.023193344731602915,-0.0001659937691134154,Historical
2007-01-11,NEM,0.0780615541486082,0.014190609366613538,Historical
2007-01-11,PFE,0.017714400782072603,-0.004862303805797405,Historical
2007-01-11,PG,0.007734108366082997,0.010119076291049502,Historical
2007-01-11,UNH,-0.037608814281682,0.018602220258614383,Historical
2007-01-11,VZ,0.025521513412066498,-0.000835941290283866,Historical
2007-01-11,WFC,0.0044419841827923,0.010596990259449062,Historical
2007-01-11,XOM,0.0621278225693908,0.011613366834219917,Historical
2007-02-12,AAPL,0.059783662777436394,0.03207930210057733,Historical
2007-02-12,CAT,-0.0227886130902768,0.0185316091068368,Historical
2007-02-12,CVX,-0.07051636202355971,0.012605926269526705,Historical
2007-02-12,DUK,-0.031171824592696705,0.005456707860068345,Historical
2007-02-12,GS,-0.0691502272287841,0.01686869012728734,Historical
2007-02-12,HD,-0.0874036983785444,-0.002067174574533021,Historical
2007-02-12,INTC,-0.09521501259515333,-0.006291997883427385,Historical
2007-02-12,JNJ,-0.07067394621823721,0.004054066409178772,Historical
2007-02-12,JPM,-0.07664394552247311,0.011914620134016,Historical
2007-02-12,KO,-0.0076492408637055965,0.002542434793102885,Historical
2007-02-12,MCD,-0.024535198099410398,0.009848069150834823,Historical
2007-02-12,MMM,0.009368726903576,0.00685248841861085,Historical
2007-02-12,MSFT,-0.07773209034524889,0.001924003842421133,Historical
2007-02-12,NEM,-0.0984169431322264,0.01124275617855133,Historical
2007-02-12,PFE,-0.056133191920483105,-0.00476376892328329,Historical
2007-02-12,PG,-0.0519226475149306,0.00925701000168759,Historical
2007-02-12,UNH,0.04082170537258882,0.016650241251175677,Historical
2007-02-12,VZ,-0.042536294126293395,0.0014648516746472882,Historical
2007-02-12,WFC,-0.0549314832281508,0.009905545810078093,Historical
2007-02-12,XOM,-0.07320868624443758,0.013148406818969243,Historical
2007-03-14,AAPL,0.04197986990224129,0.03256243793371235,Historical
2007-03-14,CAT,0.0507879463677204,0.014485537296865185,Historical
2007-03-14,CVX,0.1288586106500828,0.009853555836346338,Historical
2007-03-14,DUK,0.0489374571870844,0.003153051441108915,Historical
2007-03-14,GS,0.039504542276587604,0.013853648542913627,Historical
2007-03-14,HD,0.0177794079594802,-0.0033455422401521646,Historical
2007-03-14,INTC,0.0696897855727094,-0.008441871214409634,Historical
2007-03-14,JNJ,0.0187465743004582,0.0007936717190974824,Historical
2007-03-14,JPM,0.059222262432042205,0.007499057705110836,Historical
2007-03-14,KO,0.0539772252312664,0.0018085528884081172,Historical
2007-03-14,MCD,0.069943059964006,0.008929651591646041,Historical
2007-03-14,MMM,0.025615232906162196,0.005323840029915864,Historical
2007-03-14,MSFT,0.0658942764881309,-0.0005911250840788323,Historical
2007-03-14,NEM,0.04531275688234511,0.009952206677905044,Historical
2007-03-14,PFE,0.0591613078935886,-0.005747857055942661,Historical
2007-03-14,PG,0.037698230926059,0.007996577575679975,Historical
2007-03-14,UNH,0.0028093416436108212,0.017785033142073664,Historical
2007-03-14,VZ,0.0444539987831371,-0.0001621583920774215,Historical
2007-03-14,WFC,0.025661222419893392,0.0076164892205604386,Historical
2007-03-14,XOM,0.10164847833293902,0.00981023664449832,Historical
2007-04-13,AAPL,0.1651077901167214,0.033530280033343546,Historical
2007-04-13,CAT,0.1209154138654863,0.015222374121164813,Historical
2007-04-13,CVX,0.03651597637574169,0.01228416620336412,Historical
2007-04-13,DUK,0.008738118006529199,0.0025474893969875466,Historical
2007-04-13,GS,0.0957875347316886,0.01569414534897398,Historical
2007-04-13,HD,0.0218533948928678,-0.0035457505733288916,Historical
2007-04-13,INTC,0.0884306290123815,-0.005064826499651306,Historical
2007-04-13,JNJ,0.005636912634767996,0.0012030368274301743,Historical
2007-04-13,JPM,0.0582307113898845,0.008913628749471622,Historical
2007-04-13,KO,0.0590250616645936,0.00046142296234171496,Historical
2007-04-13,MCD,0.08269452372543329,0.010065526558767492,Historical
2007-04-13,MMM,0.10906874236801842,0.005121030143337719,Historical
2007-04-13,MSFT,0.0791255290664189,0.002731894730660455,Historical
2007-04-13,NEM,-0.05331105409630349,0.007763146574278225,Historical
2007-04-13,PFE,0.0323430081858799,-0.004463720375835254,Historical
2007-04-13,PG,-0.024374898659457796,0.007067028095256669,Historical
2007-04-13,UNH,0.008808913016014793,0.016749910656620168,Historical
2007-04-13,VZ,0.1012043214731014,0.0015804850394236583,Historical
2007-04-13,WFC,0.0415842031284938,0.00794307350322969,Historical
2007-04-13,XOM,0.05273565624642049,0.01162361053098187,Historical
2007-05-14,AAPL,0.101693990303761,0.03660280149946391,Historical
2007-05-14,CAT,0.041847501148209794,0.018789768917654444,Historical
2007-05-14,CVX,0.0136864467695598,0.012765778048021821,Historical
2007-05-14,DUK,-0.10546941815850872,0.003870393176502917,Historical
2007-05-14,GS,0.0015370600354347925,0.018460553223183396,Historical
2007-05-14,HD,-0.033696077391754405,-0.0019329821291473536,Historical
2007-05-14,INTC,-0.003597035665263903,-0.003011578001916011,Historical
2007-05-14,JNJ,-0.0005661345489931984,0.0018498823174244265,Historical
2007-05-14,JPM,-0.0551867089439821,0.00954048127286519,Historical
2007-05-14,KO,-0.029859144749768803,0.0007586745253563751,Historical
2007-05-14,MCD,0.016254486378679097,0.010668974248190447,Historical
2007-05-14,MMM,-0.0003934927309115041,0.006785070626973531,Historical
2007-05-14,MSFT,-0.0310136902648033,0.005336409543084246,Historical
2007-05-14,NEM,-0.0477377822154851,0.00607161661893009,Historical
2007-05-14,PFE,-0.034999195773475905,-0.002675834890849489,Historical
2007-05-14,PG,0.008238487530172998,0.006641809798829193,Historical
2007-05-14,UNH,-0.011259220798210002,0.014781151283915005,Historical
2007-05-14,VZ,0.040986346550752395,0.0047554267995901355,Historical
2007-05-14,WFC,-0.009617941014638597,0.008103896205081637,Historical
2007-05-14,XOM,0.0094344114543658,0.013950233103716852,Historical
2007-06-13,AAPL,0.10770860489673581,0.040277990868443234,Historical
2007-06-13,CAT,0.0741535851573813,0.02055091030377151,Historical
2007-06-13,CVX,0.14681723022657872,0.013230129184597308,Historical
2007-06-13,DUK,-0.0005484988578599997,0.005760959749023349,Historical
2007-06-13,GS,-0.033742222652816414,0.019333924603561894,Historical
2007-06-13,HD,0.091507119804858,-9.011115302910017e-05,Historical
2007-06-13,INTC,0.158004116768743,0.0018099556464563637,Historical
2007-06-13,JNJ,0.0244444340333467,0.002440317174845519,Historical
2007-06-13,JPM,0.011401892075395405,0.009525444842422862,Historical
2007-06-13,KO,0.03539032623884211,0.0010988316472909856,Historical
2007-06-13,MCD,0.0032969116095817944,0.010363663787554194,Historical
2007-06-13,MMM,0.0559100146099493,0.006736570340054153,Historical
2007-06-13,MSFT,0.007343466960098296,0.004597155383020564,Historical
2007-06-13,NEM,0.05064033813798681,0.0060985202684455415,Historical
2007-06-13,PFE,-0.004991217322932399,-0.0027836773163562043,Historical
2007-06-13,PG,0.0123117204563144,0.007176186332961483,Historical
2007-06-13,UNH,0.0018856546638293982,0.013405243160651389,Historical
2007-06-13,VZ,-0.029359692615993895,0.004815218680157992,Historical
2007-06-13,WFC,0.007363287624607201,0.008247412082044823,Historical
2007-06-13,XOM,0.08885972377554799,0.014205155315097518,Historical
2007-07-13,AAPL,-0.0700480882792919,0.04566077749213505,Historical
2007-07-13,CAT,-0.0767924191542505,0.02353438260956975,Historical
2007-07-13,CVX,-0.1119314268528549,0.015965218551785943,Historical
2007-07-13,DUK,0.0673103540952842,0.0076234443319428,Historical
2007-07-13,GS,-0.1974192592765889,0.01949854100500583,Historical
2007-07-13,HD,-0.1308133132865283,0.004473689823409363,Historical
2007-07-13,INTC,-0.07621512643108079,0.008207973616861727,Historical
2007-07-13,JNJ,-0.035502959944082695,0.0055065961505363055,Historical
2007-07-13,JPM,-0.11272229974525902,0.011477783162354985,Historical
2007-07-13,KO,0.0436833847965043,0.0013286185235856175,Historical
2007-07-13,MCD,-0.04433719725306029,0.011686354945925884,Historical
2007-07-13,MMM,-0.0450329055444168,0.007935065447351472,Historical
2007-07-13,MSFT,-0.046282356802700084,0.004903577680581421,Historical
2007-07-13,NEM,0.019273186151122293,0.006486198294264043,Historical
2007-07-13,PFE,-0.06770880916220899,-0.0006944722517047367,Historical
2007-07-13,PG,0.0439456323573284,0.007616594213669944,Historical
2007-07-13,UNH,-0.11168073952711571,0.014672074226345541,Historical
2007-07-13,VZ,-0.0024168182664996846,0.006555537429898889,Historical
2007-07-13,WFC,-0.020859711147796698,0.008682995646394923,Historical
2007-07-13,XOM,-0.05471929388501408,0.016073969452157347,Historical
2007-08-13,AAPL,0.08058351962817112,0.04656016063049172,Historical
2007-08-13,CAT,-0.04834558530268268,0.02247075486431393,Historical
2007-08-13,CVX,0.06719029520620062,0.016258308328517882,Historical
2007-08-13,DUK,-0.03583502059890969,0.008687695560382106,Historical
2007-08-13,GS,0.016484141277459598,0.015550753673744713,Historical
2007-08-13,HD,-0.023264016210785495,0.005677576966729955,Historical
2007-08-13,INTC,0.06771291638218882,0.005429604275948334,Historical
2007-08-13,JNJ,0.021315078165978503,0.0035568889478459712,Historical
2007-08-13,JPM,0.006532095174397198,0.01182540744475031,Historical
2007-08-13,KO,0.0122920386543773,0.0032829090492177107,Historical
2007-08-13,MCD,0.046464689772369394,0.014645702085015986,Historical
2007-08-13,MMM,0.03150262307809791,0.006891421689259103,Historical
2007-08-13,MSFT,0.01113241939606581,0.005229982168800783,Historical
2007-08-13,NEM,0.07705688125505188,0.009392967886071689,Historical
2007-08-13,PFE,0.008302643999289693,-0.002929442839514262,Historical
2007-08-13,PG,0.0241737872594488,0.007724014455662765,Historical
2007-08-13,UNH,0.0430775597215252,0.012822065104440478,Historical
2007-08-13,VZ,0.012981145196198496,0.009767705425523868,Historical
2007-08-13,WFC,0.0487904616566414,0.007460299393484882,Historical
2007-08-13,XOM,0.028348248328193597,0.016163670671332814,Historical
2007-09-12,AAPL,0.20783804256109734,0.048948378812597844,Historical
2007-09-12,CAT,0.09384519165580439,0.022208749574734208,Historical
2007-09-12,CVX,0.03863855745415481,0.01735236900171407,Historical
2007-09-12,DUK,0.029663268218413308,0.008522315449449258,Historical
2007-09-12,GS,0.25136273729425723,0.01582548936170238,Historical
2007-09-12,HD,-0.03561318907593379,0.0018754029066636287,Historical
2007-09-12,INTC,0.00853700041975759,0.008786256902718467,Historical
2007-09-12,JNJ,0.0591343373039025,0.003659674945473376,Historical
2007-09-12,JPM,0.0599331963576818,0.013797327418497467,Historical
2007-09-12,KO,0.0450643276162359,0.003642633888685921,Historical
2007-09-12,MCD,0.0969599523954842,0.01621662587325031,Historical
2007-09-12,MMM,0.0824112618951066,0.0076211411699372185,Historical
2007-09-12,MSFT,0.0439558329676817,0.005487242398794103,Historical
2007-09-12,NEM,0.0232005565862559,0.007618476142437917,Historical
2007-09-12,PFE,0.054306178634096494,-0.0015312075421521365,Historical
2007-09-12,PG,0.0637548189823377,0.008126910909986908,Historical
2007-09-12,UNH,-0.004853198454512191,0.013492837798314603,Historical
2007-09-12,VZ,0.09550842210772222,0.009900080732548028,Historical
2007-09-12,WFC,0.013747448878300194,0.008195876978524804,Historical
2007-09-12,XOM,0.06877801395710449,0.017481964766192352,Historical
2007-10-11,AAPL,0.0507322426162854,0.05323244578871219,Historical
2007-10-11,CAT,-0.1091238225287939,0.026633139023282067,Historical
2007-10-11,CVX,-0.03200084038146389,0.019018029342845,Historical
2007-10-11,DUK,0.0175899728220024,0.014496556459406815,Historical
2007-10-11,GS,-0.11519930279180879,0.02313902659891921,Historical
2007-10-11,HD,-0.1456188531392346,0.005873997642530001,Historical
2007-10-11,INTC,0.006155923554203198,0.01219263224637211,Historical
2007-10-11,JNJ,-0.0190158449671522,0.003680369533778022,Historical
2007-10-11,JPM,-0.096141720766305,0.020363656719532473,Historical
2007-10-11,KO,0.06035044293841341,0.0037523395462281625,Historical
2007-10-11,MCD,0.0402112011393949,0.0211676459701401,Historical
2007-10-11,MMM,-0.1456813944058858,0.010437769017999568,Historical
2007-10-11,MSFT,0.1390570719035756,0.007540482799421831,Historical
2007-10-11,NEM,0.15668192468586636,0.01086511560797499,Historical
2007-10-11,PFE,-0.08778782469539681,-0.00011765883622163696,Historical
2007-10-11,PG,-0.0029194909515870004,0.009476295258642612,Historical
2007-10-11,UNH,0.019273832646445895,0.0128068400701558,Historical
2007-10-11,VZ,-0.0656648133507374,0.009936723515329666,Historical
2007-10-11,WFC,-0.1417893888704184,0.010636251830744696,Historical
2007-10-11,XOM,-0.0367715651411285,0.01927802330148859,Historical
2007-11-09,AAPL,0.10147198849617779,0.05024239554015699,Historical
2007-11-09,CAT,0.055715282593513396,0.021629893907596374,Historical
2007-11-09,CVX,0.0347855258711334,0.018590385847810476,Historical
2007-11-09,DUK,0.0661529311443511,0.011653163714692367,Historical
2007-11-09,GS,0.0657609268252432,0.017570710074210148,Historical
2007-11-09,HD,0.02526045030692379,0.0015464268999414426,Historical
2007-11-09,INTC,0.06891577491950351,0.006101267229794303,Historical
2007-11-09,JNJ,0.0545556114254226,0.002863793483818689,Historical
2007-11-09,JPM,0.10695466086862149,0.01402189407176046,Historical
2007-11-09,KO,0.0342755731541643,0.007058785802477945,Historical
2007-11-09,MCD,0.06768888283673391,0.020471688953811178,Historical
2007-11-09,MMM,0.05201750271704621,0.005724453013718653,Historical
2007-11-09,MSFT,0.0038761160603879964,0.005905809228747392,Historical
2007-11-09,NEM,-0.05959174751077351,0.012771601992827106,Historical
2007-11-09,PFE,0.0530872801955291,-0.0036569332506813713,Historical
2007-11-09,PG,0.04809041126792651,0.009622845590005886,Historical
2007-11-09,UNH,0.1403927582245842,0.012625059319929171,Historical
2007-11-09,VZ,0.05950927874841099,0.005741966123656521,Historical
2007-11-09,WFC,0.0361860802433568,0.006971974237728565,Historical
2007-11-09,XOM,0.0287697422452582,0.01747997372272315,Historical
2007-12-11,AAPL,-0.0870439232317081,0.05428961052822231,Historical
2007-12-11,CAT,-0.12754241747340958,0.02159245746875921,Historical
2007-12-11,CVX,0.0019606600023878993,0.019190123137004106,Historical
2007-12-11,DUK,-0.007797576509435198,0.014268979441667475,Historical
2007-12-11,GS,-0.1298364758347546,0.019119149489149802,Historical
2007-12-11,HD,-0.15742270438017503,0.0032783900542964054,Historical
2007-12-11,INTC,-0.20902484655633818,0.007637275097569507,Historical
2007-12-11,JNJ,0.0017684287681822028,0.005159848008917145,Historical
2007-12-11,JPM,-0.1287108792198925,0.014103710012830553,Historical
2007-12-11,KO,0.0355542306228253,0.00755599132444704,Historical
2007-12-11,MCD,-0.06215056802750038,0.022350539761415433,Historical
2007-12-11,MMM,-0.0782669620921378,0.007080846873527958,Historical
2007-12-11,MSFT,-0.0124477002842884,0.006432662392947741,Historical
2007-12-11,NEM,0.05901471344975341,0.011321810983965027,Historical
2007-12-11,PFE,-0.011971057952921003,-0.0014746792620147077,Historical
2007-12-11,PG,-0.025203892358975497,0.010790665212034242,Historical
2007-12-11,UNH,-0.0312415790113717,0.01706098894387654,Historical
2007-12-11,VZ,-0.0328303024240008,0.0062328393534384794,Historical
2007-12-11,WFC,-0.1565534787883942,0.008490480459565611,Historical
2007-12-11,XOM,-0.004028063258014397,0.017830946262269304,Historical
2008-01-11,AAPL,-0.31860143053790235,0.05329089310673106,Historical
2008-01-11,CAT,0.0349987286389048,0.0193839246474449,Historical
2008-01-11,CVX,-0.13331353793533843,0.019296111983749947,Historical
2008-01-11,DUK,-0.0997226475977437,0.01285915738743275,Historical
2008-01-11,GS,-0.0559405802587208,0.017747134685070554,Historical
2008-01-11,HD,0.1265350015311787,0.004151715887953326,Historical
2008-01-11,INTC,-0.0800686876913983,0.006067656451917475,Historical
2008-01-11,JNJ,-0.09298604870322659,0.005051179177994869,Historical
2008-01-11,JPM,0.04771772630855452,0.010196232552393956,Historical
2008-01-11,KO,-0.09698912802021639,0.008644108196548579,Historical
2008-01-11,MCD,-0.0383754585447117,0.022397136402258343,Historical
2008-01-11,MMM,-0.011662207845095194,0.005829354537537575,Historical
2008-01-11,MSFT,-0.1963429790067752,0.006598931405895913,Historical
2008-01-11,NEM,-0.05724564042483036,0.011127717644742869,Historical
2008-01-11,PFE,-0.0672535094206776,-0.0016203418252472264,Historical
2008-01-11,PG,-0.0886220524936597,0.010516673389294063,Historical
2008-01-11,UNH,-0.15118402169089945,0.016311918263474338,Historical
2008-01-11,VZ,-0.1663847110390357,0.005241982025893602,Historical
2008-01-11,WFC,0.0669863065552955,0.00524218981200083,Historical
2008-01-11,XOM,-0.09229161888886858,0.017835100014719343,Historical
2008-02-12,AAPL,-0.02677466647854621,0.04844542345711504,Historical
2008-02-12,CAT,0.0806407706207357,0.021255492869100785,Historical
2008-02-12,CVX,0.0825886397554652,0.018169961536256194,Historical
2008-02-12,DUK,-0.042022458069746506,0.015763223723062637,Historical
2008-02-12,GS,-0.1312359126824282,0.01806118051837849,Historical
2008-02-12,HD,-0.08442397896780299,0.006142904872482293,Historical
2008-02-12,INTC,0.021053592509440805,0.006425722430980343,Historical
2008-02-12,JNJ,0.0173802237524578,0.004707358068424296,Historical
2008-02-12,JPM,-0.11579544544451677,0.0142773437656123,Historical
2008-02-12,KO,0.0011864374785459984,0.00883961409354675,Historical
2008-02-12,MCD,-0.0347805734841016,0.02538038834399261,Historical
2008-02-12,MMM,-0.004625080362897691,0.00606749247160707,Historical
2008-02-12,MSFT,0.018656454906929888,0.005864004739576995,Historical
2008-02-12,NEM,0.01098726861617871,0.01035444614207747,Historical
2008-02-12,PFE,-0.0423249981536806,-0.0019358806316436817,Historical
2008-02-12,PG,0.015635518245857596,0.009200377208499396,Historical
2008-02-12,UNH,-0.2735421230559507,0.013762623711885247,Historical
2008-02-12,VZ,-0.06195107765097401,0.004062289899434864,Historical
2008-02-12,WFC,6.938893903907228e-18,0.007109616916490989,Historical
2008-02-12,XOM,0.032511182220428106,0.016989039732963184,Historical
2008-03-13,AAPL,0.1548646786844794,0.047905255140253365,Historical
2008-03-13,CAT,-0.005997828259940401,0.02188398847649462,Historical
2008-03-13,CVX,0.023586480440988503,0.01935941645335532,Historical
2008-03-13,DUK,0.0364080081943047,0.01915381247835375,Historical
2008-03-13,GS,0.025976956348313904,0.016586547118895508,Historical
2008-03-13,HD,0.0751736634473503,0.004349540990408778,Historical
2008-03-13,INTC,0.005665460041066703,0.005913427425337953,Historical
2008-03-13,JNJ,0.0536885083936628,0.00410069479054824,Historical
2008-03-13,JPM,0.10481649302323852,0.013307191361590764,Historical
2008-03-13,KO,0.018413253304092006,0.009667083609921464,Historical
2008-03-13,MCD,0.031166133888143193,0.026185050270860637,Historical
2008-03-13,MMM,0.0006365536838414051,0.006104541125830826,Historical
2008-03-13,MSFT,-0.012300020337907301,0.006475833746547529,Historical
2008-03-13,NEM,-0.11147752212581818,0.01281760781102502,Historical
2008-03-13,PFE,-0.0397849367300113,-0.0024697706940514453,Historical
2008-03-13,PG,0.043204845550541195,0.01012497591021691,Historical
2008-03-13,UNH,-0.021457598432754816,0.009429570277935189,Historical
2008-03-13,VZ,0.044993706541236404,0.00531817647929037,Historical
2008-03-13,WFC,-0.05461280751600851,0.007521714303755418,Historical
2008-03-13,XOM,0.03035841550126089,0.01693208354426182,Historical
2008-04-14,AAPL,0.2459079916600954,0.050533230644200865,Historical
2008-04-14,CAT,0.11841967627468969,0.01928131795360018,Historical
2008-04-14,CVX,0.09202836871949088,0.019632685190962257,Historical
2008-04-14,DUK,0.0287358389471419,0.017751356584686843,Historical
2008-04-14,GS,0.13997923456091121,0.014801591009694918,Historical
2008-04-14,HD,0.0165465158028095,0.0027887488857714507,Historical
2008-04-14,INTC,0.11300886072238849,0.005157168451681213,Historical
2008-04-14,JNJ,0.0106996243665591,0.0041660340020142645,Historical
2008-04-14,JPM,0.1050311491983609,0.011233419596323095,Historical
2008-04-14,KO,-0.0666969514912567,0.008189930181472169,Historical
2008-04-14,MCD,0.09416164952657502,0.023079256255083537,Historical
2008-04-14,MMM,-0.010246935891028007,0.0047156526335363005,Historical
2008-04-14,MSFT,0.05870877007315539,0.005024740010590496,Historical
2008-04-14,NEM,-0.015347776329424193,0.010222014053003773,Historical
2008-04-14,PFE,-0.010965407222475698,-0.004616523801796394,Historical
2008-04-14,PG,-0.06302532729393139,0.009159200298732552,Historical
2008-04-14,UNH,-0.09008310057306201,0.007376755646110028,Historical
2008-04-14,VZ,0.0670993511457571,0.00518580725445655,Historical
2008-04-14,WFC,0.0719957895524589,0.005861815323246015,Historical
2008-04-14,XOM,0.010869771077863896,0.01748633474487422,Historical
2008-05-13,AAPL,-0.03984565298946271,0.050392294380571065,Historical
2008-05-13,CAT,-0.06010969231672451,0.020686142912233862,Historical
2008-05-13,CVX,0.027611893561025204,0.02031873869535392,Historical
2008-05-13,DUK,-0.0303103886591241,0.015063126912053101,Historical
2008-05-13,GS,-0.16784910675186518,0.016407478813677313,Historical
2008-05-13,HD,-0.09185649829813722,0.0006803790163340209,Historical
2008-05-13,INTC,-0.0805710424561808,0.004351488763703748,Historical
2008-05-13,JNJ,-0.015872320672739703,0.0046143112886956345,Historical
2008-05-13,JPM,-0.2408157014086719,0.010380556188563492,Historical
2008-05-13,KO,0.0196075429191587,0.00617530181483916,Historical
2008-05-13,MCD,-0.028960847450885997,0.022549923230347768,Historical
2008-05-13,MMM,-0.02491749936620089,0.005698284361811982,Historical
2008-05-13,MSFT,-0.09691755195794607,0.004831191623078654,Historical
2008-05-13,NEM,0.044100021713044515,0.00830581668991367,Historical
2008-05-13,PFE,-0.1261687680851817,-0.005291424080957686,Historical
2008-05-13,PG,0.012922972245137106,0.007993488371258383,Historical
2008-05-13,UNH,-0.02564616826766361,0.00568351682665135,Historical
2008-05-13,VZ,-0.03720397792276541,0.0047695073046453915,Historical
2008-05-13,WFC,-0.15252756004558551,0.006588494554587031,Historical
2008-05-13,XOM,-0.006524563651401399,0.0170725593789644,Historical
2008-06-12,AAPL,-0.046586106375820904,0.050780788338307736,Historical
2008-06-12,CAT,-0.12278449893706639,0.01922961642041352,Historical
2008-06-12,CVX,-0.0748512578531792,0.01903434055984896,Historical
2008-06-12,DUK,-0.0305628990819061,0.012144118349741814,Historical
2008-06-12,GS,0.0004917940203946897,0.010813813964540227,Historical
2008-06-12,HD,-0.1828617181624767,-0.0024079940084344486,Historical
2008-06-12,INTC,-0.05513781784280751,0.0010891468139003111,Historical
2008-06-12,JNJ,0.016127379259552106,0.00540960435710436,Historical
2008-06-12,JPM,-0.1019434987367347,0.004286123713650747,Historical
2008-06-12,KO,-0.1280957882893502,0.00554146060514535,Historical
2008-06-12,MCD,-0.024641735494285597,0.018581127484924007,Historical
2008-06-12,MMM,-0.09104126353738701,0.00473944895084017,Historical
2008-06-12,MSFT,-0.07144545714068001,0.004313481749505013,Historical
2008-06-12,NEM,0.08271192104751379,0.007397000657624624,Historical
2008-06-12,PFE,0.014706453764368103,-0.0078030457005405715,Historical
2008-06-12,PG,-0.0424283309596664,0.008005281303794014,Historical
2008-06-12,UNH,-0.36588314610038936,0.004330296100900729,Historical
2008-06-12,VZ,-0.03668880190992702,0.003065653676340851,Historical
2008-06-12,WFC,-0.10514310869567159,0.0029579893057228228,Historical
2008-06-12,XOM,-0.0359622629814155,0.016018478471437652,Historical
2008-07-14,AAPL,0.005662751983805992,0.04782497616920109,Historical
2008-07-14,CAT,0.020054742467643605,0.01670200499774493,Historical
2008-07-14,CVX,-0.09273300731036119,0.018279002900452177,Historical
2008-07-14,DUK,0.06346086190139341,0.012234135438481121,Historical
2008-07-14,GS,0.09317218942274051,0.011230954435536815,Historical
2008-07-14,HD,0.2427820378790222,-0.005389018832591543,Historical
2008-07-14,INTC,0.172768013922459,-0.0005280712478552464,Historical
2008-07-14,JNJ,0.07834620507092199,0.006124410833537548,Historical
2008-07-14,JPM,0.23370275511045058,0.001971733931088592,Historical
2008-07-14,KO,0.09626799587451201,0.004280723726069968,Historical
2008-07-14,MCD,0.14024744329362931,0.01772272522547875,Historical
2008-07-14,MMM,0.0791468170254126,0.002870598457665252,Historical
2008-07-14,MSFT,0.09980026982267218,0.001680970302926985,Historical
2008-07-14,NEM,-0.2114123690633608,0.008142211161427378,Historical
2008-07-14,PFE,0.12632315783736123,-0.007732150727848703,Historical
2008-07-14,PG,0.09630233303499079,0.007717271714975631,Historical
2008-07-14,UNH,0.34373011596795777,-0.002475956500260941,Historical
2008-07-14,VZ,0.010822953549621098,0.0029157071681606955,Historical
2008-07-14,WFC,0.32881748839973923,0.0010907675854627261,Historical
2008-07-14,XOM,-0.08443011274242532,0.016350342140712928,Historical
2008-08-12,AAPL,-0.1352121836638629,0.04786838622969135,Historical
2008-08-12,CAT,-0.1195860849562757,0.013714492561545845,Historical
2008-08-12,CVX,-0.0278104344352667,0.016565493503845848,Historical
2008-08-12,DUK,-0.023838501246821107,0.014705332560904593,Historical
2008-08-12,GS,-0.12178675746450453,0.012876139736999524,Historical
2008-08-12,HD,0.06452012538479418,-0.0014910314532591775,Historical
2008-08-12,INTC,-0.1900624792909576,0.0018577046477268615,Historical
2008-08-12,JNJ,0.0004555184204819954,0.007268373360527416,Historical
2008-08-12,JPM,-0.06128164916240998,0.006857265202925351,Historical
2008-08-12,KO,-0.028217360833730287,0.005570077558992424,Historical
2008-08-12,MCD,-0.036533666300829305,0.018882367581304727,Historical
2008-08-12,MMM,-0.072692761558121,0.0028189021908805903,Historical
2008-08-12,MSFT,-0.049767789093258,0.004189102513488354,Historical
2008-08-12,NEM,-0.09343556173215688,0.0019812380419371996,Historical
2008-08-12,PFE,-0.08829307434749831,-0.0052815600390189055,Historical
2008-08-12,PG,0.04174967007520419,0.009099499953764202,Historical
2008-08-12,UNH,-0.06409054845423512,0.0038083237315779204,Historical
2008-08-12,VZ,-0.01656703313200781,0.004510515123656972,Historical
2008-08-12,WFC,0.0028434137169988313,0.006656755712364062,Historical
2008-08-12,XOM,-0.0379422876296715,0.014471045814136232,Historical
2008-09-11,AAPL,-0.5356003856049175,0.04344564155869564,Historical
2008-09-11,CAT,-0.3380649089510295,0.011433126283718885,Historical
2008-09-11,CVX,-0.2375396245628777,0.015795940942069514,Historical
2008-09-11,DUK,-0.16512282998648461,0.013715441809117566,Historical
2008-09-11,GS,-0.4414168985936903,0.00972550900402541,Historical
2008-09-11,HD,-0.3785121186140457,-0.0001591002320031242,Historical
2008-09-11,INTC,-0.2564296039850208,-0.004637160487368266,Historical
2008-09-11,JNJ,-0.21273860595619948,0.007359155301977086,Historical
2008-09-11,JPM,-0.06384788438152132,0.005206340324638303,Historical
2008-09-11,KO,-0.21021995682585878,0.0052866299394140875,Historical
2008-09-11,MCD,-0.1935234849642085,0.018484091831251902,Historical
2008-09-11,MMM,-0.2497765386954596,0.0018363043244139059,Historical
2008-09-11,MSFT,-0.17029159012036868,0.0016342766869390242,Historical
2008-09-11,NEM,-0.10356478475724859,-0.00020374218418088837,Historical
2008-09-11,PFE,-0.14967343710822947,-0.006164137871465607,Historical
2008-09-11,PG,-0.1731640619041839,0.009412474853810294,Historical
2008-09-11,UNH,-0.49872992342882694,0.002593740892117955,Historical
2008-09-11,VZ,-0.27586447656678226,0.00416313452995924,Historical
2008-09-11,WFC,-0.1512629078765653,0.00646049477208513,Historical
2008-09-11,XOM,-0.10130835283861542,0.013013916254136886,Historical
2008-10-10,AAPL,0.10170231138198751,0.034012635220970325,Historical
2008-10-10,CAT,-0.14281318153829364,0.004436616229669731,Historical
2008-10-10,CVX,0.13785786423622054,0.011850574662883298,Historical
2008-10-10,DUK,0.07009230911016438,0.00981607737160699,Historical
2008-10-10,GS,-0.26164895656506465,0.0034041769364538403,Historical
2008-10-10,HD,0.055149369999743986,-0.007590190580555849,Historical
2008-10-10,INTC,-0.055548899071017996,-0.009412795297699478,Historical
2008-10-10,JNJ,0.044829107126596504,0.004298550522403104,Historical
2008-10-10,JPM,0.028754115514449168,0.00333712264722375,Historical
2008-10-10,KO,0.06590904088901482,0.0017425866736458543,Historical
2008-10-10,MCD,0.06306113387297592,0.014867673432402572,Historical
2008-10-10,MMM,0.1920868230563137,-0.003268625483261806,Historical
2008-10-10,MSFT,-0.036533575219592385,-0.0014662101645480626,Historical
2008-10-10,NEM,-0.2674955370336196,-0.0017146566913868126,Historical
2008-10-10,PFE,0.090730481054,-0.008113252809264239,Historical
2008-10-10,PG,0.06397875862740797,0.005840406233803692,Historical
2008-10-10,UNH,0.23120128758838973,-0.0060269486767481366,Historical
2008-10-10,VZ,0.14746221579461538,0.0005870895391421078,Historical
2008-10-10,WFC,0.08906770963733907,0.002940393845890798,Historical
2008-10-10,XOM,0.0896156480815876,0.011356090005717918,Historical
2008-11-10,AAPL,0.018356653976657394,0.03566437923860252,Historical
2008-11-10,CAT,0.09731733789005191,0.002151394641144905,Historical
2008-11-10,CVX,0.03680881297076559,0.01396968818284652,Historical
2008-11-10,DUK,-0.09862822967010637,0.011865542969004009,Historical
2008-11-10,GS,-0.06658055967491013,-0.0028796862494665345,Historical
2008-11-10,HD,0.10744180161925246,-0.008033767117312232,Historical
2008-11-10,INTC,-0.022815128651916008,-0.012677630450941396,Historical
2008-11-10,JNJ,-0.03256624206156872,0.005251191758022031,Historical
2008-11-10,JPM,-0.10580236000996235,0.0034919147681322774,Historical
2008-11-10,KO,-0.022717074954056102,0.0018253462354026054,Historical
2008-11-10,MCD,0.0819950821644621,0.014701319936485173,Historical
2008-11-10,MMM,-0.13566660739928,-0.0015783986155459284,Historical
2008-11-10,MSFT,-0.03601119709172718,-0.0005989075076948651,Historical
2008-11-10,NEM,0.21713698443890314,-0.00738073141550383,Historical
2008-11-10,PFE,-0.0234031389612004,-0.007240949544075473,Historical
2008-11-10,PG,-0.07567125685483311,0.00638061955549247,Historical
2008-11-10,UNH,-0.0764093908599623,-0.0014593184723471133,Historical
2008-11-10,VZ,0.10419485910013782,0.003162509414981513,Historical
2008-11-10,WFC,0.033336262248435014,0.003801914806013058,Historical
2008-11-10,XOM,0.055880365194066,0.013805415885662796,Historical
2008-12-10,AAPL,-0.09953631804242209,0.03753360429697423,Historical
2008-12-10,CAT,0.019163999345166795,0.0032776397581981464,Historical
2008-12-10,CVX,-0.036937277720704695,0.013448290930303126,Historical
2008-12-10,DUK,0.05105225968555601,0.009124113522958228,Historical
2008-12-10,GS,0.14256022864711515,-0.00437675971342848,Historical
2008-12-10,HD,0.02805089264304679,-0.005061668376627963,Historical
2008-12-10,INTC,-0.010545085933806996,-0.011800184592482907,Historical
2008-12-10,JNJ,0.021222765616009696,0.004399867316698289,Historical
2008-12-10,JPM,-0.25611629080097537,0.0021233502719980655,Historical
2008-12-10,KO,-0.005143339218583103,0.0011110373592629912,Historical
2008-12-10,MCD,0.006513693113741291,0.016043060952394612,Historical
2008-12-10,MMM,0.027923497961885306,-0.004395811820824001,Historical
2008-12-10,MSFT,-0.05385064086856741,-0.0012054568562552736,Historical
2008-12-10,NEM,0.13910098025054482,-0.006336489542526105,Historical
2008-12-10,PFE,0.05722590264390869,-0.009002750284496158,Historical
2008-12-10,PG,0.0011700384466760885,0.005241160463507872,Historical
2008-12-10,UNH,0.24126581701930142,-0.004243983371103634,Historical
2008-12-10,VZ,-0.021836704940358987,0.004613928717921164,Historical
2008-12-10,WFC,-0.1932659060225746,0.003926658463839081,Historical
2008-12-10,XOM,-0.008089132940241814,0.013947408180806803,Historical
2009-01-12,AAPL,0.07699760227605262,0.03413925471357347,Historical
2009-01-12,CAT,-0.3237067996570735,0.002531308255309082,Historical
2009-01-12,CVX,-0.023621324502679286,0.011325500472219393,Historical
2009-01-12,DUK,-0.003937409102113303,0.008054826274212513,Historical
2009-01-12,GS,0.07438043744045696,-0.0019923222003222323,Historical
2009-01-12,HD,-0.07166066080602052,-0.005020909434347296,Historical
2009-01-12,INTC,0.005289601505164207,-0.013292152389445082,Historical
2009-01-12,JNJ,-0.04008167571073779,0.004053027781333692,Historical
2009-01-12,JPM,-0.05338258729270404,-0.0037445657359984784,Historical
2009-01-12,KO,-0.0922434979671277,0.00021795630901892072,Historical
2009-01-12,MCD,-0.04755887767333411,0.01622985817432713,Historical
2009-01-12,MMM,-0.12255736127990086,-0.004078221634921907,Historical
2009-01-12,MSFT,-0.037582782042033774,-0.003279917697815185,Historical
2009-01-12,NEM,0.06049713644258649,-0.0035718257779122978,Historical
2009-01-12,PFE,-0.19344461161709478,-0.008999208790277144,Historical
2009-01-12,PG,-0.1444084289913524,0.004872850451887637,Historical
2009-01-12,UNH,0.0558764255277036,-0.001323506193312829,Historical
2009-01-12,VZ,-0.06952629127958951,0.002119268617711319,Historical
2009-01-12,WFC,-0.41171435153292,0.0005778608958519798,Historical
2009-01-12,XOM,-0.013580480288329512,0.01232160279979077,Historical
2009-02-11,AAPL,-0.015243843269960526,0.035922281832318916,Historical
2009-02-11,CAT,-0.13482561190678877,-0.002063991116735361,Historical
2009-02-11,CVX,-0.10574135502068008,0.010984201613392197,Historical
2009-02-11,DUK,-0.16905823406327478,0.007102391654206885,Historical
2009-02-11,GS,0.07848517965893947,-0.0013125177326392624,Historical
2009-02-11,HD,-0.076026553181997,-0.006479997145943988,Historical
2009-02-11,INTC,0.03077189877661959,-0.011335644063033331,Historical
2009-02-11,JNJ,-0.13822416983302513,0.0027188645585977727,Historical
2009-02-11,JPM,-0.0594066439830771,-0.004992438826646385,Historical
2009-02-11,KO,0.014696163147876692,-0.002060870481600298,Historical
2009-02-11,MCD,-0.0841917248351424,0.01454022883078636,Historical
2009-02-11,MMM,-0.05137895033847782,-0.00544409286320137,Historical
2009-02-11,MSFT,-0.0932224559091612,-0.003143361681414327,Historical
2009-02-11,NEM,-0.04396905222477959,-0.0013887993913785693,Historical
2009-02-11,PFE,-0.0035595516654262083,-0.012956787178967047,Historical
2009-02-11,PG,-0.11676380176762628,0.0018237070570351376,Historical
2009-02-11,UNH,-0.31510761698847156,-0.000996394303710867,Historical
2009-02-11,VZ,-0.0640053633361284,0.0010370087707167032,Historical
2009-02-11,WFC,-0.15874779053834104,-0.006425505968249124,Historical
2009-02-11,XOM,-0.12564449568874858,0.01206150146882633,Historical
2009-03-13,AAPL,0.22133604655778222,0.03234039735562828,Historical
2009-03-13,CAT,0.204767686020315,-0.003393626250382949,Historical
2009-03-13,CVX,0.06974955463696089,0.008518543588009428,Historical
2009-03-13,DUK,0.09566920661591662,0.004382913754392922,Historical
2009-03-13,GS,0.29140259631469834,-0.00027705697909983964,Historical
2009-03-13,HD,0.24445960375321202,-0.007884138985335876,Historical
2009-03-13,INTC,0.0958108138551341,-0.008943340854396164,Historical
2009-03-13,JNJ,0.04294271184783311,0.001078589710620688,Historical
2009-03-13,JPM,0.37512389396377827,-0.007013044720311036,Historical
2009-03-13,KO,0.09098265872923329,-0.0010011747555447206,Historical
2009-03-13,MCD,0.07280629546043191,0.011942204499071588,Historical
2009-03-13,MMM,0.1056733023702429,-0.0056479602607776595,Historical
2009-03-13,MSFT,0.14121777568383212,-0.0037210915682339496,Historical
2009-03-13,NEM,0.1136332731107091,-0.0012552277456293745,Historical
2009-03-13,PFE,-0.03927770385157182,-0.012320637425036926,Historical
2009-03-13,PG,0.0481866146410552,-0.0005997707104283793,Historical
2009-03-13,UNH,0.1787896255070047,-0.0068176858956476545,Historical
2009-03-13,VZ,0.1344104888307157,-0.000614760480653929,Historical
2009-03-13,WFC,0.3436152072114171,-0.009286581321662143,Historical
2009-03-13,XOM,0.012872921467336613,0.009285920995793869,Historical
2009-04-14,AAPL,0.03433880414118861,0.036119910661115875,Historical
2009-04-14,CAT,0.15062031007320476,-0.001798400380079232,Historical
2009-04-14,CVX,0.017642693021505798,0.009455287168687843,Historical
2009-04-14,DUK,0.0339016541357227,0.005946570882873643,Historical
2009-04-14,GS,0.03961949651375667,0.004237156413810905,Historical
2009-04-14,HD,-0.0521859089608408,-0.0037179772722771226,Historical
2009-04-14,INTC,-0.040945967379380305,-0.007383065083952238,Historical
2009-04-14,JNJ,0.07257033316379631,0.0020865879556613977,Historical
2009-04-14,JPM,0.04808256624771372,-0.0005429599210724068,Historical
2009-04-14,KO,-0.007404874747317394,-1.016549073869731e-05,Historical
2009-04-14,MCD,-0.038885410303889784,0.013294581761269735,Historical
2009-04-14,MMM,0.1096063809155399,-0.0052403419388711275,Historical
2009-04-14,MSFT,0.015198154727679894,-0.0014395611837178816,Historical
2009-04-14,NEM,0.051863396385480896,-0.00040298808122651587,Historical
2009-04-14,PFE,0.11343302969936542,-0.012618626328767663,Historical
2009-04-14,PG,0.067216844514833,6.64990822134471e-05,Historical
2009-04-14,UNH,0.11426595705164844,-0.005116022174285333,Historical
2009-04-14,VZ,-0.0431352037773278,0.0018775214948118975,Historical
2009-04-14,WFC,0.2695472527192502,-0.003108715036447772,Historical
2009-04-14,XOM,0.04628901805677231,0.00949261477889503,Historical
2009-05-13,AAPL,0.11762333103249285,0.037466673227710114,Historical
2009-05-13,CAT,-0.011894262903587095,0.0025967271078559413,Historical
2009-05-13,CVX,0.0480464059668094,0.009892642627851413,Historical
2009-05-13,DUK,0.019291528005362806,0.008264176662059145,Historical
2009-05-13,GS,0.0720287216465186,0.007151999504097265,Historical
2009-05-13,HD,-0.007575646491161806,-0.003265963852524932,Historical
2009-05-13,INTC,0.07227473714889159,-0.007583926788320828,Historical
2009-05-13,JNJ,0.027719641075664193,0.0018592851489507539,Historical
2009-05-13,JPM,-0.01194836718966838,0.0027622585298151736,Historical
2009-05-13,KO,0.09847791657501029,0.0002980559984880659,Historical
2009-05-13,MCD,0.07454084885311099,0.013870445828950131,Historical
2009-05-13,MMM,0.026166268900082997,-0.0036365056442111015,Historical
2009-05-13,MSFT,0.14418890717117483,-0.0014780529906807554,Historical
2009-05-13,NEM,-0.0026862641615014917,0.004050587278584119,Historical
2009-05-13,PFE,-0.02029863568857409,-0.010914297992808348,Historical
2009-05-13,PG,0.0207877620766265,0.0012216715533402308,Historical
2009-05-13,UNH,-0.12748384498989562,-0.001591483757107885,Historical
2009-05-13,VZ,-0.021613517549386792,0.0015930535939627283,Historical
2009-05-13,WFC,-0.026815899101557315,0.00187568876212611,Historical
2009-05-13,XOM,0.04459915283085011,0.010421879494565129,Historical
2009-06-12,AAPL,0.016932792056953694,0.037109841111824124,Historical
2009-06-12,CAT,-0.1678034930273577,0.0018319386693371026,Historical
2009-06-12,CVX,-0.1410703308463996,0.010407217113148995,Historical
2009-06-12,DUK,0.008962184558423306,0.008401014834293783,Historical
2009-06-12,GS,0.02912718004132789,0.008190404886450516,Historical
2009-06-12,HD,-0.0473265902346907,-0.004399945182699739,Historical
2009-06-12,INTC,0.008526338093310295,-0.0075020059608529475,Historical
2009-06-12,JNJ,0.029360215389148903,0.0018454211182195753,Historical
2009-06-12,JPM,-0.005137603061443799,0.0015275235532860088,Historical
2009-06-12,KO,0.009628259326512102,0.0013394376941847682,Historical
2009-06-12,MCD,-0.0069603398332516,0.015150381547189297,Historical
2009-06-12,MMM,-0.001487225247358696,-0.0036417069400373177,Historical
2009-06-12,MSFT,0.017368802806149997,0.0005815793831362133,Historical
2009-06-12,NEM,-0.1373279473275612,0.003441936664545448,Historical
2009-06-12,PFE,0.008846388159684901,-0.011252804686423635,Historical
2009-06-12,PG,0.018478261601083602,0.0007840533029198773,Historical
2009-06-12,UNH,0.039140308814862496,-0.004866092806240654,Historical
2009-06-12,VZ,-0.008169627340746097,0.0014590277307967527,Historical
2009-06-12,WFC,-0.008831219298500517,0.00047983697136878996,Historical
2009-06-12,XOM,-0.1196414241033831,0.010511996247492104,Historical
2009-07-14,AAPL,0.1344882282655365,0.03798756958813876,Historical
2009-07-14,CAT,0.3877330084414486,-0.0015788843869482608,Historical
2009-07-14,CVX,0.0844188631217038,0.007366791851288348,Historical
2009-07-14,DUK,0.06830628282278628,0.0076727631125692065,Historical
2009-07-14,GS,0.0633922470396661,0.009100581798305495,Historical
2009-07-14,HD,0.1514891315192682,-0.004817803671654102,Historical
2009-07-14,INTC,0.1298284486624848,-0.006041497331473508,Historical
2009-07-14,JNJ,0.0424004964936513,0.0028930975594399955,Historical
2009-07-14,JPM,0.17238052087416852,0.0016437301052182353,Historical
2009-07-14,KO,-0.00020397403231969813,0.0017211902416560201,Historical
2009-07-14,MCD,-0.022068224422852417,0.01488456094019438,Historical
2009-07-14,MMM,0.1649791705179472,-0.0041454306993644885,Historical
2009-07-14,MSFT,-0.00431369410554671,1.276189276746183e-07,Historical
2009-07-14,NEM,0.0445083705446826,-0.000527611080147001,Historical
2009-07-14,PFE,0.07999299931129844,-0.01004428605309073,Historical
2009-07-14,PG,-0.012056770230704995,0.001243190495513011,Historical
2009-07-14,UNH,0.10647969253561959,-0.0031190251573039495,Historical
2009-07-14,VZ,0.051982048852903785,0.001195162864182706,Historical
2009-07-14,WFC,0.08279542612609289,0.0004566704499034136,Historical
2009-07-14,XOM,0.04240848828681221,0.007771602867256885,Historical
2009-08-12,AAPL,0.058038306114718614,0.03892053764003651,Historical
2009-08-12,CAT,0.050763361049969896,0.0063523541581164324,Historical
2009-08-12,CVX,0.060330199846195115,0.008690463277993483,Historical
2009-08-12,DUK,0.004546897895000598,0.007324412997009599,Historical
2009-08-12,GS,0.09591410467599809,0.011123319762710077,Historical
2009-08-12,HD,0.0318009247928914,-0.0016608347482767916,Historical
2009-08-12,INTC,0.05834966869908692,-0.0013720686385768678,Historical
2009-08-12,JNJ,0.015351852134582995,0.00356943154823228,Historical
2009-08-12,JPM,0.042256862270271506,0.004476130410538959,Historical
2009-08-12,KO,0.030919944914099006,0.004328556023167574,Historical
2009-08-12,MCD,-0.0123205774573674,0.014566537823377065,Historical
2009-08-12,MMM,0.04914059689010421,0.0002552203968521425,Historical
2009-08-12,MSFT,0.0833525952576758,3.0132343765994697e-05,Historical
2009-08-12,NEM,0.13965963513085944,0.00048553688292302637,Historical
2009-08-12,PFE,0.031708685824046,-0.007614931718602643,Historical
2009-08-12,PG,0.07616895193584,0.0011734091530496852,Historical
2009-08-12,UNH,0.04532662599690702,-0.0020267141434604768,Historical
2009-08-12,VZ,0.024214222683214298,0.0005729362901144613,Historical
2009-08-12,WFC,0.035437543260381406,0.0018626703631282368,Historical
2009-08-12,XOM,0.03632058521973789,0.008533520179423812,Historical
2009-09-11,AAPL,0.0987498472424821,0.03781235247294668,Historical
2009-09-11,CAT,0.09682128438921239,0.006374771200564618,Historical
2009-09-11,CVX,0.018168575887284294,0.008394975019886486,Historical
2009-09-11,DUK,0.010957363869337796,0.007441719943905856,Historical
2009-09-11,GS,0.07929056498563693,0.011487164220845765,Historical
2009-09-11,HD,-0.02092218376015691,-0.0028951651866538862,Historical
2009-09-11,INTC,0.020537290744614096,0.0014520118747211033,Historical
2009-09-11,JNJ,0.017647424254203896,0.002993925077664452,Historical
2009-09-11,JPM,0.064919409037008,0.003985233542995342,Historical
2009-09-11,KO,0.0855320400966789,0.004824720083324124,Historical
2009-09-11,MCD,0.03317215059441039,0.013930513706074904,Historical
2009-09-11,MMM,0.004560094272680204,0.00013296795528154213,Historical
2009-09-11,MSFT,0.0217611568739624,0.0016369259184426832,Historical
2009-09-11,NEM,0.008205791023980103,0.0018791640787091414,Historical
2009-09-11,PFE,0.034880543600842404,-0.007677360121360555,Historical
2009-09-11,PG,0.026762310468244798,0.0018716227707375429,Historical
2009-09-11,UNH,-0.1654935372214385,-0.002669630734609102,Historical
2009-09-11,VZ,-0.05654726775598999,0.00047255229106609896,Historical
2009-09-11,WFC,0.04731883492453111,0.0018813509826094684,Historical
2009-09-11,XOM,-0.0197262838665509,0.008252167076962446,Historical
2009-10-12,AAPL,0.0560960216255932,0.037959046720880005,Historical
2009-10-12,CAT,0.119267402388293,0.0069883953302937495,Historical
2009-10-12,CVX,0.06517388963480729,0.007200660189535755,Historical
2009-10-12,DUK,0.044507176035214806,0.006485046950814903,Historical
2009-10-12,GS,-0.06961581815961548,0.012384168640318063,Historical
2009-10-12,HD,-0.005578926536591405,-0.004125308223517927,Historical
2009-10-12,INTC,-0.028239505105833004,0.0014832203648534699,Historical
2009-10-12,JNJ,-0.016165096894459205,0.003935116980686152,Historical
2009-10-12,JPM,-0.033262466870229615,0.004963948958539043,Historical
2009-10-12,KO,0.015073558160069597,0.007554840764168224,Historical
2009-10-12,MCD,0.0996296109515719,0.01418241844886988,Historical
2009-10-12,MMM,0.03251764500301281,0.001147236576653161,Historical
2009-10-12,MSFT,0.1263139887450205,0.0015713879889592648,Historical
2009-10-12,NEM,0.083708616293953,0.0008402824476921427,Historical
2009-10-12,PFE,0.039214751414549706,-0.005681292419329251,Historical
2009-10-12,PG,0.07948238072564649,0.003121175221458774,Historical
2009-10-12,UNH,0.16618024649431037,-0.006557468701003821,Historical
2009-10-12,VZ,0.0340499360056895,-0.0008074787585611297,Historical
2009-10-12,WFC,-0.026317957375867992,0.0022542428508973184,Historical
2009-10-12,XOM,0.05619405002772821,0.007114906111611001,Historical
2009-11-10,AAPL,-0.01833422865431701,0.03337903393825038,Historical
2009-11-10,CAT,-0.06578389105611339,0.007386955416871745,Historical
2009-11-10,CVX,0.0010069895277725026,0.008879075581373802,Historical
2009-11-10,DUK,0.08238566140842649,0.005962981476949904,Historical
2009-11-10,GS,-0.0569481065680625,0.010154998597846094,Historical
2009-11-10,HD,0.035484897741278,-0.005622487460372335,Historical
2009-11-10,INTC,0.027871164698909507,-0.0010600099943815664,Historical
2009-11-10,JNJ,0.06591586864089452,0.002356704600333572,Historical
2009-11-10,JPM,-0.07391708934742541,0.004565833076773284,Historical
2009-11-10,KO,0.048565561608909104,0.00728108592189774,Historical
2009-11-10,MCD,-0.0245390550053672,0.014546538536503796,Historical
2009-11-10,MMM,0.0388664667745494,0.0012492644442478292,Historical
2009-11-10,MSFT,0.028942653227653003,0.002925663304109313,Historical
2009-11-10,NEM,0.02490440143134753,0.0012795879363646941,Historical
2009-11-10,PFE,0.04542427434478791,-0.004231587680808611,Historical
2009-11-10,PG,0.006285623859969802,0.004417037490693793,Historical
2009-11-10,UNH,-0.021864613834330106,-0.005109967413690052,Historical
2009-11-10,VZ,0.0987096465518782,-0.0003906989253010285,Historical
2009-11-10,WFC,-0.08983196051664238,0.0013727829645757892,Historical
2009-11-10,XOM,-0.0008240954565767998,0.007941483738217113,Historical
2009-12-10,AAPL,0.06037477662065319,0.030547243957608324,Historical
2009-12-10,CAT,0.13235145148467312,0.00561118574628954,Historical
2009-12-10,CVX,0.04838245817570601,0.008980120156939794,Historical
2009-12-10,DUK,-0.025538333928420698,0.007843158431707126,Historical
2009-12-10,GS,0.030298195201211287,0.008163105471912712,Historical
2009-12-10,HD,0.021899935979492104,-0.005107165343617529,Historical
2009-12-10,INTC,0.045906491799536694,-0.0004368911457477599,Historical
2009-12-10,JNJ,-0.002488227919838399,0.003015812795076327,Historical
2009-12-10,JPM,0.07916834976849911,0.004084579882406346,Historical
2009-12-10,KO,-0.0273461401822802,0.008348907569800073,Historical
2009-12-10,MCD,0.02798755733210519,0.013128588202982034,Historical
2009-12-10,MMM,0.0518077633216519,0.002267642939276167,Historical
2009-12-10,MSFT,0.018673451977169308,0.002731043446895273,Historical
2009-12-10,NEM,-0.030614509803187428,0.003162228006730498,Historical
2009-12-10,PFE,0.0318343016947434,-0.0030319665198488247,Historical
2009-12-10,PG,-0.0333255498059005,0.003986303649898779,Historical
2009-12-10,UNH,0.14417619461725478,-0.006108200882890606,Historical
2009-12-10,VZ,-0.029229324292820998,0.0011533993252457065,Historical
2009-12-10,WFC,0.10381839616980591,-0.0003421155274095422,Historical
2009-12-10,XOM,-0.0348067213764965,0.007887718188784722,Historical
2010-01-12,AAPL,-0.074016547823625,0.030050920581667244,Historical
2010-01-12,CAT,-0.1809945190567824,0.0073188476071935895,Historical
2010-01-12,CVX,-0.1338138671954265,0.010280871155421418,Historical
2010-01-12,DUK,-0.032957537995771294,0.007261399889034777,Historical
2010-01-12,GS,-0.11038576761655439,0.008967586105436125,Historical
2010-01-12,HD,0.017250864148851998,-0.004289649332653019,Historical
2010-01-12,INTC,-0.054060229818927025,0.00048102864837484014,Historical
2010-01-12,JNJ,-0.0234748820673636,0.0025810901458072927,Historical
2010-01-12,JPM,-0.1359408255430478,0.004885608798187264,Historical
2010-01-12,KO,-0.045074277920590496,0.00757839964584995,Historical
2010-01-12,MCD,0.014813012423231,0.013400425262830817,Historical
2010-01-12,MMM,-0.06595308539131339,0.0024996092282737552,Historical
2010-01-12,MSFT,-0.07830946272895878,0.0034679715274548314,Historical
2010-01-12,NEM,-0.1016478727338247,0.0039123443193549495,Historical
2010-01-12,PFE,-0.0502299862036318,-0.0017577703720892744,Historical
2010-01-12,PG,0.031279667353339,0.0031634852369800738,Historical
2010-01-12,UNH,-0.006399125021572697,-0.004626349978468476,Historical
2010-01-12,VZ,-0.09917582481253812,0.0013059976106960447,Historical
2010-01-12,WFC,-0.056155506860243315,0.0014550801953082397,Historical
2010-01-12,XOM,-0.0741923762435063,0.007384419613575699,Historical
2010-02-11,AAPL,0.1495714502430541,0.02622579645473608,Historical
2010-02-11,CAT,0.12720846518294338,0.0045717933627145955,Historical
2010-02-11,CVX,0.050646292843515905,0.0063632080129883235,Historical
2010-02-11,DUK,0.0067591065767787,0.005097221934340827,Historical
2010-02-11,GS,0.13224977985694383,0.006043980760688968,Historical
2010-02-11,HD,0.13195877260422048,-0.004253721935452584,Historical
2010-02-11,INTC,0.0771868085039466,-0.0009191807352284808,Historical
2010-02-11,JNJ,0.0304740282909193,0.0012278835579542376,Historical
2010-02-11,JPM,0.10445998793571681,0.002900044883586078,Historical
2010-02-11,KO,-6.206453681339638e-05,0.006234484041864681,Historical
2010-02-11,MCD,0.043876168025286294,0.013362133880902906,Historical
2010-02-11,MMM,0.041048906342742005,0.00099230208199488,Historical
2010-02-11,MSFT,0.04938126408008291,0.0024337222253326234,Historical
2010-02-11,NEM,0.10080963947362079,0.002665945526035333,Historical
2010-02-11,PFE,-0.037913335618605,-0.0021127502596861246,Historical
2010-02-11,PG,0.0264038869988548,0.0048279483108296505,Historical
2010-02-11,UNH,0.006095618088016598,-0.0050434464863867426,Historical
2010-02-11,VZ,0.029354010632144305,0.0009543782960023222,Historical
2010-02-11,WFC,0.0863062662522057,0.0005860589640132669,Historical
2010-02-11,XOM,0.0296264534114347,0.004173103583523711,Historical
2010-03-15,AAPL,0.06752639763097029,0.028976097090173635,Historical
2010-03-15,CAT,0.0922031061422775,0.005500312697218743,Historical
2010-03-15,CVX,0.08437456614242152,0.006544836938647155,Historical
2010-03-15,DUK,-0.006759106576778703,0.004688469172045651,Historical
2010-03-15,GS,0.0242240280937263,0.00828104096795963,Historical
2010-03-15,HD,0.0566104453707465,-0.0012173669169727522,Historical
2010-03-15,INTC,0.06814632698350409,-0.0006276433229013455,Historical
2010-03-15,JNJ,0.0231030817427605,0.0012493797353451469,Historical
2010-03-15,JPM,0.0622467884874307,0.005270722776594431,Historical
2010-03-15,KO,0.0308226745565264,0.0060701328012793205,Historical
2010-03-15,MCD,0.0504387881263958,0.013924611195977226,Historical
2010-03-15,MMM,0.030973255486969407,0.0011426139473111648,Historical
2010-03-15,MSFT,0.039522810396797406,0.003728000863456118,Historical
2010-03-15,NEM,0.0720793015352426,0.002239971121325086,Historical
2010-03-15,PFE,0.005837859618850304,-0.003633990995119623,Historical
2010-03-15,PG,-0.0050669064005471,0.004859445456661208,Historical
2010-03-15,UNH,-0.0221345733222372,-0.005413341921883572,Historical
2010-03-15,VZ,0.026712643980432403,0.0015721313694950839,Historical
2010-03-15,WFC,0.08162425373532521,0.002361543190442443,Historical
2010-03-15,XOM,0.0274635754715351,0.003348923167017706,Historical
2010-04-14,AAPL,0.07797485804139141,0.029249156012970144,Historical
2010-04-14,CAT,0.03539992262287261,0.008469044604269218,Historical
2010-04-14,CVX,-0.0018721930576625113,0.008419217923543248,Historical
2010-04-14,DUK,0.04579130760371281,0.004044043511489699,Historical
2010-04-14,GS,-0.19698938848231295,0.008571398676983186,Historical
2010-04-14,HD,0.044147910177430895,0.000649557714390838,Historical
2010-04-14,INTC,0.020983714088544395,0.0017107906997523995,Historical
2010-04-14,JNJ,-0.011947012236713602,0.0014177016196573642,Historical
2010-04-14,JPM,-0.0955499574050338,0.006959200689094684,Historical
2010-04-14,KO,-0.01834211009958759,0.006946094686880366,Historical
2010-04-14,MCD,0.025074895365070696,0.01578839902830271,Historical
2010-04-14,MMM,0.029348263460814997,0.0020835202453001554,Historical
2010-04-14,MSFT,-0.033731685191298696,0.0046909478347934245,Historical
2010-04-14,NEM,0.08770854667437859,0.004922637950284144,Historical
2010-04-14,PFE,-0.0059490512627707135,-0.003355023827445764,Historical
2010-04-14,PG,0.0079844066067075,0.004139616062902591,Historical
2010-04-14,UNH,-0.0589157614895854,-0.006811113657203625,Historical
2010-04-14,VZ,-0.04663038352347829,0.0024232834205285686,Historical
2010-04-14,WFC,0.04741710046887239,0.0037801702343874155,Historical
2010-04-14,XOM,-0.049397153124111706,0.003828748945627971,Historical
2010-05-13,AAPL,-0.0332842159636723,0.032892833618864616,Historical
2010-05-13,CAT,-0.123540572959284,0.009077641643124398,Historical
2010-05-13,CVX,-0.06860693513070669,0.009568896868786727,Historical
2010-05-13,DUK,-0.034609766370451496,0.005183628906727061,Historical
2010-05-13,GS,-0.079290166184034,0.0068027337993007645,Historical
2010-05-13,HD,-0.1008769894566397,0.001960433939318962,Historical
2010-05-13,INTC,-0.11216839044375441,0.0009229735978417803,Historical
2010-05-13,JNJ,-0.09541230547462472,0.0015016200435965092,Historical
2010-05-13,JPM,-0.09030954549633179,0.005118223648489022,Historical
2010-05-13,KO,-0.036440133431095596,0.005726495197288879,Historical
2010-05-13,MCD,-0.0077523359322865,0.016589475390274066,Historical
2010-05-13,MMM,-0.09263540363702197,0.004200470223983502,Historical
2010-05-13,MSFT,-0.13291916990532301,0.004175542025738132,Historical
2010-05-13,NEM,-0.041020359746061594,0.008200303822323275,Historical
2010-05-13,PFE,-0.0890579183760776,-0.0041933864551379875,Historical
2010-05-13,PG,-0.0324143671886571,0.004325691033064857,Historical
2010-05-13,UNH,0.015665162092725997,-0.007904111867050874,Historical
2010-05-13,VZ,-0.004890712544614389,0.001920560454285833,Historical
2010-05-13,WFC,-0.18983597048689338,0.004515198976444815,Historical
2010-05-13,XOM,-0.04812766155501321,0.0038736028091051413,Historical
2010-06-14,AAPL,-0.006767783676220199,0.031784499565548505,Historical
2010-06-14,CAT,0.10338292415470718,0.005628194848820375,Historical
2010-06-14,CVX,-0.011270079844561902,0.007349368193601763,Historical
2010-06-14,DUK,0.0405996321262415,0.004323879671320115,Historical
2010-06-14,GS,0.033422429577531894,0.005837588252141456,Historical
2010-06-14,HD,-0.11778291812663448,-0.001139499345198074,Historical
2010-06-14,INTC,0.017767430734249298,-0.002877238566379404,Historical
2010-06-14,JNJ,0.03430039250319899,7.78243838503512e-05,Historical
2010-06-14,JPM,0.06222304790869929,0.0034431917622681878,Historical
2010-06-14,KO,0.0205049174259157,0.005339162506363069,Historical
2010-06-14,MCD,0.018521669833799808,0.01709224938623813,Historical
2010-06-14,MMM,0.06489784373047229,0.0026592079819993415,Historical
2010-06-14,MSFT,-0.020870833857753703,0.0015040578799651542,Historical
2010-06-14,NEM,0.0921536014947157,0.007766612250813547,Historical
2010-06-14,PFE,-0.04430460244023831,-0.005714053329533471,Historical
2010-06-14,PG,0.0223671269018846,0.0036885494011307286,Historical
2010-06-14,UNH,-0.017431777401964294,-0.008576919523997993,Historical
2010-06-14,VZ,0.0218829765941429,0.0016076366195504712,Historical
2010-06-14,WFC,0.003585219132723208,0.0009078863057139884,Historical
2010-06-14,XOM,-0.04024296523333741,0.0026380983779720297,Historical
2010-07-14,AAPL,-0.006414668102775002,0.03147368701089368,Historical
2010-07-14,CAT,0.03497880998597938,0.00692573028383272,Historical
2010-07-14,CVX,0.05188691417757199,0.00678203227929203,Historical
2010-07-14,DUK,0.0298523829240152,0.003981099220892868,Historical
2010-07-14,GS,0.06219608892216037,0.005210428117750149,Historical
2010-07-14,HD,-0.033011238107638285,-0.003394596158417759,Historical
2010-07-14,INTC,-0.0705810631744179,-0.002581114720808586,Historical
2010-07-14,JNJ,-0.0336167040906477,0.0011412210387276855,Historical
2010-07-14,JPM,-0.0692929970997018,0.004574492283266686,Historical
2010-07-14,KO,0.061070776516142795,0.005913820805432911,Historical
2010-07-14,MCD,0.010252035660432098,0.017406697838622257,Historical
2010-07-14,MMM,0.006561745081408894,0.003751780236874701,Historical
2010-07-14,MSFT,-0.010802009032981301,0.0013005691117866248,Historical
2010-07-14,NEM,-0.09589371955876269,0.00851238845353977,Historical
2010-07-14,PFE,0.08971446985831351,-0.006202385069121158,Historical
2010-07-14,PG,-0.02677438604322229,0.004458541380368996,Historical
2010-07-14,UNH,0.05957025178696331,-0.009085026636726026,Historical
2010-07-14,VZ,0.09466751916127002,0.0020239068590495596,Historical
2010-07-14,WFC,-0.058710750267943396,0.0008593028207275612,Historical
2010-07-14,XOM,0.023322616622115898,0.0015366514774059086,Historical
2010-08-12,AAPL,0.051490623056702094,0.02903550730708608,Historical
2010-08-12,CAT,0.03644094178812071,0.006038204762387751,Historical
2010-08-12,CVX,0.0309830188974939,0.006543925782427361,Historical
2010-08-12,DUK,0.0242506667428421,0.0053335197147677624,Historical
2010-08-12,GS,0.010116707448333796,0.005573098725075095,Historical
2010-08-12,HD,0.07714749783464561,-0.00437749201700789,Historical
2010-08-12,INTC,-0.07811456976997039,-0.0033174845141055605,Historical
2010-08-12,JNJ,0.03437124978794051,0.0007802065153329852,Historical
2010-08-12,JPM,0.05134590425063291,0.0033862689926520226,Historical
2010-08-12,KO,0.043302647252387694,0.006421288718618471,Historical
2010-08-12,MCD,0.054406728816321595,0.015692049408367124,Historical
2010-08-12,MMM,0.004358536512265411,0.00479074890837839,Historical
2010-08-12,MSFT,-0.0361557791188038,-0.00018458650342107293,Historical
2010-08-12,NEM,0.0819891192546987,0.006661719005463396,Historical
2010-08-12,PFE,0.06003598209520069,-0.004447008137505334,Historical
2010-08-12,PG,0.0021543673919950995,0.003914690855549894,Historical
2010-08-12,UNH,0.0789274296757039,-0.007884271845909329,Historical
2010-08-12,VZ,0.04174200221535171,0.0040948304631556074,Historical
2010-08-12,WFC,-0.02113460130048139,9.175015715017408e-05,Historical
2010-08-12,XOM,0.013323902939710499,0.002067713222656568,Historical
2010-09-13,AAPL,0.11448360711242321,0.02776830344426141,Historical
2010-09-13,CAT,0.1154412900429512,0.005464623675271142,Historical
2010-09-13,CVX,0.0601920544135117,0.006709651040645728,Historical
2010-09-13,DUK,0.005120402923543104,0.004871935514813216,Historical
2010-09-13,GS,0.0119633876582503,0.0052004182074586874,Historical
2010-09-13,HD,0.0686785138112874,-0.0030601761112016164,Historical
2010-09-13,INTC,0.0847827940816258,-0.004109826708212281,Historical
2010-09-13,JNJ,0.0538738688008283,0.0012464210012778372,Historical
2010-09-13,JPM,0.0005346251392281034,0.004428638166546181,Historical
2010-09-13,KO,0.025163010002505103,0.007075109397189261,Historical
2010-09-13,MCD,0.007702958022420702,0.016127740863564194,Historical
2010-09-13,MMM,0.0500715077851547,0.0045081601000387895,Historical
2010-09-13,MSFT,0.030555579231124102,-0.00037938825555589603,Historical
2010-09-13,NEM,0.030192444783610398,0.007260434008622239,Historical
2010-09-13,PFE,0.022695458462602704,-0.0034464145059067168,Historical
2010-09-13,PG,0.0284006070843894,0.0032813527861688015,Historical
2010-09-13,UNH,0.004628051442972,-0.007215932499115254,Historical
2010-09-13,VZ,0.08389527282977001,0.0052060863196796885,Historical
2010-09-13,WFC,-0.00389097689042051,-8.306379454394138e-05,Historical
2010-09-13,XOM,0.0532929392594932,0.0017003485822903737,Historical
2010-10-12,AAPL,0.0678002644569119,0.029175070434040325,Historical
2010-10-12,CAT,0.029337150417518797,0.007884544633902266,Historical
2010-10-12,CVX,-0.0017930917488216003,0.007999981010471896,Historical
2010-10-12,DUK,0.0374942968943053,0.005804913941941228,Historical
2010-10-12,GS,0.09010062382446168,0.005054621250850924,Historical
2010-10-12,HD,-0.01011724959869479,-0.00048813335200424853,Historical
2010-10-12,INTC,0.08642437434165791,-0.0011796676090069615,Historical
2010-10-12,JNJ,0.015829542373394002,0.0028778577060441174,Historical
2010-10-12,JPM,0.0042698296394813005,0.004630524926460298,Historical
2010-10-12,KO,0.050419520078234,0.008190573624609133,Historical
2010-10-12,MCD,0.0453884726114699,0.01684062021956596,Historical
2010-10-12,MMM,-0.03399971633732841,0.005662564190806724,Historical
2010-10-12,MSFT,0.09164382268200973,0.0014456611018416226,Historical
2010-10-12,NEM,-0.0329981183789144,0.005303987608811598,Historical
2010-10-12,PFE,-0.012409748272517507,-0.0016790060437402048,Historical
2010-10-12,PG,0.0497282821385421,0.003787380535816103,Historical
2010-10-12,UNH,0.0650795501418644,-0.00790723177452679,Historical
2010-10-12,VZ,-0.000605450741843299,0.007392699057898404,Historical
2010-10-12,WFC,0.09422060392252173,0.00019846900486196852,Historical
2010-10-12,XOM,0.09629137014126721,0.003057300501006662,Historical
2010-11-10,AAPL,0.011575346150631105,0.027630414837062463,Historical
2010-11-10,CAT,0.09051506681193681,0.009010812971225966,Historical
2010-11-10,CVX,0.0448321650756196,0.008983918264820057,Historical
2010-11-10,DUK,-0.034379441636246996,0.007297422434418667,Historical
2010-11-10,GS,0.0015989881621301023,0.004956210898384269,Historical
2010-11-10,HD,0.09441296942281172,-0.0022131661520724015,Historical
2010-11-10,INTC,0.0302558522935422,-0.0002655323430094748,Historical
2010-11-10,JNJ,-0.027044049121814094,0.003117236430098484,Historical
2010-11-10,JPM,0.022550938568892696,0.0029397796238899176,Historical
2010-11-10,KO,0.04125193315580009,0.008948170017009142,Historical
2010-11-10,MCD,-0.011219639841615002,0.016848577562972686,Historical
2010-11-10,MMM,-0.007797020168066904,0.0041650918082921816,Historical
2010-11-10,MSFT,0.010937727688780405,0.0014085991975400453,Historical
2010-11-10,NEM,-0.0017317605095369983,0.006415993278372835,Historical
2010-11-10,PFE,-0.013629436097897001,-0.00037028849321072576,Historical
2010-11-10,PG,-0.0303907934831145,0.004669030709132582,Historical
2010-11-10,UNH,-0.005673337147487095,-0.007440727296795242,Historical
2010-11-10,VZ,0.0165244230143728,0.007404419921196574,Historical
2010-11-10,WFC,0.0666912954914671,0.001141081011599814,Historical
2010-11-10,XOM,0.019211223896874397,0.0053763546651734145,Historical
2010-12-10,AAPL,0.0685554550348135,0.02440302659161263,Historical
2010-12-10,CAT,0.0406485377538301,0.009468739169171401,Historical
2010-12-10,CVX,0.04247803835113981,0.009055549251447562,Historical
2010-12-10,DUK,0.0079955184679308,0.006494283822445977,Historical
2010-12-10,GS,0.019690936077704106,0.004887636936972753,Historical
2010-12-10,HD,0.0020375539341542983,-0.0006877063782940121,Historical
2010-12-10,INTC,-0.0527178721638751,-0.0008475383651926336,Historical
2010-12-10,JNJ,0.0016100232554175989,0.0029609016498381956,Historical
2010-12-10,JPM,0.06267995578016772,0.0029698201340057455,Historical
2010-12-10,KO,-0.0276822451690925,0.009608988726745796,Historical
2010-12-10,MCD,-0.053594645997865904,0.015568959931942045,Historical
2010-12-10,MMM,0.0355050305414669,0.0036137071569761242,Historical
2010-12-10,MSFT,0.0412351240476449,0.0010916275239356758,Historical
2010-12-10,NEM,-0.0425451654670079,0.0039795299438726,Historical
2010-12-10,PFE,0.08571769693408679,0.0001592069046416706,Historical
2010-12-10,PG,0.023423406389339697,0.0037303632571054194,Historical
2010-12-10,UNH,0.04794523393598791,-0.00866692533854984,Historical
2010-12-10,VZ,0.0809989002647759,0.007195917244613614,Historical
2010-12-10,WFC,0.036890002256155394,0.0016525982324317723,Historical
2010-12-10,XOM,0.0425539643240767,0.005060470435847191,Historical
2011-01-11,AAPL,0.0448541044710392,0.025078922480644795,Historical
2011-01-11,CAT,0.0709747795777034,0.009092760238654456,Historical
2011-01-11,CVX,0.06249019093318599,0.009862174399520331,Historical
2011-01-11,DUK,0.027726131432635803,0.005641428973520397,Historical
2011-01-11,GS,-0.022337997598421006,0.005151784140691773,Historical
2011-01-11,HD,0.0777360606110862,-0.00037035861143468277,Historical
2011-01-11,INTC,0.044970956806329114,-0.0019288835644966408,Historical
2011-01-11,JNJ,-0.020807340782456003,0.0021883223373467004,Historical
2011-01-11,JPM,0.03864488983442051,0.0029460147630352863,Historical
2011-01-11,KO,0.0014257565439833968,0.009382287557236644,Historical
2011-01-11,MCD,0.0317103098569719,0.01493773791261003,Historical
2011-01-11,MMM,0.040808621230742095,0.0038559160507923977,Historical
2011-01-11,MSFT,-0.008898620833494204,0.002322174744897232,Historical
2011-01-11,NEM,0.002248615845978902,0.0005136315846915549,Historical
2011-01-11,PFE,0.052814454180339296,-0.00113857775337316,Historical
2011-01-11,PG,0.007851853292982998,0.0035350875231806213,Historical
2011-01-11,UNH,0.08997627852633071,-0.0075425890260848874,Historical
2011-01-11,VZ,0.020937062063853703,0.008315224133068651,Historical
2011-01-11,WFC,0.06151728305687719,0.002042288559021959,Historical
2011-01-11,XOM,0.0994402831817163,0.005662737022291298,Historical
2011-02-10,AAPL,-0.01737745026096019,0.02749385148204008,Historical
2011-02-10,CAT,0.002301936781488989,0.008351039484433512,Historical
2011-02-10,CVX,0.045117621684650513,0.011206095224180737,Historical
2011-02-10,DUK,0.0330975360287326,0.0060855839092971145,Historical
2011-02-10,GS,-0.0305114235397486,0.003427942386763818,Historical
2011-02-10,HD,0.005996378488051898,0.0015704298159050088,Historical
2011-02-10,INTC,-0.027877692747012905,0.0028639730935060377,Historical
2011-02-10,JNJ,-0.0107373685041109,0.0030455493700623755,Historical
2011-02-10,JPM,0.013868875987995797,0.0040344539591321196,Historical
2011-02-10,KO,0.0331720812015111,0.009558958772658247,Historical
2011-02-10,MCD,0.018624399596487897,0.014692218650152501,Historical
2011-02-10,MMM,0.015097664822095406,0.006319754871632182,Historical
2011-02-10,MSFT,-0.0795266218545767,0.0021428712911786938,Historical
2011-02-10,NEM,-0.1019057026808984,0.0013714102800713012,Historical
2011-02-10,PFE,0.021807694602795708,-0.00140744642027995,Historical
2011-02-10,PG,-0.046083551686757505,0.00347654068711276,Historical
2011-02-10,UNH,0.0383665423336803,-0.004975304632828536,Historical
2011-02-10,VZ,-0.022888160484072398,0.008086623584340612,Historical
2011-02-10,WFC,-0.0228980005134918,0.0034681066596690346,Historical
2011-02-10,XOM,-0.005222399548167301,0.006956272904419188,Historical
2011-03-14,AAPL,-0.0620886356101026,0.028624278634036087,Historical
2011-03-14,CAT,0.0866202985881102,0.007878966340035619,Historical
2011-03-14,CVX,0.0756217443707174,0.012959730669327717,Historical
2011-03-14,DUK,-0.014758626077002197,0.006316709947022742,Historical
2011-03-14,GS,0.004904625454280448,0.0028734331946369067,Historical
2011-03-14,HD,0.012309516866876202,0.0007906101592382885,Historical
2011-03-14,INTC,-0.03659867382629141,0.003073995631493308,Historical
2011-03-14,JNJ,0.002844542454640003,0.002647789583382773,Historical
2011-03-14,JPM,0.029600178894727,0.0036337999108184737,Historical
2011-03-14,KO,0.03918556277003269,0.00950063979089784,Historical
2011-03-14,MCD,-0.006275320784489594,0.01580548155703459,Historical
2011-03-14,MMM,0.023624403834982294,0.006159292763305672,Historical
2011-03-14,MSFT,0.011614800199567295,0.0006007870483429191,Historical
2011-03-14,NEM,0.08862500634702719,0.0019108281558964518,Historical
2011-03-14,PFE,0.05980912419055482,-0.0008596728421592807,Historical
2011-03-14,PG,0.0113192843741674,0.0019470360875108199,Historical
2011-03-14,UNH,0.01660868161105,-0.003919758100121339,Historical
2011-03-14,VZ,0.06708413188013918,0.006906357368435508,Historical
2011-03-14,WFC,-0.028504943297075102,0.002311265627655738,Historical
2011-03-14,XOM,0.03634982464630569,0.007206566574916078,Historical
2011-04-12,AAPL,0.0484733406829896,0.026203361411894128,Historical
2011-04-12,CAT,0.012463722706263912,0.008297726029247495,Historical
2011-04-12,CVX,-0.0525733996378229,0.01256672108104813,Historical
2011-04-12,DUK,0.043637697697436695,0.0057303444213434385,Historical
2011-04-12,GS,-0.08791783108290671,0.0006565099041556169,Historical
2011-04-12,HD,-0.009889491653480104,0.0007750200603938275,Historical
2011-04-12,INTC,0.15927112628934,0.0028806055735012747,Historical
2011-04-12,JNJ,0.1062453387522639,0.003074944806064516,Historical
2011-04-12,JPM,-0.057761694077854794,0.0036902476714267846,Historical
2011-04-12,KO,-0.0011879694450964006,0.010542923956524817,Historical
2011-04-12,MCD,0.0418655747477436,0.015367548258995356,Historical
2011-04-12,MMM,0.018170904725587904,0.004668010237822454,Historical
2011-04-12,MSFT,-0.024153945501883198,0.0007209166533437171,Historical
2011-04-12,NEM,-0.0641757117776665,0.00197835384645017,Historical
2011-04-12,PFE,0.006726528587332694,0.001077005122003387,Historical
2011-04-12,PG,0.06650723788507759,0.0035603401957206324,Historical
2011-04-12,UNH,0.1209864490650539,-0.0025034818518672873,Historical
2011-04-12,VZ,-0.015710600212366015,0.008177023835813185,Historical
2011-04-12,WFC,-0.10483099516178469,0.0017947343542363107,Historical
2011-04-12,XOM,-0.0429463194915991,0.007052688907938203,Historical
2011-05-12,AAPL,-0.0633963593509584,0.026549285950311155,Historical
2011-05-12,CAT,-0.1277548497708729,0.007275805029595784,Historical
2011-05-12,CVX,-0.0179504501815205,0.010831146338336114,Historical
2011-05-12,DUK,-0.0243948843982551,0.006283714353551521,Historical
2011-05-12,GS,-0.08176279580365056,-0.0010098103477963801,Historical
2011-05-12,HD,-0.10646490303032251,0.000847114425300157,Historical
2011-05-12,INTC,-0.0907077133429451,0.00526149789805407,Historical
2011-05-12,JNJ,0.0013991418132170974,0.004670450854748332,Historical
2011-05-12,JPM,-0.0746128416254719,0.0011926910570885965,Historical
2011-05-12,KO,-0.029087785936786403,0.009700006256245997,Historical
2011-05-12,MCD,0.018061594538023206,0.015780164437618076,Historical
2011-05-12,MMM,-0.04557051769079601,0.003651698469171498,Historical
2011-05-12,MSFT,-0.06074305695672368,0.002619957372190486,Historical
2011-05-12,NEM,-0.024832889183413098,-0.0007112161521448447,Historical
2011-05-12,PFE,-0.024559458751412393,0.0007699468532609969,Historical
2011-05-12,PG,-0.0186810598741733,0.004814455139200071,Historical
2011-05-12,UNH,-0.008964424684817392,0.0016321034823340791,Historical
2011-05-12,VZ,-0.0571580891441198,0.00849256942858199,Historical
2011-05-12,WFC,-0.06909387518409132,-0.0009723133107588457,Historical
2011-05-12,XOM,-0.016656543914125497,0.005739290046611661,Historical
2011-06-13,AAPL,0.08199931174740549,0.02841656976969043,Historical
2011-06-13,CAT,0.09963097798465657,0.008174134020146438,Historical
2011-06-13,CVX,0.046269257567798296,0.011871364754512477,Historical
2011-06-13,DUK,0.044927732079350705,0.005732467608790627,Historical
2011-06-13,GS,-0.042150538136633095,-0.0008639812407752837,Historical
2011-06-13,HD,0.0834086919215521,0.0008244121539854671,Historical
2011-06-13,INTC,0.04883510597135601,0.005948496959886627,Historical
2011-06-13,JNJ,0.014122935861393005,0.003738323554701507,Historical
2011-06-13,JPM,-0.0351534652699347,0.0013966934339165317,Historical
2011-06-13,KO,0.0441433193502611,0.009226687797678094,Historical
2011-06-13,MCD,0.05601678260446869,0.017322026084103777,Historical
2011-06-13,MMM,0.0552090778508295,0.004207355421126972,Historical
2011-06-13,MSFT,0.11275622143390761,0.0028931216448553694,Historical
2011-06-13,NEM,0.0638301198831181,0.001634419696332242,Historical
2011-06-13,PFE,-0.005484601532255306,0.0013972568778486596,Historical
2011-06-13,PG,-0.0026311913767979003,0.005071800819844268,Historical
2011-06-13,UNH,0.03967996410835831,0.0016277212359471329,Historical
2011-06-13,VZ,0.065572259679195,0.007978559257286431,Historical
2011-06-13,WFC,0.04136972852063441,-0.0024084242250087045,Historical
2011-06-13,XOM,0.026103988260216007,0.00684275194040817,Historical
2011-07-13,AAPL,0.027711407815180406,0.030825137448501225,Historical
2011-07-13,CAT,-0.24299268488396142,0.008442979020523813,Historical
2011-07-13,CVX,-0.14201078696289138,0.010531090484132623,Historical
2011-07-13,DUK,-0.08882601566956319,0.006195674102887292,Historical
2011-07-13,GS,-0.16634949602590038,-0.0014302725717150403,Historical
2011-07-13,HD,-0.23631497969451043,0.003416076187876351,Historical
2011-07-13,INTC,-0.1093492752412741,0.0053568112419059245,Historical
2011-07-13,JNJ,-0.10746809893351947,0.004140164029791769,Historical
2011-07-13,JPM,-0.1363278276019181,0.000373250015423698,Historical
2011-07-13,KO,-0.05904154176049631,0.009743471424874098,Historical
2011-07-13,MCD,-0.0107646289793163,0.017812219069797026,Historical
2011-07-13,MMM,-0.20344437637902033,0.006751408775977996,Historical
2011-07-13,MSFT,-0.09230036836802241,0.0038985015363702876,Historical
2011-07-13,NEM,0.008818657243320212,0.0007273205017956151,Historical
2011-07-13,PFE,-0.1484955648783871,0.0013342042919754927,Historical
2011-07-13,PG,-0.089773371685794,0.004192204491681266,Historical
2011-07-13,UNH,-0.20574116742059062,0.001464961411142642,Historical
2011-07-13,VZ,-0.09703730776821948,0.008249391950790576,Historical
2011-07-13,WFC,-0.1754898164728552,-0.0016536910553641645,Historical
2011-07-13,XOM,-0.178846113418039,0.005870678823911229,Historical
2011-08-11,AAPL,0.03721570032821916,0.029064092854867933,Historical
2011-08-11,CAT,0.005373790367652703,0.005467322659937039,Historical
2011-08-11,CVX,0.057731426801756504,0.007616926767308404,Historical
2011-08-11,DUK,0.07265760484687339,0.004386136766850189,Historical
2011-08-11,GS,-0.0731257698606761,-0.004392535972925162,Historical
2011-08-11,HD,0.11879249061071984,-4.0525638265666776e-05,Historical
2011-08-11,INTC,-0.011607376716004597,0.004613426394646865,Historical
2011-08-11,JNJ,0.06443926705319651,0.0016639525105271024,Historical
2011-08-11,JPM,-0.06895085514108251,-0.0024645427119183057,Historical
2011-08-11,KO,0.0811968386701272,0.008782292427490474,Historical
2011-08-11,MCD,0.017976760929407802,0.017593958098127964,Historical
2011-08-11,MMM,-0.013684286888916708,0.004490366150855257,Historical
2011-08-11,MSFT,0.06798507321609798,0.0014203602344047296,Historical
2011-08-11,NEM,0.16109039897192123,0.0015109375433658356,Historical
2011-08-11,PFE,0.0696573669223711,-0.0030822373909508228,Historical
2011-08-11,PG,0.05535232937632581,0.0019494636770128273,Historical
2011-08-11,UNH,0.0875212226364272,-0.0022696903787475706,Historical
2011-08-11,VZ,0.04587180681288532,0.006060786715577482,Historical
2011-08-11,WFC,0.027587940920561695,-0.004919358953677513,Historical
2011-08-11,XOM,0.04287196997071489,0.0015610729449062554,Historical
2011-09-12,AAPL,0.029573160435876898,0.027494247444606074,Historical
2011-09-12,CAT,-0.05924816620576095,0.005851357747048664,Historical
2011-09-12,CVX,0.031131263794497217,0.009274264014264857,Historical
2011-09-12,DUK,0.0881787455240889,0.005291283191792578,Historical
2011-09-12,GS,-0.06161608365406979,-0.00558796024457785,Historical
2011-09-12,HD,0.08392092681833423,0.0014335753219376602,Historical
2011-09-12,INTC,0.14964450346374458,0.0025636889059299246,Historical
2011-09-12,JNJ,0.012337066313991802,0.0025705894043920553,Historical
2011-09-12,JPM,0.015598417113744684,-0.00395224139780454,Historical
2011-09-12,KO,-0.029458629969381502,0.009814867174523114,Historical
2011-09-12,MCD,0.040111606216699305,0.016436114482363564,Historical
2011-09-12,MMM,0.0009128455748396991,0.0033889430954472466,Historical
2011-09-12,MSFT,0.0455661732721858,0.0017193209376421836,Historical
2011-09-12,NEM,0.00015346033206229542,0.005880423476810995,Historical
2011-09-12,PFE,0.0344121989609182,-0.0028146828951603857,Historical
2011-09-12,PG,0.0467555769700167,0.002430037466677259,Historical
2011-09-12,UNH,0.021730217791238567,-0.0014518485793204151,Historical
2011-09-12,VZ,0.059861376576601094,0.006069254136880127,Historical
2011-09-12,WFC,0.10523272698919392,-0.00451443917809169,Historical
2011-09-12,XOM,0.071590100112524,0.0028059331041382363,Historical
2011-10-11,AAPL,0.043828775839221595,0.027509137912676805,Historical
2011-10-11,CAT,0.19762953178184808,0.004477235824644159,Historical
2011-10-11,CVX,0.1030564293423018,0.010049408488380429,Historical
2011-10-11,DUK,0.027745618758275695,0.006487696300011928,Historical
2011-10-11,GS,0.1216826234012163,-0.00943802194859567,Historical
2011-10-11,HD,0.09041944376253622,0.001247295099113157,Historical
2011-10-11,INTC,0.08740655053225281,0.0040841924468261155,Historical
2011-10-11,JNJ,0.006652029668339106,0.002444053813755711,Historical
2011-10-11,JPM,0.08085213118228818,-0.0044790621855795775,Historical
2011-10-11,KO,0.025822775077601105,0.00927551485600484,Historical
2011-10-11,MCD,0.0665418985555762,0.015793169919780824,Historical
2011-10-11,MMM,0.0644817627621366,0.0024331427966325053,Historical
2011-10-11,MSFT,0.008133201864606898,0.001152734052870911,Historical
2011-10-11,NEM,0.09270183471561771,0.008470613828564408,Historical
2011-10-11,PFE,0.06951955300801992,-0.002277356165986141,Historical
2011-10-11,PG,-0.0010268872613899034,0.002749546815051732,Historical
2011-10-11,UNH,-0.007984896358047593,-0.001030636574560426,Historical
2011-10-11,VZ,0.0166622321256489,0.00629096550226601,Historical
2011-10-11,WFC,0.02004853251343032,-0.0034283502635103027,Historical
2011-10-11,XOM,0.050552308687182586,0.004064076011122386,Historical
2011-11-09,AAPL,-0.039081755326766804,0.026975642299185802,Historical
2011-11-09,CAT,-0.03146252302324519,0.010025962652777656,Historical
2011-11-09,CVX,-0.054767423865426296,0.010335937388576433,Historical
2011-11-09,DUK,-0.0042945068063755054,0.006998969132679445,Historical
2011-11-09,GS,-0.07925491491205677,-0.008464622643466285,Historical
2011-11-09,HD,0.058426414982827996,0.0029633805102593923,Historical
2011-11-09,INTC,-0.0016175140508659785,0.005315318488197667,Historical
2011-11-09,JNJ,-0.007554189688425994,0.0015964303357081588,Historical
2011-11-09,JPM,-0.08333181840510953,-0.003265429323883009,Historical
2011-11-09,KO,-0.021128661149949806,0.00879332729738231,Historical
2011-11-09,MCD,0.0317224513471668,0.016456324779782896,Historical
2011-11-09,MMM,-0.009843001456602688,0.0027303147169730384,Historical
2011-11-09,MSFT,-0.05949429749008529,0.0005646859816758101,Historical
2011-11-09,NEM,-0.0753812254408428,0.008315869574556196,Historical
2011-11-09,PFE,0.00546297826104571,-0.0009002621088260406,Historical
2011-11-09,PG,0.0040409260344579975,0.0023184090854101893,Historical
2011-11-09,UNH,0.046016754583515895,-0.0007814701713311429,Historical
2011-11-09,VZ,0.007699766857973415,0.006487105636705103,Historical
2011-11-09,WFC,-0.012898443994713696,-0.0032141398608856093,Historical
2011-11-09,XOM,0.0013780494382593916,0.0034724982018859802,Historical
2011-12-09,AAPL,0.0801016813456404,0.025024496679641836,Historical
2011-12-09,CAT,0.0730311170779564,0.008666178447815002,Historical
2011-12-09,CVX,0.06447697376898151,0.008265682823075281,Historical
2011-12-09,DUK,0.046719332200139,0.005833751547336335,Historical
2011-12-09,GS,-0.01604055984201451,-0.01077327707662279,Historical
2011-12-09,HD,0.0868238000730671,0.0030929244137104755,Historical
2011-12-09,INTC,0.034993833516166,0.005408988674708179,Historical
2011-12-09,JNJ,0.022020129798840198,0.0020321741541723115,Historical
2011-12-09,JPM,0.11949223993749801,-0.004349707197787451,Historical
2011-12-09,KO,0.0383672107967162,0.007702707623027981,Historical
2011-12-09,MCD,0.028279575658073396,0.015951297809348862,Historical
2011-12-09,MMM,0.0466216977427307,0.0024424233191072315,Historical
2011-12-09,MSFT,0.0917244793194579,-0.0004260974608343485,Historical
2011-12-09,NEM,-0.05299953716050858,0.00646468867251239,Historical
2011-12-09,PFE,0.08312412212991621,0.0005978963535000333,Historical
2011-12-09,PG,0.028442278170934896,0.002466546116939004,Historical
2011-12-09,UNH,0.088567447439584,1.2391501882896835e-05,Historical
2011-12-09,VZ,0.0328242251650904,0.006908135597874301,Historical
2011-12-09,WFC,0.11595705825040728,-0.0030117347149290117,Historical
2011-12-09,XOM,0.070685955525466,0.0027082056811970055,Historical
2012-01-11,AAPL,0.1529143683572419,0.0245538061560264,Historical
2012-01-11,CAT,0.1255721696741497,0.010607872916215098,Historical
2012-01-11,CVX,-0.024974384048763204,0.010253673991088107,Historical
2012-01-11,DUK,-0.00046589227449290093,0.0068202933334735975,Historical
2012-01-11,GS,0.16422614401828392,-0.01168644819623001,Historical
2012-01-11,HD,0.039193773606705104,0.004179998221292948,Historical
2012-01-11,INTC,0.05639549732771479,0.005304424543364245,Historical
2012-01-11,JNJ,-0.004766120012875501,0.0023764879057853673,Historical
2012-01-11,JPM,0.04898806032627631,-0.0029932085130984594,Historical
2012-01-11,KO,-0.019955609173026707,0.008355839458907256,Historical
2012-01-11,MCD,0.0029047176746254985,0.016049452785534036,Historical
2012-01-11,MMM,0.0431822056627775,0.003581582147376874,Historical
2012-01-11,MSFT,0.1000666790507744,0.0006411534230930788,Historical
2012-01-11,NEM,-0.032609109604565,0.007398231661772863,Historical
2012-01-11,PFE,-0.026810773622895797,0.0011083083956487864,Historical
2012-01-11,PG,-0.0271796215010378,0.0028260382562756256,Historical
2012-01-11,UNH,0.008327423704109603,0.00040004448086596516,Historical
2012-01-11,VZ,-0.016995782045469098,0.006412787277869796,Historical
2012-01-11,WFC,0.04312781469886498,-0.0010744170305570287,Historical
2012-01-11,XOM,-0.004389470894322201,0.004959154120888964,Historical
2012-02-10,AAPL,0.11269382169465879,0.029646091073758766,Historical
2012-02-10,CAT,-0.035085091238103196,0.011423046539263688,Historical
2012-02-10,CVX,0.0411923448656622,0.00892405931841226,Historical
2012-02-10,DUK,0.0074934632122176026,0.005470216659287161,Historical
2012-02-10,GS,0.012548973061829895,-0.009386174763153562,Historical
2012-02-10,HD,0.0769114224118841,0.004329764909309619,Historical
2012-02-10,INTC,0.004828074327644101,0.006539279879851222,Historical
2012-02-10,JNJ,0.012025846974017101,0.0024362090960934127,Historical
2012-02-10,JPM,0.06839345936769789,-0.0029618406491837275,Historical
2012-02-10,KO,0.031569514555274,0.008341241776186531,Historical
2012-02-10,MCD,-0.0268714609513475,0.01598526994661233,Historical
2012-02-10,MMM,0.0012593236790218966,0.0050254194012602045,Historical
2012-02-10,MSFT,0.047006532212925486,0.0026954871527993703,Historical
2012-02-10,NEM,-0.0840775719223671,0.005553720599219974,Historical
2012-02-10,PFE,0.0187445627101857,0.0003662221555659835,Historical
2012-02-10,PG,0.05572599933234651,0.0022441427584902816,Historical
2012-02-10,UNH,0.039201480365367705,0.001165648447295825,Historical
2012-02-10,VZ,0.0362545484387939,0.005704165686910868,Historical
2012-02-10,WFC,0.029958598085989503,-0.0004296531886224799,Historical
2012-02-10,XOM,0.007862389032816297,0.003850532563160411,Historical
2012-03-13,AAPL,0.1261220576195398,0.030527927055712476,Historical
2012-03-13,CAT,-0.06827853935223621,0.011218105236799916,Historical
2012-03-13,CVX,-0.08585512394735359,0.010785871099899293,Historical
2012-03-13,DUK,-0.048907177730976595,0.006114638122702399,Historical
2012-03-13,GS,-0.009102065076115905,-0.008024521424976661,Historical
2012-03-13,HD,0.023593031667497995,0.007068350255816767,Historical
2012-03-13,INTC,0.0313668997319685,0.008206664661897841,Historical
2012-03-13,JNJ,-0.015012676202960797,0.003814538982630987,Historical
2012-03-13,JPM,0.08865261448516498,-0.0005445505676808788,Historical
2012-03-13,KO,0.0349921484401345,0.008994887699836192,Historical
2012-03-13,MCD,0.0194658426250486,0.015946332232413384,Historical
2012-03-13,MMM,-0.025335254368308704,0.0048902626808509705,Historical
2012-03-13,MSFT,-0.05418838377334901,0.004774464195435615,Historical
2012-03-13,NEM,-0.1433783471078044,0.005792710119384299,Historical
2012-03-13,PFE,0.018855668782318594,0.001614184732743793,Historical
2012-03-13,PG,-0.01893442915603,0.0040382868726115675,Historical
2012-03-13,UNH,0.053090996655095694,0.0011386446971754722,Historical
2012-03-13,VZ,-0.037487895598235496,0.007017346396328989,Historical
2012-03-13,WFC,0.06776008294386168,0.0009851814999465199,Historical
2012-03-13,XOM,-0.033881522321312606,0.005201717151114641,Historical
2012-04-12,AAPL,-0.09312168937627659,0.031930296851000795,Historical
2012-04-12,CAT,-0.05980025797841011,0.009233663808133973,Historical
2012-04-12,CVX,0.02359245505352743,0.007207308856608684,Historical
2012-04-12,DUK,0.0683704850209244,0.004483894207401384,Historical
2012-04-12,GS,-0.08653293569232201,-0.008834631547521723,Historical
2012-04-12,HD,0.017336209397156,0.0071652439842837265,Historical
2012-04-12,INTC,-0.014924111244806606,0.007567949897885499,Historical
2012-04-12,JNJ,0.006837508533248999,0.003251884807574003,Historical
2012-04-12,JPM,-0.07720621454128959,-5.404470012883809e-05,Historical
2012-04-12,KO,0.0707848781247574,0.00867846975331733,Historical
2012-04-12,MCD,-0.07029068403276462,0.015105045276764095,Historical
2012-04-12,MMM,0.02064113911050089,0.00404108789294312,Historical
2012-04-12,MSFT,0.01276793134197611,0.0027730865244109497,Historical
2012-04-12,NEM,-0.038221211404433575,0.0026478583862151388,Historical
2012-04-12,PFE,0.049169233858907695,0.0009424240808892942,Historical
2012-04-12,PG,-0.026807909938849097,0.003094409204576747,Historical
2012-04-12,UNH,-0.0481956349718233,0.001976672280700223,Historical
2012-04-12,VZ,0.0814000762970256,0.005651648156639446,Historical
2012-04-12,WFC,-0.006398192430574497,0.001686829175345994,Historical
2012-04-12,XOM,0.008557049233549392,0.0029428838068771192,Historical
2012-05-11,AAPL,0.001138711894773596,0.02762647219278416,Historical
2012-05-11,CAT,-0.11361343080360062,0.0062217359440690356,Historical
2012-05-11,CVX,-0.0249882627010411,0.006991916834571778,Historical
2012-05-11,DUK,0.0647714424604013,0.005477766990974637,Historical
2012-05-11,GS,-0.1312383464185596,-0.011873306054588563,Historical
2012-05-11,HD,0.020200905432928507,0.007089957559355193,Historical
2012-05-11,INTC,-0.0469744732109897,0.005845370893599027,Historical
2012-05-11,JNJ,-0.0289937149980035,0.0032718947392153495,Historical
2012-05-11,JPM,-0.2161725166297772,-0.0023113267989817356,Historical
2012-05-11,KO,-0.03617174027450519,0.008874466694320059,Historical
2012-05-11,MCD,-0.051391766462530096,0.012555291814127467,Historical
2012-05-11,MMM,-0.015733125066404598,0.0025672945053178274,Historical
2012-05-11,MSFT,-0.055183211415814296,0.0016671265623368972,Historical
2012-05-11,NEM,0.07551735469648377,0.0028993557644129693,Historical
2012-05-11,PFE,-0.0324978250997748,0.001222861175439757,Historical
2012-05-11,PG,-0.025261669938457795,0.0030538590165868915,Historical
2012-05-11,UNH,0.038496832929688696,0.0010265964809029193,Historical
2012-05-11,VZ,0.0483789178999015,0.005321577403704852,Historical
2012-05-11,WFC,-0.06858358497272062,0.0008871225826948513,Historical
2012-05-11,XOM,-0.031514811956228087,0.0022065736899959335,Historical
2012-06-12,AAPL,0.0565988444322924,0.025950550885967705,Historical
2012-06-12,CAT,-0.06611247371637219,0.00363072041153886,Historical
2012-06-12,CVX,0.048261236597808496,0.006347338343395093,Historical
2012-06-12,DUK,-0.0363353478330838,0.008315114667956468,Historical
2012-06-12,GS,0.024797603198134503,-0.014086229495488463,Historical
2012-06-12,HD,0.006212769352767896,0.007988240606433245,Historical
2012-06-12,INTC,-0.023356268063487198,0.005122413601170264,Historical
2012-06-12,JNJ,0.08896786491107028,0.002798101731731848,Historical
2012-06-12,JPM,0.060830162319761294,-0.004994423593744985,Historical
2012-06-12,KO,0.04362235908670849,0.008769256768907784,Historical
2012-06-12,MCD,0.03338919981040999,0.011427854266773969,Historical
2012-06-12,MMM,0.030864159028964312,0.0023116339663929453,Historical
2012-06-12,MSFT,0.013746292490055387,0.0012643012098200509,Historical
2012-06-12,NEM,-0.07336182837617729,0.004953608046279124,Historical
2012-06-12,PFE,0.010801477921127407,0.0012645506866681107,Historical
2012-06-12,PG,-0.018396476059054104,0.0024955230587763834,Historical
2012-06-12,UNH,-0.02133407667854989,0.0018558640430345657,Historical
2012-06-12,VZ,0.0647237046538685,0.005444786926190668,Historical
2012-06-12,WFC,0.0709914518026677,-9.563814993983902e-05,Historical
2012-06-12,XOM,0.049934377071610414,0.0015240866331526998,Historical
2012-07-12,AAPL,0.030894635745456894,0.025098721544893638,Historical
2012-07-12,CAT,0.10946930764313262,0.0012929527636429724,Historical
2012-07-12,CVX,0.0715772852515433,0.004704738449582258,Historical
2012-07-12,DUK,0.023929048441052102,0.007718667185036074,Historical
2012-07-12,GS,0.085292780385479,-0.013110565731305953,Historical
2012-07-12,HD,0.028240454401979392,0.006566668098898407,Historical
2012-07-12,INTC,0.0590298683491038,0.00209974052063309,Historical
2012-07-12,JNJ,0.006166507836170397,0.003873492246360575,Historical
2012-07-12,JPM,0.065188538065832,-0.004170619089672227,Historical
2012-07-12,KO,0.022719511399703896,0.008906457316372227,Historical
2012-07-12,MCD,-0.026942518329834103,0.011929392403454446,Historical
2012-07-12,MMM,0.0416915271336807,0.0018942030400431937,Historical
2012-07-12,MSFT,0.0401390417085794,0.0013710149686526677,Historical
2012-07-12,NEM,0.02618771609140061,0.002886905271043054,Historical
2012-07-12,PFE,0.07543695481480821,0.0015277622740691036,Historical
2012-07-12,PG,0.09188178355220471,0.0019837197835202397,Historical
2012-07-12,UNH,-0.0744376090619101,0.0014688685206615758,Historical
2012-07-12,VZ,-0.012550026925491998,0.0070128435473550445,Historical
2012-07-12,WFC,0.022895452030453997,0.0009648312530278359,Historical
2012-07-12,XOM,0.05075418026047291,0.0008753308547537411,Historical
2012-08-10,AAPL,0.0654867653615991,0.026781100278639447,Historical
2012-08-10,CAT,-0.0148155121252005,0.0043973148769326925,Historical
2012-08-10,CVX,0.019712733539978405,0.007763216984655563,Historical
2012-08-10,DUK,-0.037781539673637,0.006995645424132207,Historical
2012-08-10,GS,0.10599397279526683,-0.008398698403604823,Historical
2012-08-10,HD,0.08031297309864699,0.009217564227040205,Historical
2012-08-10,INTC,-0.13792864211717512,0.004353823766969502,Historical
2012-08-10,JNJ,0.006994890132761002,0.0045679833760314545,Historical
2012-08-10,JPM,0.0486356865826463,-0.001205438459487376,Historical
2012-08-10,KO,-0.050735775598424404,0.008557059426425552,Historical
2012-08-10,MCD,0.054358219659262706,0.012219303718841548,Historical
2012-08-10,MMM,-0.003746064731581896,0.003339610251344817,Historical
2012-08-10,MSFT,0.013790427728010597,0.0028113716105073283,Historical
2012-08-10,NEM,0.0913955102032954,0.0030021474367143528,Historical
2012-08-10,PFE,0.009589433084895998,0.003913525007019395,Historical
2012-08-10,PG,0.0263251958402505,0.0027826556367681766,Historical
2012-08-10,UNH,0.0325299624841937,0.002089587361748338,Historical
2012-08-10,VZ,-0.006335391191073997,0.006843956736371838,Historical
2012-08-10,WFC,0.0225123591395267,0.0016940839726653416,Historical
2012-08-10,XOM,0.014408141588955793,0.002633222090511858,Historical
2012-09-11,AAPL,-0.0414197563883039,0.02652948770752992,Historical
2012-09-11,CAT,-0.0273506516649676,0.004956149429890722,Historical
2012-09-11,CVX,0.029398829290246408,0.006971924290218525,Historical
2012-09-11,DUK,0.007070482555273301,0.006963203439553418,Historical
2012-09-11,GS,0.0422581622704102,-0.006906867878308029,Historical
2012-09-11,HD,0.061753534873883395,0.010943847382197409,Historical
2012-09-11,INTC,-0.06024851941961929,0.0009264644586467682,Historical
2012-09-11,JNJ,0.0033676558628533033,0.004329313575477833,Historical
2012-09-11,JPM,0.07276720893123229,-0.0005037119360165494,Historical
2012-09-11,KO,0.030391381027678306,0.007506595855545525,Historical
2012-09-11,MCD,0.008832986551799201,0.012350862550289768,Historical
2012-09-11,MMM,0.035430314302901895,0.002752132121183487,Historical
2012-09-11,MSFT,-0.0480093402431931,0.002855671749373069,Historical
2012-09-11,NEM,0.059341042914339504,0.0032411245858517466,Historical
2012-09-11,PFE,0.04898757499623149,0.0039349714917794945,Historical
2012-09-11,PG,0.002769185244230499,0.002818512446448204,Historical
2012-09-11,UNH,0.07114743768928941,0.0019137940744594786,Historical
2012-09-11,VZ,0.056434839215247286,0.00652201446325063,Historical
2012-09-11,WFC,0.014636196056540502,0.001256115597380099,Historical
2012-09-11,XOM,0.0291853679183409,0.0024008869781912256,Historical
2012-10-10,AAPL,-0.14584716740652212,0.022375191058373226,Historical
2012-10-10,CAT,0.008377586450037992,0.002936218707877859,Historical
2012-10-10,CVX,-0.1033175405774656,0.006817928820820047,Historical
2012-10-10,DUK,-0.05235021880524649,0.006586657011834412,Historical
2012-10-10,GS,-0.02952122918077699,-0.01039194412870549,Historical
2012-10-10,HD,0.00016403693489960196,0.012566626114694368,Historical
2012-10-10,INTC,-0.041281990624990994,-0.0002199608720095127,Historical
2012-10-10,JNJ,0.021117259150838896,0.003399868884793683,Historical
2012-10-10,JPM,-0.018537406402158896,-0.0002898117264573776,Historical
2012-10-10,KO,-0.06067336924710649,0.007262046745736226,Historical
2012-10-10,MCD,-0.08339583197219089,0.01088207978622835,Historical
2012-10-10,MMM,-0.056157571420085095,0.001969116327980076,Historical
2012-10-10,MSFT,-0.015488357523733107,0.0013229188625251598,Historical
2012-10-10,NEM,-0.12554262183068432,0.0038434660246531457,Historical
2012-10-10,PFE,-0.0371441910877106,0.0038463280978150776,Historical
2012-10-10,PG,-0.016728748356775198,0.0018020852174797516,Historical
2012-10-10,UNH,-0.08285960168137241,0.0031804713435228415,Historical
2012-10-10,VZ,-0.0782374920717852,0.005870788081709381,Historical
2012-10-10,WFC,-0.0751560699253953,0.0012709280503507663,Historical
2012-10-10,XOM,-0.048639944595019406,0.001741009544211834,Historical
2012-11-12,AAPL,-0.010418751736699292,0.019098867557993116,Historical
2012-11-12,CAT,0.027631393834111607,0.004894575524191724,Historical
2012-11-12,CVX,0.026377265903473102,0.005629317150886692,Historical
2012-11-12,DUK,0.0491731272370563,0.005420987151380264,Historical
2012-11-12,GS,0.027295190012734595,-0.008963976235188287,Historical
2012-11-12,HD,0.03566332622077369,0.014996340949263269,Historical
2012-11-12,INTC,-0.007237483805129608,-0.0010105927749960847,Historical
2012-11-12,JNJ,0.026255007183378906,0.004068753953426866,Historical
2012-11-12,JPM,0.0485322884379316,0.001003593512945054,Historical
2012-11-12,KO,0.049190903617592,0.005244983209310897,Historical
2012-11-12,MCD,0.0649301057264215,0.008821962567701923,Historical
2012-11-12,MMM,0.0599942947977937,0.0034611800444100914,Historical
2012-11-12,MSFT,-0.04561361230172379,-0.0012528382945966483,Historical
2012-11-12,NEM,-0.05320593974384351,-0.0008602764172893688,Historical
2012-11-12,PFE,0.0590415700578726,0.0046903886579431845,Historical
2012-11-12,PG,0.053037540886637105,0.0015719309273932824,Historical
2012-11-12,UNH,0.0385344265439399,0.0014782474380592007,Historical
2012-11-12,VZ,0.041347392934609005,0.005661243436358587,Historical
2012-11-12,WFC,0.028643383255220995,0.002381483366101153,Historical
2012-11-12,XOM,0.020204868545482202,0.0015432032199803158,Historical
2012-12-12,AAPL,-0.039734287352523996,0.017234021887445165,Historical
2012-12-12,CAT,0.091924712930381,0.004426510711535027,Historical
2012-12-12,CVX,0.0363648287505212,0.0054891794847590205,Historical
2012-12-12,DUK,0.021697980249048395,0.005137990419592023,Historical
2012-12-12,GS,0.1429831510531391,-0.009605071848730098,Historical
2012-12-12,HD,0.012797961100130604,0.015169722214494094,Historical
2012-12-12,INTC,0.06332708801117141,-0.0022798137537399657,Historical
2012-12-12,JNJ,0.0174279950012818,0.0035970772160594687,Historical
2012-12-12,JPM,0.08573344044670221,2.9887305766889795e-05,Historical
2012-12-12,KO,-0.025412566922749995,0.005493572050368028,Historical
2012-12-12,MCD,0.0232711177466333,0.008775982949196723,Historical
2012-12-12,MMM,0.027376012729028808,0.0035941265790892132,Historical
2012-12-12,MSFT,-0.018098713545776916,-0.0020776671006318514,Historical
2012-12-12,NEM,0.011649394491509604,-0.0007538462878405372,Historical
2012-12-12,PFE,0.0337456948862634,0.004789626822315572,Historical
2012-12-12,PG,-0.020589462166817295,0.001654383087705126,Historical
2012-12-12,UNH,-0.036069723932497896,-0.00021939142328487038,Historical
2012-12-12,VZ,-0.014396503482574697,0.0053585453394618815,Historical
2012-12-12,WFC,0.052943760881956896,0.002255771749632219,Historical
2012-12-12,XOM,0.0069428900705932,0.0014004553249840532,Historical
2013-01-14,AAPL,-0.10034002973420694,0.018022515818764892,Historical
2013-01-14,CAT,0.021101453893985805,0.008084296218264873,Historical
2013-01-14,CVX,0.0418056858787295,0.00606258229722791,Historical
2013-01-14,DUK,0.056380590221945394,0.005629583032233412,Historical
2013-01-14,GS,0.11673796316452191,-0.005058078067265201,Historical
2013-01-14,HD,0.055272537661184805,0.018006733305832526,Historical
2013-01-14,INTC,-0.0268226582090086,0.0022593851557185254,Historical
2013-01-14,JNJ,0.046582954118990993,0.003858069986611131,Historical
2013-01-14,JPM,0.06299321782048659,0.0036039593002101405,Historical
2013-01-14,KO,0.0174570946648187,0.004477458757941772,Historical
2013-01-14,MCD,0.03607976201016361,0.010199677712098943,Historical
2013-01-14,MMM,0.0719246855890029,0.0053548428261086575,Historical
2013-01-14,MSFT,0.0383888898553127,-0.00217185065498999,Historical
2013-01-14,NEM,-0.010544715847188108,-0.0015432682704779354,Historical
2013-01-14,PFE,0.026269283370469902,0.005551572702968647,Historical
2013-01-14,PG,0.1012547224641796,0.0017312902575744278,Historical
2013-01-14,UNH,0.07633639638689552,-0.0002998605053036415,Historical
2013-01-14,VZ,0.0259873668552766,0.005665775321818983,Historical
2013-01-14,WFC,0.018726635685858,0.0057473924108047405,Historical
2013-01-14,XOM,-0.0065478933809851,0.0015833045471275093,Historical
2013-02-13,AAPL,-0.07867212044590512,0.021660205832159826,Historical
2013-02-13,CAT,-0.09171684974116409,0.007852674972516223,Historical
2013-02-13,CVX,0.03735570940851199,0.008981236027462371,Historical
2013-02-13,DUK,0.017235686252565798,0.008231303662561563,Historical
2013-02-13,GS,0.0028072014856599867,-0.0021801023435444916,Historical
2013-02-13,HD,0.04794376152633539,0.01681902557466597,Historical
2013-02-13,INTC,0.02147605507638101,0.0031468189804250233,Historical
2013-02-13,JNJ,0.050581834916096004,0.00618422003364809,Historical
2013-02-13,JPM,0.0371523724507379,0.003858550825409006,Historical
2013-02-13,KO,0.045347706346758006,0.006384895802692358,Historical
2013-02-13,MCD,0.05135154491170509,0.0114405980546802,Historical
2013-02-13,MMM,0.030599210051301604,0.006747957716676961,Historical
2013-02-13,MSFT,0.017527927950940998,0.001740347159378146,Historical
2013-02-13,NEM,-0.12340158973036189,-0.0007649195275172258,Historical
2013-02-13,PFE,0.0406590232571415,0.007110285916154437,Historical
2013-02-13,PG,0.018387553368938696,0.004895903173538417,Historical
2013-02-13,UNH,-0.036940553932799707,0.0034921464626596083,Historical
2013-02-13,VZ,0.0870111758808478,0.008871976620057523,Historical
2013-02-13,WFC,0.04029286941575891,0.004943064562980785,Historical
2013-02-13,XOM,0.015368380517190305,0.0030123666389255703,Historical
2013-03-15,AAPL,-0.029684771179415394,0.02079524826603718,Historical
2013-03-15,CAT,-0.07525284673650662,0.004980047966484558,Historical
2013-03-15,CVX,-0.028999341820406477,0.00822735385501315,Historical
2013-03-15,DUK,0.0331914105589793,0.009218939401266772,Historical
2013-03-15,GS,-0.05032968871982079,5.3949559256980456e-05,Historical
2013-03-15,HD,0.0279377994759396,0.019025154582901597,Historical
2013-03-15,INTC,-0.012549922145360508,0.0031538600232073606,Historical
2013-03-15,JNJ,0.032463588612328204,0.006737580219708725,Historical
2013-03-15,JPM,-0.0558509095201819,0.006407681123663251,Historical
2013-03-15,KO,0.02705222413095019,0.007120916950495887,Historical
2013-03-15,MCD,0.028196157608418808,0.012876133361276978,Historical
2013-03-15,MMM,-0.002455528015752998,0.007335029223580278,Historical
2013-03-15,MSFT,0.019356593203973507,0.0017215383767783298,Historical
2013-03-15,NEM,-0.15457191464317233,-0.003004733833292907,Historical
2013-03-15,PFE,0.0799604118518817,0.008493352939668146,Historical
2013-03-15,PG,0.028784687501877102,0.004941770425589771,Historical
2013-03-15,UNH,0.11808753879026901,0.007435505948045461,Historical
2013-03-15,VZ,0.0540367519101764,0.011354680845587882,Historical
2013-03-15,WFC,-0.0108788550148872,0.005614612386576765,Historical
2013-03-15,XOM,-0.037890164596813,0.0027266532772049403,Historical
2013-04-16,AAPL,0.06220912213910568,0.017719424101638927,Historical
2013-04-16,CAT,0.06860639960063639,0.0038257976585417876,Historical
2013-04-16,CVX,0.0698215008259719,0.0073509234839899,Historical
2013-04-16,DUK,-0.002909384640508596,0.009165329440678016,Historical
2013-04-16,GS,0.05357085010046771,-0.001217827858545268,Historical
2013-04-16,HD,0.068096754544889,0.01823789018337809,Historical
2013-04-16,INTC,0.11828549242383742,0.0028502703201002378,Historical
2013-04-16,JNJ,0.062386901271210896,0.006383831556686486,Historical
2013-04-16,JPM,0.0468713247357712,0.003729891081272911,Historical
2013-04-16,KO,0.05884814167546221,0.007264899797610196,Historical
2013-04-16,MCD,-0.009343380587484,0.0128266337566149,Historical
2013-04-16,MMM,0.0446570628487589,0.007283494528587038,Historical
2013-04-16,MSFT,0.1628795647575551,0.0022491486024763365,Historical
2013-04-16,NEM,-0.04245698007127449,-0.0037229737085821444,Historical
2013-04-16,PFE,-0.0267894523518431,0.010489108749366361,Historical
2013-04-16,PG,0.0050576185610146035,0.004701434458112029,Historical
2013-04-16,UNH,0.0022708792846894005,0.009761258235095853,Historical
2013-04-16,VZ,0.0487520840506296,0.01150539826840355,Historical
2013-04-16,WFC,0.0660035728854146,0.006343511594928786,Historical
2013-04-16,XOM,0.058932799852724996,0.0015891769422370404,Historical
2013-05-15,AAPL,-0.017959050783230804,0.014657776276289105,Historical
2013-05-15,CAT,-0.027913187775476703,0.0029955763806409014,Historical
2013-05-15,CVX,-0.019051223635734506,0.006980809019097918,Historical
2013-05-15,DUK,-0.05512724012536291,0.008637909047550508,Historical
2013-05-15,GS,0.07373422772857971,-0.0026579675995526586,Historical
2013-05-15,HD,-0.005325754719983095,0.019097060829079412,Historical
2013-05-15,INTC,0.04711075315176931,0.0029382141817910538,Historical
2013-05-15,JNJ,-0.016482561424252695,0.007245286171764017,Historical
2013-05-15,JPM,0.07551451715109439,0.00276056067356308,Historical
2013-05-15,KO,-0.04400913196081779,0.009357318017055511,Historical
2013-05-15,MCD,-0.015387759794905802,0.011101549921380582,Historical
2013-05-15,MMM,0.011186186871441201,0.008198561174250156,Historical
2013-05-15,MSFT,0.034875513755082715,0.003985328513883002,Historical
2013-05-15,NEM,0.0450760535745467,-0.0041747937709463116,Historical
2013-05-15,PFE,-0.010944186767413204,0.010225374663876904,Historical
2013-05-15,PG,-0.0131729922168379,0.005836150222361135,Historical
2013-05-15,UNH,0.04285006455809819,0.01130049123272504,Historical
2013-05-15,VZ,-0.048752084050629675,0.011199610483484756,Historical
2013-05-15,WFC,0.0547190112038574,0.006243641317144715,Historical
2013-05-15,XOM,0.002411585157108098,0.0023902274218180596,Historical
2013-06-14,AAPL,-0.019736534873830706,0.01502255297972629,Historical
2013-06-14,CAT,0.02619842732204101,0.003532184789661699,Historical
2013-06-14,CVX,0.0245202502772554,0.006203090399151925,Historical
2013-06-14,DUK,0.0508414864627029,0.008224294856446528,Historical
2013-06-14,GS,-0.01715230453274738,0.0013684213084547612,Historical
2013-06-14,HD,0.049331436363999406,0.020539239888715317,Historical
2013-06-14,INTC,-0.04292499424774471,0.00506624410859022,Historical
2013-06-14,JNJ,0.06265269902813299,0.007235115492572131,Historical
2013-06-14,JPM,0.0204695783429146,0.008032730982892524,Historical
2013-06-14,KO,0.014738358982868703,0.008297040102389231,Historical
2013-06-14,MCD,0.018735740147353193,0.011327768048980256,Historical
2013-06-14,MMM,0.032296540009870804,0.008800289278210858,Historical
2013-06-14,MSFT,0.04091362692640049,0.006181879609100152,Historical
2013-06-14,NEM,-0.19958160763949648,-0.0041585265732546105,Historical
2013-06-14,PFE,-0.010022374227795007,0.012145784352506381,Historical
2013-06-14,PG,0.0385189403463845,0.005401217481328219,Historical
2013-06-14,UNH,0.052679784865051905,0.012442095113154406,Historical
2013-06-14,VZ,-0.003430027220292998,0.011007142048020358,Historical
2013-06-14,WFC,0.0571983806782798,0.009697750837968767,Historical
2013-06-14,XOM,0.020804425359340704,0.002539163235293218,Historical
2013-07-16,AAPL,0.1422950101172914,0.015470045838092798,Historical
2013-07-16,CAT,-0.0025951874397385872,0.006015233560646822,Historical
2013-07-16,CVX,-0.017639626289138403,0.007859282201325837,Historical
2013-07-16,DUK,-0.0026791954615146977,0.009581034615523348,Historical
2013-07-16,GS,0.004346461472868646,0.0010743529992357232,Historical
2013-07-16,HD,-0.012012221555900104,0.024409125797489925,Historical
2013-07-16,INTC,-0.051409136324274296,0.005269791168507937,Historical
2013-07-16,JNJ,0.0284626482117457,0.008010537488715143,Historical
2013-07-16,JPM,-0.010991232190995603,0.010072948934220009,Historical
2013-07-16,KO,-0.03372494939765279,0.01067760922359288,Historical
2013-07-16,MCD,-0.0436178904016857,0.012050725976340897,Historical
2013-07-16,MMM,0.0327191796244379,0.010855919337331814,Historical
2013-07-16,MSFT,-0.10831015621293592,0.00805453101021816,Historical
2013-07-16,NEM,0.08713214252324361,-0.008863418718038111,Historical
2013-07-16,PFE,0.024656725662150297,0.011733637219303662,Historical
2013-07-16,PG,0.009301512613496302,0.006750338669762398,Historical
2013-07-16,UNH,0.08133863722994869,0.019418143962578422,Historical
2013-07-16,VZ,-0.01634533876765821,0.011561454959514255,Historical
2013-07-16,WFC,0.006145039356241003,0.01240344232753462,Historical
2013-07-16,XOM,-0.0352751349629271,0.003485274707639157,Historical
2013-08-14,AAPL,-0.0350877552580489,0.01774725014031755,Historical
2013-08-14,CAT,0.003114250307877003,0.005637734728857112,Historical
2013-08-14,CVX,0.019510426078110897,0.009110838551679545,Historical
2013-08-14,DUK,-0.0751408760464476,0.008478700326141545,Historical
2013-08-14,GS,0.001067114132998103,-0.000406075799928808,Historical
2013-08-14,HD,-0.04694532566552449,0.02016255480690788,Historical
2013-08-14,INTC,0.004872090982956793,0.0015335053310623823,Historical
2013-08-14,JNJ,-0.036452156167005305,0.007179144874395541,Historical
2013-08-14,JPM,-0.038491198178218,0.005994715812529233,Historical
2013-08-14,KO,-0.023746109768767606,0.008511060135723463,Historical
2013-08-14,MCD,0.015586759964433202,0.008986303748085653,Historical
2013-08-14,MMM,0.0015487723861988883,0.010082125380648907,Historical
2013-08-14,MSFT,0.014171432396760613,0.004586023909624684,Historical
2013-08-14,NEM,-0.0555751920097758,-0.003887676858261377,Historical
2013-08-14,PFE,-0.033348309691285306,0.010039196683050144,Historical
2013-08-14,PG,-0.04252790266957242,0.005300324996070821,Historical
2013-08-14,UNH,0.0225316068179765,0.015044952650278276,Historical
2013-08-14,VZ,-0.037309858050858194,0.011108650087559603,Historical
2013-08-14,WFC,-0.024773502162531907,0.007025568176809645,Historical
2013-08-14,XOM,-0.016011345480660907,0.0043045243372974605,Historical
2013-09-13,AAPL,0.0416835822980208,0.019415990613747783,Historical
2013-09-13,CAT,-0.014265640266247598,0.0076827403165930005,Historical
2013-09-13,CVX,-0.05151020762831591,0.009899519560235836,Historical
2013-09-13,DUK,0.058004252503563794,0.007623660746147767,Historical
2013-09-13,GS,-0.020721511594532692,0.0016414887266962296,Historical
2013-09-13,HD,0.0121276181166003,0.01830479728940257,Historical
2013-09-13,INTC,0.027458425891344,0.004782414835627619,Historical
2013-09-13,JNJ,0.004930629751920199,0.006564016964604088,Historical
2013-09-13,JPM,0.01249512693577711,0.006374556662265774,Historical
2013-09-13,KO,-0.017583692679568396,0.008585580986806177,Historical
2013-09-13,MCD,-0.02542890159290689,0.009854977519173354,Historical
2013-09-13,MMM,0.0210955963044605,0.011319484279720904,Historical
2013-09-13,MSFT,0.043107876557691806,0.005651677601124997,Historical
2013-09-13,NEM,-0.09701193733739362,-0.0032566706962216855,Historical
2013-09-13,PFE,0.014378670917973598,0.01095494276065369,Historical
2013-09-13,PG,0.002807254496153098,0.0038956987836578807,Historical
2013-09-13,UNH,-0.006307950704752606,0.016488655238148478,Historical
2013-09-13,VZ,0.0057641053239415,0.010762936338912094,Historical
2013-09-13,WFC,-0.01983577036722091,0.006565286245484137,Historical
2013-09-13,XOM,-0.011776131405219596,0.00467004003978097,Historical
2013-10-14,AAPL,0.057698072223859996,0.029037390078796778,Historical
2013-10-14,CAT,-0.010221352864979898,0.013079394794672693,Historical
2013-10-14,CVX,0.028567445041967697,0.013000009842478538,Historical
2013-10-14,DUK,0.05096692918916561,0.01134244545431524,Historical
2013-10-14,GS,0.023716568986762204,0.008653078510015528,Historical
2013-10-14,HD,-0.0125255869342246,0.024815459568246667,Historical
2013-10-14,INTC,0.04769508848077791,0.009513882000233705,Historical
2013-10-14,JNJ,0.052695472085087805,0.010191837559739415,Historical
2013-10-14,JPM,0.029830403822625612,0.007646940184220747,Historical
2013-10-14,KO,0.0541091026794404,0.011796185389244358,Historical
2013-10-14,MCD,0.024502229241797808,0.012656553908695061,Historical
2013-10-14,MMM,0.0581661540909855,0.01583401986305291,Historical
2013-10-14,MSFT,0.0965612111186392,0.009208335379092668,Historical
2013-10-14,NEM,0.0737176882495843,-0.0031474565725574354,Historical
2013-10-14,PFE,0.0918181066901046,0.013689144561090412,Historical
2013-10-14,PG,0.0548295816992148,0.00682855405699683,Historical
2013-10-14,UNH,-0.0520947484836874,0.02469568811688304,Historical
2013-10-14,VZ,0.05916187287037142,0.01545674603709083,Historical
2013-10-14,WFC,0.0384261328125343,0.008755738537306552,Historical
2013-10-14,XOM,0.0736172030224041,0.006162243730337568,Historical
2013-11-12,AAPL,0.07836195164889609,0.028303986092827967,Historical
2013-11-12,CAT,0.013338380142096503,0.015289258605894585,Historical
2013-11-12,CVX,0.016750627081013596,0.011178502855907659,Historical
2013-11-12,DUK,-0.04761288845802681,0.011023689122298591,Historical
2013-11-12,GS,0.025968252790171398,0.013409170602545975,Historical
2013-11-12,HD,0.0519392949158774,0.02368754361934719,Historical
2013-11-12,INTC,0.010290063863156,0.011234615126096966,Historical
2013-11-12,JNJ,-0.005636486245137998,0.010322943642380934,Historical
2013-11-12,JPM,0.035766801810553805,0.007664878322690348,Historical
2013-11-12,KO,0.0134811016157871,0.011599519752418115,Historical
2013-11-12,MCD,-0.010745755664957696,0.012013905498175418,Historical
2013-11-12,MMM,-0.004370553175613772,0.013602008713630773,Historical
2013-11-12,MSFT,0.008087312142619499,0.011426581818063199,Historical
2013-11-12,NEM,-0.15293972060479646,0.002539430515495959,Historical
2013-11-12,PFE,-0.019066917095399,0.013707271655025494,Historical
2013-11-12,PG,0.021169158432588195,0.006676067774860276,Historical
2013-11-12,UNH,0.026800826439748793,0.019974087515681763,Historical
2013-11-12,VZ,-0.029864914144293202,0.0139850736550201,Historical
2013-11-12,WFC,0.017851529388291806,0.007911712256893137,Historical
2013-11-12,XOM,0.013887785524781603,0.005895602979351173,Historical
2013-12-12,AAPL,-0.0467318356488969,0.029304074387365278,Historical
2013-12-12,CAT,0.0526466447469504,0.013889609310095332,Historical
2013-12-12,CVX,-0.023618121999293196,0.010844199757745126,Historical
2013-12-12,DUK,-0.0082292521724446,0.011873944809166592,Historical
2013-12-12,GS,0.0482217395470244,0.01495165081029733,Historical
2013-12-12,HD,0.024631232370181104,0.0227625018409576,Historical
2013-12-12,INTC,0.0432761893411678,0.011786368334681501,Historical
2013-12-12,JNJ,0.014817978789838005,0.010771772905988112,Historical
2013-12-12,JPM,0.0351753019171146,0.010024364353032285,Historical
2013-12-12,KO,-0.015064540098342405,0.012202822695248836,Historical
2013-12-12,MCD,-0.004524480559944602,0.010468224867685092,Historical
2013-12-12,MMM,0.060527233939891414,0.015790276284025212,Historical
2013-12-12,MSFT,-0.0724932758342433,0.012161556971968973,Historical
2013-12-12,NEM,0.017318368516672795,-0.0036285145685657012,Historical
2013-12-12,PFE,-0.0035953382871360033,0.013779542019455518,Historical
2013-12-12,PG,-0.048903112716050495,0.008290074696317297,Historical
2013-12-12,UNH,0.0246452249451836,0.02169425780401027,Historical
2013-12-12,VZ,-0.019763164698735902,0.011750744100946236,Historical
2013-12-12,WFC,0.045809649585066406,0.0076536333758907525,Historical
2013-12-12,XOM,0.044507001496683116,0.005195726651529766,Historical
2014-01-14,AAPL,0.006322420405026114,0.030184149093924043,Historical
2014-01-14,CAT,0.0740450370013303,0.014447653400125058,Historical
2014-01-14,CVX,-0.053612042092779616,0.011066185686435309,Historical
2014-01-14,DUK,0.0557274954126615,0.01088591961153324,Historical
2014-01-14,GS,-0.07298930429099729,0.013379342658629152,Historical
2014-01-14,HD,-0.04664398774267999,0.022705507503076518,Historical
2014-01-14,INTC,-0.02847615234730769,0.012683389589264417,Historical
2014-01-14,JNJ,-0.02225625878735349,0.010665026458885252,Historical
2014-01-14,JPM,-0.0031240848382954062,0.01487922423166712,Historical
2014-01-14,KO,-0.026142162027607503,0.012037469347252848,Historical
2014-01-14,MCD,0.0006328696489917999,0.010284255306456994,Historical
2014-01-14,MMM,-0.025439067271070506,0.016333671883658644,Historical
2014-01-14,MSFT,0.0687638686546398,0.011850846389207718,Historical
2014-01-14,NEM,-0.05908173555151501,-0.005658224764130228,Historical
2014-01-14,PFE,0.0427403864602487,0.012765854670604775,Historical
2014-01-14,PG,-0.024466267118856397,0.007455522176938525,Historical
2014-01-14,UNH,-0.051335742106912004,0.018083914602774986,Historical
2014-01-14,VZ,0.007203897663382199,0.01178530310497329,Historical
2014-01-14,WFC,0.016117073153397707,0.011638225969351436,Historical
2014-01-14,XOM,-0.07176788546037222,0.006072328892145182,Historical
2014-02-13,AAPL,-0.0211768826717416,0.029006229396073585,Historical
2014-02-13,CAT,-0.0081436242291161,0.021076850677765133,Historical
2014-02-13,CVX,0.018308776546276998,0.010566340393266975,Historical
2014-02-13,DUK,-0.0024016421355019983,0.011880334686779487,Historical
2014-02-13,GS,0.014621803508457494,0.010923180296438252,Historical
2014-02-13,HD,0.032546809351656096,0.02312245205413219,Historical
2014-02-13,INTC,-0.0020382916946287,0.01212062702505655,Historical
2014-02-13,JNJ,0.0113810017920331,0.01096211674094166,Historical
2014-02-13,JPM,-0.0125968083879093,0.015716865939240595,Historical
2014-02-13,KO,-0.0009753059760920935,0.013139158279578175,Historical
2014-02-13,MCD,0.0364373133123148,0.011087451095162425,Historical
2014-02-13,MMM,-0.004687905107347858,0.01795231011713915,Historical
2014-02-13,MSFT,0.013589716848535896,0.01362329056748561,Historical
2014-02-13,NEM,0.157225590732878,-0.0076512059640319215,Historical
2014-02-13,PFE,-0.012094447807148908,0.016702271305227168,Historical
2014-02-13,PG,0.019045620621954598,0.009454558208146788,Historical
2014-02-13,UNH,0.0784662043267637,0.01629704514219805,Historical
2014-02-13,VZ,-0.0276106073382992,0.013064139587356163,Historical
2014-02-13,WFC,0.030197978575778498,0.018768749714123404,Historical
2014-02-13,XOM,0.025901980414534696,0.0051025388059444685,Historical
2014-03-17,AAPL,-0.005753365832818533,0.02890734540604391,Historical
2014-03-17,CAT,0.07461710017109649,0.023188217139059664,Historical
2014-03-17,CVX,0.03952379633845,0.012633842586049602,Historical
2014-03-17,DUK,0.019192551533133297,0.014657944552242376,Historical
2014-03-17,GS,-0.06631846191514783,0.00985879069393022,Historical
2014-03-17,HD,-0.043907897968908115,0.024932008096359738,Historical
2014-03-17,INTC,0.08073298131040389,0.011573790517202412,Historical
2014-03-17,JNJ,0.045598618747790295,0.013455536268025958,Historical
2014-03-17,JPM,-0.02664734715584669,0.016497029865826726,Historical
2014-03-17,KO,0.014564109299716497,0.012877967127512034,Historical
2014-03-17,MCD,0.025596984936031297,0.013097935064286716,Historical
2014-03-17,MMM,0.0252505843769954,0.018730494204324644,Historical
2014-03-17,MSFT,0.038506372315050205,0.015403493446780554,Historical
2014-03-17,NEM,-0.07000304640653732,-0.0042979619147376314,Historical
2014-03-17,PFE,-0.044523991040883594,0.016560023036198444,Historical
2014-03-17,PG,0.022906289215942698,0.011718048581306465,Historical
2014-03-17,UNH,0.0449461318416287,0.022856608830785313,Historical
2014-03-17,VZ,0.0365722849494098,0.013670718853986638,Historical
2014-03-17,WFC,0.014868296732265397,0.0219178458660254,Historical
2014-03-17,XOM,0.0458971671798545,0.007628313407665859,Historical
2014-04-15,AAPL,0.135175602619102,0.025122521866200568,Historical
2014-04-15,CAT,0.041706377927708,0.021019040708239366,Historical
2014-04-15,CVX,0.0630108639657671,0.012130079947741075,Historical
2014-04-15,DUK,-0.00022757691793509876,0.013383333634195983,Historical
2014-04-15,GS,0.0299842450088227,0.0038967730567661127,Historical
2014-04-15,HD,0.004465737407055196,0.02012588306765774,Historical
2014-04-15,INTC,-0.0001411976065719021,0.011322493308123575,Historical
2014-04-15,JNJ,0.03767936802073361,0.013499801383025242,Historical
2014-04-15,JPM,-0.010976864557253701,0.009800842513832975,Historical
2014-04-15,KO,0.054270834814452204,0.011604324637020085,Historical
2014-04-15,MCD,0.02875090973269033,0.012311113222213368,Historical
2014-04-15,MMM,0.0615296856149614,0.017390115571103846,Historical
2014-04-15,MSFT,0.0337257113684513,0.013691636723967523,Historical
2014-04-15,NEM,0.008972274892814503,-0.007358567240025068,Historical
2014-04-15,PFE,-0.017243221130830693,0.016472584916376574,Historical
2014-04-15,PG,0.012402698133250706,0.011296709824221264,Historical
2014-04-15,UNH,-0.025712807744482393,0.02062588393636236,Historical
2014-04-15,VZ,0.0155336025079872,0.012040082122631546,Historical
2014-04-15,WFC,0.031386376693681904,0.01643873069137286,Historical
2014-04-15,XOM,0.05104084068732008,0.008178717502874492,Historical
2014-05-15,AAPL,0.0731815184591874,0.026803135174165788,Historical
2014-05-15,CAT,0.0022505080319042943,0.01920380850581441,Historical
2014-05-15,CVX,0.015122429678612999,0.012886216130145432,Historical
2014-05-15,DUK,-0.006192732695508597,0.01281451311663501,Historical
2014-05-15,GS,0.04300028131382769,0.003736185531683882,Historical
2014-05-15,HD,0.0286327842994943,0.021070077173789333,Historical
2014-05-15,INTC,0.126145496975931,0.012002572804337044,Historical
2014-05-15,JNJ,0.023268328617052702,0.012918285297307534,Historical
2014-05-15,JPM,0.0481239077444257,0.008816518667083524,Historical
2014-05-15,KO,-0.0053061696890853004,0.012632253129716255,Historical
2014-05-15,MCD,-0.016934175146684098,0.013438385222823033,Historical
2014-05-15,MMM,0.01846866149613046,0.01658883731609422,Historical
2014-05-15,MSFT,0.024304141247563,0.014000429334647044,Historical
2014-05-15,NEM,-0.050125712481752106,-0.008073419264902846,Historical
2014-05-15,PFE,0.014668827781843398,0.014294647402539976,Historical
2014-05-15,PG,-0.019028947091980702,0.010383140717861561,Historical
2014-05-15,UNH,0.0304008610152504,0.018292904523093515,Historical
2014-05-15,VZ,0.024077639015862105,0.013017895560720126,Historical
2014-05-15,WFC,0.0515977848284714,0.012469382757613383,Historical
2014-05-15,XOM,0.003512839175591799,0.00825791454671696,Historical
2014-06-16,AAPL,0.0433082307234976,0.02606243829794403,Historical
2014-06-16,CAT,0.0284389833927496,0.019439554688072597,Historical
2014-06-16,CVX,0.015593104469239966,0.01233748319200883,Historical
2014-06-16,DUK,0.016800291390386305,0.012389775438287166,Historical
2014-06-16,GS,0.019579260727255205,0.0032523781928057,Historical
2014-06-16,HD,0.022669383487422097,0.021673551020300264,Historical
2014-06-16,INTC,0.059777614506046,0.012900418801454375,Historical
2014-06-16,JNJ,0.007288267013068499,0.012844096756330674,Historical
2014-06-16,JPM,0.028301088102766596,0.009817723249318422,Historical
2014-06-16,KO,0.04196078954159611,0.010902518358647983,Historical
2014-06-16,MCD,-0.001892215538289577,0.011913801489493116,Historical
2014-06-16,MMM,0.011788601048102598,0.016460543859361673,Historical
2014-06-16,MSFT,0.029161056463857103,0.012002349902586853,Historical
2014-06-16,NEM,0.053662137080938206,-0.008864076736907027,Historical
2014-06-16,PFE,0.029364985631243404,0.014877438460380267,Historical
2014-06-16,PG,0.0201374071497206,0.009719528898384774,Historical
2014-06-16,UNH,0.057902220343404705,0.020924316289845965,Historical
2014-06-16,VZ,0.0413465969531854,0.013779414836807603,Historical
2014-06-16,WFC,-0.010654066341194502,0.013776277489780527,Historical
2014-06-16,XOM,-0.002535987025982399,0.007573142652462648,Historical
2014-07-16,AAPL,0.024903945954946712,0.02650202894238642,Historical
2014-07-16,CAT,-0.037329370425082095,0.022710262628407717,Historical
2014-07-16,CVX,-0.012925344010198497,0.014948540447269489,Historical
2014-07-16,DUK,-0.0041892100390857,0.012520410552153208,Historical
2014-07-16,GS,0.018738776413874905,0.003093246204237821,Historical
2014-07-16,HD,0.0400099467526275,0.02284015058233549,Historical
2014-07-16,INTC,0.07929514634936172,0.013754606741666623,Historical
2014-07-16,JNJ,-0.015023283628885931,0.012476230950062665,Historical
2014-07-16,JPM,-0.02696093457978021,0.010375034768721937,Historical
2014-07-16,KO,-0.05266910891836679,0.01144139386223272,Historical
2014-07-16,MCD,-0.06529686760403629,0.011998270227742486,Historical
2014-07-16,MMM,-0.022729756075969415,0.016681807630952703,Historical
2014-07-16,MSFT,0.03767897208445219,0.012198887463548637,Historical
2014-07-16,NEM,0.09202798020458582,-0.005680908663432034,Historical
2014-07-16,PFE,-0.06631151347394139,0.015219415084906238,Historical
2014-07-16,PG,0.010660185930682995,0.00974718132419539,Historical
2014-07-16,UNH,-0.028899686729460698,0.02123701481532167,Historical
2014-07-16,VZ,-0.03593698676368689,0.014604685241706473,Historical
2014-07-16,WFC,-0.0198729391260975,0.01374589670573563,Historical
2014-07-16,XOM,-0.025818124315027897,0.009524899937085994,Historical
2014-08-14,AAPL,0.04445195188499204,0.024675624237209925,Historical
2014-08-14,CAT,-0.0013321158015335973,0.01562588964729888,Historical
2014-08-14,CVX,-0.031020534845698697,0.013326136995071125,Historical
2014-08-14,DUK,0.029587630268598692,0.011312152337788674,Historical
2014-08-14,GS,0.06386826126215109,0.00234902169380797,Historical
2014-08-14,HD,0.07159103333620831,0.02098216416955815,Historical
2014-08-14,INTC,0.015133949340252197,0.01291238503644792,Historical
2014-08-14,JNJ,0.0342728108720268,0.011519167948020383,Historical
2014-08-14,JPM,0.056717762687939995,0.007052677177822789,Historical
2014-08-14,KO,0.04460992529320609,0.010566974947465266,Historical
2014-08-14,MCD,0.0019740629029421004,0.011277792841389415,Historical
2014-08-14,MMM,0.020923550633830397,0.013553325521054087,Historical
2014-08-14,MSFT,0.06396448886850951,0.012898765233381956,Historical
2014-08-14,NEM,-0.07178393495092399,-0.004888915169100308,Historical
2014-08-14,PFE,0.0423382118512082,0.01278100653848558,Historical
2014-08-14,PG,0.021610804524790098,0.010125797260218521,Historical
2014-08-14,UNH,0.05995542253343129,0.018980691827570322,Historical
2014-08-14,VZ,-0.0106866454203557,0.013139367981429954,Historical
2014-08-14,WFC,0.0336346520015519,0.012034757284865793,Historical
2014-08-14,XOM,-0.0339749507493965,0.008387789727055327,Historical
2014-09-15,AAPL,-0.0183658204883037,0.024449185000047807,Historical
2014-09-15,CAT,-0.1358465882963468,0.014757631699773826,Historical
2014-09-15,CVX,-0.09064943221852119,0.011803624750206217,Historical
2014-09-15,DUK,0.05783487876105949,0.011729497877348645,Historical
2014-09-15,GS,-0.024314502744544907,0.0018149243035771839,Historical
2014-09-15,HD,0.019617504680589693,0.02164533264528009,Historical
2014-09-15,INTC,-0.0953967962961495,0.012192123047133996,Historical
2014-09-15,JNJ,-0.0536209295912336,0.01183451726031111,Historical
2014-09-15,JPM,-0.024931739536908897,0.007293692184783926,Historical
2014-09-15,KO,0.06104979939179111,0.010795141287117047,Historical
2014-09-15,MCD,-0.028360465904087098,0.011516036847394573,Historical
2014-09-15,MMM,-0.0797992165417524,0.013083041416782857,Historical
2014-09-15,MSFT,-0.0675409284519667,0.012575630126895847,Historical
2014-09-15,NEM,-0.11124907172349272,-0.008412974670463367,Historical
2014-09-15,PFE,-0.0331640595666403,0.012958165305604959,Historical
2014-09-15,PG,0.0013201729873668008,0.009216494803367687,Historical
2014-09-15,UNH,-0.026216645965173906,0.019224505103179065,Historical
2014-09-15,VZ,0.010512474376081507,0.012557686846370451,Historical
2014-09-15,WFC,-0.0294431645137041,0.01200470909721863,Historical
2014-09-15,XOM,-0.052954222821097005,0.007216197460903085,Historical
2014-10-14,AAPL,0.09880811632340362,0.022497257204534722,Historical
2014-10-14,CAT,0.1194403127825529,0.010879833821681171,Historical
2014-10-14,CVX,0.05563977388813445,0.009989991281776134,Historical
2014-10-14,DUK,0.06561972154133681,0.01251078979221068,Historical
2014-10-14,GS,0.07077009047125689,8.81731747408215e-05,Historical
2014-10-14,HD,0.0799409268048273,0.022320994119292534,Historical
2014-10-14,INTC,0.06335844068298939,0.010259888263121271,Historical
2014-10-14,JNJ,0.0941907063036178,0.010646711362887161,Historical
2014-10-14,JPM,0.0537234001475436,0.005796173041885312,Historical
2014-10-14,KO,-0.03603958123494989,0.010387103942035595,Historical
2014-10-14,MCD,0.04746145282690759,0.010490493239086277,Historical
2014-10-14,MMM,0.167348961148333,0.011677052903208982,Historical
2014-10-14,MSFT,0.11296061158939547,0.011087262038130364,Historical
2014-10-14,NEM,-0.18588053624161283,-0.010403889049587922,Historical
2014-10-14,PFE,0.0715807579181277,0.01182408858614691,Historical
2014-10-14,PG,0.08048819050792969,0.008792459178686393,Historical
2014-10-14,UNH,0.13089226798182987,0.02154578662411681,Historical
2014-10-14,VZ,0.0452696171520674,0.013675349215238306,Historical
2014-10-14,WFC,0.0717533979071975,0.010725342439914718,Historical
2014-10-14,XOM,0.0667043864590083,0.006662398478327318,Historical
2014-11-12,AAPL,0.017350864391703403,0.023209125449498234,Historical
2014-11-12,CAT,-0.10089508833582052,0.010882715661585496,Historical
2014-11-12,CVX,-0.11207259991115179,0.009831089352664914,Historical
2014-11-12,DUK,0.012442993221265998,0.012862665550646041,Historical
2014-11-12,GS,0.011801577961878001,0.0024279383185886916,Historical
2014-11-12,HD,0.026236051700672395,0.023746325008316183,Historical
2014-11-12,INTC,0.09691907603183152,0.011786520692934977,Historical
2014-11-12,JNJ,-0.013821757711054216,0.012485974749521771,Historical
2014-11-12,JPM,-0.003754701466523502,0.007245937492181539,Historical
2014-11-12,KO,-0.016435209930503396,0.009535218285451934,Historical
2014-11-12,MCD,-0.0360181783341882,0.009621023937008548,Historical
2014-11-12,MMM,0.018254026917067998,0.013924241505630982,Historical
2014-11-12,MSFT,-0.0291182162059853,0.010864705752203276,Historical
2014-11-12,NEM,0.0467785671592958,-0.014897041591847343,Historical
2014-11-12,PFE,0.0429302590298099,0.012363522027873207,Historical
2014-11-12,PG,0.0082188096809784,0.008809222675057774,Historical
2014-11-12,UNH,0.04511613481955861,0.02095765364890879,Historical
2014-11-12,VZ,-0.0877123498390987,0.013862343901011272,Historical
2014-11-12,WFC,0.0157394095896754,0.012359865027965803,Historical
2014-11-12,XOM,-0.07772889367828452,0.006837570752181988,Historical
2014-12-12,AAPL,-0.01262207838036367,0.023803877000265226,Historical
2014-12-12,CAT,-0.07062016235965961,0.01029752904025705,Historical
2014-12-12,CVX,-0.006790971309686911,0.00794642952868284,Historical
2014-12-12,DUK,0.030650857476702598,0.011696954414193363,Historical
2014-12-12,GS,-0.04550664024489079,0.003573766394087705,Historical
2014-12-12,HD,0.0339247630851504,0.023592177574306095,Historical
2014-12-12,INTC,-0.005464643312338907,0.012937319215150345,Historical
2014-12-12,JNJ,-0.018536158681941202,0.011157014310322632,Historical
2014-12-12,JPM,-0.03193228431542901,0.008415310623529898,Historical
2014-12-12,KO,0.02614231946812429,0.008451872093128393,Historical
2014-12-12,MCD,0.020240201075338506,0.009429705214861531,Historical
2014-12-12,MMM,0.009194166016717102,0.013580700841339619,Historical
2014-12-12,MSFT,-0.0173212886079774,0.009897024594975976,Historical
2014-12-12,NEM,0.03957471895010659,-0.014532472163048211,Historical
2014-12-12,PFE,0.024653992314322203,0.012321955105956909,Historical
2014-12-12,PG,-0.001217469271409503,0.008841442438741251,Historical
2014-12-12,UNH,0.0329416950659375,0.022073999459806957,Historical
2014-12-12,VZ,0.029294262866939504,0.010755310627828335,Historical
2014-12-12,WFC,-0.0485606394527178,0.014119387863071101,Historical
2014-12-12,XOM,0.008928363264974194,0.005555824115153525,Historical
2015-01-14,AAPL,0.14138646913695951,0.022587262750248277,Historical
2015-01-14,CAT,-0.025268571188985085,0.00691466880951817,Historical
2015-01-14,CVX,0.0717329057343778,0.007026872370592962,Historical
2015-01-14,DUK,-0.0434871021788411,0.012633440937612084,Historical
2015-01-14,GS,0.025888072996322113,0.002310352469986,Historical
2015-01-14,HD,0.0781351697716103,0.0237925913594004,Historical
2015-01-14,INTC,-0.05998782823549698,0.012081133629952424,Historical
2015-01-14,JNJ,-0.062225030085349596,0.010889548797620914,Historical
2015-01-14,JPM,0.012330236498650496,0.006563633388797763,Historical
2015-01-14,KO,-0.010849601436902799,0.009343346420635133,Historical
2015-01-14,MCD,0.024054015319445503,0.009300582610582088,Historical
2015-01-14,MMM,0.038604515159264594,0.012870474219590717,Historical
2015-01-14,MSFT,-0.0731457822663675,0.009297112251890196,Historical
2015-01-14,NEM,0.1855089090840313,-0.013362651683826643,Historical
2015-01-14,PFE,0.08101780342209161,0.01220228328294989,Historical
2015-01-14,PG,-0.041354247697401404,0.009376577114316097,Historical
2015-01-14,UNH,0.06361675303549504,0.02022009113395165,Historical
2015-01-14,VZ,0.04840616123460309,0.011730703747157664,Historical
2015-01-14,WFC,0.06299950679919031,0.011579737269362376,Historical
2015-01-14,XOM,0.033491523066281295,0.0062847421925113734,Historical
2015-02-13,AAPL,-0.012012301604084397,0.026177313032924684,Historical
2015-02-13,CAT,-0.0435541665715925,0.00951010127398146,Historical
2015-02-13,CVX,-0.072277931914352,0.010452651919423035,Historical
2015-02-13,DUK,-0.0682790948263715,0.012457948201227592,Historical
2015-02-13,GS,0.014243370042006102,0.004581583146867276,Historical
2015-02-13,HD,0.043097253796896724,0.024807329786446366,Historical
2015-02-13,INTC,-0.10168878471198389,0.011982340323009582,Historical
2015-02-13,JNJ,0.0332429712380295,0.01024371299732115,Historical
2015-02-13,JPM,0.03755969418117509,0.009034817756159401,Historical
2015-02-13,KO,-0.0373416784877367,0.009913757695363264,Historical
2015-02-13,MCD,0.030085236186938195,0.009454599325518993,Historical
2015-02-13,MMM,0.0018068575851732,0.014613100895433684,Historical
2015-02-13,MSFT,-0.029061476926170803,0.009383173592933385,Historical
2015-02-13,NEM,-0.09337900722489581,-0.008576705320195705,Historical
2015-02-13,PFE,-0.012408314360713692,0.014389746443378619,Historical
2015-02-13,PG,-0.0291312023428864,0.00816601186347043,Historical
2015-02-13,UNH,0.07939699053086094,0.021387022434902793,Historical
2015-02-13,VZ,-0.0050611043047424035,0.014190403514610024,Historical
2015-02-13,WFC,0.015733471381043106,0.013565654163686262,Historical
2015-02-13,XOM,-0.085978509034739,0.008079473847674495,Historical
2015-03-17,AAPL,0.01453978809848129,0.023484250502139054,Historical
2015-03-17,CAT,0.06288067869386099,0.006664057411405857,Historical
2015-03-17,CVX,0.0682104161053023,0.008403914840125239,Historical
2015-03-17,DUK,0.030055044237864204,0.011207311511175086,Historical
2015-03-17,GS,0.04682745381228459,0.0026148096499516464,Historical
2015-03-17,HD,-0.026529251382969295,0.023326304472990972,Historical
2015-03-17,INTC,0.0628544370372936,0.009001080436077412,Historical
2015-03-17,JNJ,-0.004562231327597099,0.010289862046439651,Historical
2015-03-17,JPM,0.0440718959331298,0.007919812860250373,Historical
2015-03-17,KO,0.002726353051865497,0.009292430796181205,Historical
2015-03-17,MCD,-0.007335472731481694,0.009224750461546524,Historical
2015-03-17,MMM,0.0013829047393207994,0.013959066749474194,Historical
2015-03-17,MSFT,0.016702723350604496,0.00807579457616249,Historical
2015-03-17,NEM,0.05453901701543578,-0.011813182765170988,Historical
2015-03-17,PFE,0.022111328039333297,0.014814830131010138,Historical
2015-03-17,PG,-0.0005980283992122997,0.007240427041108071,Historical
2015-03-17,UNH,-0.010176554792895306,0.02260871197561687,Historical
2015-03-17,VZ,0.013658163457642501,0.01361681826566191,Historical
2015-03-17,WFC,-0.016645816560047894,0.012389440915833562,Historical
2015-03-17,XOM,0.038421753194217395,0.0061527244735716,Historical
2015-04-16,AAPL,0.02113975338724579,0.022601140343264225,Historical
2015-04-16,CAT,0.0494323995391781,0.006175350287265584,Historical
2015-04-16,CVX,-0.017911446763120894,0.008134512339506583,Historical
2015-04-16,DUK,-0.022490619826650404,0.011820880691419134,Historical
2015-04-16,GS,0.007530316202747001,0.002991533411927619,Historical
2015-04-16,HD,-0.013399002780128302,0.021940642860429037,Historical
2015-04-16,INTC,0.011460508742256507,0.008912882270307237,Historical
2015-04-16,JNJ,0.012152774582271,0.009828773495267023,Historical
2015-04-16,JPM,0.0282528954264328,0.0076168979843453544,Historical
2015-04-16,KO,0.026863321240647102,0.008824158771103523,Historical
2015-04-16,MCD,0.013083041556380301,0.00826184611391524,Historical
2015-04-16,MMM,-0.019965038734507203,0.013465894237013389,Historical
2015-04-16,MSFT,0.1422485919623253,0.0076954597920592775,Historical
2015-04-16,NEM,0.14409128063630527,-0.012105520840501097,Historical
2015-04-16,PFE,-0.028495742193580892,0.015086054604684845,Historical
2015-04-16,PG,-0.027829154103573107,0.0073149083411303195,Historical
2015-04-16,UNH,0.010260970449669496,0.022808012284439225,Historical
2015-04-16,VZ,0.0116753360057884,0.013399243590282089,Historical
2015-04-16,WFC,0.0289460255714123,0.010751606410910667,Historical
2015-04-16,XOM,-0.004444922387184802,0.006335360768949635,Historical
2015-05-15,AAPL,-0.01586775601777447,0.02165388859902848,Historical
2015-05-15,CAT,-0.0183097153962243,0.006409224902537343,Historical
2015-05-15,CVX,-0.07832909114927789,0.007867191444415608,Historical
2015-05-15,DUK,-0.04041381573615681,0.010682848567579747,Historical
2015-05-15,GS,0.047235167388762704,0.006400195156678617,Historical
2015-05-15,HD,-0.0120944368042041,0.02098152764446971,Historical
2015-05-15,INTC,-0.04910884078196929,0.008754162181202433,Historical
2015-05-15,JNJ,-0.0362898373058652,0.010230436608916768,Historical
2015-05-15,JPM,0.028948665996818196,0.009680278864869803,Historical
2015-05-15,KO,-0.0389003316236326,0.009577582626774103,Historical
2015-05-15,MCD,-0.0268699310129195,0.00806198188377039,Historical
2015-05-15,MMM,-0.0393440890639426,0.012644005867091345,Historical
2015-05-15,MSFT,-0.062338930804401685,0.010628464411286346,Historical
2015-05-15,NEM,-0.12294568335117859,-0.01116580860780232,Historical
2015-05-15,PFE,0.0029421774091411036,0.014710276422504689,Historical
2015-05-15,PG,-0.03088004502121381,0.006718015662625644,Historical
2015-05-15,UNH,0.008015712198385806,0.023960957816760147,Historical
2015-05-15,VZ,-0.0612749935294861,0.014371005582436532,Historical
2015-05-15,WFC,0.0166346191937347,0.010443755162619662,Historical
2015-05-15,XOM,-0.038085985779165894,0.00708456461456509,Historical
2015-06-16,AAPL,-0.0007883670797716007,0.0219441629314601,Historical
2015-06-16,CAT,-0.0346810330258107,0.008163072528588337,Historical
2015-06-16,CVX,-0.0522003193296463,0.0077051555107727565,Historical
2015-06-16,DUK,0.020748402527173103,0.010586114411484663,Historical
2015-06-16,GS,0.005650690512052593,0.008508950716225231,Historical
2015-06-16,HD,0.049391675311659396,0.022461236855343656,Historical
2015-06-16,INTC,-0.0556791162877657,0.009805154675565524,Historical
2015-06-16,JNJ,0.0296117097917352,0.011215811078396087,Historical
2015-06-16,JPM,0.024010696120300396,0.011667915723088968,Historical
2015-06-16,KO,0.0381611606427435,0.009536579323565154,Historical
2015-06-16,MCD,0.0493456902726817,0.007743355299093176,Historical
2015-06-16,MMM,0.0008337233130398976,0.013532194443309348,Historical
2015-06-16,MSFT,0.006137622609553898,0.011804801729635033,Historical
2015-06-16,NEM,-0.09739315324202821,-0.0125312306678876,Historical
2015-06-16,PFE,0.0272403236639148,0.016243611352258325,Historical
2015-06-16,PG,0.05030034628752871,0.006743587698749701,Historical
2015-06-16,UNH,0.0562150266915309,0.023833466985187814,Historical
2015-06-16,VZ,0.018704750800647194,0.01343126756602199,Historical
2015-06-16,WFC,0.0139426379654693,0.013884931657296812,Historical
2015-06-16,XOM,-0.011532646185160807,0.007251925877495881,Historical
2015-07-16,AAPL,-0.0920168288441744,0.022043819874734243,Historical
2015-07-16,CAT,-0.06990148681970192,0.005862006575579705,Historical
2015-07-16,CVX,-0.09324312218150771,0.007022984852688019,Historical
2015-07-16,DUK,0.0318744090978345,0.010255260584833519,Historical
2015-07-16,GS,-0.0590933764703798,0.008046088398467238,Historical
2015-07-16,HD,0.029328580940211603,0.025247480079315217,Historical
2015-07-16,INTC,-0.019734083918134707,0.008581045558531938,Historical
2015-07-16,JNJ,-0.019507770888119995,0.011137666366538363,Historical
2015-07-16,JPM,-0.023988455688880105,0.01103104319328232,Historical
2015-07-16,KO,-0.0007296419903276966,0.009830850043845617,Historical
2015-07-16,MCD,0.003023563029136705,0.008257088973074544,Historical
2015-07-16,MMM,-0.056705944375935805,0.012464459103018808,Historical
2015-07-16,MSFT,0.020976156290435394,0.012254942670756825,Historical
2015-07-16,NEM,-0.22028092850226855,-0.015690343246833334,Historical
2015-07-16,PFE,0.01858899019959789,0.017436026787327547,Historical
2015-07-16,PG,-0.07255701384936,0.007209141355177096,Historical
2015-07-16,UNH,-0.043354795143946495,0.02506091372007938,Historical
2015-07-16,VZ,0.0069483624663251985,0.013378297136130403,Historical
2015-07-16,WFC,-0.0090164807189206,0.014057555304509231,Historical
2015-07-16,XOM,-0.04162419100711199,0.007730431194965489,Historical
2015-08-14,AAPL,0.0013884472555153078,0.020617117195710917,Historical
2015-08-14,CAT,-0.06632359873535841,0.004114001628818351,Historical
2015-08-14,CVX,-0.1123773924431845,0.004604150913370023,Historical
2015-08-14,DUK,-0.10113530986320532,0.010288961021063848,Historical
2015-08-14,GS,-0.0839600736891758,0.006024597308591572,Historical
2015-08-14,HD,-0.03163101919939101,0.026286477063446032,Historical
2015-08-14,INTC,0.01785148606852859,0.009428495212803324,Historical
2015-08-14,JNJ,-0.04619803118935169,0.011372815253247159,Historical
2015-08-14,JPM,-0.0796235830247425,0.011786118883462674,Historical
2015-08-14,KO,-0.0671677237266321,0.00880084306873777,Historical
2015-08-14,MCD,-0.015677195452197302,0.008136614429219619,Historical
2015-08-14,MMM,-0.03880344760097741,0.011409997612063056,Historical
2015-08-14,MSFT,-0.07568375615036749,0.01278457875948044,Historical
2015-08-14,NEM,-0.09434565797892111,-0.01776346339589176,Historical
2015-08-14,PFE,-0.07790056024070498,0.01625060212634895,Historical
2015-08-14,PG,-0.10744453992816051,0.006446097558408141,Historical
2015-08-14,UNH,-0.018510918341336016,0.023345496271230896,Historical
2015-08-14,VZ,-0.043088842966213806,0.01191631119121466,Historical
2015-08-14,WFC,-0.0751767700482156,0.01488579313032628,Historical
2015-08-14,XOM,-0.08155901854585042,0.006647984401145019,Historical
2015-09-15,AAPL,-0.0310019716183077,0.019782080932357813,Historical
2015-09-15,CAT,-0.03638266398797011,0.0024012592867603644,Historical
2015-09-15,CVX,0.1539429952515358,0.002214810724358712,Historical
2015-09-15,DUK,0.059944210902535204,0.008199194744296388,Historical
2015-09-15,GS,-0.016278165906950005,0.004456650956299747,Historical
2015-09-15,HD,0.058237642510731304,0.024473501779545423,Historical
2015-09-15,INTC,0.0863307378080632,0.011027929476778307,Historical
2015-09-15,JNJ,0.022567952655929195,0.01002999390362562,Historical
2015-09-15,JPM,-0.006205168705029898,0.009603294095539755,Historical
2015-09-15,KO,0.08908758269354289,0.006959670219087445,Historical
2015-09-15,MCD,0.06400966605252699,0.006968549024744303,Historical
2015-09-15,MMM,0.0572728278065594,0.010690631210175676,Historical
2015-09-15,MSFT,0.08567458118561161,0.01212577914228771,Historical
2015-09-15,NEM,0.1450292419275499,-0.02070237634978542,Historical
2015-09-15,PFE,0.008220704326115102,0.013951659754083861,Historical
2015-09-15,PG,0.08516046792555541,0.004619449103072216,Historical
2015-09-15,UNH,0.0512126172056972,0.021721523804280225,Historical
2015-09-15,VZ,-0.015759070038448605,0.010502463771521895,Historical
2015-09-15,WFC,-0.017395139862046195,0.013985090317864055,Historical
2015-09-15,XOM,0.08802262379810541,0.005066602376385673,Historical
2015-10-14,AAPL,0.04218736334498478,0.017357321286845633,Historical
2015-10-14,CAT,0.03560829635202601,-0.0001291399470883238,Historical
2015-10-14,CVX,0.04220577228037511,0.00377732640499245,Historical
2015-10-14,DUK,-0.0489037540867213,0.009112924877279587,Historical
2015-10-14,GS,0.0868501480431602,0.003985958396879736,Historical
2015-10-14,HD,0.025172033611896835,0.024299487257869495,Historical
2015-10-14,INTC,0.03229061152780659,0.011053728538885598,Historical
2015-10-14,JNJ,0.06499687913509179,0.009508228634543966,Historical
2015-10-14,JPM,0.09005316422696813,0.009490964198135454,Historical
2015-10-14,KO,0.009319886107727698,0.008025079763938073,Historical
2015-10-14,MCD,0.09647028986819961,0.007906994158579409,Historical
2015-10-14,MMM,0.06453447901517569,0.010810653210532421,Historical
2015-10-14,MSFT,0.1346768408625601,0.013044429174862501,Historical
2015-10-14,NEM,-0.03208244852495738,-0.018788429730719765,Historical
2015-10-14,PFE,0.030821861916714995,0.013710413851809062,Historical
2015-10-14,PG,0.03360410867089659,0.005565446783758313,Historical
2015-10-14,UNH,-0.0792768995201137,0.022497933233658982,Historical
2015-10-14,VZ,0.021410164187716605,0.008841558057051585,Historical
2015-10-14,WFC,0.08007645043236129,0.013760020935003621,Historical
2015-10-14,XOM,0.0392829759162149,0.005645430452029212,Historical
2015-11-12,AAPL,-0.0255586774322335,0.01693043960164684,Historical
2015-11-12,CAT,-0.09443463793113739,-2.4620848179868657e-05,Historical
2015-11-12,CVX,-0.05226191488434481,0.00451064080547906,Historical
2015-11-12,DUK,-0.005732972217625499,0.007672957360929148,Historical
2015-11-12,GS,-0.108102413544317,0.003931783800524714,Historical
2015-11-12,HD,0.04933872628933099,0.024887641978046028,Historical
2015-11-12,INTC,0.04201409925443981,0.010151499158654745,Historical
2015-11-12,JNJ,0.005575983351136302,0.010327684247238926,Historical
2015-11-12,JPM,-0.0499266718375182,0.01092068644126024,Historical
2015-11-12,KO,0.013095977135992606,0.007340085864429634,Historical
2015-11-12,MCD,0.0272080186007903,0.008758357779524904,Historical
2015-11-12,MMM,-0.020342223818976605,0.012452889799740829,Historical
2015-11-12,MSFT,0.014330417589852498,0.013761646144538344,Historical
2015-11-12,NEM,0.07391175649811278,-0.018773168566487145,Historical
2015-11-12,PFE,-0.051075039057876415,0.014430940688296274,Historical
2015-11-12,PG,0.023677907634539096,0.005296710559297555,Historical
2015-11-12,UNH,0.016803732712688098,0.02009199240595935,Historical
2015-11-12,VZ,-0.011093897667719003,0.009208484972544251,Historical
2015-11-12,WFC,-0.045649927379012106,0.013524285043500945,Historical
2015-11-12,XOM,-0.09342548236723211,0.00469529054827834,Historical
2015-12-14,AAPL,-0.15025575226310278,0.0163115392085991,Historical
2015-12-14,CAT,-0.07191201997640942,-0.0031071159272311054,Historical
2015-12-14,CVX,-0.0609353969707987,0.0028924061394796524,Historical
2015-12-14,DUK,0.05533906271766109,0.008150398517906169,Historical
2015-12-14,GS,-0.10481910296366338,0.002103427105417265,Historical
2015-12-14,HD,-0.0718221120584753,0.024136404592488014,Historical
2015-12-14,INTC,-0.0713509457379102,0.010347469941336373,Historical
2015-12-14,JNJ,-0.046913739165326096,0.010871351455121442,Historical
2015-12-14,JPM,-0.10429196578832141,0.009712726267820056,Historical
2015-12-14,KO,-0.009985834872688708,0.0068708199307661805,Historical
2015-12-14,MCD,-0.008304782322154595,0.009398818753564991,Historical
2015-12-14,MMM,-0.10987020427624677,0.012243803072225664,Historical
2015-12-14,MSFT,-0.04579771603154629,0.013818190976222871,Historical
2015-12-14,NEM,-0.09020017342983902,-0.01751244328302632,Historical
2015-12-14,PFE,-0.054153713839711806,0.013806847305629947,Historical
2015-12-14,PG,-0.025127333129077806,0.006197855577925114,Historical
2015-12-14,UNH,-0.059961882762543973,0.020466610236962262,Historical
2015-12-14,VZ,-0.0028367617512902003,0.008748179627842722,Historical
2015-12-14,WFC,-0.06951554866202012,0.011651931328992964,Historical
2015-12-14,XOM,0.017468170155941105,0.0028180121105432303,Historical
2016-01-14,AAPL,-0.030123716529461407,0.012664685753633826,Historical
2016-01-14,CAT,0.048886501114843696,-0.004983125222735098,Historical
2016-01-14,CVX,0.049182256322504996,0.0011688488841140102,Historical
2016-01-14,DUK,0.071902654546484,0.00893945758873501,Historical
2016-01-14,GS,-0.08434476897177093,2.8259788061140814e-05,Historical
2016-01-14,HD,-0.0427464933174275,0.022905410159277523,Historical
2016-01-14,INTC,-0.09935202187293661,0.010036918715102447,Historical
2016-01-14,JNJ,0.0482894483226776,0.010062622081442374,Historical
2016-01-14,JPM,0.0026125265224915123,0.006929860908345236,Historical
2016-01-14,KO,0.0296631213388035,0.00716576010237291,Historical
2016-01-14,MCD,0.024116309977081078,0.010153649814826849,Historical
2016-01-14,MMM,0.11143445206143131,0.009820882491930435,Historical
2016-01-14,MSFT,-0.022323308783158084,0.012367643641569682,Historical
2016-01-14,NEM,0.38854130074681653,-0.018306693415740177,Historical
2016-01-14,PFE,-0.023818783535964692,0.011475657126066643,Historical
2016-01-14,PG,0.0742463381682851,0.005388676585951491,Historical
2016-01-14,UNH,0.02343466016665799,0.018668158291986738,Historical
2016-01-14,VZ,0.1266276557605441,0.0073509185942416165,Historical
2016-01-14,WFC,-0.042177047935399,0.0098785054803567,Historical
2016-01-14,XOM,0.0777372772758814,0.0023999155410743033,Historical
2016-02-16,AAPL,0.1067638836406619,0.011415055403625484,Historical
2016-02-16,CAT,0.13724578277376898,-0.005351263197116093,Historical
2016-02-16,CVX,0.11106977381620689,0.000947049973935996,Historical
2016-02-16,DUK,0.023463455653825988,0.00967573297396581,Historical
2016-02-16,GS,0.0439167567162837,-0.0010051864014946929,Historical
2016-02-16,HD,0.1144404951587806,0.02089736759380229,Historical
2016-02-16,INTC,0.09993398921186199,0.007631535737114687,Historical
2016-02-16,JNJ,0.06392102632019948,0.011214235233194607,Historical
2016-02-16,JPM,0.029310566140059703,0.0063293215198130855,Historical
2016-02-16,KO,0.0559951157169587,0.007636382848953247,Historical
2016-02-16,MCD,0.05313015283672741,0.010027083150161997,Historical
2016-02-16,MMM,0.0534310574331226,0.010997979672441923,Historical
2016-02-16,MSFT,0.06654330820956801,0.012143898842408622,Historical
2016-02-16,NEM,0.0235711301656027,-0.011868482000726217,Historical
2016-02-16,PFE,0.006112378828134594,0.010198436497461572,Historical
2016-02-16,PG,0.003943364577900803,0.006495251333873188,Historical
2016-02-16,UNH,0.11434081039755371,0.017559131319325516,Historical
2016-02-16,VZ,0.049825320478102605,0.009112428489186463,Historical
2016-02-16,WFC,0.0549008886988726,0.008150266630485434,Historical
2016-02-16,XOM,0.021850349781844504,0.0020381987759770554,Historical
2016-03-16,AAPL,0.06943887554953182,0.013484077635319188,Historical
2016-03-16,CAT,0.08732261014054642,-0.0031021990972447586,Historical
2016-03-16,CVX,0.0386004645132626,0.002046252509461935,Historical
2016-03-16,DUK,0.017778161494014,0.00951516496771737,Historical
2016-03-16,GS,0.0567673083344521,0.00023528326943917649,Historical
2016-03-16,HD,0.03529565004689935,0.02270476953831443,Historical
2016-03-16,INTC,0.004727998934301401,0.009761730436429274,Historical
2016-03-16,JNJ,0.019118162569791004,0.01245854181359978,Historical
2016-03-16,JPM,0.06306048000243511,0.006586683022347484,Historical
2016-03-16,KO,0.012957172402824296,0.008016766757544038,Historical
2016-03-16,MCD,0.03252068304466438,0.01060217903749933,Historical
2016-03-16,MMM,0.03479215474922551,0.011636869549292377,Historical
2016-03-16,MSFT,0.03249523718431469,0.014578397676811038,Historical
2016-03-16,NEM,0.0839727710873781,-0.009777201453284529,Historical
2016-03-16,PFE,0.10009947008009762,0.009936847901217221,Historical
2016-03-16,PG,0.0167306604179956,0.007329033271617494,Historical
2016-03-16,UNH,0.0247609994362149,0.018825369120390078,Historical
2016-03-16,VZ,-0.014685784901038203,0.01032431983855604,Historical
2016-03-16,WFC,-0.024097460934139697,0.009446914784024834,Historical
2016-03-16,XOM,0.031027858837634505,0.0024894112648105853,Historical
2016-04-15,AAPL,-0.2077503215903225,0.01567620282131309,Historical
2016-04-15,CAT,-0.11088318626923241,-0.003090493904704156,Historical
2016-04-15,CVX,0.02777949947934711,0.001429231178504354,Historical
2016-04-15,DUK,0.0164777865012908,0.010057444760567635,Historical
2016-04-15,GS,-0.0352285474108162,0.0010996613174420404,Historical
2016-04-15,HD,-0.009271126441137438,0.02308787175798149,Historical
2016-04-15,INTC,-0.052672657211955604,0.010450508315772485,Historical
2016-04-15,JNJ,0.033306847650269755,0.012729768815518959,Historical
2016-04-15,JPM,-0.022458366659245603,0.007144354707475953,Historical
2016-04-15,KO,-0.010529108670307196,0.007579626918090562,Historical
2016-04-15,MCD,0.01029901609947085,0.011248779101318558,Historical
2016-04-15,MMM,0.0009510254830035012,0.011822998731196434,Historical
2016-04-15,MSFT,-0.0804642699881314,0.014926404959890158,Historical
2016-04-15,NEM,0.1722174400029656,-0.009854738707612014,Historical
2016-04-15,PFE,0.025319081514468402,0.010608353666042935,Historical
2016-04-15,PG,-0.009556687860738699,0.007419222872347963,Historical
2016-04-15,UNH,0.007938452046309805,0.018961241084142835,Historical
2016-04-15,VZ,-0.008211277718181299,0.008961487892203093,Historical
2016-04-15,WFC,-0.003707661641750102,0.009520372823407102,Historical
2016-04-15,XOM,0.04548048968243389,0.0024007118346660626,Historical
2016-05-16,AAPL,0.0738712609762273,0.011405808450091223,Historical
2016-05-16,CAT,0.0661250526627227,-0.005146275720962429,Historical
2016-05-16,CVX,0.015861715079423404,0.0027684461637905197,Historical
2016-05-16,DUK,0.03053162186577,0.009604779573965213,Historical
2016-05-16,GS,-0.056619088577958096,0.001977816045310214,Historical
2016-05-16,HD,-0.055929288356554696,0.02309817784485386,Historical
2016-05-16,INTC,0.0719085673868924,0.006918111924084223,Historical
2016-05-16,JNJ,0.03798180506208378,0.011514127297152392,Historical
2016-05-16,JPM,0.01427667269714919,0.00773274349778611,Historical
2016-05-16,KO,0.0007804100238975029,0.007423941264337051,Historical
2016-05-16,MCD,-0.0429774809328758,0.010722669790514009,Historical
2016-05-16,MMM,0.002409380948562391,0.011536000743820019,Historical
2016-05-16,MSFT,-0.0178061671653685,0.013987899551786013,Historical
2016-05-16,NEM,0.03191288281281951,-0.005914852844601476,Historical
2016-05-16,PFE,0.052813730435880196,0.01091822954816186,Historical
2016-05-16,PG,0.025763959896012406,0.006151490776584359,Historical
2016-05-16,UNH,0.06649867701366322,0.017077107800497097,Historical
2016-05-16,VZ,0.039455009066199795,0.009086476600439503,Historical
2016-05-16,WFC,-0.02859765018467869,0.011205761715407672,Historical
2016-05-16,XOM,0.0197670426062632,0.003874491987566615,Historical
2016-06-15,AAPL,0.013554625973735007,0.01369360212221098,Historical
2016-06-15,CAT,0.0671562729137046,-0.0019149440137358354,Historical
2016-06-15,CVX,0.052132008950621395,0.0033319822514729174,Historical
2016-06-15,DUK,0.027998530841449987,0.010520221345032292,Historical
2016-06-15,GS,0.10601713298481491,0.0023968778324050893,Historical
2016-06-15,HD,0.0716299469111459,0.023940438089416656,Historical
2016-06-15,INTC,0.09094457532804912,0.009628383269581518,Historical
2016-06-15,JNJ,0.050447637544399355,0.012123838351300171,Historical
2016-06-15,JPM,0.04008671136384128,0.009214235403163127,Historical
2016-06-15,KO,0.014328409881858907,0.007921744530348445,Historical
2016-06-15,MCD,0.011524095557042197,0.009705351865999032,Historical
2016-06-15,MMM,0.07630465287109942,0.01233566572114266,Historical
2016-06-15,MSFT,0.07554054434049111,0.014703514381641943,Historical
2016-06-15,NEM,0.1689563175579745,-0.004969089977997602,Historical
2016-06-15,PFE,0.0536908302616437,0.01220778270128341,Historical
2016-06-15,PG,0.0297862754615728,0.006892241106087454,Historical
2016-06-15,UNH,0.025856413709147395,0.018334826162138433,Historical
2016-06-15,VZ,0.06243228677217621,0.010696694903944825,Historical
2016-06-15,WFC,0.0430041288954805,0.011880698798731219,Historical
2016-06-15,XOM,0.04877466014140411,0.004481551762906427,Historical
2016-07-15,AAPL,0.09620241987274879,0.012552857359316473,Historical
2016-07-15,CAT,0.0456520890718742,-0.0024561890982517016,Historical
2016-07-15,CVX,-0.0434811870107597,0.003429694774519971,Historical
2016-07-15,DUK,-0.0048363474418987,0.010238067991067279,Historical
2016-07-15,GS,0.004358916937082698,0.0048663390177625596,Historical
2016-07-15,HD,0.0149755988865371,0.02374412567257657,Historical
2016-07-15,INTC,-0.010508188524409599,0.010330207758859742,Historical
2016-07-15,JNJ,0.00032475576063599985,0.012729250046016938,Historical
2016-07-15,JPM,0.018541839888441502,0.010468238347059396,Historical
2016-07-15,KO,-0.0370082449353125,0.007424829372541744,Historical
2016-07-15,MCD,-0.036233076693977205,0.008963807081875257,Historical
2016-07-15,MMM,-0.003488522255668227,0.012687258638147158,Historical
2016-07-15,MSFT,0.0752505720551759,0.014083253096751664,Historical
2016-07-15,NEM,0.0818524124456217,-0.003216986683416658,Historical
2016-07-15,PFE,-0.0456985409500625,0.013194039897848385,Historical
2016-07-15,PG,0.0213384335914975,0.0074325322200603,Historical
2016-07-15,UNH,0.014381050645328498,0.01810443365548492,Historical
2016-07-15,VZ,-0.040009028416193304,0.010644362022161178,Historical
2016-07-15,WFC,-0.013481137012133,0.011907938804978655,Historical
2016-07-15,XOM,-0.06922838081428451,0.004859396294259563,Historical
2016-08-15,AAPL,-0.002128549635816799,0.013694374226942628,Historical
2016-08-15,CAT,-0.03394366858479479,0.002354557134345559,Historical
2016-08-15,CVX,-0.016604630569170296,0.005071854773722167,Historical
2016-08-15,DUK,-0.057940571347594914,0.011637895794861684,Historical
2016-08-15,GS,0.026613955240211297,0.007711479233812278,Historical
2016-08-15,HD,-0.0776649825994613,0.027932301982260696,Historical
2016-08-15,INTC,0.0296401160021589,0.011977559204140805,Historical
2016-08-15,JNJ,-0.03994830613829817,0.01452579762425286,Historical
2016-08-15,JPM,0.018354895439091003,0.013049399471898723,Historical
2016-08-15,KO,-0.032419932597587,0.007792050986294812,Historical
2016-08-15,MCD,-0.0331606620509117,0.00853933295329757,Historical
2016-08-15,MMM,-0.017362873554733704,0.0160198562068697,Historical
2016-08-15,MSFT,-0.018423413216350402,0.016875768770471648,Historical
2016-08-15,NEM,-0.1457390620398664,-0.001999757430044972,Historical
2016-08-15,PFE,-0.0272402678074636,0.014907323629987129,Historical
2016-08-15,PG,0.00011531135865400222,0.009284395641348494,Historical
2016-08-15,UNH,-0.05993132114682259,0.021773137289916908,Historical
2016-08-15,VZ,-0.041871095697553,0.011594833344694952,Historical
2016-08-15,WFC,-0.019819505772331103,0.01460808346265736,Historical
2016-08-15,XOM,-0.030511894902311897,0.006686358504322139,Historical
2016-09-14,AAPL,0.08340766475578902,0.013038636727542026,Historical
2016-09-14,CAT,0.087655383089404,0.0016992661518047674,Historical
2016-09-14,CVX,0.026988494904198093,0.00383292048420672,Historical
2016-09-14,DUK,-0.027537028255366303,0.00946125952495388,Historical
2016-09-14,GS,0.013678074441769,0.009373807985493728,Historical
2016-09-14,HD,0.007685952463553504,0.024658010762091006,Historical
2016-09-14,INTC,0.04179879755159592,0.012665017416110206,Historical
2016-09-14,JNJ,0.0030561140036760807,0.012786004737727957,Historical
2016-09-14,JPM,0.031007608890525607,0.01450449531490161,Historical
2016-09-14,KO,-0.0118966088396963,0.005898438131832902,Historical
2016-09-14,MCD,-0.0001743426510980011,0.007687042570292244,Historical
2016-09-14,MMM,-0.0367313927281023,0.01595854642910607,Historical
2016-09-14,MSFT,0.010207897656127191,0.015435627329930838,Historical
2016-09-14,NEM,-0.12253542922673284,-0.00711358178024143,Historical
2016-09-14,PFE,-0.028909709698112296,0.013292363051156547,Historical
2016-09-14,PG,0.017310207428297898,0.008363778674387297,Historical
2016-09-14,UNH,0.008548632152512803,0.019315594893529412,Historical
2016-09-14,VZ,-0.011265565111097503,0.010132451636187645,Historical
2016-09-14,WFC,-0.035547865971444007,0.013817959351109148,Historical
2016-09-14,XOM,0.022282302910753903,0.005463294089771689,Historical
2016-10-13,AAPL,-0.0797696185945835,0.013935878466207228,Historical
2016-10-13,CAT,0.0736623914381979,0.0041476586400575185,Historical
2016-10-13,CVX,0.0537425827435565,0.00376387433603507,Historical
2016-10-13,DUK,-0.01963011445084931,0.007532663295296297,Historical
2016-10-13,GS,0.1709859668954939,0.01062871062042438,Historical
2016-10-13,HD,0.018301570691113794,0.023387427856177978,Historical
2016-10-13,INTC,-0.06592299646091149,0.010867588984241058,Historical
2016-10-13,JNJ,0.0132210369263312,0.012631322199222698,Historical
2016-10-13,JPM,0.1178317557584682,0.01476131517784796,Historical
2016-10-13,KO,-0.020309941570158807,0.006191138483994324,Historical
2016-10-13,MCD,-0.0017449341119383944,0.007015610089162296,Historical
2016-10-13,MMM,0.02651330849222502,0.01533114245739038,Historical
2016-10-13,MSFT,0.027460508763225797,0.014846322736329852,Historical
2016-10-13,NEM,0.004624301821831184,-0.009158396606221347,Historical
2016-10-13,PFE,0.022544467914182006,0.012236997906839374,Historical
2016-10-13,PG,-0.0577436861948806,0.00787302251535865,Historical
2016-10-13,UNH,0.0784814481768013,0.01909590179955064,Historical
2016-10-13,VZ,-0.07447497331162001,0.008947002608059335,Historical
2016-10-13,WFC,0.1386515029873548,0.011471616135098511,Historical
2016-10-13,XOM,0.007897357948048706,0.0046414974697421875,Historical
2016-11-11,AAPL,0.04985438707773861,0.01187590522564381,Historical
2016-11-11,CAT,0.0172924844816106,0.0020815396343300163,Historical
2016-11-11,CVX,0.0932316441543051,0.0029419768927226443,Historical
2016-11-11,DUK,0.028734411802072896,0.006743067741810883,Historical
2016-11-11,GS,0.16921406972470043,0.011450433011995671,Historical
2016-11-11,HD,0.047409658717930306,0.022185463304987614,Historical
2016-11-11,INTC,0.041725906051441795,0.00831209653435499,Historical
2016-11-11,JNJ,-0.028707175662328003,0.01274080565352257,Historical
2016-11-11,JPM,0.1002203155368808,0.015377642254117618,Historical
2016-11-11,KO,0.0315964387792513,0.0054222598731983275,Historical
2016-11-11,MCD,0.0689715661084009,0.00587749621137038,Historical
2016-11-11,MMM,0.0366826694776048,0.014698334886225194,Historical
2016-11-11,MSFT,0.06416548139694819,0.015168444517973506,Historical
2016-11-11,NEM,-0.06035652836370067,-0.010626355487784452,Historical
2016-11-11,PFE,-0.033088451380465005,0.011454079821942081,Historical
2016-11-11,PG,0.025821179019449497,0.006927742533133804,Historical
2016-11-11,UNH,0.09145872784232299,0.02053700754179813,Historical
2016-11-11,VZ,0.1030875814638846,0.0074280491841048546,Historical
2016-11-11,WFC,0.07731262113302599,0.01344833230966391,Historical
2016-11-11,XOM,0.0441567887715428,0.003930581624089956,Historical
2016-12-13,AAPL,0.05118285650888249,0.013358174265718888,Historical
2016-12-13,CAT,-0.011530337712494508,0.002894123092744275,Historical
2016-12-13,CVX,-0.0084867019080305,0.005408628026384834,Historical
2016-12-13,DUK,0.013764761305323298,0.007293549718618356,Historical
2016-12-13,GS,0.0277350617852068,0.01559158275594162,Historical
2016-12-13,HD,0.003634545489747303,0.022001850700572645,Historical
2016-12-13,INTC,0.020363792522103095,0.009034486869393453,Historical
2016-12-13,JNJ,-0.006435234745936801,0.01238825588729086,Historical
2016-12-13,JPM,0.0231824749621308,0.01843684448648414,Historical
2016-12-13,KO,-0.022934071840765003,0.00630101153868501,Historical
2016-12-13,MCD,0.0029526729113186993,0.006498314790724286,Historical
2016-12-13,MMM,-0.012322699487076698,0.015473762735128646,Historical
2016-12-13,MSFT,0.007052631437066402,0.017229440832757403,Historical
2016-12-13,NEM,0.0557773975011368,-0.010375943869832083,Historical
2016-12-13,PFE,0.006153730113513593,0.010811555994583574,Historical
2016-12-13,PG,-0.015269523494472597,0.007290746749550332,Historical
2016-12-13,UNH,0.0178346457646053,0.02129437376277824,Historical
2016-12-13,VZ,0.028252692646223897,0.009017846094203374,Historical
2016-12-13,WFC,-0.0232148610154799,0.014951850061792905,Historical
2016-12-13,XOM,-0.0523464048501334,0.004643560612978015,Historical
2017-01-13,AAPL,0.11563136639671215,0.012876193851772934,Historical
2017-01-13,CAT,0.0551312950494524,0.0014847655129034266,Historical
2017-01-13,CVX,-0.0195599240330388,0.004192566765101302,Historical
2017-01-13,DUK,0.014722065640649103,0.006744306870371425,Historical
2017-01-13,GS,0.00991604981276359,0.016321176449728643,Historical
2017-01-13,HD,0.03492030499114806,0.020615363124183987,Historical
2017-01-13,INTC,-0.017987486464324402,0.008790652852825737,Historical
2017-01-13,JNJ,0.010932707899647098,0.011913999811544573,Historical
2017-01-13,JPM,0.021905804657067894,0.016831681736894682,Historical
2017-01-13,KO,-0.008091212311394199,0.005279323494726994,Historical
2017-01-13,MCD,0.027784148625307103,0.006076199744945039,Historical
2017-01-13,MMM,0.0199750344098849,0.014491356114631856,Historical
2017-01-13,MSFT,0.03314506893250049,0.015818243368050863,Historical
2017-01-13,NEM,0.0810460748216199,-0.008562994958804665,Historical
2017-01-13,PFE,0.010443196435268597,0.009528716127643526,Historical
2017-01-13,PG,0.059837010806758795,0.006562216721793539,Historical
2017-01-13,UNH,-0.0022816307871054552,0.020115493734861937,Historical
2017-01-13,VZ,-0.08164153474466031,0.008941653885555595,Historical
2017-01-13,WFC,0.05302217851815688,0.012632318074028127,Historical
2017-01-13,XOM,-0.030350048207132604,0.0025930212733846925,Historical
2017-02-14,AAPL,0.05239556322971829,0.012254810485764104,Historical
2017-02-14,CAT,-0.05359388815196299,0.00031075093582514046,Historical
2017-02-14,CVX,-0.0356354576370077,0.004282807765363376,Historical
2017-02-14,DUK,0.0522193503739372,0.00699743950229046,Historical
2017-02-14,GS,0.004679475368274008,0.013749341546303305,Historical
2017-02-14,HD,0.06222824651134,0.02054413864725804,Historical
2017-02-14,INTC,-0.0197468028105098,0.007550936456291745,Historical
2017-02-14,JNJ,0.11354228667175109,0.012175646943419959,Historical
2017-02-14,JPM,0.0398093726733929,0.016380310809074535,Historical
2017-02-14,KO,0.04504966188416391,0.005477063442420867,Historical
2017-02-14,MCD,0.0258012143768225,0.006490856927456397,Historical
2017-02-14,MMM,0.06120407396850232,0.014104569927083645,Historical
2017-02-14,MSFT,0.006507615369225599,0.014702883199412965,Historical
2017-02-14,NEM,-0.0903224620015721,-0.006668741885034916,Historical
2017-02-14,PFE,0.060100913482830795,0.010149615628612932,Historical
2017-02-14,PG,0.034392607686575594,0.00801249392692348,Historical
2017-02-14,UNH,0.0624007779099945,0.019938676160008353,Historical
2017-02-14,VZ,0.0322247391146966,0.007864224673902413,Historical
2017-02-14,WFC,0.028156036061203097,0.012797224137682982,Historical
2017-02-14,XOM,-0.012120784419029099,0.0021603449848378513,Historical
2017-03-16,AAPL,0.004191502285058402,0.011249839511348423,Historical
2017-03-16,CAT,-0.0027887862448634955,2.2709872608115786e-06,Historical
2017-03-16,CVX,-0.0258643976655253,0.0030023443903188767,Historical
2017-03-16,DUK,0.007169452199277601,0.0077428709549857856,Historical
2017-03-16,GS,-0.09989161835529312,0.013618183251410704,Historical
2017-03-16,HD,-0.013884343002306003,0.02029941904891563,Historical
2017-03-16,INTC,0.004264355757490705,0.00714135517065585,Historical
2017-03-16,JNJ,-0.031268349024072925,0.013867587605048854,Historical
2017-03-16,JPM,-0.07755255829109971,0.01590390936416945,Historical
2017-03-16,KO,0.0157818388521132,0.005701732564569033,Historical
2017-03-16,MCD,0.02227133378166,0.00736873484959257,Historical
2017-03-16,MMM,-0.013426672072868396,0.015103649098574977,Historical
2017-03-16,MSFT,0.003084311473776002,0.014027901252017977,Historical
2017-03-16,NEM,0.011661786226501904,-0.006772823386355002,Historical
2017-03-16,PFE,-0.021895134808944297,0.010838888141490354,Historical
2017-03-16,PG,-0.015102972719839599,0.0076569373994939665,Historical
2017-03-16,UNH,-0.0405118863294163,0.020325331119085455,Historical
2017-03-16,VZ,-0.018922521126038504,0.007797061185167452,Historical
2017-03-16,WFC,-0.13394510279278038,0.012767181437269886,Historical
2017-03-16,XOM,-0.003787635988567602,0.0018272920939737605,Historical
2017-04-17,AAPL,0.1029357868215362,0.009217663589107063,Historical
2017-04-17,CAT,0.1036799589981743,0.001093766872383687,Historical
2017-04-17,CVX,0.007043626610906085,0.004002189828349347,Historical
2017-04-17,DUK,0.011915553369532702,0.008677481453823353,Historical
2017-04-17,GS,0.008027829294895903,0.012105024030091087,Historical
2017-04-17,HD,0.0753558160178508,0.019674796137752235,Historical
2017-04-17,INTC,0.018134283874876506,0.006689646104414556,Historical
2017-04-17,JNJ,0.0158744143216357,0.013596659724696989,Historical
2017-04-17,JPM,0.0342407416090596,0.013133823151231709,Historical
2017-04-17,KO,0.021729947913841502,0.00538156073810201,Historical
2017-04-17,MCD,0.11215870436789488,0.00741549303553609,Historical
2017-04-17,MMM,0.04650305768125079,0.01530212547016565,Historical
2017-04-17,MSFT,0.0521930330998389,0.01498244617280339,Historical
2017-04-17,NEM,-0.018429394138727396,-0.004188821164116567,Historical
2017-04-17,PFE,-0.0130548372804824,0.010159708081635967,Historical
2017-04-17,PG,-0.03433762527034951,0.007720795006763804,Historical
2017-04-17,UNH,0.039055483484463804,0.018765283069343597,Historical
2017-04-17,VZ,-0.0689637052684673,0.008106484093037408,Historical
2017-04-17,WFC,0.0446383218819005,0.009405428341659182,Historical
2017-04-17,XOM,0.0228951657789262,0.0023288568661861773,Historical
2017-05-16,AAPL,-0.07009441569154229,0.012485288192403939,Historical
2017-05-16,CAT,0.022112665284020304,0.0038184371553267628,Historical
2017-05-16,CVX,0.007778737904666806,0.003726376020972326,Historical
2017-05-16,DUK,0.04259668597957401,0.0077365659263001554,Historical
2017-05-16,GS,0.009516389421690988,0.01368103677987806,Historical
2017-05-16,HD,0.0021325792521845015,0.020641789581430477,Historical
2017-05-16,INTC,-0.0028107340701079026,0.007240619356409265,Historical
2017-05-16,JNJ,0.05111949327195985,0.013747274821170092,Historical
2017-05-16,JPM,-0.002866288986845602,0.01499127242040419,Historical
2017-05-16,KO,0.0434687347504647,0.004563978567920079,Historical
2017-05-16,MCD,0.03588506359207559,0.010456316175547086,Historical
2017-05-16,MMM,0.0667133436647735,0.01573315744634482,Historical
2017-05-16,MSFT,0.0322498568207731,0.015639531202101098,Historical
2017-05-16,NEM,-0.0029599968365700974,-0.003858957543021461,Historical
2017-05-16,PFE,-0.013067954978149,0.0091226402293128,Historical
2017-05-16,PG,0.024147434886318698,0.007595299751238797,Historical
2017-05-16,UNH,0.0612241652566131,0.020219468376948383,Historical
2017-05-16,VZ,0.028458514500493793,0.005600421066945856,Historical
2017-05-16,WFC,0.022439500691180506,0.010256036913533764,Historical
2017-05-16,XOM,-0.008855373851836898,0.002567825475275792,Historical
2017-06-15,AAPL,0.0263780025499108,0.01129806939929868,Historical
2017-06-15,CAT,0.0380411557215815,0.006080538756787112,Historical
2017-06-15,CVX,-0.020471074195202704,0.004272492697734124,Historical
2017-06-15,DUK,-0.029151023984817705,0.0073669866516197025,Historical
2017-06-15,GS,0.009184515475603004,0.016026949043882233,Historical
2017-06-15,HD,-0.025062776203908583,0.020340650811751414,Historical
2017-06-15,INTC,-0.024214134222442993,0.007976681675423973,Historical
2017-06-15,JNJ,-0.0012809821570111991,0.015082494959002813,Historical
2017-06-15,JPM,0.0630459198762809,0.018546376214453056,Historical
2017-06-15,KO,-0.013781131324352401,0.005891319818336242,Historical
2017-06-15,MCD,0.030071992178981204,0.011910930009790504,Historical
2017-06-15,MMM,0.008345814574633799,0.01710726525853112,Historical
2017-06-15,MSFT,0.035095759668145,0.017096749006044232,Historical
2017-06-15,NEM,-0.012533649328427402,-0.00516691340190569,Historical
2017-06-15,PFE,0.0223844283507279,0.009446471398006567,Historical
2017-06-15,PG,-0.0152677556211482,0.008418784831651743,Historical
2017-06-15,UNH,0.028712130136424797,0.02059825724906379,Historical
2017-06-15,VZ,-0.05636111114847978,0.005268414343622396,Historical
2017-06-15,WFC,0.008400378228524007,0.011773088341265454,Historical
2017-06-15,XOM,-0.0096730639034442,0.0029454827770156455,Historical
2017-07-17,AAPL,0.0739408745796252,0.010794388701258992,Historical
2017-07-17,CAT,0.051607812464679534,0.007816432580753006,Historical
2017-07-17,CVX,0.040071160783029,0.00312695418451727,Historical
2017-07-17,DUK,0.026831624205318802,0.007486725382424138,Historical
2017-07-17,GS,-0.005439252331549793,0.015766730915173374,Historical
2017-07-17,HD,0.008986096883968397,0.019819391719140135,Historical
2017-07-17,INTC,0.0542344850243457,0.007962383906108038,Historical
2017-07-17,JNJ,0.006614431451257249,0.013578347507868125,Historical
2017-07-17,JPM,0.002598347671382298,0.018583305507061706,Historical
2017-07-17,KO,0.024758009192562998,0.004934594978151894,Historical
2017-07-17,MCD,0.012670314268314106,0.011855643215933357,Historical
2017-07-17,MMM,-0.020996370985484993,0.016731959517625617,Historical
2017-07-17,MSFT,0.0110685451570695,0.017452573459012386,Historical
2017-07-17,NEM,0.07851678983208761,-0.004153110417776525,Historical
2017-07-17,PFE,0.0061243490667244015,0.009639520571833239,Historical
2017-07-17,PG,0.058735090100740406,0.008470930172283503,Historical
2017-07-17,UNH,0.035788646782816805,0.021432360695980028,Historical
2017-07-17,VZ,0.1131813837559852,0.0032503340802499244,Historical
2017-07-17,WFC,-0.0326452131079535,0.01072990378169639,Historical
2017-07-17,XOM,-0.028600428359451705,0.0019520254274314006,Historical
2017-08-15,AAPL,-0.001252220419113403,0.011511826015161791,Historical
2017-08-15,CAT,0.05075237625435071,0.006852074327778788,Historical
2017-08-15,CVX,0.05908983169255479,0.0026018521100420315,Historical
2017-08-15,DUK,0.017814579618985298,0.007535101645161916,Historical
2017-08-15,GS,-0.00011503367165999982,0.014254530369889565,Historical
2017-08-15,HD,0.042555439359659206,0.019498485760506622,Historical
2017-08-15,INTC,-0.0002748112199775976,0.007882460850695402,Historical
2017-08-15,JNJ,-0.0014053870599132015,0.013585812901452915,Historical
2017-08-15,JPM,-0.014594164839876994,0.017540135667154226,Historical
2017-08-15,KO,0.023093869061348603,0.0049685699413662115,Historical
2017-08-15,MCD,0.004261146016663701,0.012515857092569164,Historical
2017-08-15,MMM,0.01590676275940727,0.01568716121563952,Historical
2017-08-15,MSFT,0.0270886450350105,0.01696806518315389,Historical
2017-08-15,NEM,0.05230640763289381,-0.0032809591887650777,Historical
2017-08-15,PFE,0.05120342885575,0.008484310476031844,Historical
2017-08-15,PG,0.0205190527118118,0.007918485281425768,Historical
2017-08-15,UNH,0.0273579170026008,0.023269464960058807,Historical
2017-08-15,VZ,-0.031868320463807796,0.005345857591607877,Historical
2017-08-15,WFC,-0.026463559654936186,0.009804226029389594,Historical
2017-08-15,XOM,0.019494706219458303,0.0006294486170993238,Historical
2017-09-14,AAPL,-0.023127898849356905,0.010399509585483257,Historical
2017-09-14,CAT,0.08305390908760839,0.007944872467437972,Historical
2017-09-14,CVX,0.042523018121196,0.0032581370792516386,Historical
2017-09-14,DUK,0.002302210377519703,0.00846170363337229,Historical
2017-09-14,GS,0.05679534804210021,0.012486046928774107,Historical
2017-09-14,HD,0.0281589042905162,0.01886919353152349,Historical
2017-09-14,INTC,0.0757775279230332,0.01017669136564869,Historical
2017-09-14,JNJ,0.0325342809057753,0.013445808281575005,Historical
2017-09-14,JPM,0.057565957127067205,0.016486304810112165,Historical
2017-09-14,KO,-0.008422535834073,0.006199064019029095,Historical
2017-09-14,MCD,0.0430712855739709,0.011680905865192518,Historical
2017-09-14,MMM,0.03793665248300679,0.016014708340489337,Historical
2017-09-14,MSFT,0.025078406371987997,0.01718970213827055,Historical
2017-09-14,NEM,0.013373677947308395,-0.003932444231605101,Historical
2017-09-14,PFE,0.036133492107208,0.009177877072212738,Historical
2017-09-14,PG,-0.015078519161089597,0.007821716229285123,Historical
2017-09-14,UNH,-0.027656783207098315,0.023183264202032264,Historical
2017-09-14,VZ,0.0349392422141902,0.004920308770395645,Historical
2017-09-14,WFC,0.0703390896743971,0.00898796071614855,Historical
2017-09-14,XOM,0.032801525337917706,0.0007142246942743659,Historical
2017-10-13,AAPL,0.1166308172033996,0.010704373877799036,Historical
2017-10-13,CAT,0.05466761841082439,0.00978494847998091,Historical
2017-10-13,CVX,-0.01658817915473969,0.0034768735597674664,Historical
2017-10-13,DUK,0.0218362207613456,0.008382232430409729,Historical
2017-10-13,GS,0.0014584252888609943,0.012728333358302276,Historical
2017-10-13,HD,-0.0029207229544534015,0.018309283021800692,Historical
2017-10-13,INTC,0.15695610040525737,0.0124437921546929,Historical
2017-10-13,JNJ,0.019755349079932302,0.013931918698957034,Historical
2017-10-13,JPM,0.0157108909339556,0.01623295061337608,Historical
2017-10-13,KO,0.009282181548368598,0.005552165404666576,Historical
2017-10-13,MCD,0.010197399364219907,0.012251544182228711,Historical
2017-10-13,MMM,0.044317848930633084,0.016056480643491088,Historical
2017-10-13,MSFT,0.0839049359936764,0.018407831248523573,Historical
2017-10-13,NEM,-0.077701170545419,-0.004698566981055622,Historical
2017-10-13,PFE,-0.0236204357002682,0.008963642357395687,Historical
2017-10-13,PG,-0.036798486940555514,0.007524254489196452,Historical
2017-10-13,UNH,0.0899141447521951,0.021536527187092477,Historical
2017-10-13,VZ,-0.07447387550459299,0.00456204882037803,Historical
2017-10-13,WFC,-0.018722447531443802,0.009916342276446154,Historical
2017-10-13,XOM,0.015380267859211798,0.0007744939846006461,Historical
2017-11-13,AAPL,-0.017149691414095874,0.015079006954631062,Historical
2017-11-13,CAT,0.049599259677462294,0.010556449012660686,Historical
2017-11-13,CVX,0.03042798758768792,0.004922362916812897,Historical
2017-11-13,DUK,-0.010123710147391099,0.009618673089852932,Historical
2017-11-13,GS,0.0735922038416322,0.013244660932796243,Historical
2017-11-13,HD,0.10742367658347049,0.01825787035697815,Historical
2017-11-13,INTC,-0.0506236984956631,0.01574776033853037,Historical
2017-11-13,JNJ,0.027653914588019496,0.013909220197775265,Historical
2017-11-13,JPM,0.0914711192591585,0.016803755568977986,Historical
2017-11-13,KO,-0.0190604049383389,0.006718091251257829,Historical
2017-11-13,MCD,0.045259767471269696,0.013811431371168895,Historical
2017-11-13,MMM,0.0443880307312314,0.017731070982669725,Historical
2017-11-13,MSFT,0.025193426763800895,0.020064386140480398,Historical
2017-11-13,NEM,-0.024435634212267802,-0.0039012094596345315,Historical
2017-11-13,PFE,0.039023740064277404,0.009189038280519724,Historical
2017-11-13,PG,0.018988201980644808,0.007189758846133453,Historical
2017-11-13,UNH,0.05606324427062359,0.02441608962765192,Historical
2017-11-13,VZ,0.1698780453630672,0.004624775763164564,Historical
2017-11-13,WFC,0.1143705812872061,0.010856902649678682,Historical
2017-11-13,XOM,-0.002172544533779501,0.001841497525504498,Historical
2017-12-13,AAPL,0.030909233117132902,0.01496682462667445,Historical
2017-12-13,CAT,0.17178431466750646,0.010922580110049856,Historical
2017-12-13,CVX,0.1100286681594995,0.004989874944883144,Historical
2017-12-13,DUK,-0.0992202516359898,0.008630392466778809,Historical
2017-12-13,GS,-0.0025254212686173956,0.014016277829944537,Historical
2017-12-13,HD,0.0773477302132636,0.019453876196356436,Historical
2017-12-13,INTC,-0.0020791173013105044,0.015024656760354811,Historical
2017-12-13,JNJ,0.02191767156824921,0.013932535321185938,Historical
2017-12-13,JPM,0.058233341337820196,0.01751940274933177,Historical
2017-12-13,KO,0.018810564374766404,0.005580569441992312,Historical
2017-12-13,MCD,0.0077500693749938,0.013483592400249695,Historical
2017-12-13,MMM,0.03280609591972025,0.017470966581560353,Historical
2017-12-13,MSFT,0.045903811526326596,0.021244503458239142,Historical
2017-12-13,NEM,0.1400511670711129,-0.0034217043674416047,Historical
2017-12-13,PFE,-0.0010938845436008963,0.008855407780626476,Historical
2017-12-13,PG,-0.002674728285009899,0.006622269864366908,Historical
2017-12-13,UNH,0.0272665083246679,0.024708236589763326,Historical
2017-12-13,VZ,-0.013997170110023296,0.00676695330363887,Historical
2017-12-13,WFC,0.0361363949432052,0.012285689283545105,Historical
2017-12-13,XOM,0.055922366936059995,0.0014685406408501377,Historical
2018-01-16,AAPL,-0.0706519796117478,0.016144216634502065,Historical
2018-01-16,CAT,-0.09617312447660678,0.012253573472335284,Historical
2018-01-16,CVX,-0.1648990310719993,0.00621760560169945,Historical
2018-01-16,DUK,-0.023337222915123402,0.0066150886020281685,Historical
2018-01-16,GS,-0.005853108413572013,0.011591134957915271,Historical
2018-01-16,HD,-0.0668424398652493,0.020529705681575323,Historical
2018-01-16,INTC,0.03458475858876201,0.013934553338480113,Historical
2018-01-16,JNJ,-0.11473450383252501,0.014007363263968738,Historical
2018-01-16,JPM,-0.0021326117035682986,0.01706106776418374,Historical
2018-01-16,KO,-0.04339859622459811,0.006317621630284251,Historical
2018-01-16,MCD,-0.06651862848132718,0.01322490826072237,Historical
2018-01-16,MMM,-0.055117859943947495,0.01756146796807188,Historical
2018-01-16,MSFT,0.0025637164544872,0.022311212209440868,Historical
2018-01-16,NEM,-0.07215728554460431,-0.0012816748244482165,Historical
2018-01-16,PFE,-0.035553803183985405,0.008274748123462065,Historical
2018-01-16,PG,-0.0872695565913116,0.0069208487623970355,Historical
2018-01-16,UNH,-0.008786007224984408,0.02576384046071609,Historical
2018-01-16,VZ,-0.034925766350536305,0.006773608859848057,Historical
2018-01-16,WFC,-0.06957638285052371,0.012005566517899247,Historical
2018-01-16,XOM,-0.1270204280025484,0.0022848652552745854,Historical
2018-02-14,AAPL,0.08349131348047009,0.016639017469876383,Historical
2018-02-14,CAT,0.0038894721948635833,0.01029899716615874,Historical
2018-02-14,CVX,0.029917350166836606,0.0027725269858539696,Historical
2018-02-14,DUK,0.007440385184108297,0.005286458383077022,Historical
2018-02-14,GS,0.04525027020565281,0.009547950431613701,Historical
2018-02-14,HD,-0.025549110846670997,0.018494456056134752,Historical
2018-02-14,INTC,0.1348804965288684,0.014958010285109633,Historical
2018-02-14,JNJ,0.029956299971921996,0.01131873896477679,Historical
2018-02-14,JPM,0.02468608266546536,0.01597563727211616,Historical
2018-02-14,KO,-0.003048040323359404,0.005303360115460638,Historical
2018-02-14,MCD,0.0014304235395468032,0.011514935085864184,Historical
2018-02-14,MMM,0.0251855194631065,0.01544409220918937,Historical
2018-02-14,MSFT,0.0519752421480419,0.02171412598609377,Historical
2018-02-14,NEM,0.011413071406515606,-0.0023085509860718205,Historical
2018-02-14,PFE,0.04586958538680662,0.007244363347554482,Historical
2018-02-14,PG,-0.035340690940038194,0.003778777444805515,Historical
2018-02-14,UNH,0.0157585685395788,0.02434513373385143,Historical
2018-02-14,VZ,-0.0363974208139383,0.005758389973084511,Historical
2018-02-14,WFC,-0.020378780067695695,0.01053384954229288,Historical
2018-02-14,XOM,-0.024948351263704406,0.0002769896782485272,Historical
2018-03-16,AAPL,-0.015967685129493994,0.019341741368649308,Historical
2018-03-16,CAT,-0.015846236628203593,0.011892435865092536,Historical
2018-03-16,CVX,0.0433451302765107,0.0026485543318260476,Historical
2018-03-16,DUK,0.0157728996465143,0.005123203365269403,Historical
2018-03-16,GS,-0.0332926450475477,0.010255334910280241,Historical
2018-03-16,HD,-0.02065347500320901,0.017269574849917976,Historical
2018-03-16,INTC,0.0294365823692543,0.016848084309317748,Historical
2018-03-16,JNJ,-0.0098180260248096,0.010974980049040559,Historical
2018-03-16,JPM,-0.0395708750905702,0.015767865775694945,Historical
2018-03-16,KO,0.022864697338915302,0.004496764337625347,Historical
2018-03-16,MCD,0.000123485918206396,0.010682916396328216,Historical
2018-03-16,MMM,-0.08016320316386179,0.015353864032719456,Historical
2018-03-16,MSFT,-0.00010634617056178367,0.022288247889378787,Historical
2018-03-16,NEM,0.10450224266945121,-6.163996712385912e-05,Historical
2018-03-16,PFE,-0.001368033663099997,0.007331206049715565,Historical
2018-03-16,PG,-0.0007632006328404974,0.002883306706322567,Historical
2018-03-16,UNH,0.0036539682444578954,0.025223452441724397,Historical
2018-03-16,VZ,0.014572533851542304,0.0037015800281714087,Historical
2018-03-16,WFC,-0.11216798910481712,0.0095226553842353,Historical
2018-03-16,XOM,0.0538833824956466,-0.00039495585143305124,Historical
2018-04-17,AAPL,0.0624974294240006,0.019570359469481335,Historical
2018-04-17,CAT,0.007975847304440797,0.012882546033564247,Historical
2018-04-17,CVX,0.0722245536295763,0.0038542955334413356,Historical
2018-04-17,DUK,-0.013300083645539501,0.004832894850061648,Historical
2018-04-17,GS,-0.06537620483679699,0.010539285638151468,Historical
2018-04-17,HD,0.0748121357644989,0.016459720275265502,Historical
2018-04-17,INTC,0.0343495424336927,0.017547859384561333,Historical
2018-04-17,JNJ,-0.0516288937699663,0.01027028647175493,Historical
2018-04-17,JPM,0.025265375265416806,0.016039199682855134,Historical
2018-04-17,KO,-0.06854572688685019,0.004426972224424768,Historical
2018-04-17,MCD,0.008808632170006998,0.01021503853482468,Historical
2018-04-17,MMM,-0.07282217249453041,0.014058736113584297,Historical
2018-04-17,MSFT,0.03290294763762209,0.021963865566469867,Historical
2018-04-17,NEM,-0.04721006328523679,0.0042562626547532,Historical
2018-04-17,PFE,-0.013548647992989507,0.005975731957799197,Historical
2018-04-17,PG,-0.06551362359668528,0.002390841904077272,Historical
2018-04-17,UNH,0.039083675984265806,0.023316226265960874,Historical
2018-04-17,VZ,-0.012476346695066596,0.0030438430605275063,Historical
2018-04-17,WFC,0.08238167961590391,0.00783450314940314,Historical
2018-04-17,XOM,0.05063176018842369,0.0011346032667746116,Historical
2018-05-16,AAPL,0.023116050752353293,0.01957516459089624,Historical
2018-05-16,CAT,0.0035975218498577963,0.011872036828627653,Historical
2018-05-16,CVX,-0.016528938729596196,0.0038943464135014075,Historical
2018-05-16,DUK,-0.034380047543133604,0.0046597165333111335,Historical
2018-05-16,GS,-0.029763648430645086,0.008556834722530384,Historical
2018-05-16,HD,0.0659135365643889,0.01657164329559233,Historical
2018-05-16,INTC,0.029602202943823895,0.016148926884725585,Historical
2018-05-16,JNJ,-0.0145878546005217,0.00837002322106865,Historical
2018-05-16,JPM,-0.045244173345957,0.015679100525015893,Historical
2018-05-16,KO,0.05248447435147689,0.00230374108171956,Historical
2018-05-16,MCD,0.030506707213121903,0.010517572080782866,Historical
2018-05-16,MMM,0.012825256834762997,0.012100748857862815,Historical
2018-05-16,MSFT,0.0455905950074689,0.019797588614470986,Historical
2018-05-16,NEM,-0.0052597786451564,0.004177044601187157,Historical
2018-05-16,PFE,0.0130827495649771,0.00619641203044676,Historical
2018-05-16,PG,0.040827632190838195,0.001214654534782274,Historical
2018-05-16,UNH,0.06400340748852519,0.02392977287762048,Historical
2018-05-16,VZ,0.0006275311590912044,0.002023369214765904,Historical
2018-05-16,WFC,-0.0001827997469946033,0.008107471594911295,Historical
2018-05-16,XOM,0.00122186046595559,0.000996252605702925,Historical
2018-06-15,AAPL,0.0005764555174171977,0.02025974961648932,Historical
2018-06-15,CAT,-0.1035190226405277,0.012397215322383234,Historical
2018-06-15,CVX,-0.028299765715763,0.003936384495270378,Historical
2018-06-15,DUK,0.09498864872262071,0.005005503076348294,Historical
2018-06-15,GS,-0.009503784133157788,0.006831870119876639,Historical
2018-06-15,HD,-0.003964134738275197,0.017758964816998533,Historical
2018-06-15,INTC,-0.06566771056841039,0.01585711771459317,Historical
2018-06-15,JNJ,0.018454418595111193,0.00840160166813083,Historical
2018-06-15,JPM,0.028749867610827966,0.013666455683398374,Historical
2018-06-15,KO,0.026046001017732894,0.003911967853591138,Historical
2018-06-15,MCD,-0.0507734452686415,0.011282479864249982,Historical
2018-06-15,MMM,-0.012452650178913905,0.012128066690584848,Historical
2018-06-15,MSFT,0.033832715019041504,0.01997617330201075,Historical
2018-06-15,NEM,-0.07034337830909128,0.0033381140641921053,Historical
2018-06-15,PFE,0.033182602055345595,0.006596860969319936,Historical
2018-06-15,PG,0.04553216044726931,0.002114664941576874,Historical
2018-06-15,UNH,0.009972416370159998,0.02428232859312761,Historical
2018-06-15,VZ,0.0874109179066402,0.0028463628015945835,Historical
2018-06-15,WFC,0.04028141962485379,0.007192441412397092,Historical
2018-06-15,XOM,0.007300629435466603,0.0009764238608503795,Historical
2018-07-17,AAPL,0.09761482666261069,0.020598299456343443,Historical
2018-07-17,CAT,-0.0170384422442875,0.010235257823007084,Historical
2018-07-17,CVX,-0.0032578330541744027,0.003056050895386738,Historical
2018-07-17,DUK,0.0054322308971162005,0.005741289114013585,Historical
2018-07-17,GS,-0.008156461538644601,0.006959345459869796,Historical
2018-07-17,HD,-0.0294934722623926,0.016870705298627282,Historical
2018-07-17,INTC,-0.07167492176755161,0.015478072442582069,Historical
2018-07-17,JNJ,0.03785029570886979,0.007664963660913795,Historical
2018-07-17,JPM,0.03614458163564491,0.013804460504530262,Historical
2018-07-17,KO,0.025602678501946204,0.0041004285541722104,Historical
2018-07-17,MCD,0.011397326912980902,0.010123993440650075,Historical
2018-07-17,MMM,-0.002938250743170304,0.011382246854105098,Historical
2018-07-17,MSFT,0.0433695940846055,0.01985815810355477,Historical
2018-07-17,NEM,-0.07271798895099629,0.0054920845530321925,Historical
2018-07-17,PFE,0.0938164526396963,0.007316943907372272,Historical
2018-07-17,PG,0.031169759649521293,0.0022315519432582896,Historical
2018-07-17,UNH,0.024979147436423592,0.023570539118212733,Historical
2018-07-17,VZ,0.024508259781473397,0.004360378553710139,Historical
2018-07-17,WFC,0.026064409546122394,0.006910492061506657,Historical
2018-07-17,XOM,-0.041740332223291994,0.0007513605954524779,Historical
2018-08-15,AAPL,0.07643153936546743,0.019853629732098775,Historical
2018-08-15,CAT,0.0757686363741662,0.009994536909597944,Historical
2018-08-15,CVX,-0.043049073957209104,0.0032957474493028054,Historical
2018-08-15,DUK,0.02278615059953781,0.0058764795533241,Historical
2018-08-15,GS,-0.0020659403909995995,0.006750963409677914,Historical
2018-08-15,HD,0.08638955458243282,0.016579351120185753,Historical
2018-08-15,INTC,-0.05444826727988031,0.015140309351860781,Historical
2018-08-15,JNJ,0.083817852223671,0.007821424452532534,Historical
2018-08-15,JPM,-0.0099049576495552,0.014590057401640936,Historical
2018-08-15,KO,0.007161972893931099,0.005089222352498858,Historical
2018-08-15,MCD,0.017368781325689,0.011040913729227856,Historical
2018-08-15,MMM,0.048340045830826316,0.010787956347978302,Historical
2018-08-15,MSFT,0.03395964240800391,0.022386153941847124,Historical
2018-08-15,NEM,-0.1113542122071773,0.0028279156951281923,Historical
2018-08-15,PFE,0.051232115120510395,0.00846960602366471,Historical
2018-08-15,PG,0.025978562404524605,0.0025960227271920383,Historical
2018-08-15,UNH,0.0109682576140279,0.022631214288320652,Historical
2018-08-15,VZ,0.0384055465670098,0.005041271862862332,Historical
2018-08-15,WFC,-0.0543159949115877,0.0072424815646713525,Historical
2018-08-15,XOM,0.049938403873914294,0.0006436073077797308,Historical
2018-09-14,AAPL,-0.019174895001124,0.02171228464249071,Historical
2018-09-14,CAT,-0.02413064636175969,0.01120544334403609,Historical
2018-09-14,CVX,0.012560557662755788,0.002253089115380806,Historical
2018-09-14,DUK,-0.026645290395328702,0.007508596664090522,Historical
2018-09-14,GS,-0.06542389613900121,0.006698745834277952,Historical
2018-09-14,HD,-0.08454489778171582,0.018801599124318367,Historical
2018-09-14,INTC,-0.015257038186674302,0.014151636714146824,Historical
2018-09-14,JNJ,-0.0439874665839373,0.009825924592377138,Historical
2018-09-14,JPM,-0.0526394297560459,0.015066494743785325,Historical
2018-09-14,KO,-0.025412823466157197,0.005604357063543834,Historical
2018-09-14,MCD,0.008705885819649595,0.011070614085248781,Historical
2018-09-14,MMM,-0.05314572482935899,0.011567810905388751,Historical
2018-09-14,MSFT,-0.030027947247847797,0.022715957442034515,Historical
2018-09-14,NEM,0.058481119127210796,0.0018982653585048364,Historical
2018-09-14,PFE,0.021471183029561497,0.009879279770527969,Historical
2018-09-14,PG,-0.054040661239267006,0.0037377971450936595,Historical
2018-09-14,UNH,-0.022396841480236705,0.022438491801588183,Historical
2018-09-14,VZ,-0.0112501558861706,0.00630319527316013,Historical
2018-09-14,WFC,-0.053976127422523196,0.006750106685520419,Historical
2018-09-14,XOM,-0.011484240819396417,0.0017427697970226529,Historical
2018-10-15,AAPL,-0.13095542910935826,0.020697976687504956,Historical
2018-10-15,CAT,-0.12165328861602831,0.011041026575777558,Historical
2018-10-15,CVX,-0.0032320270843111017,0.003320935203565335,Historical
2018-10-15,DUK,0.071515274204867,0.00609777094910898,Historical
2018-10-15,GS,-0.03724932343181852,0.005953706091870142,Historical
2018-10-15,HD,-0.0701550574313766,0.017190390526013094,Historical
2018-10-15,INTC,0.0449540002571861,0.01343971231284652,Historical
2018-10-15,JNJ,0.0841312842081594,0.009010622986779513,Historical
2018-10-15,JPM,0.018527681362741903,0.013980918798921606,Historical
2018-10-15,KO,0.10989339585376581,0.0054738715504340256,Historical
2018-10-15,MCD,0.1181761174802342,0.01163952720879139,Historical
2018-10-15,MMM,-0.006020780297930101,0.010330455553158426,Historical
2018-10-15,MSFT,-0.024950186358385893,0.02149702704527553,Historical
2018-10-15,NEM,-0.016045705368298316,0.004489816299581581,Historical
2018-10-15,PFE,0.015196718920932998,0.009997488305721105,Historical
2018-10-15,PG,0.16795905000502542,0.0027903318828366554,Historical
2018-10-15,UNH,0.04801778821188211,0.02217034362199679,Historical
2018-10-15,VZ,0.08880882837542399,0.0060196242529915985,Historical
2018-10-15,WFC,0.012652806763329104,0.006181100734598715,Historical
2018-10-15,XOM,-0.009143674103987092,0.0017476346401197034,Historical
2018-11-13,AAPL,-0.1273629835717889,0.017553751665284657,Historical
2018-11-13,CAT,0.007174228316448384,0.009183827646593416,Historical
2018-11-13,CVX,-0.002703178130888808,0.002790944001460687,Historical
2018-11-13,DUK,0.0671396009215412,0.006440243366037343,Historical
2018-11-13,GS,-0.15404791208895058,0.004937607884893798,Historical
2018-11-13,HD,-0.025513282882381815,0.01622989935106057,Historical
2018-11-13,INTC,0.0345515722576035,0.013394027509119987,Historical
2018-11-13,JNJ,0.021478160043316003,0.009534553188830711,Historical
2018-11-13,JPM,-0.0745808263935032,0.013792540091256883,Historical
2018-11-13,KO,-0.00017652173060879808,0.00640360977000611,Historical
2018-11-13,MCD,0.01725929140816469,0.013200758679432005,Historical
2018-11-13,MMM,0.0323100727891164,0.009260673313343171,Historical
2018-11-13,MSFT,0.0281655256771767,0.019471837087325097,Historical
2018-11-13,NEM,0.0807489690792887,0.0029937597392835323,Historical
2018-11-13,PFE,0.010374507920136996,0.008720465176234905,Historical
2018-11-13,PG,0.040070602645593395,0.004675823021266832,Historical
2018-11-13,UNH,0.0023455900091570734,0.023838885900256273,Historical
2018-11-13,VZ,-0.028151481982298898,0.006513740178075806,Historical
2018-11-13,WFC,-0.10716624655117192,0.005751545300445292,Historical
2018-11-13,XOM,-0.036353936966392816,0.0003682866880131827,Historical
2018-12-14,AAPL,-0.1104755171011536,0.014125002744939904,Historical
2018-12-14,CAT,0.037340095966507794,0.009081091782832616,Historical
2018-12-14,CVX,-0.03350319538873418,0.0024667139145956468,Historical
2018-12-14,DUK,-0.065463098618014,0.008352784855696804,Historical
2018-12-14,GS,0.022427480791327496,0.0019373384702417627,Historical
2018-12-14,HD,0.014843196490593888,0.014939023054422917,Historical
2018-12-14,INTC,0.006398932527207412,0.013798385982360791,Historical
2018-12-14,JNJ,-0.1335313208288629,0.009986463960304939,Historical
2018-12-14,JPM,0.01361063811248798,0.011953412954522596,Historical
2018-12-14,KO,-0.039164196033671515,0.006175982714232847,Historical
2018-12-14,MCD,-0.02944822216098791,0.013667509463984042,Historical
2018-12-14,MMM,-0.06748141932861379,0.009872017079422007,Historical
2018-12-14,MSFT,-0.041412108254788,0.019806473979567724,Historical
2018-12-14,NEM,-0.0929042171207959,0.006888571234018288,Historical
2018-12-14,PFE,-0.042159750343961896,0.009211155593160512,Historical
2018-12-14,PG,-0.04754193145220739,0.004990847091483585,Historical
2018-12-14,UNH,-0.0577832665831982,0.023431298626413067,Historical
2018-12-14,VZ,0.02791929229130191,0.00654229738077571,Historical
2018-12-14,WFC,0.013516506745006002,0.0036679157014542305,Historical
2018-12-14,XOM,-0.07147330083788359,-0.0004690753535063897,Historical
2019-01-16,AAPL,0.11387746122492039,0.013062608054068964,Historical
2019-01-16,CAT,0.021072273130664284,0.008825982636491907,Historical
2019-01-16,CVX,0.0624722994979902,0.0023019626914382975,Historical
2019-01-16,DUK,0.041404510471169796,0.0073988874149373204,Historical
2019-01-16,GS,0.0677949175821072,0.0015074341576468112,Historical
2019-01-16,HD,0.061747115421685594,0.014775889123096466,Historical
2019-01-16,INTC,0.050788282256042996,0.01318376503546145,Historical
2019-01-16,JNJ,0.0375512615083242,0.007513975633326589,Historical
2019-01-16,JPM,0.007251359452253099,0.011594001891112145,Historical
2019-01-16,KO,-0.0425142134405917,0.005774321781977363,Historical
2019-01-16,MCD,-0.028862477475673002,0.013252113770633327,Historical
2019-01-16,MMM,0.08812869634112187,0.007738539524946922,Historical
2019-01-16,MSFT,0.017838071129619687,0.020324493439225322,Historical
2019-01-16,NEM,0.0652030222603659,0.005051528140060475,Historical
2019-01-16,PFE,-0.009250496408752393,0.008568415392213407,Historical
2019-01-16,PG,0.0756310617139613,0.00501353344588097,Historical
2019-01-16,UNH,0.03240416183901029,0.022057490434273373,Historical
2019-01-16,VZ,-0.07262618036848409,0.007337004997276341,Historical
2019-01-16,WFC,0.0266982783783557,0.00312969665411989,Historical
2019-01-16,XOM,0.07324835616562748,-0.002402080392415834,Historical
2019-02-15,AAPL,0.0960548266831279,0.014855192067733865,Historical
2019-02-15,CAT,0.011098367198176695,0.00794310323864747,Historical
2019-02-15,CVX,0.06328929504716191,0.004236701717951126,Historical
2019-02-15,DUK,0.025187099011412903,0.007160170999245791,Historical
2019-02-15,GS,0.0543701762807207,0.0038538378555318894,Historical
2019-02-15,HD,-0.015700837061553594,0.016582407509169225,Historical
2019-02-15,INTC,0.062741095875047,0.014504838945517287,Historical
2019-02-15,JNJ,0.027680950922878197,0.00851076763825455,Historical
2019-02-15,JPM,0.0455210732694298,0.011766925962621298,Historical
2019-02-15,KO,0.004736096801477994,0.005501454258427629,Historical
2019-02-15,MCD,0.0512652964485744,0.012760524651888908,Historical
2019-02-15,MMM,0.0172225181206094,0.009631335585150122,Historical
2019-02-15,MSFT,0.0994018549208906,0.019475730147141646,Historical
2019-02-15,NEM,0.0007383909577907835,0.007122940770258492,Historical
2019-02-15,PFE,-0.0038196341113252005,0.00770190067773006,Historical
2019-02-15,PG,0.030507168096063603,0.006681822259761265,Historical
2019-02-15,UNH,-0.0359011586518488,0.023453155500038743,Historical
2019-02-15,VZ,0.0721096973317108,0.0060065036967452395,Historical
2019-02-15,WFC,0.0640616001736902,0.003306050074535859,Historical
2019-02-15,XOM,0.0611564058031361,1.4856968017491762e-05,Historical
2019-03-19,AAPL,0.0580119168281142,0.016809053890315024,Historical
2019-03-19,CAT,0.0574523609306028,0.008263803095769018,Historical
2019-03-19,CVX,-0.03813443747646641,0.004986377026299206,Historical
2019-03-19,DUK,-0.0108291014816973,0.007619983351694365,Historical
2019-03-19,GS,-0.0031167149209589025,0.004516310735069613,Historical
2019-03-19,HD,0.1086428375936739,0.015778280068949057,Historical
2019-03-19,INTC,0.047116227900118206,0.015584495405011887,Historical
2019-03-19,JNJ,0.00617763716369849,0.008782433457101968,Historical
2019-03-19,JPM,0.0434504882039574,0.012735557323576951,Historical
2019-03-19,KO,0.033350970930787,0.005596644304720462,Historical
2019-03-19,MCD,0.041267763134269005,0.0130076577041599,Historical
2019-03-19,MMM,0.03954524701707151,0.009996509305616076,Historical
2019-03-19,MSFT,0.026853959417703792,0.02090593244834755,Historical
2019-03-19,NEM,0.0774530730615374,0.004514820774007037,Historical
2019-03-19,PFE,-0.021516624159137805,0.007839814239327121,Historical
2019-03-19,PG,0.047236090490125525,0.006872848050996413,Historical
2019-03-19,UNH,-0.1432818337995796,0.021547032783728527,Historical
2019-03-19,VZ,0.022572972311823397,0.007668508774578734,Historical
2019-03-19,WFC,-0.08215504217925729,0.003870443767834391,Historical
2019-03-19,XOM,0.0014788000037581003,0.0006024307244941844,Historical
2019-04-17,AAPL,-0.04327160140858669,0.017871808601330565,Historical
2019-04-17,CAT,-0.10888381688751357,0.007977724108427462,Historical
2019-04-17,CVX,0.006732420295069897,0.0036920731293839334,Historical
2019-04-17,DUK,-0.021762846403739197,0.0071196224681138575,Historical
2019-04-17,GS,-0.013466979630652203,0.005569673184972757,Historical
2019-04-17,HD,-0.060948720146724915,0.018320792328325425,Historical
2019-04-17,INTC,-0.213473617253382,0.015024216181507118,Historical
2019-04-17,JNJ,0.0013753772405610976,0.008125417097367109,Historical
2019-04-17,JPM,0.0018883059166215702,0.013903854579573669,Historical
2019-04-17,KO,0.054504337594937495,0.005909758665238302,Historical
2019-04-17,MCD,0.042335795002499954,0.01326883734079719,Historical
2019-04-17,MMM,-0.2330468508838432,0.01023475368295068,Historical
2019-04-17,MSFT,0.06907636864934005,0.020711725566725108,Historical
2019-04-17,NEM,-0.12996548312941664,0.006972422765141618,Historical
2019-04-17,PFE,0.026272345025762707,0.008223270354022887,Historical
2019-04-17,PG,0.022790630984850103,0.007278344738899464,Historical
2019-04-17,UNH,0.0691919568033859,0.018409900023041735,Historical
2019-04-17,VZ,-0.0242758283102896,0.007435186897285629,Historical
2019-04-17,WFC,-0.02779673027681531,0.0022533881193090096,Historical
2019-04-17,XOM,-0.05005890455865339,-0.0001378753951074227,Historical
2019-05-17,AAPL,0.01984607293336671,0.014897688534202428,Historical
2019-05-17,CAT,0.0055921396800683,0.005467887528173765,Historical
2019-05-17,CVX,0.004872304474335099,0.0027540990682056485,Historical
2019-05-17,DUK,0.0196343303069818,0.006760701310017127,Historical
2019-05-17,GS,-0.03812814581002891,0.004845486107648174,Historical
2019-05-17,HD,0.08013932859738382,0.017230551369095754,Historical
2019-05-17,INTC,0.013092022126941204,0.011468675854060287,Historical
2019-05-17,JNJ,0.015679428352724088,0.0075203505843642335,Historical
2019-05-17,JPM,-0.018954851668050703,0.014118274087471593,Historical
2019-05-17,KO,0.03346172981662641,0.005913650378246394,Historical
2019-05-17,MCD,0.024759796508687898,0.01349525209529402,Historical
2019-05-17,MMM,-0.02119435439577459,0.005325144741303935,Historical
2019-05-17,MSFT,0.029951380718920388,0.02130090318807325,Historical
2019-05-17,NEM,0.1743297356140222,0.004656793464771101,Historical
2019-05-17,PFE,0.0293444247031208,0.008948529789966105,Historical
2019-05-17,PG,0.026290701238705305,0.007451476953092788,Historical
2019-05-17,UNH,0.042454501696883695,0.019991646098839536,Historical
2019-05-17,VZ,0.004347488427687302,0.006771696383647686,Historical
2019-05-17,WFC,-0.013820595979271998,0.0012670030031340551,Historical
2019-05-17,XOM,-0.016771517290506098,-0.001822871149206982,Historical
2019-06-18,AAPL,0.0476378434402529,0.014008764442105416,Historical
2019-06-18,CAT,0.06396412173202,0.005523581388976499,Historical
2019-06-18,CVX,0.022401418262610155,0.0025832636481343528,Historical
2019-06-18,DUK,0.01343957494766059,0.007191152360058635,Historical
2019-06-18,GS,0.11131671700436249,0.0034933456555838968,Historical
2019-06-18,HD,0.04084909676048619,0.018088993774060574,Historical
2019-06-18,INTC,0.06828444082105059,0.009584451273243788,Historical
2019-06-18,JNJ,-0.05589355280346891,0.007393868913292089,Historical
2019-06-18,JPM,0.04980103635297469,0.01300029476393032,Historical
2019-06-18,KO,0.025425855479911105,0.006559782036674919,Historical
2019-06-18,MCD,0.0474320600608213,0.014190151622883548,Historical
2019-06-18,MMM,0.04622319791426559,0.004664094476438852,Historical
2019-06-18,MSFT,0.025417340323791303,0.02139502384592922,Historical
2019-06-18,NEM,0.0754872783605083,0.008397717599700674,Historical
2019-06-18,PFE,-0.0032704642079371964,0.009193123071987398,Historical
2019-06-18,PG,0.0436327318473085,0.008206804425270886,Historical
2019-06-18,UNH,0.08072751131772302,0.020192540110200097,Historical
2019-06-18,VZ,0.0033310438275240026,0.006442860540511437,Historical
2019-06-18,WFC,-0.0013262831948719013,0.0001766966563383312,Historical
2019-06-18,XOM,0.00518026420102451,-0.00216094375697528,Historical
2019-07-18,AAPL,-0.004156701914160898,0.01408092465405134,Historical
2019-07-18,CAT,-0.15589881339350312,0.0061156670279643366,Historical
2019-07-18,CVX,-0.059663528491997284,0.0026967355446905197,Historical
2019-07-18,DUK,0.012267025906143404,0.007135140419346539,Historical
2019-07-18,GS,-0.08366736247930759,0.005022303260202357,Historical
2019-07-18,HD,-0.06624374617260229,0.01839198899527831,Historical
2019-07-18,INTC,-0.07092054939305532,0.009726231711827203,Historical
2019-07-18,JNJ,-0.010061039524214303,0.006340838583016464,Historical
2019-07-18,JPM,-0.08024741472889943,0.013358627234767126,Historical
2019-07-18,KO,0.03187447161897359,0.006284199802313501,Historical
2019-07-18,MCD,0.0211125460418993,0.015012222882868726,Historical
2019-07-18,MMM,-0.0985634365626472,0.005238004424208236,Historical
2019-07-18,MSFT,-0.015865050592197998,0.021332628576928123,Historical
2019-07-18,NEM,-0.013921311674095797,0.008761469954360168,Historical
2019-07-18,PFE,-0.2054438390516001,0.008649198908001057,Historical
2019-07-18,PG,0.018884158266704407,0.008598393170230685,Historical
2019-07-18,UNH,-0.08774477057509791,0.020572961626438735,Historical
2019-07-18,VZ,-0.01620911628900859,0.005809267988417079,Historical
2019-07-18,WFC,-0.0301243828975239,0.00033215970877704357,Historical
2019-07-18,XOM,-0.10309322547487139,-0.0020323395698584974,Historical
2019-08-16,AAPL,0.08619301398586297,0.013596580522899547,Historical
2019-08-16,CAT,0.1443726638965814,0.004139509645157321,Historical
2019-08-16,CVX,0.06972971010921619,0.0019177658033272087,Historical
2019-08-16,DUK,0.0421115497952186,0.007409411018433691,Historical
2019-08-16,GS,0.10813496453664018,0.0033155342786493117,Historical
2019-08-16,HD,0.1412348915847523,0.016621094113191154,Historical
2019-08-16,INTC,0.1329841003790931,0.007222636782786916,Historical
2019-08-16,JNJ,-0.00022493836404610494,0.006423542651427663,Historical
2019-08-16,JPM,0.12460425324550187,0.012470519232281811,Historical
2019-08-16,KO,0.008953965589911397,0.007693259477935843,Historical
2019-08-16,MCD,-0.0458096922036394,0.016452379776967656,Historical
2019-08-16,MMM,0.0786291531234257,0.003974109749430273,Historical
2019-08-16,MSFT,0.0196293454014813,0.02044022819898395,Historical
2019-08-16,NEM,0.0026364338735162998,0.006995648423048815,Historical
2019-08-16,PFE,0.0659333911323669,0.0063303268150400735,Historical
2019-08-16,PG,0.019904400189883105,0.008735459375831044,Historical
2019-08-16,UNH,-0.03633073921701121,0.019592210229011444,Historical
2019-08-16,VZ,0.05528192181897479,0.006138065829661722,Historical
2019-08-16,WFC,0.12141340155154359,0.00016130231258660303,Historical
2019-08-16,XOM,0.0919925542500165,-0.0033202579225225545,Historical
2019-09-17,AAPL,0.0677732080147279,0.014292264891247386,Historical
2019-09-17,CAT,-0.016050070251571204,0.006567922640125904,Historical
2019-09-17,CVX,-0.06498970982942781,0.003596936552575788,Historical
2019-09-17,DUK,0.0199878095094872,0.007618143010544023,Historical
2019-09-17,GS,-0.05080408550328692,0.004053312666557465,Historical
2019-09-17,HD,0.019846090117266194,0.01778182508400022,Historical
2019-09-17,INTC,0.008583807770447606,0.0091868059667676,Historical
2019-09-17,JNJ,0.025155810844026596,0.005848580164159777,Historical
2019-09-17,JPM,0.014669827689507597,0.013601960741574505,Historical
2019-09-17,KO,-0.008374304742629197,0.0070989934828809345,Historical
2019-09-17,MCD,-0.0008682558170596934,0.015655983858524635,Historical
2019-09-17,MMM,-0.04022788638053962,0.0049358697909235305,Historical
2019-09-17,MSFT,0.0377163033633407,0.01970130914120015,Historical
2019-09-17,NEM,-0.0207436190984445,0.00823598790345615,Historical
2019-09-17,PFE,-0.009000301177238896,0.006723579803059386,Historical
2019-09-17,PG,-0.021524386180106297,0.00870701930358259,Historical
2019-09-17,UNH,0.017589732416247894,0.017987440866504067,Historical
2019-09-17,VZ,0.027844592396431795,0.00723754195031723,Historical
2019-09-17,WFC,0.0228086802223742,0.0016242814717531305,Historical
2019-09-17,XOM,-0.06023471368148281,-0.0012207995058656732,Historical
2019-10-16,AAPL,0.11977957670379101,0.015727915366297918,Historical
2019-10-16,CAT,0.10561345054031591,0.008564531274205497,Historical
2019-10-16,CVX,0.050054434222590295,0.00402459859239401,Historical
2019-10-16,DUK,-0.07053554476360069,0.006987358523017817,Historical
2019-10-16,GS,0.06042524769641129,0.0036118196205784324,Historical
2019-10-16,HD,-0.0034863812240451975,0.01778563484127816,Historical
2019-10-16,INTC,0.1003669525174581,0.010919816034544217,Historical
2019-10-16,JNJ,-0.011889058382027397,0.007161525838080781,Historical
2019-10-16,JPM,0.06861493823326321,0.014261986862014787,Historical
2019-10-16,KO,-0.02077121021277,0.005941925080640596,Historical
2019-10-16,MCD,-0.06078149485123822,0.016114187359975086,Historical
2019-10-16,MMM,0.04540067350461271,0.005595391960277073,Historical
2019-10-16,MSFT,0.03974475165155301,0.021455596338121937,Historical
2019-10-16,NEM,-0.008526628196432101,0.00974441211387362,Historical
2019-10-16,PFE,0.012353980584977603,0.0071263091095494085,Historical
2019-10-16,PG,0.03537936732948121,0.008326276650791373,Historical
2019-10-16,UNH,0.060893302764432285,0.0187175471728611,Historical
2019-10-16,VZ,-0.0190068094661352,0.007526410583989736,Historical
2019-10-16,WFC,0.0710528597723403,0.0024951455506877665,Historical
2019-10-16,XOM,0.0030165355529689856,-0.0013421410202054355,Historical
2019-11-14,AAPL,0.039588266752017605,0.016077439705971034,Historical
2019-11-14,CAT,0.007171820568935507,0.008334083570168216,Historical
2019-11-14,CVX,-0.026162696882892307,0.003931509597968278,Historical
2019-11-14,DUK,0.028310768556502695,0.004718104084602188,Historical
2019-11-14,GS,0.031190828058697002,0.003439405574331006,Historical
2019-11-14,HD,-0.0860089806816928,0.016395179707463615,Historical
2019-11-14,INTC,-0.0017286453478062899,0.011536624565118692,Historical
2019-11-14,JNJ,0.0810993778917172,0.005393529759986694,Historical
2019-11-14,JPM,0.06281969162278339,0.014510179163443443,Historical
2019-11-14,KO,0.04507615632189991,0.006196397931010261,Historical
2019-11-14,MCD,0.017201286468368795,0.014310138232006,Historical
2019-11-14,MMM,-0.0017524597904767995,0.0035629204995484007,Historical
2019-11-14,MSFT,0.05124589476322461,0.020235332005824558,Historical
2019-11-14,NEM,0.10331352057758698,0.012700310581293296,Historical
2019-11-14,PFE,0.04618463794000501,0.006139196153996906,Historical
2019-11-14,PG,0.039172957621929294,0.00757446293115056,Historical
2019-11-14,UNH,0.1223689894689217,0.017550897752571137,Historical
2019-11-14,VZ,0.023291688141066403,0.006455136807019686,Historical
2019-11-14,WFC,0.009338793771559295,0.0024834699151068144,Historical
2019-11-14,XOM,0.006230457837243405,-0.0024036052019727576,Historical
2019-12-16,AAPL,0.12356921317406562,0.016448063078642945,Historical
2019-12-16,CAT,0.0002749886748188981,0.010135198718580813,Historical
2019-12-16,CVX,-0.01563537169607075,0.005363341315105937,Historical
2019-12-16,DUK,0.02618029983381,0.004982567006856134,Historical
2019-12-16,GS,0.08601458710625841,0.0037625597426113213,Historical
2019-12-16,HD,0.047926991358617985,0.014524429167757537,Historical
2019-12-16,INTC,0.019704051158978095,0.009892495875458061,Historical
2019-12-16,JNJ,0.0390494912618699,0.00697554868669955,Historical
2019-12-16,JPM,0.005741485647860898,0.015619752381598549,Historical
2019-12-16,KO,0.041042542292880596,0.007221587368550311,Historical
2019-12-16,MCD,0.06219915482016711,0.01519712931204862,Historical
2019-12-16,MMM,0.06307841863475148,0.003229479054422658,Historical
2019-12-16,MSFT,0.0544659320374307,0.02157473385531141,Historical
2019-12-16,NEM,0.0526002823587591,0.013642559804931481,Historical
2019-12-16,PFE,0.059258019857573695,0.006193435802500161,Historical
2019-12-16,PG,0.0038977795878135987,0.008090365396833082,Historical
2019-12-16,UNH,0.0375718657259115,0.018838445330060523,Historical
2019-12-16,VZ,-0.018170211087697598,0.008305204106689109,Historical
2019-12-16,WFC,-0.107241903998972,0.002376792984804878,Historical
2019-12-16,XOM,-0.002024214887085398,-0.00100428267671396,Historical
2020-01-16,AAPL,0.045156338607613485,0.018717917937883435,Historical
2020-01-16,CAT,-0.04648592366858833,0.011316784569155459,Historical
2020-01-16,CVX,-0.0418825640941584,0.005215934641999536,Historical
2020-01-16,DUK,0.10048602771200991,0.004908057712807928,Historical
2020-01-16,GS,-0.03371727209650129,0.00595458019846381,Historical
2020-01-16,HD,0.0871039645830816,0.014757799638981987,Historical
2020-01-16,INTC,0.1371069513306911,0.010311974116646678,Historical
2020-01-16,JNJ,0.0210009309590797,0.007935309519096408,Historical
2020-01-16,JPM,0.005398008163134597,0.016247648547653388,Historical
2020-01-16,KO,0.05573670709661839,0.007469924415629587,Historical
2020-01-16,MCD,0.034300111597322894,0.015896445207795748,Historical
2020-01-16,MMM,-0.10125263743837312,0.004127549931389899,Historical
2020-01-16,MSFT,0.1273918638484224,0.02277118753273487,Historical
2020-01-16,NEM,0.012558750714585199,0.013859652528409032,Historical
2020-01-16,PFE,-0.0977415989786929,0.006770169594887686,Historical
2020-01-16,PG,0.007351583783276201,0.008175619544486801,Historical
2020-01-16,UNH,0.007964188622433295,0.018915614841060087,Historical
2020-01-16,VZ,-0.010033359165097601,0.007514129540778487,Historical
2020-01-16,WFC,0.008541318721283291,0.0013987719090339757,Historical
2020-01-16,XOM,-0.11603600992704072,-0.001186825645914954,Historical
2020-02-18,AAPL,-0.25083531417423394,0.017114082429060998,Historical
2020-02-18,CAT,-0.32001312739456333,0.010963162027828738,Historical
2020-02-18,CVX,-0.44290332103779273,0.003322343478190601,Historical
2020-02-18,DUK,-0.16354161103724502,0.007307609877655442,Historical
2020-02-18,GS,-0.39547554921432915,0.004961157780250086,Historical
2020-02-18,HD,-0.3377282583750208,0.014907279552506513,Historical
2020-02-18,INTC,-0.2950927952635767,0.013596887109416481,Historical
2020-02-18,JNJ,-0.08816158148479138,0.00932240886983689,Historical
2020-02-18,JPM,-0.38259456278661186,0.016132111408728125,Historical
2020-02-18,KO,-0.230809041671176,0.00857969622452161,Historical
2020-02-18,MCD,-0.37943192094117817,0.016067213479093716,Historical
2020-02-18,MMM,-0.18034837190388908,0.0017965973880959372,Historical
2020-02-18,MSFT,-0.23201488434879633,0.026113481634648026,Historical
2020-02-18,NEM,0.04132399466411499,0.01097714988891825,Historical
2020-02-18,PFE,-0.12686238890641288,0.003790846221541278,Historical
2020-02-18,PG,-0.0646757810278557,0.008987383402498092,Historical
2020-02-18,UNH,-0.1973160228343841,0.01798807210084239,Historical
2020-02-18,VZ,-0.0744891012352472,0.0065401375341168095,Historical
2020-02-18,WFC,-0.4869865324732716,0.0004911354410688609,Historical
2020-02-18,XOM,-0.49935018574915285,-0.003678951195803654,Historical
2020-03-18,AAPL,0.1255655860942326,0.01313369888622517,Historical
2020-03-18,CAT,0.12216460060039921,0.006355512680779226,Historical
2020-03-18,CVX,0.12359726158897105,-0.002854746340533412,Historical
2020-03-18,DUK,0.018319376652544617,0.005719901274140884,Historical
2020-03-18,GS,0.10954917757889059,-0.0018674908740221674,Historical
2020-03-18,HD,0.140582796069041,0.008560187682974554,Historical
2020-03-18,INTC,0.19380361613185582,0.010373486933556608,Historical
2020-03-18,JNJ,0.09144886604229559,0.007298999657789873,Historical
2020-03-18,JPM,-0.060706824902307346,0.009129540459265006,Historical
2020-03-18,KO,-0.001697092472514818,0.0053552401714642844,Historical
2020-03-18,MCD,0.19553354653406532,0.009241927526958437,Historical
2020-03-18,MMM,0.07492582163476938,-0.0012393231033884376,Historical
2020-03-18,MSFT,0.18887254472249745,0.022730924844270937,Historical
2020-03-18,NEM,0.2683923512056383,0.013222199920401771,Historical
2020-03-18,PFE,0.10945641231588851,0.0018832783124462901,Historical
2020-03-18,PG,0.027197800431486903,0.008394973757748605,Historical
2020-03-18,UNH,0.2004657882953202,0.013376188544754978,Historical
2020-03-18,VZ,0.0705524340050244,0.005383004251941727,Historical
2020-03-18,WFC,-0.09703316347477911,-0.007887531289836386,Historical
2020-03-18,XOM,0.061630999790591626,-0.010568479141043885,Historical
2020-04-17,AAPL,0.0734595503215537,0.014984128852821035,Historical
2020-04-17,CAT,-0.038803498237345815,0.007343578045888195,Historical
2020-04-17,CVX,0.1085310033574721,-0.0019316322491389323,Historical
2020-04-17,DUK,-0.06426752680387308,0.005524306814385559,Historical
2020-04-17,GS,-0.029637465937705405,-0.0008221288112454062,Historical
2020-04-17,HD,0.1802764613405538,0.011345388473841403,Historical
2020-04-17,INTC,-0.0365333413030761,0.01255597325179931,Historical
2020-04-17,JNJ,0.0051317677475446345,0.008899184613954754,Historical
2020-04-17,JPM,-0.016510158163236914,0.007383228445341048,Historical
2020-04-17,KO,-0.08504455131597949,0.005281516079391278,Historical
2020-04-17,MCD,-0.0322123769973933,0.012623077848050893,Historical
2020-04-17,MMM,-0.0438026807388385,-1.3607821797625068e-05,Historical
2020-04-17,MSFT,0.03398434714840539,0.02560042186713582,Historical
2020-04-17,NEM,0.1253595447140568,0.016786422156905144,Historical
2020-04-17,PFE,0.060986731899833495,0.003339029717055542,Historical
2020-04-17,PG,-0.0517323149788624,0.00885823757159359,Historical
2020-04-17,UNH,-0.025349529752291385,0.01688689426289191,Historical
2020-04-17,VZ,-0.0525170874860892,0.006331242094398095,Historical
2020-04-17,WFC,-0.1206141360734102,-0.00922732040508191,Historical
2020-04-17,XOM,0.0894728486527444,-0.010181658364437645,Historical
2020-05-18,AAPL,0.1347006771115527,0.015856125468392827,Historical
2020-05-18,CAT,0.18698990692841008,0.005872979749612794,Historical
2020-05-18,CVX,0.0677553289450626,0.0001757419195376165,Historical
2020-05-18,DUK,0.06854125476339488,0.004828025031431843,Historical
2020-05-18,GS,0.2046465494520813,-0.0014415918469196105,Historical
2020-05-18,HD,0.04937076343436347,0.01457331287585277,Historical
2020-05-18,INTC,0.03573010241275997,0.011756075751043761,Historical
2020-05-18,JNJ,-0.0336537485746621,0.008782167833375983,Historical
2020-05-18,JPM,0.17237728816290906,0.00663717755217989,Historical
2020-05-18,KO,0.0870576199198975,0.0034163848701141706,Historical
2020-05-18,MCD,0.0973893284963569,0.01186815420548799,Historical
2020-05-18,MMM,0.15073745578732617,-0.0004109018552031488,Historical
2020-05-18,MSFT,0.05806019720914789,0.02379601778690383,Historical
2020-05-18,NEM,-0.189292822501249,0.016474226558201004,Historical
2020-05-18,PFE,-0.12269423746011561,0.00483040428527912,Historical
2020-05-18,PG,0.03025047021500401,0.00845985155700543,Historical
2020-05-18,UNH,0.006986796483779614,0.016293385926192557,Historical
2020-05-18,VZ,0.0396001111651906,0.005261368369533466,Historical
2020-05-18,WFC,0.1995803537263908,-0.011719989765828954,Historical
2020-05-18,XOM,0.1376895111227707,-0.008616362180438823,Historical
2020-06-17,AAPL,0.0922118876497946,0.018365599353881615,Historical
2020-06-17,CAT,0.0629232993061808,0.009294640121690036,Historical
2020-06-17,CVX,-0.0621942149085108,0.00261048225444329,Historical
2020-06-17,DUK,-0.07002039169647499,0.0066439428730910395,Historical
2020-06-17,GS,0.023948771552832693,0.001181931187469038,Historical
2020-06-17,HD,0.03200865192548576,0.01559773287982889,Historical
2020-06-17,INTC,-0.021081522806824595,0.013170058137622584,Historical
2020-06-17,JNJ,0.0326200394007753,0.008826102645562706,Historical
2020-06-17,JPM,-0.010593587759763002,0.009027654588281408,Historical
2020-06-17,KO,-0.013345224965609309,0.005515684062506334,Historical
2020-06-17,MCD,0.003147376144614097,0.013939141863975942,Historical
2020-06-17,MMM,0.0051845831482492605,0.0027571238923179966,Historical
2020-06-17,MSFT,0.05208843069231962,0.02580266992046298,Historical
2020-06-17,NEM,0.0953915627201417,0.015368440905699837,Historical
2020-06-17,PFE,0.06378967610332938,0.002736464037458173,Historical
2020-06-17,PG,0.05460621457261909,0.009478693477609063,Historical
2020-06-17,UNH,0.05146120583080881,0.01627623733094912,Historical
2020-06-17,VZ,-0.009064155883248095,0.006942620114444747,Historical
2020-06-17,WFC,-0.11349693706902332,-0.008670894190284682,Historical
2020-06-17,XOM,-0.0848261017659365,-0.005686770565406551,Historical
2020-07-17,AAPL,0.17615286670150804,0.01991560359937439,Historical
2020-07-17,CAT,0.017514467536370495,0.010921378993889898,Historical
2020-07-17,CVX,0.022271634203800076,0.0024439173281288872,Historical
2020-07-17,DUK,0.024744251249928774,0.005131129636030238,Historical
2020-07-17,GS,-0.031707997938225894,0.001486899204815367,Historical
2020-07-17,HD,0.0834823656581663,0.015308015823392671,Historical
2020-07-17,INTC,-0.18356618984454362,0.013746684695638271,Historical
2020-07-17,JNJ,-0.006789868181707502,0.00887624147238004,Historical
2020-07-17,JPM,0.023714296199575397,0.008450916523613678,Historical
2020-07-17,KO,0.0486354635170113,0.00465724430236712,Historical
2020-07-17,MCD,0.0810094759357322,0.01316916996184148,Historical
2020-07-17,MMM,0.0342961972787438,0.0028296382229048185,Historical
2020-07-17,MSFT,0.024127960885188312,0.026568516721842416,Historical
2020-07-17,NEM,0.03668668855406861,0.01858151950506933,Historical
2020-07-17,PFE,0.07654433882543979,0.0033456199114484126,Historical
2020-07-17,PG,0.0859139495041744,0.009550457949027237,Historical
2020-07-17,UNH,0.0524809412587122,0.01619700698327042,Historical
2020-07-17,VZ,0.05255634538258401,0.006479805003046495,Historical
2020-07-17,WFC,-0.0021974128919122968,-0.010794887107526222,Historical
2020-07-17,XOM,-0.005156481538535097,-0.006908328158419481,Historical
2020-08-17,AAPL,0.005489390296927587,0.024385098525135766,Historical
2020-08-17,CAT,0.059901351342584196,0.0123783115664911,Historical
2020-08-17,CVX,-0.15404914131809996,0.004369163267884013,Historical
2020-08-17,DUK,0.027612869303474896,0.005012293671898477,Historical
2020-08-17,GS,-0.0430908458262476,0.001943322180351265,Historical
2020-08-17,HD,0.0230300140141921,0.01621057890202524,Historical
2020-08-17,INTC,0.0224500760491716,0.011016149596864783,Historical
2020-08-17,JNJ,0.011008533211220296,0.009088206517486916,Historical
2020-08-17,JPM,-0.031040338881672305,0.009245962388421266,Historical
2020-08-17,KO,0.060335371146122696,0.005479996060822775,Historical
2020-08-17,MCD,0.07731227919118551,0.014468935176951395,Historical
2020-08-17,MMM,0.011886568710185402,0.004346340583816147,Historical
2020-08-17,MSFT,0.001839683898860401,0.026621046798421612,Historical
2020-08-17,NEM,0.06013986763513531,0.022864313122674947,Historical
2020-08-17,PFE,-0.029327704123371295,0.004311542388545781,Historical
2020-08-17,PG,0.0257931125172821,0.012191640671586136,Historical
2020-08-17,UNH,-0.0481085004825779,0.01779426925664806,Historical
2020-08-17,VZ,0.03032323366084659,0.007239938051650806,Historical
2020-08-17,WFC,-0.016740242760591183,-0.010681235977076082,Historical
2020-08-17,XOM,-0.1748496314619471,-0.006300533000609869,Historical
2020-09-16,AAPL,0.04774275996486941,0.02445344757582595,Historical
2020-09-16,CAT,0.09622776358616361,0.014482060734456811,Historical
2020-09-16,CVX,-0.045553922541759405,0.003674634119968753,Historical
2020-09-16,DUK,0.09288515766309151,0.007158096658009818,Historical
2020-09-16,GS,0.06468040262362271,0.0026244759780667377,Historical
2020-09-16,HD,0.005273454277654998,0.017121596122251625,Historical
2020-09-16,INTC,0.0685928711551242,0.011092792763208834,Historical
2020-09-16,JNJ,-0.005319748751403997,0.010041649257496444,Historical
2020-09-16,JPM,0.01866015972329521,0.01005568312413911,Historical
2020-09-16,KO,-0.018385521504157492,0.007605047642035353,Historical
2020-09-16,MCD,0.023334883848509604,0.016018759754341118,Historical
2020-09-16,MMM,0.010926473858321586,0.005191174189002196,Historical
2020-09-16,MSFT,0.0562482522604604,0.027913104132575414,Historical
2020-09-16,NEM,-0.05398494417135568,0.025439071882909215,Historical
2020-09-16,PFE,-0.002709211890144901,0.005121089990501344,Historical
2020-09-16,PG,0.0382825130448122,0.014412268212343513,Historical
2020-09-16,UNH,0.046489250524136785,0.017300976220960704,Historical
2020-09-16,VZ,-0.0258743877200785,0.008463472662101807,Historical
2020-09-16,WFC,-0.06775902441174289,-0.00970729385561569,Historical
2020-09-16,XOM,-0.060228530171548514,-0.007855376549211476,Historical
2020-10-15,AAPL,-0.014749194559142894,0.025765859768878914,Historical
2020-10-15,CAT,0.03927153337021114,0.016692234527359035,Historical
2020-10-15,CVX,0.100592472444673,0.00034968549008049986,Historical
2020-10-15,DUK,0.026872113215409,0.007707112437352423,Historical
2020-10-15,GS,0.015408852470197788,0.003973785453576285,Historical
2020-10-15,HD,-0.03852548509174501,0.016238859651700348,Historical
2020-10-15,INTC,-0.1678178412923154,0.01079716165232652,Historical
2020-10-15,JNJ,0.0013492666165197133,0.009576854234040897,Historical
2020-10-15,JPM,0.1232891726876651,0.010470105264611198,Historical
2020-10-15,KO,0.056060413250562,0.00581382923874035,Historical
2020-10-15,MCD,-0.06605691250725679,0.015340846717607493,Historical
2020-10-15,MMM,-0.008048681253350098,0.004418734956531563,Historical
2020-10-15,MSFT,-0.024846827179802397,0.027422665317156234,Historical
2020-10-15,NEM,0.01581164458040081,0.02212216878126079,Historical
2020-10-15,PFE,0.028778082222036806,0.004938924720230345,Historical
2020-10-15,PG,-0.007670707359135594,0.013630968964331138,Historical
2020-10-15,UNH,0.0963686012890986,0.017222253442934692,Historical
2020-10-15,VZ,0.039595640199191304,0.008294884034074645,Historical
2020-10-15,WFC,0.028381249094637597,-0.01054669193144396,Historical
2020-10-15,XOM,0.054975551468501395,-0.010326229115372381,Historical
2020-11-13,AAPL,0.021329345333858107,0.024816917137143464,Historical
2020-11-13,CAT,0.051396572802069995,0.01675328847766213,Historical
2020-11-13,CVX,0.11780813157723374,0.0013227971594854634,Historical
2020-11-13,DUK,-0.033663640970562805,0.008970043559054591,Historical
2020-11-13,GS,0.10846740924304292,0.0027830971940269087,Historical
2020-11-13,HD,-0.03391630462744579,0.015177234339972999,Historical
2020-11-13,INTC,0.11582841255173712,0.007462020771991151,Historical
2020-11-13,JNJ,0.0121038770472928,0.008516060692064691,Historical
2020-11-13,JPM,0.04256689759546371,0.011024038738956146,Historical
2020-11-13,KO,0.012703018973856596,0.006592838024454253,Historical
2020-11-13,MCD,0.0005144241925107984,0.012632060011349878,Historical
2020-11-13,MMM,0.044073960532911405,0.0032090156187227978,Historical
2020-11-13,MSFT,-0.0031576312208334116,0.024763937516450195,Historical
2020-11-13,NEM,-0.11517575261777618,0.022920403666350096,Historical
2020-11-13,PFE,0.09585088813301593,0.0049048617253190365,Historical
2020-11-13,PG,-0.045331758497397505,0.012943055363830598,Historical
2020-11-13,UNH,-0.0493649471360908,0.02014967845642157,Historical
2020-11-13,VZ,-0.0134139825836651,0.008597975300932564,Historical
2020-11-13,WFC,0.18469885316905044,-0.011408278620406017,Historical
2020-11-13,XOM,0.18099591366150497,-0.010064686189500932,Historical
2020-12-15,AAPL,0.056898515017085316,0.02559838418324497,Historical
2020-12-15,CAT,0.10316771907019351,0.01918380865654892,Historical
2020-12-15,CVX,0.06545379504747459,0.004157297933845106,Historical
2020-12-15,DUK,0.005799104539938106,0.0085045324131723,Historical
2020-12-15,GS,0.2582898150954069,0.006392594240482908,Historical
2020-12-15,HD,0.010338904963142194,0.013789650491360049,Historical
2020-12-15,INTC,0.16038655552859019,0.008692259326946112,Historical
2020-12-15,JNJ,0.07481195045020729,0.008624858920333968,Historical
2020-12-15,JPM,0.18391690122461463,0.012565598229505844,Historical
2020-12-15,KO,-0.0788699904804453,0.006586288721751983,Historical
2020-12-15,MCD,-0.016270011762506503,0.012187166771211885,Historical
2020-12-15,MMM,-0.039299373338642196,0.004282618691254267,Historical
2020-12-15,MSFT,-0.0055239817625787006,0.024472470036272096,Historical
2020-12-15,NEM,0.09553129780910391,0.019768945181085282,Historical
2020-12-15,PFE,-0.0647936425849848,0.007353627178500578,Historical
2020-12-15,PG,-0.00036836561671600015,0.011792894261631647,Historical
2020-12-15,UNH,0.04194817453288111,0.01904686712560858,Historical
2020-12-15,VZ,-0.039609815362485604,0.00855930721900013,Historical
2020-12-15,WFC,0.19337546342552642,-0.007569132277938312,Historical
2020-12-15,XOM,0.1753097979340953,-0.0054909962556886505,Historical
2021-01-15,AAPL,0.0341553548667371,0.02905095530458144,Historical
2021-01-15,CAT,0.030221513181956004,0.02210180430732564,Historical
2021-01-15,CVX,-0.010988693559541997,0.006263784467482999,Historical
2021-01-15,DUK,-0.026088161310484095,0.007678866443543584,Historical
2021-01-15,GS,0.01319738311123115,0.012444409541467414,Historical
2021-01-15,HD,0.025933283987869503,0.01515900077505368,Historical
2021-01-15,INTC,0.058972247101235914,0.012554551014721122,Historical
2021-01-15,JNJ,0.027141464467662496,0.010653620413926186,Historical
2021-01-15,JPM,0.0243522118076241,0.017369079346388105,Historical
2021-01-15,KO,0.020905243156979305,0.005438219461622706,Historical
2021-01-15,MCD,0.03083845043674091,0.012054412947206033,Historical
2021-01-15,MMM,0.0678090585693144,0.005458799206881012,Historical
2021-01-15,MSFT,0.13455174547799167,0.02514369894075489,Historical
2021-01-15,NEM,-0.09137026231048259,0.02286446970173433,Historical
2021-01-15,PFE,-0.046866719839748,0.007176295032746025,Historical
2021-01-15,PG,-0.053764221850107305,0.01220554372017102,Historical
2021-01-15,UNH,-0.07679097146631428,0.02074536808053233,Historical
2021-01-15,VZ,-0.0519949506732537,0.007946422992146871,Historical
2021-01-15,WFC,0.004309800668773706,-0.0031876154098125385,Historical
2021-01-15,XOM,0.05064881009179542,-0.0028603024593860764,Historical
2021-02-17,AAPL,-0.06538461882573869,0.03012227316118474,Historical
2021-02-17,CAT,0.1435915904581307,0.021790721175110824,Historical
2021-02-17,CVX,0.148412357052231,0.005260935302782214,Historical
2021-02-17,DUK,0.0385109275734782,0.006045686179260786,Historical
2021-02-17,GS,0.1044446699817927,0.014070112076184112,Historical
2021-02-17,HD,0.022955074867885002,0.016303663730141957,Historical
2021-02-17,INTC,0.0516293966527199,0.015193288830957328,Historical
2021-02-17,JNJ,-0.02017857163322504,0.010301154016342608,Historical
2021-02-17,JPM,0.0696886120714248,0.017731407434473653,Historical
2021-02-17,KO,0.027401064805146414,0.005292254825258976,Historical
2021-02-17,MCD,0.047493542294426205,0.012166448621533694,Historical
2021-02-17,MMM,0.0639796583081786,0.004731709315345729,Historical
2021-02-17,MSFT,-0.025408487231159314,0.02775828317844073,Historical
2021-02-17,NEM,0.0953997970896785,0.014865943650779341,Historical
2021-02-17,PFE,0.0312170031968628,0.006792162761016305,Historical
2021-02-17,PG,0.003901062543932996,0.010072034386531144,Historical
2021-02-17,UNH,0.0850335760493517,0.019074940886649468,Historical
2021-02-17,VZ,0.029119248366600202,0.004969379551583571,Historical
2021-02-17,WFC,0.13554109498746683,-0.0024128345997429875,Historical
2021-02-17,XOM,0.13177602800170282,-0.0033117769124541806,Historical
2021-03-18,AAPL,0.07264131793887972,0.027253131453411406,Historical
2021-03-18,CAT,-0.0011564312030173038,0.021896484636516854,Historical
2021-03-18,CVX,-0.0480683041904917,0.00588331169004928,Historical
2021-03-18,DUK,0.0916912005911583,0.006296477377921653,Historical
2021-03-18,GS,-0.007682777048985991,0.015078910630609257,Historical
2021-03-18,HD,0.158360933416865,0.0147789067252937,Historical
2021-03-18,INTC,-0.015782141943932498,0.014388212288304952,Historical
2021-03-18,JNJ,0.009102067761439098,0.008899494050452192,Historical
2021-03-18,JPM,-0.005736328318304098,0.018404374866663062,Historical
2021-03-18,KO,0.046519933717981306,0.004815687310062099,Historical
2021-03-18,MCD,0.0392447762113782,0.012072505112495337,Historical
2021-03-18,MMM,0.053155567274438494,0.004907519329929997,Historical
2021-03-18,MSFT,0.09529479740418573,0.02622575325442859,Historical
2021-03-18,NEM,0.0380167932694461,0.016063088099513942,Historical
2021-03-18,PFE,0.0748061304719683,0.007210573167161775,Historical
2021-03-18,PG,0.0664978857845523,0.010071329352631678,Historical
2021-03-18,UNH,0.10459086036893163,0.01858648698084609,Historical
2021-03-18,VZ,0.0550826567563206,0.004624278349725197,Historical
2021-03-18,WFC,0.09567542059934561,-0.0010688311615997545,Historical
2021-03-18,XOM,-0.0467204918172992,-0.0014796822754565364,Historical
2021-04-19,AAPL,-0.05891392273548887,0.027306505493233893,Historical
2021-04-19,CAT,0.052328545410339405,0.020421833947457464,Historical
2021-04-19,CVX,0.07347653733909568,0.0044388322116533764,Historical
2021-04-19,DUK,0.02710641292325981,0.007528361362874059,Historical
2021-04-19,GS,0.0757574535143197,0.014004742540885292,Historical
2021-04-19,HD,-0.024905127245117904,0.016829994781459797,Historical
2021-04-19,INTC,-0.1510781849617962,0.014046376607001058,Historical
2021-04-19,JNJ,0.049013125931377494,0.008732559136979663,Historical
2021-04-19,JPM,0.07154681499599451,0.01725776139465075,Historical
2021-04-19,KO,0.017725578914670297,0.005375066665314716,Historical
2021-04-19,MCD,-0.006024834039601591,0.012184573331940568,Historical
2021-04-19,MMM,0.03235450692094382,0.00521357620535021,Historical
2021-04-19,MSFT,-0.061530865975315,0.027272412591426442,Historical
2021-04-19,NEM,0.12338985598826782,0.015297155135881743,Historical
2021-04-19,PFE,0.048956208466572504,0.006789017507026289,Historical
2021-04-19,PG,0.009868745648647547,0.010900783108740963,Historical
2021-04-19,UNH,0.044076773038260915,0.019916984663058038,Historical
2021-04-19,VZ,-0.005850807585324396,0.0057870857106811745,Historical
2021-04-19,WFC,0.09074801933023038,0.000927383530625,Historical
2021-04-19,XOM,0.10758856827270559,-0.0027754881197054335,Historical
2021-05-18,AAPL,0.03026551277320945,0.029787112140814424,Historical
2021-05-18,CAT,-0.11976644650021218,0.02314202947545033,Historical
2021-05-18,CVX,0.0018251908599856998,0.005200449509315853,Historical
2021-05-18,DUK,-0.006266417752228106,0.007705505136573542,Historical
2021-05-18,GS,0.008099670711030904,0.015854509222970898,Historical
2021-05-18,HD,-0.0501158410984795,0.016569428101393443,Historical
2021-05-18,INTC,0.0335881998492566,0.012406284477837053,Historical
2021-05-18,JNJ,-0.029385451073262302,0.008994330441664793,Historical
2021-05-18,JPM,-0.0523584752675794,0.018824514422238085,Historical
2021-05-18,KO,0.008055793871693492,0.00584597812506434,Historical
2021-05-18,MCD,0.022201297133762503,0.011912509162956025,Historical
2021-05-18,MMM,-0.0334679043726468,0.005736967562649217,Historical
2021-05-18,MSFT,0.0508672097631172,0.0275879693249734,Historical
2021-05-18,NEM,-0.07049629444310701,0.014483362068970107,Historical
2021-05-18,PFE,-0.0204010892032092,0.007182969622894691,Historical
2021-05-18,PG,-0.036601439258124105,0.011224540333897397,Historical
2021-05-18,UNH,-0.028244138055512,0.020519290012923894,Historical
2021-05-18,VZ,-0.022692547953975996,0.0058264268795621245,Historical
2021-05-18,WFC,-0.04986592242947059,0.0025016448801580085,Historical
2021-05-18,XOM,0.030250259664526803,-0.0017403534765342385,Historical
2021-06-17,AAPL,0.11758648841564556,0.029060349670764127,Historical
2021-06-17,CAT,-0.043336590242271704,0.020043837822734743,Historical
2021-06-17,CVX,-0.1062018056447921,0.0049665074389918925,Historical
2021-06-17,DUK,0.0285636533163494,0.007092204476273575,Historical
2021-06-17,GS,-0.016852910483269583,0.016933155211120706,Historical
2021-06-17,HD,0.0601156288600374,0.01666631888902803,Historical
2021-06-17,INTC,-0.0401157965454611,0.011767611685543118,Historical
2021-06-17,JNJ,0.02207397269611163,0.007871542839409025,Historical
2021-06-17,JPM,-0.0225509272435082,0.01771392862282594,Historical
2021-06-17,KO,0.031154070211963304,0.0059672345225276115,Historical
2021-06-17,MCD,-0.0035295152733352004,0.012998822130733341,Historical
2021-06-17,MMM,0.012415750327594902,0.005139012807295733,Historical
2021-06-17,MSFT,0.08691109472772966,0.028732525607114826,Historical
2021-06-17,NEM,-0.10333347546672891,0.012776542448038011,Historical
2021-06-17,PFE,0.0263669570250167,0.005962722628909863,Historical
2021-06-17,PG,0.0565849779129393,0.01018511701466179,Historical
2021-06-17,UNH,0.0586300296615989,0.018940243095104295,Historical
2021-06-17,VZ,0.007988508084907,0.004790634262559196,Historical
2021-06-17,WFC,-0.02871638634881571,0.002147173676078147,Historical
2021-06-17,XOM,-0.1117947288580048,-0.0015656331922298465,Historical
2021-07-19,AAPL,0.0332969833890462,0.03079421404479598,Historical
2021-07-19,CAT,0.051218423186156395,0.01820229010346848,Historical
2021-07-19,CVX,0.0230542380298105,0.0023276105290683333,Historical
2021-07-19,DUK,0.03793443518090821,0.007101623184188567,Historical
2021-07-19,GS,0.11277526069343102,0.014885321153319295,Historical
2021-07-19,HD,0.0411576836142752,0.016474413588176223,Historical
2021-07-19,INTC,-0.02118948726798329,0.009583272154317951,Historical
2021-07-19,JNJ,0.056325251506933294,0.007398648425270893,Historical
2021-07-19,JPM,0.0451753901705283,0.016669967979370117,Historical
2021-07-19,KO,0.0189679102997366,0.006247662194696012,Historical
2021-07-19,MCD,0.0261515415179712,0.012747928616893712,Historical
2021-07-19,MMM,0.014688054529388997,0.004074197764903986,Historical
2021-07-19,MSFT,0.048153769111758095,0.028922034780235466,Historical
2021-07-19,NEM,-0.0472685702965753,0.008238379230959617,Historical
2021-07-19,PFE,0.201406641712699,0.0055073247416327475,Historical
2021-07-19,PG,0.035238603677602204,0.010631762055517892,Historical
2021-07-19,UNH,-0.0059503745850916015,0.019486470027645163,Historical
2021-07-19,VZ,-0.008538170932377097,0.0038832379511047075,Historical
2021-07-19,WFC,0.1139626619838063,0.0009518317553398722,Historical
2021-07-19,XOM,-0.009347910566199508,-0.004241789675553326,Historical
2021-08-17,AAPL,-0.013926547807162005,0.02974579010340094,Historical
2021-08-17,CAT,-0.05659945140917489,0.018295062338706515,Historical
2021-08-17,CVX,-0.013522602924299496,0.003436534279744504,Historical
2021-08-17,DUK,-0.0551034493814689,0.007814469561235347,Historical
2021-08-17,GS,-0.010949414295274804,0.016692260215925108,Historical
2021-08-17,HD,4.475003293420276e-05,0.016910781666971852,Historical
2021-08-17,INTC,0.030391680406133197,0.009405250508591718,Historical
2021-08-17,JNJ,-0.06647163707523501,0.008331990021042516,Historical
2021-08-17,JPM,-0.004856336323723201,0.01711386048407157,Historical
2021-08-17,KO,-0.020711635686265197,0.007180598115280165,Historical
2021-08-17,MCD,0.00550874335052027,0.013787672253759514,Historical
2021-08-17,MMM,-0.08627828130970719,0.004377140711321609,Historical
2021-08-17,MSFT,0.036015629878094466,0.02847042139784518,Historical
2021-08-17,NEM,-0.010588928022850816,0.006086362851923001,Historical
2021-08-17,PFE,-0.0884434677074069,0.009625744452678775,Historical
2021-08-17,PG,0.003313368551288299,0.010863431556952971,Historical
2021-08-17,UNH,0.0042466260642994936,0.01914761294047149,Historical
2021-08-17,VZ,-0.025510217723483303,0.0044077522425016455,Historical
2021-08-17,WFC,-0.057694219738719715,0.0030758950719388593,Historical
2021-08-17,XOM,0.0085443671001572,-0.0032437818380852425,Historical
2021-09-16,AAPL,-0.036002335071275204,0.029549156800545196,Historical
2021-09-16,CAT,-0.057006817197976595,0.01791746595830018,Historical
2021-09-16,CVX,0.10218960621061618,0.0034879014071590147,Historical
2021-09-16,DUK,-0.0037314232468135047,0.007861754927337443,Historical
2021-09-16,GS,-0.0271088752186542,0.016066204057000343,Historical
2021-09-16,HD,0.03153378134543635,0.018205943877511784,Historical
2021-09-16,INTC,-0.0223820124259585,0.009417776581991296,Historical
2021-09-16,JNJ,-0.032626485280161203,0.007889934505426905,Historical
2021-09-16,JPM,0.0390301723965899,0.016727006621357992,Historical
2021-09-16,KO,-0.022989520027449604,0.007375736397135527,Historical
2021-09-16,MCD,0.014705923297504598,0.014432162343783377,Historical
2021-09-16,MMM,-0.021234700483807892,0.0032285505820720513,Historical
2021-09-16,MSFT,-0.0068141535524460055,0.02937773878275257,Historical
2021-09-16,NEM,0.0010390701521499,0.008338865085539928,Historical
2021-09-16,PFE,-0.07175702551803051,0.00860569112101305,Historical
2021-09-16,PG,-0.0074004468632515984,0.01091673251016355,Historical
2021-09-16,UNH,0.006779022775449506,0.020217245393990193,Historical
2021-09-16,VZ,-0.0379742884196964,0.0046804335420694764,Historical
2021-09-16,WFC,-0.028930861994771594,0.002444649839165719,Historical
2021-09-16,XOM,0.094310444108485,-0.0025928441380440948,Historical
2021-10-15,AAPL,0.043881836893653006,0.027558990136760782,Historical
2021-10-15,CAT,0.07957386340501112,0.015506429286843827,Historical
2021-10-15,CVX,0.04861092149653297,0.004741253262265984,Historical
2021-10-15,DUK,-0.007858401906286498,0.008258515010813325,Historical
2021-10-15,GS,0.034445827056289305,0.015386421562659949,Historical
2021-10-15,HD,0.0797989298953892,0.018603407692209833,Historical
2021-10-15,INTC,-0.061996517802646894,0.008348096415698716,Historical
2021-10-15,JNJ,0.030144856609173595,0.007295224517362945,Historical
2021-10-15,JPM,0.02052551475966653,0.01686071601312573,Historical
2021-10-15,KO,0.0359685400929323,0.007190854544006309,Historical
2021-10-15,MCD,0.024717570549447114,0.014680166776260096,Historical
2021-10-15,MMM,0.018353254707187402,0.003486828786143624,Historical
2021-10-15,MSFT,0.1063442835679584,0.029094037929276357,Historical
2021-10-15,NEM,0.016480907510398404,0.010398440075187972,Historical
2021-10-15,PFE,0.18556678859412806,0.007891569190681081,Historical
2021-10-15,PG,0.0234543697868465,0.010504888271971054,Historical
2021-10-15,UNH,0.0879170291873724,0.020187751904372483,Historical
2021-10-15,VZ,0.008057052661850798,0.004235288153592824,Historical
2021-10-15,WFC,0.12136683117583859,0.0025549332387769276,Historical
2021-10-15,XOM,0.04228201616745259,-0.0013923751180819088,Historical
2021-11-15,AAPL,0.15038137578865865,0.02961984772823139,Historical
2021-11-15,CAT,-0.0371409679173869,0.015604953819624059,Historical
2021-11-15,CVX,0.02876253428919731,0.004655725574815593,Historical
2021-11-15,DUK,0.02852406766847939,0.008454710219889368,Historical
2021-11-15,GS,-0.035284737109425215,0.013110752565339877,Historical
2021-11-15,HD,0.08049078169087422,0.019628363678947755,Historical
2021-11-15,INTC,-0.012198918915517595,0.008413537726669794,Historical
2021-11-15,JNJ,0.038025555695287004,0.0075772881787436516,Historical
2021-11-15,JPM,-0.04743369384903171,0.01523894532981237,Historical
2021-11-15,KO,0.028527930098944294,0.008128829238391156,Historical
2021-11-15,MCD,0.0517185521623875,0.015121208520616512,Historical
2021-11-15,MMM,-0.0417963599284367,0.0033508278897263315,Historical
2021-11-15,MSFT,-0.023374219520389206,0.030408767509355228,Historical
2021-11-15,NEM,-0.0347663192249341,0.010596050169997427,Historical
2021-11-15,PFE,0.11049497031548518,0.010608607868680188,Historical
2021-11-15,PG,0.07674120517319398,0.011858189204999835,Historical
2021-11-15,UNH,0.04688818543870251,0.020345011587881993,Historical
2021-11-15,VZ,-0.032821787173455214,0.005610821919817338,Historical
2021-11-15,WFC,-0.04146796469323951,0.002266855375251655,Historical
2021-11-15,XOM,-0.03637918830631761,-0.0008192974810918419,Historical
2021-12-15,AAPL,-0.0123514957632852,0.031295297540080064,Historical
2021-12-15,CAT,0.1184658889116197,0.01469772961297409,Historical
2021-12-15,CVX,0.08712599642927002,0.0035812404103971293,Historical
2021-12-15,DUK,0.0133385898041002,0.00845120448432948,Historical
2021-12-15,GS,0.0050791984799675146,0.00970243911810445,Historical
2021-12-15,HD,-0.038576265270850396,0.02017971572849682,Historical
2021-12-15,INTC,0.10023675244501609,0.007514790643887143,Historical
2021-12-15,JNJ,-0.0090253208793043,0.008689500368037239,Historical
2021-12-15,JPM,0.06158663631041461,0.012778045173380496,Historical
2021-12-15,KO,0.0522443699747117,0.008077687427052711,Historical
2021-12-15,MCD,-0.004237231455708103,0.014833658288182972,Historical
2021-12-15,MMM,0.035422725915601,0.002042844066292307,Historical
2021-12-15,MSFT,-0.07439378856670772,0.028949772494066276,Historical
2021-12-15,NEM,0.08772322496358269,0.011022553655643533,Historical
2021-12-15,PFE,2.8449465006019636e-16,0.013001664896946017,Historical
2021-12-15,PG,0.000252770915281207,0.012706856307562244,Historical
2021-12-15,UNH,-0.025410876175663705,0.01960216921448832,Historical
2021-12-15,VZ,0.06709251541338429,0.0033456657758616734,Historical
2021-12-15,WFC,0.135778807404542,0.00028717894481389896,Historical
2021-12-15,XOM,0.13776768763697483,-0.0021615637657228484,Historical
2022-01-14,AAPL,-0.0181369656038889,0.030236391668877247,Historical
2022-01-14,CAT,-0.12234239124648277,0.016864333390042664,Historical
2022-01-14,CVX,0.07495799769425861,0.005174785382685468,Historical
2022-01-14,DUK,-0.041162077345555194,0.008444101625975767,Historical
2022-01-14,GS,-0.08142536479674628,0.009324841396350455,Historical
2022-01-14,HD,-0.0959928735613549,0.01947620221582019,Historical
2022-01-14,INTC,-0.13624037742319278,0.008846006642602357,Historical
2022-01-14,JNJ,-0.01890252273410636,0.008646332265814441,Historical
2022-01-14,JPM,-0.0982327446498761,0.013418114529185222,Historical
2022-01-14,KO,-0.0036190228410194003,0.009330661457310657,Historical
2022-01-14,MCD,-0.0311603264042982,0.014713826548732517,Historical
2022-01-14,MMM,-0.1359492682447998,0.0028386011563369335,Historical
2022-01-14,MSFT,-0.032680639070352006,0.02759233216067005,Historical
2022-01-14,NEM,0.0482309361962326,0.011554984113350965,Historical
2022-01-14,PFE,-0.1015141472318392,0.01289910272838747,Historical
2022-01-14,PG,-0.004455649211596809,0.01296556121439148,Historical
2022-01-14,UNH,0.014801358237817685,0.01888141051548384,Historical
2022-01-14,VZ,-0.004682000912773795,0.003992996155314352,Historical
2022-01-14,WFC,0.03698159414398581,0.0029370734184809306,Historical
2022-01-14,XOM,0.12276457171560101,0.0010070044423956218,Historical
2022-02-15,AAPL,-0.056580199789069,0.028006919468867242,Historical
2022-02-15,CAT,0.0778814867824558,0.013906438618443748,Historical
2022-02-15,CVX,0.15363341033638017,0.006750084078140429,Historical
2022-02-15,DUK,0.0684338884438894,0.007512699242872355,Historical
2022-02-15,GS,-0.0497149725767021,0.007802484486191964,Historical
2022-02-15,HD,-0.05451702241840058,0.017294315906611808,Historical
2022-02-15,INTC,-0.020168503560905694,0.0068751251266212145,Historical
2022-02-15,JNJ,0.0588628791353664,0.008149078421918551,Historical
2022-02-15,JPM,-0.09695092912423683,0.011415805374069492,Historical
2022-02-15,KO,-0.012684562688077296,0.009405197948483572,Historical
2022-02-15,MCD,-0.05652354083740092,0.013731418631572423,Historical
2022-02-15,MMM,-0.0727933149174692,0.00023986277875885412,Historical
2022-02-15,MSFT,-3.95587488808552e-06,0.026495237027289162,Historical
2022-02-15,NEM,0.1278776733771188,0.011008065136261177,Historical
2022-02-15,PFE,0.06076632873847012,0.01103314700060233,Historical
2022-02-15,PG,-0.04555438886308861,0.011894016880752221,Historical
2022-02-15,UNH,0.05202595414900831,0.019166126999232563,Historical
2022-02-15,VZ,-0.014750750302838494,0.00527565505251246,Historical
2022-02-15,WFC,-0.11433176312609002,0.0026697303455780726,Historical
2022-02-15,XOM,-0.026298900173770616,0.0035589147744411803,Historical
2022-03-17,AAPL,0.03509327977349459,0.026190656751887465,Historical
2022-03-17,CAT,0.0528634297164489,0.01609769486735073,Historical
2022-03-17,CVX,0.0843496337103463,0.009904565211030229,Historical
2022-03-17,DUK,0.08047078736473258,0.007782941544038226,Historical
2022-03-17,GS,-0.057745281538665594,0.00689591035377569,Historical
2022-03-17,HD,-0.08310963468760929,0.015348561424449458,Historical
2022-03-17,INTC,-0.020802524584671,0.006868096780781286,Historical
2022-03-17,JNJ,0.030361707906716995,0.007237754962978813,Historical
2022-03-17,JPM,-0.08552920543174279,0.009136467010775664,Historical
2022-03-17,KO,0.0893910645797869,0.00844296087227955,Historical
2022-03-17,MCD,0.050640125004839706,0.01235933937800203,Historical
2022-03-17,MMM,0.012769485855548096,-0.001993427036007335,Historical
2022-03-17,MSFT,-0.0507232077026962,0.026386710839887265,Historical
2022-03-17,NEM,0.1548389095198235,0.014644734059239363,Historical
2022-03-17,PFE,0.003772115266717904,0.011044237254862994,Historical
2022-03-17,PG,0.05716240026984022,0.010561566938257822,Historical
2022-03-17,UNH,0.0708082458060563,0.018993213269882788,Historical
2022-03-17,VZ,0.03731139445429031,0.004492730228886871,Historical
2022-03-17,WFC,-0.10730033618159841,0.0002949336924565255,Historical
2022-03-17,XOM,0.13250730772218514,0.003322612845195492,Historical
2022-04-18,AAPL,-0.1257822077456742,0.026705686376694713,Historical
2022-04-18,CAT,-0.0900915592312192,0.017025231800039273,Historical
2022-04-18,CVX,0.008241454603683009,0.011741465733961417,Historical
2022-04-18,DUK,-0.0338716385188911,0.00900463046346248,Historical
2022-04-18,GS,-0.058248938619277185,0.007598349300719487,Historical
2022-04-18,HD,-0.028411320087262406,0.014194806563027747,Historical
2022-04-18,INTC,-0.05050895382975101,0.006450315441745259,Historical
2022-04-18,JNJ,-0.0101681545061519,0.008264922578491974,Historical
2022-04-18,JPM,-0.0643483240590098,0.009003522891764952,Historical
2022-04-18,KO,0.014353609233300098,0.00966978130107411,Historical
2022-04-18,MCD,-0.0261667537502215,0.01283215256505503,Historical
2022-04-18,MMM,0.020949017868956792,-0.0015568244038670596,Historical
2022-04-18,MSFT,-0.0677480809547391,0.02548991885361274,Historical
2022-04-18,NEM,-0.25865521286157284,0.017031019447461385,Historical
2022-04-18,PFE,-0.039097485739047394,0.011472024756124027,Historical
2022-04-18,PG,-0.01640287142064971,0.011765989821419149,Historical
2022-04-18,UNH,-0.08911792347749033,0.020848548805473988,Historical
2022-04-18,VZ,-0.0931946536715546,0.005429962155225682,Historical
2022-04-18,WFC,-0.08811224871636339,0.0007390131359762276,Historical
2022-04-18,XOM,0.04509800966458791,0.005594195240374706,Historical
2022-05-17,AAPL,-0.07199617365996511,0.02289371980057455,Historical
2022-05-17,CAT,-0.005760099587275098,0.013795706496216044,Historical
2022-05-17,CVX,-0.04370560303076611,0.011761429533841041,Historical
2022-05-17,DUK,-0.0937846494323489,0.008241510598655414,Historical
2022-05-17,GS,-0.038956368355795995,0.006493736502149932,Historical
2022-05-17,HD,-0.05020490639432551,0.012465354294609196,Historical
2022-05-17,INTC,-0.10851214640572991,0.005306261480001462,Historical
2022-05-17,JNJ,-0.04008786820592201,0.00783087976469552,Historical
2022-05-17,JPM,-0.024394657959410003,0.007360371797297125,Historical
2022-05-17,KO,-0.09302010705846299,0.009546842323065088,Historical
2022-05-17,MCD,-0.015760111785484206,0.010526728263086423,Historical
2022-05-17,MMM,-0.1036086912814103,-0.001982725067405296,Historical
2022-05-17,MSFT,-0.035631609881209406,0.023490900286036426,Historical
2022-05-17,NEM,-0.035104803193977394,0.01302725580208062,Historical
2022-05-17,PFE,-0.0435641259115558,0.011037980615147946,Historical
2022-05-17,PG,-0.15754065610484477,0.01206490238558081,Historical
2022-05-17,UNH,-0.0522169853065457,0.018712325356108096,Historical
2022-05-17,VZ,0.002240387034159504,0.005026113015174233,Historical
2022-05-17,WFC,-0.10060751594867559,-0.001473496373994838,Historical
2022-05-17,XOM,0.04240838238509201,0.005964242638469063,Historical
2022-06-16,AAPL,0.0824537172844862,0.022862023834434173,Historical
2022-06-16,CAT,-0.171756230018245,0.013331160415027788,Historical
2022-06-16,CVX,-0.16281285129333758,0.010903357184917147,Historical
2022-06-16,DUK,0.05107862559641131,0.005968488341790031,Historical
2022-06-16,GS,0.03785168653195122,0.005685857205858477,Historical
2022-06-16,HD,0.046518156757912606,0.011593062867167356,Historical
2022-06-16,INTC,0.0015511790262418973,0.0035445712744077663,Historical
2022-06-16,JNJ,0.02463667924059101,0.006310757073397484,Historical
2022-06-16,JPM,-0.02306210371860909,0.007001565647754388,Historical
2022-06-16,KO,0.032643890143876086,0.0072720282929162935,Historical
2022-06-16,MCD,0.05504916997807971,0.009665975340127093,Historical
2022-06-16,MMM,-0.04118494500177999,-0.0048214256498416925,Historical
2022-06-16,MSFT,0.0098418026369173,0.022359542507670055,Historical
2022-06-16,NEM,-0.1341696853600831,0.01249150902945717,Historical
2022-06-16,PFE,0.04514174046621609,0.010529711099591159,Historical
2022-06-16,PG,0.0783517037068967,0.009036767535728083,Historical
2022-06-16,UNH,0.11558105294557859,0.016821639513388775,Historical
2022-06-16,VZ,0.0352331474115126,0.004589144224068661,Historical
2022-06-16,WFC,0.07614584259881971,-0.0035242799846591064,Historical
2022-06-16,XOM,-0.097208688737878,0.0068186385757512185,Historical
2022-07-19,AAPL,0.1639445112790116,0.023796619080010423,Historical
2022-07-19,CAT,0.13666075714975148,0.009834537319364012,Historical
2022-07-19,CVX,0.11384297263969738,0.00853099423328157,Historical
2022-07-19,DUK,0.0706068529584584,0.007305649168143844,Historical
2022-07-19,GS,0.1640594521098158,0.00616364339013095,Historical
2022-07-19,HD,0.11077834398067832,0.012786078416531042,Historical
2022-07-19,INTC,-0.057270347299978284,0.003973993161885845,Historical
2022-07-19,JNJ,-0.0389750574333102,0.0067427180966908515,Historical
2022-07-19,JPM,0.1006709996952526,0.005566431921172883,Historical
2022-07-19,KO,0.053375389492690606,0.008045778650720096,Historical
2022-07-19,MCD,0.05349174026905909,0.010082261636778729,Historical
2022-07-19,MMM,0.1532526875087198,-0.005646938309448589,Historical
2022-07-19,MSFT,0.1408641791806618,0.02193864322381626,Historical
2022-07-19,NEM,-0.1741448802230453,0.010464241762262905,Historical
2022-07-19,PFE,-0.009963139640758699,0.010908999634849302,Historical
2022-07-19,PG,0.051629393605340995,0.01059709185786216,Historical
2022-07-19,UNH,0.05022228477893109,0.018269454893541343,Historical
2022-07-19,VZ,-0.09332307902225412,0.006115715200068532,Historical
2022-07-19,WFC,0.11860818518805649,-0.002395188911820848,Historical
2022-07-19,XOM,0.07006128559342549,0.005359711495177318,Historical
2022-08-17,AAPL,-0.1271532150220507,0.025296679691666858,Historical
2022-08-17,CAT,-0.0791444206690303,0.011252086397448551,Historical
2022-08-17,CVX,0.0356056595699584,0.009760524430892715,Historical
2022-08-17,DUK,-0.0534034488989873,0.00803523631402951,Historical
2022-08-17,GS,-0.06052193655806219,0.008988621797487047,Historical
2022-08-17,HD,-0.1805088146474439,0.014482615868142878,Historical
2022-08-17,INTC,-0.2270195333604973,0.002115579289813785,Historical
2022-08-17,JNJ,-0.008274608500975413,0.005982893281948064,Historical
2022-08-17,JPM,-0.047710805375450485,0.00720097612157072,Historical
2022-08-17,KO,-0.0811039434293046,0.008522734989055564,Historical
2022-08-17,MCD,-0.0438817325012641,0.010762618736791156,Historical
2022-08-17,MMM,-0.24495273500751055,-0.0027427873345451754,Historical
2022-08-17,MSFT,-0.1742538954197534,0.024101903790876122,Historical
2022-08-17,NEM,-0.06930571030499569,0.006253213928010687,Historical
2022-08-17,PFE,-0.08188280497851971,0.010640874823057913,Historical
2022-08-17,PG,-0.0869811626712678,0.01047866358293884,Historical
2022-08-17,UNH,-0.040296579130498306,0.01851001552680991,Historical
2022-08-17,VZ,-0.10998072059400141,0.002673974153764544,Historical
2022-08-17,WFC,-0.0425786248496709,0.00012570105977931912,Historical
2022-08-17,XOM,0.0361842862167316,0.007004073394391934,Historical
2022-09-16,AAPL,-0.09630806873801831,0.023198329781617916,Historical
2022-09-16,CAT,-0.0238449346230384,0.009087139782058865,Historical
2022-09-16,CVX,-0.0029927374716805025,0.009369121562182774,Historical
2022-09-16,DUK,-0.20224014166681326,0.006848269172063299,Historical
2022-09-16,GS,-0.10024103567625672,0.00798184008271368,Historical
2022-09-16,HD,0.01784848523018281,0.01076487830135782,Historical
2022-09-16,INTC,-0.10713432409370136,-0.0016634994125282188,Historical
2022-09-16,JNJ,-0.0037625966148093007,0.005868406257930358,Historical
2022-09-16,JPM,-0.0494347180487751,0.006649032112644494,Historical
2022-09-16,KO,-0.0795110322470929,0.006786104780878011,Historical
2022-09-16,MCD,-0.041525730632332086,0.009960237428159024,Historical
2022-09-16,MMM,-0.024256799956120217,-0.007090445630660476,Historical
2022-09-16,MSFT,-0.07100911764167459,0.020746194783296732,Historical
2022-09-16,NEM,-0.039937687110321404,0.00422634529571254,Historical
2022-09-16,PFE,-0.06939723869442452,0.00842277092582009,Historical
2022-09-16,PG,-0.09423375512456578,0.008686993326554182,Historical
2022-09-16,UNH,-0.018879992894265108,0.017382440591258253,Historical
2022-09-16,VZ,-0.10357170794594112,0.0013721008182613164,Historical
2022-09-16,WFC,-0.022220444605629986,-0.00014288336013292268,Historical
2022-09-16,XOM,0.04495139971906789,0.007282233061013157,Historical
2022-10-17,AAPL,0.07075614885904108,0.021978660283473554,Historical
2022-10-17,CAT,0.2897666042909578,0.007305492386881412,Historical
2022-10-17,CVX,0.1526507119502337,0.008610525635634825,Historical
2022-10-17,DUK,0.0947656867879584,0.0034392299713244144,Historical
2022-10-17,GS,0.2426137400677913,0.005364567020741062,Historical
2022-10-17,HD,0.10462941679897922,0.010593037983685608,Historical
2022-10-17,INTC,0.1715831882704052,-0.004712030279473791,Historical
2022-10-17,JNJ,0.04430386864814221,0.005263458299253951,Historical
2022-10-17,JPM,0.1859273435765506,0.004865687526380455,Historical
2022-10-17,KO,0.09946854713442349,0.0056012965073276725,Historical
2022-10-17,MCD,0.1130744917755834,0.008550287158053975,Historical
2022-10-17,MMM,0.14247867913590903,-0.008127003171312585,Historical
2022-10-17,MSFT,0.055277701188474,0.019144736049735704,Historical
2022-10-17,NEM,0.12771552300277764,0.003337822544752038,Historical
2022-10-17,PFE,0.1473016457807266,0.006663925412459544,Historical
2022-10-17,PG,0.126736430101695,0.007367739393829579,Historical
2022-10-17,UNH,0.0012073805277027054,0.017528720429805474,Historical
2022-10-17,VZ,0.05169164142314038,-0.0009364150177408701,Historical
2022-10-17,WFC,0.0886518764385753,-0.001685542264800044,Historical
2022-10-17,XOM,0.1416376665009639,0.007484730967365658,Historical
2022-11-15,AAPL,-0.0347902546521984,0.02121408247773424,Historical
2022-11-15,CAT,-0.008577969910668993,0.011223808818216972,Historical
2022-11-15,CVX,-0.07158219963950022,0.01143117382071772,Historical
2022-11-15,DUK,0.08934912941215419,0.004654721071767963,Historical
2022-11-15,GS,-0.0526669020512642,0.00938382226705657,Historical
2022-11-15,HD,0.0888773752952924,0.012385540312909482,Historical
2022-11-15,INTC,-0.0713491482977658,-0.00446824548172133,Historical
2022-11-15,JNJ,0.0510850310763969,0.00567260029205745,Historical
2022-11-15,JPM,-0.003740653818505999,0.0077026284037570465,Historical
2022-11-15,KO,0.059356144308225,0.007104402600428591,Historical
2022-11-15,MCD,0.013882447261810473,0.010264905364910029,Historical
2022-11-15,MMM,-0.026789093292149894,-0.006490989334557987,Historical
2022-11-15,MSFT,0.0656693220079373,0.018667615469648992,Historical
2022-11-15,NEM,0.02930026283587129,0.006761434103888651,Historical
2022-11-15,PFE,0.1011273072776601,0.009512626770476127,Historical
2022-11-15,PG,0.0807735066729393,0.010093321344533753,Historical
2022-11-15,UNH,0.049868690784258506,0.01605027435939727,Historical
2022-11-15,VZ,-0.022704468228701903,0.0011663435977213492,Historical
2022-11-15,WFC,-0.10543162425804961,0.00010402980136694308,Historical
2022-11-15,XOM,-0.0628876611359177,0.009589020944728197,Historical
2022-12-15,AAPL,-0.05209849652805421,0.020920073090432537,Historical
2022-12-15,CAT,0.08882238646256359,0.010254188325081442,Historical
2022-12-15,CVX,0.0462640919792598,0.009731004033597923,Historical
2022-12-15,DUK,0.008866694421193193,0.00631260173109372,Historical
2022-12-15,GS,-0.0294543750167831,0.0072795038355082916,Historical
2022-12-15,HD,-0.017853195444041407,0.01207643529143984,Historical
2022-12-15,INTC,0.046327022617176986,-0.004813669645089707,Historical
2022-12-15,JNJ,-0.0420370893745039,0.006063118900197072,Historical
2022-12-15,JPM,0.06127285054948119,0.006115765519129298,Historical
2022-12-15,KO,-0.0367671463497427,0.00841134508787132,Historical
2022-12-15,MCD,-0.0015310620725398003,0.009741950028085712,Historical
2022-12-15,MMM,0.004036655456622507,-0.007677274734947678,Historical
2022-12-15,MSFT,-0.0678356236124904,0.019342213723717926,Historical
2022-12-15,NEM,0.1077562620410043,0.007657032388024299,Historical
2022-12-15,PFE,-0.1674545634134141,0.010547686224032512,Historical
2022-12-15,PG,-0.015827079161221343,0.01112307642273866,Historical
2022-12-15,UNH,-0.10421379202579703,0.015947031801291194,Historical
2022-12-15,VZ,0.1024987719123249,-0.0020433649621414652,Historical
2022-12-15,WFC,0.044966912297423306,-0.003559340291053989,Historical
2022-12-15,XOM,0.0589990078275137,0.00857710233469256,Historical
2023-01-18,AAPL,0.1348636440011982,0.01953661092967942,Historical
2023-01-18,CAT,-0.025187563741168102,0.008871489521665728,Historical
2023-01-18,CVX,-0.0569163387841907,0.00866826109726059,Historical
2023-01-18,DUK,-0.048761380866357194,0.008114050832046766,Historical
2023-01-18,GS,0.0674597385467724,0.006830687939705535,Historical
2023-01-18,HD,-0.02110473006848451,0.010489753197151426,Historical
2023-01-18,INTC,-0.013553174173135216,-0.004006900646448247,Historical
2023-01-18,JNJ,-0.0783569105405669,0.004997206217817855,Historical
2023-01-18,JPM,0.021083027940728603,0.006166424005990319,Historical
2023-01-18,KO,-0.0344718872985912,0.007485049909129507,Historical
2023-01-18,MCD,-0.027930027351567105,0.009587264503960151,Historical
2023-01-18,MMM,-0.0979281566972484,-0.00815676540933264,Historical
2023-01-18,MSFT,0.1163057134503647,0.017446556471404306,Historical
2023-01-18,NEM,-0.1250995745612322,0.007118783970855827,Historical
2023-01-18,PFE,-0.052626035989402395,0.007775008242868948,Historical
2023-01-18,PG,-0.0731227701592117,0.010903870574801805,Historical
2023-01-18,UNH,0.012639339907046148,0.013755693462116766,Historical
2023-01-18,VZ,-0.011572052142769797,-0.0001017659284356626,Historical
2023-01-18,WFC,0.090021343442469,-0.0034121650018170135,Historical
2023-01-18,XOM,0.035090658624704,0.008628379682883453,Historical
2023-02-16,AAPL,-0.0021264712217112947,0.022961871323228526,Historical
2023-02-16,CAT,-0.14556285664533852,0.010054582200589704,Historical
2023-02-16,CVX,-0.10384287992402282,0.010467972635390736,Historical
2023-02-16,DUK,-0.01916374619977311,0.007690314866192868,Historical
2023-02-16,GS,-0.2025162111548504,0.008052568722377935,Historical
2023-02-16,HD,-0.0989458882884514,0.01125204836043084,Historical
2023-02-16,INTC,0.03273393652695779,-0.004809199525813204,Historical
2023-02-16,JNJ,-0.0376844160147015,0.005603499439350488,Historical
2023-02-16,JPM,-0.1336506475788893,0.006553351333395268,Historical
2023-02-16,KO,0.014831161327020795,0.007633828391229617,Historical
2023-02-16,MCD,0.008155224526213999,0.010230407856122815,Historical
2023-02-16,MMM,-0.09502769095620392,-0.008870270355220984,Historical
2023-02-16,MSFT,0.036851645525886906,0.019342256421335604,Historical
2023-02-16,NEM,0.049050626628607596,0.006236412487245362,Historical
2023-02-16,PFE,-0.07723829783675959,0.007490471029445336,Historical
2023-02-16,PG,0.028168769521500398,0.011139650348670137,Historical
2023-02-16,UNH,-0.04172941501191199,0.014112782580983956,Historical
2023-02-16,VZ,-0.0931083324725207,0.00028746264169377894,Historical
2023-02-16,WFC,-0.2393255578211911,-0.000752202896933805,Historical
2023-02-16,XOM,-0.15062455312882256,0.011330231126670991,Historical
2023-03-20,AAPL,0.07139019489663823,0.02153490824485882,Historical
2023-03-20,CAT,0.04630438631143771,0.00756371005325301,Historical
2023-03-20,CVX,0.11273784262450758,0.008238635467209744,Historical
2023-03-20,DUK,0.010526601900077908,0.0072469126764615095,Historical
2023-03-20,GS,0.0953581155625506,0.0039231273663695495,Historical
2023-03-20,HD,0.035962688394701896,0.010028768736401166,Historical
2023-03-20,INTC,0.06556537644237552,-0.00651164219251171,Historical
2023-03-20,JNJ,0.055089011077340995,0.004476154172906764,Historical
2023-03-20,JPM,0.12463711750578739,0.003914405829322686,Historical
2023-03-20,KO,0.0573065765060153,0.007931815085402623,Historical
2023-03-20,MCD,0.08501686471535759,0.010342487872567273,Historical
2023-03-20,MMM,0.031059769637491103,-0.010873823862209493,Historical
2023-03-20,MSFT,0.031492557116014105,0.019090196477633017,Historical
2023-03-20,NEM,0.0142226905285046,0.006863705074280226,Historical
2023-03-20,PFE,0.011159629562927596,0.005438672975719233,Historical
2023-03-20,PG,0.05631450354084961,0.012198141356362444,Historical
2023-03-20,UNH,0.07185996145746112,0.013154649521792442,Historical
2023-03-20,VZ,0.0732100370388411,-0.0006577192192825953,Historical
2023-03-20,WFC,0.10331931786814623,-0.0044013158594920655,Historical
2023-03-20,XOM,0.15809207333824501,0.009235627762252358,Historical
2023-04-19,AAPL,0.03806493970874079,0.022990872911961027,Historical
2023-04-19,CAT,-0.05451751180809649,0.008599553768913698,Historical
2023-04-19,CVX,-0.090857425235073,0.00939518067300969,Historical
2023-04-19,DUK,-0.0359255652201421,0.0071594743806875725,Historical
2023-04-19,GS,-0.011233710600058289,0.00606730670987119,Historical
2023-04-19,HD,-0.022187804893224305,0.010972371459699676,Historical
2023-04-19,INTC,-0.09351955379727284,-0.005909495624626357,Historical
2023-04-19,JNJ,-0.012625156888508897,0.005557938124609273,Historical
2023-04-19,JPM,-0.0210831640383113,0.006651205705928649,Historical
2023-04-19,KO,-0.006471502038028999,0.008505846404854293,Historical
2023-04-19,MCD,0.008727056766731894,0.011757377519186455,Historical
2023-04-19,MMM,-0.0590143286574325,-0.009020107648853613,Historical
2023-04-19,MSFT,0.0873322908929243,0.019616844865742618,Historical
2023-04-19,NEM,-0.0878675932944392,0.005359045871931117,Historical
2023-04-19,PFE,-0.08763504431570411,0.00564746736281969,Historical
2023-04-19,PG,0.0315127675237052,0.013149436425923944,Historical
2023-04-19,UNH,-0.039771206867949105,0.014291416075342494,Historical
2023-04-19,VZ,-0.0735158188178441,0.0003195725005057206,Historical
2023-04-19,WFC,-0.02646352435011802,-0.0008098607432760084,Historical
2023-04-19,XOM,-0.10077647829795129,0.010972439276295662,Historical
2023-05-18,AAPL,0.06842524649523081,0.022583664750040026,Historical
2023-05-18,CAT,0.14530174742114618,0.007557997783704743,Historical
2023-05-18,CVX,0.019650031067326303,0.0066771476919322,Historical
2023-05-18,DUK,-0.009071334638413094,0.006782383021110866,Historical
2023-05-18,GS,0.031910383658742617,0.006969681613816836,Historical
2023-05-18,HD,0.0341334221855304,0.009355705782070959,Historical
2023-05-18,INTC,0.23094118575136308,-0.008040647228475781,Historical
2023-05-18,JNJ,0.03994302725272849,0.006208000405966898,Historical
2023-05-18,JPM,0.0341515147087382,0.005878730050866513,Historical
2023-05-18,KO,-0.016128201001173292,0.009540416819001304,Historical
2023-05-18,MCD,0.006111655495075263,0.011756017929131873,Historical
2023-05-18,MMM,0.057687438057481194,-0.008789976918235317,Historical
2023-05-18,MSFT,0.0863819747293238,0.020524000586664322,Historical
2023-05-18,NEM,-0.010822432008257322,0.004681420371777743,Historical
2023-05-18,PFE,0.08624033403688859,0.004412694090774448,Historical
2023-05-18,PG,-0.03637731669785638,0.01476654294459713,Historical
2023-05-18,UNH,-0.05172199373229781,0.012977168027805576,Historical
2023-05-18,VZ,0.007709365544762403,-0.0006977520348739052,Historical
2023-05-18,WFC,0.0416324796523985,-0.00262394747604304,Historical
2023-05-18,XOM,0.0029530716315747975,0.008448968634856082,Historical
2023-06-20,AAPL,0.05358893543565771,0.023338818012421325,Historical
2023-06-20,CAT,0.0737834688897629,0.009919734876559545,Historical
2023-06-20,CVX,-0.016477379543500602,0.007280130521880914,Historical
2023-06-20,DUK,-0.005766245706706197,0.007204194902856205,Historical
2023-06-20,GS,0.006599037037682009,0.007997582148639961,Historical
2023-06-20,HD,0.061646130908980995,0.008826037209089988,Historical
2023-06-20,INTC,-0.05394510874145191,-0.004684997515016796,Historical
2023-06-20,JNJ,-0.03399994812493229,0.007116848436854401,Historical
2023-06-20,JPM,0.0807579350860656,0.007201991518444766,Historical
2023-06-20,KO,-0.0004865710879906997,0.008396872229790466,Historical
2023-06-20,MCD,0.0014628134365998983,0.011349433733831096,Historical
2023-06-20,MMM,-0.010191272061845696,-0.008042273897856675,Historical
2023-06-20,MSFT,0.0365681558749609,0.021203856915361904,Historical
2023-06-20,NEM,0.030335841704912308,0.00458870948239273,Historical
2023-06-20,PFE,-0.0947112608202569,0.005631987165306306,Historical
2023-06-20,PG,0.005003111371533104,0.013479793796452212,Historical
2023-06-20,UNH,0.09404239733012959,0.011048411340791861,Historical
2023-06-20,VZ,-0.0529944521638523,-0.0005797214617793882,Historical
2023-06-20,WFC,0.092331404700681,-0.0019270261527198215,Historical
2023-06-20,XOM,-0.033957243496696696,0.008477822154283065,Historical
2023-07-20,AAPL,-0.11310727862879469,0.02422235934439201,Historical
2023-07-20,CAT,0.046185954462696216,0.0128747764020644,Historical
2023-07-20,CVX,0.041751552146246595,0.007477170291418619,Historical
2023-07-20,DUK,0.0008210159603591974,0.005524946662367425,Historical
2023-07-20,GS,-0.03901261451296759,0.008265962501487291,Historical
2023-07-20,HD,0.024121357107947956,0.009919541636544257,Historical
2023-07-20,INTC,-0.05250925201909119,-0.004489620817900823,Historical
2023-07-20,JNJ,0.0918450694663228,0.006242608991520345,Historical
2023-07-20,JPM,-0.037114907009823096,0.00806879264303206,Historical
2023-07-20,KO,-0.016851125120354003,0.00795466269469508,Historical
2023-07-20,MCD,-0.0426114584924453,0.01222003804558512,Historical
2023-07-20,MMM,-0.016368467460298804,-0.008004584262572214,Historical
2023-07-20,MSFT,-0.1117048575093951,0.021249447596293883,Historical
2023-07-20,NEM,-0.1558490053879717,0.006266696482626121,Historical
2023-07-20,PFE,0.012998679071821999,0.0035004227840462637,Historical
2023-07-20,PG,0.018318161899304304,0.01280430964518994,Historical
2023-07-20,UNH,-0.0195263949774897,0.012449577690124688,Historical
2023-07-20,VZ,-0.027153721004336905,-0.002919810962954261,Historical
2023-07-20,WFC,-0.07768891329619651,-0.0010595264014560343,Historical
2023-07-20,XOM,0.0727518031362458,0.007790190938747011,Historical
2023-08-18,AAPL,0.022559373596938298,0.02071032425620192,Historical
2023-08-18,CAT,0.020752219262876098,0.013928516347180791,Historical
2023-08-18,CVX,0.04570037423149915,0.008227326711425635,Historical
2023-08-18,DUK,0.045898475574154295,0.00544809308008814,Historical
2023-08-18,GS,0.0554176136839499,0.007751693285248573,Historical
2023-08-18,HD,-0.024728825696534392,0.010813122126049929,Historical
2023-08-18,INTC,0.15362427575219137,-0.004170192988759816,Historical
2023-08-18,JNJ,-0.06138527775871321,0.007142521887477894,Historical
2023-08-18,JPM,0.0032915022488875004,0.006847801165607596,Historical
2023-08-18,KO,-0.030955377632971594,0.007247099300990076,Historical
2023-08-18,MCD,-0.009434908015096206,0.011319891622161356,Historical
2023-08-18,MMM,0.007350886138445007,-0.00822842120785768,Historical
2023-08-18,MSFT,0.03771681468381722,0.018664873403060542,Historical
2023-08-18,NEM,0.056107678797174404,0.004881179542009865,Historical
2023-08-18,PFE,-0.0818703090479489,0.0021534598912483576,Historical
2023-08-18,PG,0.012673207358847702,0.012590116349352996,Historical
2023-08-18,UNH,-0.012237093595325899,0.01170781864989279,Historical
2023-08-18,VZ,0.014116400005916994,-0.003780843976051097,Historical
2023-08-18,WFC,0.022352487975664095,-0.002788748448828016,Historical
2023-08-18,XOM,0.08180105106264127,0.00969839319473931,Historical
2023-09-19,AAPL,-0.004618191177424404,0.01981245482672643,Historical
2023-09-19,CAT,-0.029952115975988108,0.013011576061992621,Historical
2023-09-19,CVX,0.0022100645048651942,0.00970648418123744,Historical
2023-09-19,DUK,-0.06526892610496379,0.005833298496331751,Historical
2023-09-19,GS,-0.10415744212622344,0.008709752519831068,Historical
2023-09-19,HD,-0.06956486697557851,0.008961149121400478,Historical
2023-09-19,INTC,-0.0521387205745651,-0.0007023172715586177,Historical
2023-09-19,JNJ,-0.0400605287617481,0.0047224697211048225,Historical
2023-09-19,JPM,-0.0033679732429004955,0.0070677421639149755,Historical
2023-09-19,KO,-0.07532261915776779,0.006611810125541695,Historical
2023-09-19,MCD,-0.1006028364134351,0.010873163466481593,Historical
2023-09-19,MMM,-0.10961425848185367,-0.00891157386939737,Historical
2023-09-19,MSFT,0.009075510243980405,0.018727492940990777,Historical
2023-09-19,NEM,1.0234868508263162e-16,0.007672211058749058,Historical
2023-09-19,PFE,-0.026812825947357604,-6.491384489263018e-05,Historical
2023-09-19,PG,-0.05189148638186961,0.012368360431925048,Historical
2023-09-19,UNH,0.0990140709759473,0.011321062796403573,Historical
2023-09-19,VZ,-0.0410153080585099,-0.004185663085402648,Historical
2023-09-19,WFC,-0.03395701123372799,-0.0015109404007071564,Historical
2023-09-19,XOM,-0.05459171164878912,0.010229437314551422,Historical
2023-10-18,AAPL,0.06081503066333141,0.020055066557121425,Historical
2023-10-18,CAT,-0.07722382007198238,0.012914551568422148,Historical
2023-10-18,CVX,-0.14093207001675973,0.00953397596193926,Historical
2023-10-18,DUK,0.0072801182089358004,0.0051895712345045,Historical
2023-10-18,GS,0.08735618333229671,0.008064193420044032,Historical
2023-10-18,HD,0.0405594697544203,0.009210816301502769,Historical
2023-10-18,INTC,0.12211295544178431,-0.0013170119780234657,Historical
2023-10-18,JNJ,-0.04782955357239339,0.004787918684807977,Historical
2023-10-18,JPM,0.0148688886081301,0.007888933105800732,Historical
2023-10-18,KO,0.0564493220461592,0.005779980197348185,Historical
2023-10-18,MCD,0.0738549623058845,0.009051351429263518,Historical
2023-10-18,MMM,0.06695139157837769,-0.009852716096938947,Historical
2023-10-18,MSFT,0.1093225980314651,0.019379217232521236,Historical
2023-10-18,NEM,-0.10681704929802309,0.006697525739962215,Historical
2023-10-18,PFE,-0.06799993796234219,-0.0008696473278412811,Historical
2023-10-18,PG,0.0409636412851353,0.012404180012881667,Historical
2023-10-18,UNH,0.003274151639144602,0.013344578004006628,Historical
2023-10-18,VZ,0.13321403877504057,-0.004681748954941635,Historical
2023-10-18,WFC,0.0291541988354203,-0.0011772884642272353,Historical
2023-10-18,XOM,-0.06281852003970442,0.009510979467394877,Historical
2023-11-16,AAPL,0.0495978264674823,0.023251240886666257,Historical
2023-11-16,CAT,0.1292707347413968,0.013655042710822914,Historical
2023-11-16,CVX,0.0361319362452892,0.007238975246398458,Historical
2023-11-16,DUK,0.08692665546136569,0.004118985301238978,Historical
2023-11-16,GS,0.12782861277381233,0.010140951866112623,Historical
2023-11-16,HD,0.14527301051941519,0.011056058421266054,Historical
2023-11-16,INTC,0.12809923298763912,-3.1029391613496274e-05,Historical
2023-11-16,JNJ,0.04982992915273253,0.002588571388465429,Historical
2023-11-16,JPM,0.09843784201885189,0.007827953226557195,Historical
2023-11-16,KO,0.0319369528281747,0.004889245633888077,Historical
2023-11-16,MCD,0.0665310039349831,0.008312665509691022,Historical
2023-11-16,MMM,0.11540206817132029,-0.00863651323233382,Historical
2023-11-16,MSFT,0.0028634188130296813,0.021617096972352094,Historical
2023-11-16,NEM,0.12656063086441138,0.005184670007800131,Historical
2023-11-16,PFE,-0.1254723633263637,-0.002256258275895865,Historical
2023-11-16,PG,-0.05052207248166131,0.010287589867550169,Historical
2023-11-16,UNH,-0.010226472509597805,0.012598850727794346,Historical
2023-11-16,VZ,0.03734924893438051,-0.003941662114948026,Historical
2023-11-16,WFC,0.16073170228513872,-0.0009022652630257121,Historical
2023-11-16,XOM,-0.02698629634743409,0.008616398701799598,Historical
2023-12-18,AAPL,-0.0463054880640032,0.026200587720654114,Historical
2023-12-18,CAT,-0.013529829583773694,0.015689984484572046,Historical
2023-12-18,CVX,-0.0517336376217037,0.007886227152668084,Historical
2023-12-18,DUK,-0.008000421913399702,0.0044487695435693865,Historical
2023-12-18,GS,-0.009506000523879,0.014838893947158672,Historical
2023-12-18,HD,0.01095665061375829,0.013902496644629338,Historical
2023-12-18,INTC,0.012486695443509898,0.0015280982872204305,Historical
2023-12-18,JNJ,0.0382510803184262,0.0030611008736223713,Historical
2023-12-18,JPM,0.0193146674060271,0.01071159770009645,Historical
2023-12-18,KO,0.026272995640872605,0.005424470209867802,Historical
2023-12-18,MCD,0.024380949040804498,0.009133860718471332,Historical
2023-12-18,MMM,-0.005060255747543905,-0.007251646642630427,Historical
2023-12-18,MSFT,0.060546853262766716,0.021195395191282967,Historical
2023-12-18,NEM,-0.16596479655601112,0.0059481977042188505,Historical
2023-12-18,PFE,0.053375197777192726,-0.004520372796670879,Historical
2023-12-18,PG,0.0349178922631981,0.008777711948762588,Historical
2023-12-18,UNH,-0.0282226835995026,0.012389316352481765,Historical
2023-12-18,VZ,0.057876370447661,-0.002849983266336702,Historical
2023-12-18,WFC,-0.0800428004458755,0.003562700550912802,Historical
2023-12-18,XOM,-0.0414828281480175,0.008772526045448903,Historical
2024-01-19,AAPL,-0.0328038107027014,0.027270088204606607,Historical
2024-01-19,CAT,0.13734172317151008,0.014842152392067357,Historical
2024-01-19,CVX,0.0973289571552242,0.007582386448785258,Historical
2024-01-19,DUK,-0.031120230347879804,0.005406480821979624,Historical
2024-01-19,GS,0.0197812858295622,0.014306669258571889,Historical
2024-01-19,HD,0.012357047945954694,0.013837720880015406,Historical
2024-01-19,INTC,-0.06868263344425288,0.0016295610024921344,Historical
2024-01-19,JNJ,-0.02176868636621811,0.005924140892743852,Historical
2024-01-19,JPM,0.0670478706901374,0.010806664854988766,Historical
2024-01-19,KO,-0.012881779621542598,0.006515090071110197,Historical
2024-01-19,MCD,-0.007981151979351994,0.01003101357183453,Historical
2024-01-19,MMM,-0.13750508365751726,-0.006211293916279254,Historical
2024-01-19,MSFT,0.027389988324480606,0.022894711216575565,Historical
2024-01-19,NEM,-0.03497770213693429,0.004730521380298589,Historical
2024-01-19,PFE,-0.0019370339297830972,-0.002928123661318302,Historical
2024-01-19,PG,0.0613311735667163,0.010152042344019346,Historical
2024-01-19,UNH,0.010039651356266402,0.01288199273554335,Historical
2024-01-19,VZ,0.039032952691367195,-0.002350698630397382,Historical
2024-01-19,WFC,0.11834973321781961,0.0020033787643981044,Historical
2024-01-19,XOM,0.0783950002285746,0.00927236725694667,Historical
2024-02-20,AAPL,-0.034770134846341096,0.02482540033914625,Historical
2024-02-20,CAT,0.0947425412903187,0.01677997655941479,Historical
2024-02-20,CVX,0.012787446170212952,0.008163330743072489,Historical
2024-02-20,DUK,0.034866162585488705,0.004197735141662131,Historical
2024-02-20,GS,0.0179787619287573,0.013506442062696137,Historical
2024-02-20,HD,0.051969790282152095,0.013014553088753222,Historical
2024-02-20,INTC,-0.034131486830563496,-0.0003616209258461272,Historical
2024-02-20,JNJ,-0.0021739792593487048,0.004935475094834818,Historical
2024-02-20,JPM,0.07922151295900359,0.01180327337562017,Historical
2024-02-20,KO,0.022011539206381096,0.007008963968094357,Historical
2024-02-20,MCD,-0.02616161679695881,0.010379035663439892,Historical
2024-02-20,MMM,0.14340040674319476,-0.009971856916256579,Historical
2024-02-20,MSFT,0.0420428785920404,0.0230539098364899,Historical
2024-02-20,NEM,0.011738959174764106,0.0030608426403435887,Historical
2024-02-20,PFE,0.00036185201890910536,-0.00280623262000215,Historical
2024-02-20,PG,0.027057314685241494,0.009913710874898595,Historical
2024-02-20,UNH,-0.051712674923593806,0.012509250894164284,Historical
2024-02-20,VZ,-0.0129256775104972,-0.0004897130793998627,Historical
2024-02-20,WFC,0.0937151513839037,0.0035309030117225016,Historical
2024-02-20,XOM,0.08639259960330299,0.009358144657995797,Historical
2024-03-20,AAPL,-0.0527049854508197,0.022644984313655088,Historical
2024-03-20,CAT,0.011322881407266899,0.018174046127617152,Historical
2024-03-20,CVX,0.0060472226961183085,0.007321633261790005,Historical
2024-03-20,DUK,0.0082692025470346,0.004359052867896731,Historical
2024-03-20,GS,0.0365045950823465,0.012899918490163417,Historical
2024-03-20,HD,-0.13080522261881722,0.014142396877814992,Historical
2024-03-20,INTC,-0.1823690400920797,-0.0019761639709396364,Historical
2024-03-20,JNJ,-0.06937719010942231,0.004437892925131035,Historical
2024-03-20,JPM,-0.0610814313077594,0.0123649473704464,Historical
2024-03-20,KO,-0.022159631314491807,0.00729688800817607,Historical
2024-03-20,MCD,-0.04294207817794461,0.009088587109347667,Historical
2024-03-20,MMM,0.03809958678298669,-0.007868892105880152,Historical
2024-03-20,MSFT,-0.0415232679051301,0.02209792689767574,Historical
2024-03-20,NEM,0.13862125366032732,0.0032441854439598083,Historical
2024-03-20,PFE,-0.0845467102764303,-0.002736541184498242,Historical
2024-03-20,PG,-0.02201869807767203,0.009856213318051562,Historical
2024-03-20,UNH,-0.00028385618494610257,0.012245725622968542,Historical
2024-03-20,VZ,0.020059039535814296,-0.0019069693267699957,Historical
2024-03-20,WFC,0.029894194937860705,0.004025128865226064,Historical
2024-03-20,XOM,0.04689771953308819,0.009778747887998571,Historical
2024-04-19,AAPL,0.1294616358453115,0.020799702609006213,Historical
2024-04-19,CAT,-0.001009915471079103,0.017405221468894887,Historical
2024-04-19,CVX,0.0419010048958033,0.00805799426466642,Historical
2024-04-19,DUK,0.08968124470843691,0.00467735793504226,Historical
2024-04-19,GS,0.14866022231608086,0.01356027365688517,Historical
2024-04-19,HD,0.033439635501105396,0.010151595874273467,Historical
2024-04-19,INTC,-0.09202753196813061,-0.005800918437476267,Historical
2024-04-19,JNJ,0.0592757221078831,0.0031786458039123576,Historical
2024-04-19,JPM,0.1221076455752849,0.010622748711917788,Historical
2024-04-19,KO,0.06759985547308141,0.006371711304088093,Historical
2024-04-19,MCD,0.005152907822248097,0.007685089754144104,Historical
2024-04-19,MMM,0.14031319165074663,-0.0078929864431149,Historical
2024-04-19,MSFT,0.04047364270842688,0.02095830644229517,Historical
2024-04-19,NEM,0.12630703048870773,0.004263655120606307,Historical
2024-04-19,PFE,0.1354171569033857,-0.003787042619786446,Historical
2024-04-19,PG,0.0637276971261587,0.0087019668419216,Historical
2024-04-19,UNH,0.0618189358459742,0.014629025249879095,Historical
2024-04-19,VZ,-0.00174570835074629,-0.0019488682063701478,Historical
2024-04-19,WFC,0.0447961737112064,0.0058926161505113645,Historical
2024-04-19,XOM,0.017495202788426607,0.010535729880154074,Historical
2024-05-20,AAPL,0.12099071431811335,0.023678589896571175,Historical
2024-05-20,CAT,-0.09143289419266387,0.019203119825835467,Historical
2024-05-20,CVX,-0.0591311970651659,0.008644137341345311,Historical
2024-05-20,DUK,-0.0378625692883822,0.006534759453578532,Historical
2024-05-20,GS,-0.016212541897377693,0.01626239368933072,Historical
2024-05-20,HD,0.0346055455455242,0.011724735135070642,Historical
2024-05-20,INTC,-0.03842933816815581,-0.003776817016055411,Historical
2024-05-20,JNJ,-0.051842531775648806,0.004143651551701055,Historical
2024-05-20,JPM,-0.03878117719967251,0.012626404372895509,Historical
2024-05-20,KO,0.001363099608681999,0.0065899699353904875,Historical
2024-05-20,MCD,-0.0761106858360068,0.00706537496780658,Historical
2024-05-20,MMM,-0.036671767802217495,-0.001670319067538402,Historical
2024-05-20,MSFT,0.06032649321216169,0.02048159434327996,Historical
2024-05-20,NEM,-0.0396200049410562,0.008534863680908387,Historical
2024-05-20,PFE,-0.043896478212299396,-0.001967962421826068,Historical
2024-05-20,PG,0.005472808208127801,0.009384251277610079,Historical
2024-05-20,UNH,-0.0824886339572593,0.014506141567255564,Historical
2024-05-20,VZ,0.0004990238150737007,-0.0015733662070444249,Historical
2024-05-20,WFC,-0.033799899058851515,0.0071024978836450574,Historical
2024-05-20,XOM,-0.0896592347033682,0.011661631669272074,Historical
2024-06-20,AAPL,0.04569873477896082,0.025364333919650286,Historical
2024-06-20,CAT,0.066882811275908,0.017586035927956604,Historical
2024-06-20,CVX,0.03725482577712161,0.007577412315686956,Historical
2024-06-20,DUK,0.06661074044500878,0.0055764777936557946,Historical
2024-06-20,GS,0.0583806727452001,0.016627653754541574,Historical
2024-06-20,HD,0.026464411034233904,0.01096583875087298,Historical
2024-06-20,INTC,0.07392138127589998,-0.004635506354307026,Historical
2024-06-20,JNJ,0.060216606208187605,0.0030182855495615077,Historical
2024-06-20,JPM,0.068381282584622,0.012295965614035145,Historical
2024-06-20,KO,0.0415944738318711,0.006054992765258081,Historical
2024-06-20,MCD,0.025549012438034688,0.005384200262061666,Historical
2024-06-20,MMM,0.030780596676816704,-0.0019282759576457842,Historical
2024-06-20,MSFT,-0.020896111389598505,0.0209878462181673,Historical
2024-06-20,NEM,0.11749047074474182,0.004969034671657074,Historical
2024-06-20,PFE,0.0892889646002597,-0.0031886441370830676,Historical
2024-06-20,PG,0.002430534536352301,0.00903728639376712,Historical
2024-06-20,UNH,0.16143842803155609,0.012423755973019859,Historical
2024-06-20,VZ,0.0539360808108118,-0.001637507283921319,Historical
2024-06-20,WFC,0.003043583046808493,0.006769509498985398,Historical
2024-06-20,XOM,0.0593654149239874,0.010446836379057713,Historical
2024-07-22,AAPL,0.008176010809867986,0.025332015441962064,Historical
2024-07-22,CAT,-0.004544991010252606,0.017634680753688063,Historical
2024-07-22,CVX,-0.0694418080180326,0.007824969107595484,Historical
2024-07-22,DUK,0.062107722680007506,0.006462663885278265,Historical
2024-07-22,GS,0.03992010750972668,0.01574538635022221,Historical
2024-07-22,HD,-0.0007983974644765065,0.010726093988768776,Historical
2024-07-22,INTC,-0.42059497538496005,-0.004541557346726207,Historical
2024-07-22,JNJ,0.031435621650562004,0.00495345486642245,Historical
2024-07-22,JPM,0.02666945608969399,0.012605636384562606,Historical
2024-07-22,KO,0.05497777268156461,0.006324469737790752,Historical
2024-07-22,MCD,0.1112317924347428,0.005019482801681888,Historical
2024-07-22,MMM,0.2011955337766916,-0.002185652644936599,Historical
2024-07-22,MSFT,-0.034493175356973105,0.020215955356277474,Historical
2024-07-22,NEM,0.08539664325610338,0.005669087878060969,Historical
2024-07-22,PFE,-0.025807184279464497,-0.0016459869902797908,Historical
2024-07-22,PG,0.002734809622954393,0.008350583105251188,Historical
2024-07-22,UNH,0.023512850762492193,0.013768937918250394,Historical
2024-07-22,VZ,-0.02137033806467189,-0.0007940900008665215,Historical
2024-07-22,WFC,-0.04046255758564361,0.0068423406030134045,Historical
2024-07-22,XOM,0.028991235161187796,0.011349922224440414,Historical
2024-08-20,AAPL,-0.0232891525203793,0.02553756065402922,Historical
2024-08-20,CAT,0.029926342415106097,0.02015724446007557,Historical
2024-08-20,CVX,-0.0197399389148683,0.007661997782161562,Historical
2024-08-20,DUK,0.027648241010630306,0.007293342164842664,Historical
2024-08-20,GS,-0.03474348178819219,0.017805177516706117,Historical
2024-08-20,HD,0.0621284376374787,0.011816849800570874,Historical
2024-08-20,INTC,-0.03547309663745159,-0.010369464446591281,Historical
2024-08-20,JNJ,0.0475937375693535,0.0056450658860020516,Historical
2024-08-20,JPM,-0.037452892370226795,0.014387584231539163,Historical
2024-08-20,KO,0.046203403564651094,0.006709524755500601,Historical
2024-08-20,MCD,0.021262046692635053,0.006521470241562614,Historical
2024-08-20,MMM,0.053611694020357294,0.002810330194052383,Historical
2024-08-20,MSFT,0.021776117555940704,0.019905486610197896,Historical
2024-08-20,NEM,0.040734935687045004,0.0073243871268976225,Historical
2024-08-20,PFE,0.03245383679021649,0.001347957255922469,Historical
2024-08-20,PG,0.03213464606971252,0.008081427294522015,Historical
2024-08-20,UNH,0.006765439919807797,0.01562323160721024,Historical
2024-08-20,VZ,0.0742482053313628,-0.0008801103637942442,Historical
2024-08-20,WFC,-0.03956809610395111,0.006670037691544745,Historical
2024-08-20,XOM,-0.033892733728557105,0.013551329901708074,Historical
2024-09-19,AAPL,0.050624685599373394,0.023712857878925197,Historical
2024-09-19,CAT,0.10513796953745369,0.018249805768717653,Historical
2024-09-19,CVX,0.0490679000627877,0.0061708369650934885,Historical
2024-09-19,DUK,0.0397583420870521,0.007052287018432861,Historical
2024-09-19,GS,0.08770573669522741,0.0154238700779589,Historical
2024-09-19,HD,0.07905467160056771,0.010498408901449645,Historical
2024-09-19,INTC,0.077335444526177,-0.013177084396867024,Historical
2024-09-19,JNJ,-0.010162623992502945,0.00644204381822538,Historical
2024-09-19,JPM,0.08435274954174429,0.011686631804610347,Historical
2024-09-19,KO,-0.026122298421627096,0.007330348721746259,Historical
2024-09-19,MCD,0.07476324842481812,0.007639332556500522,Historical
2024-09-19,MMM,0.017246970156406794,0.0023933725423345756,Historical
2024-09-19,MSFT,-0.0332525809760456,0.01994126614610554,Historical
2024-09-19,NEM,0.0628172780395838,0.007959362157123104,Historical
2024-09-19,PFE,-0.016266147630082703,0.0007899646835532973,Historical
2024-09-19,PG,-0.0094744963497839,0.008285264725852507,Historical
2024-09-19,UNH,-0.025501116291688594,0.01634150125949056,Historical
2024-09-19,VZ,0.0148059367476762,-0.0005640056385877775,Historical
2024-09-19,WFC,0.1710158479144961,0.00398701273061983,Historical
2024-09-19,XOM,0.04913084187860921,0.011453241768731847,Historical
2024-10-18,AAPL,-0.0301836703695101,0.023427049172002622,Historical
2024-10-18,CAT,-0.023182507110442202,0.02026960643186807,Historical
2024-10-18,CVX,0.06540609884351269,0.008071797129963745,Historical
2024-10-18,DUK,-0.06281141196984528,0.007381795894725606,Historical
2024-10-18,GS,0.11511624881233583,0.017732367114600807,Historical
2024-10-18,HD,-0.018015037657845394,0.011485218592838005,Historical
2024-10-18,INTC,0.0816867607408526,-0.01203122378427153,Historical
2024-10-18,JNJ,-0.06577565037342589,0.005853403237616558,Historical
2024-10-18,JPM,0.08900340182929978,0.012848013835480968,Historical
2024-10-18,KO,-0.1241335357059315,0.007034548827096295,Historical
2024-10-18,MCD,-0.0727108576458032,0.00889985762719848,Historical
2024-10-18,MMM,-0.039077186779801404,0.0033512868179503487,Historical
2024-10-18,MSFT,-0.0041359780164192915,0.018758451407115764,Historical
2024-10-18,NEM,-0.32237734337865875,0.009352043776090238,Historical
2024-10-18,PFE,-0.1503062966080026,0.0006688672426725678,Historical
2024-10-18,PG,-0.010169851527971795,0.008486096223024547,Historical
2024-10-18,UNH,0.0452478964406746,0.01562332044769161,Historical
2024-10-18,VZ,-0.05147322403821121,-0.0007813165660670361,Historical
2024-10-18,WFC,0.149591589685087,0.006457132192155198,Historical
2024-10-18,XOM,-0.0004954828056295043,0.013276001028066711,Historical
2024-11-18,AAPL,0.11918447500408422,0.02092766172078093,Historical
2024-11-18,CAT,-0.021767754856399694,0.01812300713768877,Historical
2024-11-18,CVX,-0.07590508587438119,0.008327658206979123,Historical
2024-11-18,DUK,-0.0389034252688846,0.007510531441288205,Historical
2024-11-18,GS,-0.027349480869473197,0.018643883799866222,Historical
2024-11-18,HD,0.005962377959999903,0.01124307431894133,Historical
2024-11-18,INTC,-0.17503807373113972,-0.012342560313881631,Historical
2024-11-18,JNJ,-0.0425498848322457,0.004955293371093247,Historical
2024-11-18,JPM,-0.0287405656516493,0.01318782156208157,Historical
2024-11-18,KO,0.0340878300672083,0.005311843402210277,Historical
2024-11-18,MCD,0.017718144847607798,0.008701034913955737,Historical
2024-11-18,MMM,-0.013496875276769902,0.0019433224798767756,Historical
2024-11-18,MSFT,0.092831008679519,0.01802710591264957,Historical
2024-11-18,NEM,-0.022061824160346796,0.0041211985230531255,Historical
2024-11-18,PFE,0.0636560919117911,-0.0020421373772104346,Historical
2024-11-18,PG,0.0046489210678745205,0.007726942575400327,Historical
2024-11-18,UNH,-0.1948464037464333,0.01536256367562898,Historical
2024-11-18,VZ,-0.0211096261059075,-0.0013224234756016354,Historical
2024-11-18,WFC,-0.04864895592070059,0.007766111024034307,Historical
2024-11-18,XOM,-0.0995012486045995,0.013217467388756732,Historical
2024-12-18,AAPL,-0.12972885619122643,0.022254265191648713,Historical
2024-12-18,CAT,0.06195841641775329,0.017640680880599842,Historical
2024-12-18,CVX,0.066157646991182,0.007498618390454304,Historical
2024-12-18,DUK,0.026343868655296906,0.006390294877531744,Historical
2024-12-18,GS,0.09940225151817209,0.017668211984396713,Historical
2024-12-18,HD,0.024091110177069584,0.012775930296302883,Historical
2024-12-18,INTC,0.06303910481015891,-0.015231050786937183,Historical
2024-12-18,JNJ,0.0118142947256951,0.0028944723256938655,Historical
2024-12-18,JPM,0.10363728903896949,0.011661817274174358,Historical
2024-12-18,KO,-0.0155781938483139,0.005128704631298747,Historical
2024-12-18,MCD,-0.0465618905576687,0.008709649220276384,Historical
2024-12-18,MMM,0.13726307734363036,0.0017475822217718944,Historical
2024-12-18,MSFT,-0.05881908495981821,0.018720191144587797,Historical
2024-12-18,NEM,0.062101551501890506,0.002031609444087561,Historical
2024-12-18,PFE,0.0079141104103829,-0.0017509464776806647,Historical
2024-12-18,PG,-0.051871281946377995,0.007151541966166086,Historical
2024-12-18,UNH,0.07815870583947611,0.010075640455373066,Historical
2024-12-18,VZ,-0.026552693408751094,-0.0020624453797178687,Historical
2024-12-18,WFC,0.0947837806130656,0.006799648529163307,Historical
2024-12-18,XOM,0.03153160966096207,0.011455272281392691,Historical
2025-01-22,AAPL,0.1001831388525226,0.01803263070222717,Historical
2025-01-22,CAT,-0.1318544984996258,0.018668738009648748,Historical
2025-01-22,CVX,0.014500189198730404,0.008861835368575188,Historical
2025-01-22,DUK,0.030559818635447607,0.0063930210245565205,Historical
2025-01-22,GS,0.011777688347990027,0.01789133972459528,Historical
2025-01-22,HD,-0.058535556656398195,0.012378665609943737,Historical
2025-01-22,INTC,0.1810192087234313,-0.01450879989275085,Historical
2025-01-22,JNJ,0.08291926014141851,0.0024405523834242853,Historical
2025-01-22,JPM,0.014231195990113112,0.013293413997359503,Historical
2025-01-22,KO,0.11518081969367021,0.00418502569561217,Historical
2025-01-22,MCD,0.06982999011595194,0.006896965130645785,Historical
2025-01-22,MMM,0.0197198194244035,0.002983993200253208,Historical
2025-01-22,MSFT,-0.027289923869471308,0.01683210752796699,Historical
2025-01-22,NEM,0.1271059795290977,0.0021899639298064194,Historical
2025-01-22,PFE,-0.011773997250825206,-0.0026066783018005163,Historical
2025-01-22,PG,0.039463279733173,0.00622205760726289,Historical
2025-01-22,UNH,-0.043942715492808204,0.010752087790599142,Historical
2025-01-22,VZ,0.0851945525433034,-0.002202153418402093,Historical
2025-01-22,WFC,0.014894130030382893,0.010166743272697272,Historical
2025-01-22,XOM,0.013648376868734598,0.012014536023860146,Historical
2025-02-21,AAPL,-0.11890740382803187,0.018949744039642325,Historical
2025-02-21,CAT,-0.039045557540266,0.017245928429131457,Historical
2025-02-21,CVX,0.0368466554939779,0.009801547923456666,Historical
2025-02-21,DUK,0.05116060634469719,0.005227584206613821,Historical
2025-02-21,GS,-0.12297329337869792,0.018649589065336807,Historical
2025-02-21,HD,-0.11043447205268069,0.009951340255952408,Historical
2025-02-21,INTC,-0.0727231920467168,-0.013776928936205163,Historical
2025-02-21,JNJ,0.02443615826219641,0.003472524536463267,Historical
2025-02-21,JPM,-0.0990916577360654,0.01344063379447581,Historical
2025-02-21,KO,-0.012401759764242893,0.005175760905563035,Historical
2025-02-21,MCD,0.013612614888872101,0.007489129772622935,Historical
2025-02-21,MMM,0.008549366556767801,0.005000200814632818,Historical
2025-02-21,MSFT,-0.06162543762354689,0.014254077732668761,Historical
2025-02-21,NEM,-0.009376990920224999,0.004099084410048293,Historical
2025-02-21,PFE,0.014565403987098999,-0.0011738849396693864,Historical
2025-02-21,PG,-0.003114661756335294,0.006757252539761175,Historical
2025-02-21,UNH,0.032580750829521096,0.009886972722011791,Historical
2025-02-21,VZ,0.034693469586741084,-0.0006150215565954115,Historical
2025-02-21,WFC,-0.08089091063533639,0.010272623461182264,Historical
2025-02-21,XOM,0.03077156322093401,0.014175942470456409,Historical
2025-03-24,AAPL,-0.08871632810508055,0.021148542545412357,Historical
2025-03-24,CAT,-0.13774543411761,0.02192872126003642,Historical
2025-03-24,CVX,-0.18226096340291525,0.017797380865652853,Historical
2025-03-24,DUK,0.028392485053649108,0.008805954496312858,Historical
2025-03-24,GS,-0.08326395504340849,0.02319129332926399,Historical
2025-03-24,HD,0.009297285148257584,0.013739570027991409,Historical
2025-03-24,INTC,-0.21790174658390551,-0.010070768882590831,Historical
2025-03-24,JNJ,-0.03659636308734191,0.005349153532246393,Historical
2025-03-24,JPM,-0.019173986914073172,0.018165682211984925,Historical
2025-03-24,KO,0.0734006048886675,0.008815882270678586,Historical
2025-03-24,MCD,0.04368851341651219,0.014039872036457115,Historical
2025-03-24,MMM,-0.0979540385694852,0.008148496455643764,Historical
2025-03-24,MSFT,-0.0645009917779588,0.017093901844756253,Historical
2025-03-24,NEM,0.14115636208751037,0.0032540679836426277,Historical
2025-03-24,PFE,-0.15396062357743093,0.001183244941889145,Historical
2025-03-24,PG,0.01332768717001251,0.007783271194286509,Historical
2025-03-24,UNH,-0.1905472026301552,0.013718585616410206,Historical
2025-03-24,VZ,-0.0024191566461206912,0.0012046879571043956,Historical
2025-03-24,WFC,-0.09072870340389358,0.017040883825147846,Historical
2025-03-24,XOM,-0.064365284580733,0.023011304953291185,Historical
2025-04-23,AAPL,0.013007012738884605,0.017577177308757148,Historical
2025-04-23,CAT,0.16239360011903087,0.017596887348069593,Historical
2025-04-23,CVX,-0.0006471454468612997,0.012699743782454732,Historical
2025-04-23,DUK,-0.041925612356666406,0.008973839636331271,Historical
2025-04-23,GS,0.13216030659548839,0.019977741118892334,Historical
2025-04-23,HD,0.045259900651204193,0.011551478179311687,Historical
2025-04-23,INTC,0.05872335120327211,-0.016932524927853524,Historical
2025-04-23,JNJ,-0.029397790228946112,0.003215066380085772,Historical
2025-04-23,JPM,0.10258071590820378,0.01885789617845549,Historical
2025-04-23,KO,-0.028132283344043905,0.010067510560031625,Historical
2025-04-23,MCD,-0.008308122855907995,0.011509121484497887,Historical
2025-04-23,MMM,0.09154872042749654,0.005267165452239527,Historical
2025-04-23,MSFT,0.21190533570217454,0.012871009569748649,Historical
2025-04-23,NEM,-0.03545812776985651,0.0011334681650071617,Historical
2025-04-23,PFE,0.0412817454366705,-0.0032070389896661803,Historical
2025-04-23,PG,-0.014701413564658202,0.007552102639928602,Historical
2025-04-23,UNH,-0.34353858243926394,0.007201702434318949,Historical
2025-04-23,VZ,0.012882591503124602,-1.1505220414691675e-05,Historical
2025-04-23,WFC,0.10539644756026981,0.017145958159662612,Historical
2025-04-23,XOM,-0.034620869283331704,0.02091136688043578,Historical
2025-05-22,AAPL,-0.002923685341579601,0.016569635015712656,Historical
2025-05-22,CAT,0.0669606952498064,0.020950172320675864,Historical
2025-05-22,CVX,0.0800654943060698,0.010880107969049183,Historical
2025-05-22,DUK,0.004541354502311705,0.009346204877118038,Historical
2025-05-22,GS,0.09116309807794011,0.022674370661112237,Historical
2025-05-22,HD,-0.031951662394162,0.009301202167822528,Historical
2025-05-22,INTC,0.023878879913686403,-0.015344913386081053,Historical
2025-05-22,JNJ,-0.0036805038071978,0.0026395737471442597,Historical
2025-05-22,JPM,0.0639180731597273,0.020842744079646182,Historical
2025-05-22,KO,-0.022721716377655306,0.011016048359563884,Historical
2025-05-22,MCD,-0.08325369856241449,0.011907525720189311,Historical
2025-05-22,MMM,-0.007235458124645596,0.007523022138345104,Historical
2025-05-22,MSFT,0.0712661517662413,0.015836359378978128,Historical
2025-05-22,NEM,0.12649828862898901,-0.0015468263763913923,Historical
2025-05-22,PFE,0.0420711365796541,-0.003535455430718893,Historical
2025-05-22,PG,-0.026957476432972003,0.008169284330165342,Historical
2025-05-22,UNH,-0.0005465564280799362,0.0018985515562027389,Historical
2025-05-22,VZ,-0.0322871354043823,0.0010784894294055402,Historical
2025-05-22,WFC,0.050876442999812005,0.020912801220223952,Historical
2025-05-22,XOM,0.07505840011255349,0.018843138248167843,Historical
2025-06-24,AAPL,0.06088727589959111,0.014275895641493792,Historical
2025-06-24,CAT,0.15855972957558753,0.018949685459365817,Historical
2025-06-24,CVX,0.0417420471254522,0.011085277391732637,Historical
2025-06-24,DUK,0.021482610101082197,0.00827953987276666,Historical
2025-06-24,GS,0.10363999691323551,0.020782979804876554,Historical
2025-06-24,HD,0.052895815503682504,0.007945828404013767,Historical
2025-06-24,INTC,0.1030453914435301,-0.01554243376106561,Historical
2025-06-24,JNJ,0.11109340901194739,0.0031391278266019976,Historical
2025-06-24,JPM,0.0691379601017248,0.019035090496259805,Historical
2025-06-24,KO,-0.008351271668651995,0.009186392754604672,Historical
2025-06-24,MCD,0.029271660978365293,0.008896808602543124,Historical
2025-06-24,MMM,0.021581198672386503,0.004890140239812242,Historical
2025-06-24,MSFT,0.040071020555166384,0.01605645862159636,Historical
2025-06-24,NEM,0.03243169082104372,0.0037163588091125702,Historical
2025-06-24,PFE,0.053870092569271694,-0.0007893658633894021,Historical
2025-06-24,PG,-0.010409651690414305,0.007215818552699074,Historical
2025-06-24,UNH,-0.0275476776187283,0.0017729956743384129,Historical
2025-06-24,VZ,0.0273074709197089,-0.00011963134675400673,Historical
2025-06-24,WFC,0.083303688917512,0.0184344027081143,Historical
2025-06-24,XOM,-0.01633094669146041,0.017799286397997556,Historical
2025-07-24,AAPL,0.0501134094932321,0.013753818778990385,Historical
2025-07-24,CAT,-0.022946538031843287,0.02054362596385592,Historical
2025-07-24,CVX,0.02681592969493989,0.012817548425632014,Historical
2025-07-24,DUK,0.0466175518137913,0.009804589902725947,Historical
2025-07-24,GS,-0.002190429659615402,0.022111166894216598,Historical
2025-07-24,HD,0.05517848833866781,0.008293947796983713,Historical
2025-07-24,INTC,0.0004256322230908947,-0.01347365185689304,Historical
2025-07-24,JNJ,0.05650442482604969,0.004447017320121531,Historical
2025-07-24,JPM,-0.017986602946158513,0.0203639496272846,Historical
2025-07-24,KO,0.021456892398845004,0.009269625309553959,Historical
2025-07-24,MCD,0.04940975368455229,0.009332213349772307,Historical
2025-07-24,MMM,0.023329973170268307,0.005163417165214526,Historical
2025-07-24,MSFT,-0.0015847786561426938,0.015856168452643808,Historical
2025-07-24,NEM,0.1320446004305977,0.002667027610794274,Historical
2025-07-24,PFE,0.031981085250003496,-0.000954692255623694,Historical
2025-07-24,PG,0.0028389380442235016,0.006132220781648522,Historical
2025-07-24,UNH,0.036388416625065784,0.00045618095017946537,Historical
2025-07-24,VZ,0.0498566530045722,0.00048656243329527456,Historical
2025-07-24,WFC,-0.0668544637365788,0.02171441314122323,Historical
2025-07-24,XOM,0.002874373891492695,0.018940872315905494,Historical
2025-08-22,AAPL,0.1298340077204349,0.011653161158852465,Historical
2025-08-22,CAT,0.1219726026248609,0.01986927587105236,Historical
2025-08-22,CVX,0.0032092379361784986,0.012893286683817676,Historical
2025-08-22,DUK,-0.020837487343224704,0.010169144912123654,Historical
2025-08-22,GS,0.12326620131776989,0.022603126365526777,Historical
2025-08-22,HD,0.040982574463369045,0.007822216508325408,Historical
2025-08-22,INTC,0.2019851196610722,-0.01040712148909913,Historical
2025-08-22,JNJ,-0.019419911465623704,0.0055019222035841515,Historical
2025-08-22,JPM,0.06947529584167719,0.01966893464152237,Historical
2025-08-22,KO,-0.057408215887918404,0.008816649124251185,Historical
2025-08-22,MCD,-0.027544859031544404,0.008805551312252642,Historical
2025-08-22,MMM,0.0012358948402697023,0.004980646763406608,Historical
2025-08-22,MSFT,0.020046067036933,0.01542762279362163,Historical
2025-08-22,NEM,0.18101811234631368,0.004256326142069761,Historical
2025-08-22,PFE,-0.0683270192768276,-0.0016974131485476352,Historical
2025-08-22,PG,-0.0363092204742195,0.004747637257316005,Historical
2025-08-22,UNH,0.12416361507329791,0.00018797220628535843,Historical
2025-08-22,VZ,-0.0424147628058248,0.00044156756032840945,Historical
2025-08-22,WFC,0.09000488598523171,0.02063679562714545,Historical
2025-08-22,XOM,0.025221601788734505,0.019074719906405947,Historical
2025-09-23,AAPL,0.025789216795147896,0.013725571449244252,Historical
2025-09-23,CAT,0.1084095005669812,0.020903796725756974,Historical
2025-09-23,CVX,-0.014588487552468398,0.01551425967138899,Historical
2025-09-23,DUK,0.0540325869431032,0.00936163896801199,Historical
2025-09-23,GS,-0.059562263625302606,0.02537574381792706,Historical
2025-09-23,HD,-0.0525715245042292,0.008121425849145021,Historical
2025-09-23,INTC,0.2817535099550036,-0.00741487076223412,Historical
2025-09-23,JNJ,0.09660870789273429,0.004994781458970086,Historical
2025-09-23,JPM,-0.04552729597868296,0.021344195220244853,Historical
2025-09-23,KO,0.07294210605401999,0.006854256007017166,Historical
2025-09-23,MCD,0.014710373480938099,0.007057932341873815,Historical
2025-09-23,MMM,0.0797926437549843,0.004803135532241345,Historical
2025-09-23,MSFT,0.006220241046942902,0.015731062512589496,Historical
2025-09-23,NEM,0.030583365011583694,0.006270963553922729,Historical
2025-09-23,PFE,0.033138533862571096,-0.0023474017344385697,Historical
2025-09-23,PG,-0.0095180436636569,0.0037125983741243106,Historical
2025-09-23,UNH,0.06814866696594601,0.003059174132216622,Historical
2025-09-23,VZ,-0.051518880081298,-0.0007707323807827768,Historical
2025-09-23,WFC,-0.004708143388687287,0.022415881106242493,Historical
2025-09-23,XOM,0.006140755833015051,0.02240924046058398,Historical
2025-10-22,AAPL,0.02276420451351097,0.013359679063082226,Historical
2025-10-22,CAT,0.0528254985942794,0.02110682567543727,Historical
2025-10-22,CVX,-0.0025765899906547013,0.01603035025454384,Historical
2025-10-22,DUK,-0.0400459607877712,0.008714096122678854,Historical
2025-10-22,GS,0.03496865865804491,0.0233050327137783,Historical
2025-10-22,HD,-0.155814906831496,0.00715734286944695,Historical
2025-10-22,INTC,-0.08225304320186808,-0.0038621934489027985,Historical
2025-10-22,JNJ,0.053919058396336414,0.006693589069705721,Historical
2025-10-22,JPM,0.020588284890676704,0.02027440429187856,Historical
2025-10-22,KO,-0.0015456653606954977,0.0083763831329868,Historical
2025-10-22,MCD,-0.015535810195510294,0.006914190502414291,Historical
2025-10-22,MMM,0.003927649169361294,0.005950905030519059,Historical
2025-10-22,MSFT,-0.060808144567997525,0.014897262325697543,Historical
2025-10-22,NEM,0.01369177951433205,0.007680435373638387,Historical
2025-10-22,PFE,0.01866178891051539,-0.0017499393052266372,Historical
2025-10-22,PG,-0.02404405776100702,0.0029159224289831594,Historical
2025-10-22,UNH,-0.16727799443060612,0.0034201644062467717,Historical
2025-10-22,VZ,0.021844006740799,-0.0011981405868031036,Historical
2025-10-22,WFC,-0.001860109442095699,0.023466729123293416,Historical
2025-10-22,XOM,0.0490513238081684,0.0235153952273267,Historical
2025-11-20,AAPL,0.018848706462477292,0.013984902380959782,Historical
2025-11-20,CAT,0.040932591201406396,0.0213327250958384,Historical
2025-11-20,CVX,-0.026383209951219802,0.014310865880621715,Historical
2025-11-20,DUK,-0.056114688781950695,0.00759879488929252,Historical
2025-11-20,GS,0.1331251180060979,0.02363102948357574,Historical
2025-11-20,HD,0.037354482649299386,0.005202519173784433,Historical
2025-11-20,INTC,0.04755515995229448,-0.002436113480728677,Historical
2025-11-20,JNJ,0.025210537742413594,0.007569752266036005,Historical
2025-11-20,JPM,0.044940547556828914,0.01856272282859541,Historical
2025-11-20,KO,-0.007876743859437603,0.007416281822799173,Historical
2025-11-20,MCD,0.04834429763958639,0.007756208874276724,Historical
2025-11-20,MMM,-0.0281262528814186,0.006150510537564248,Historical
2025-11-20,MSFT,-0.0005965828325178984,0.014297907035894286,Historical
2025-11-20,NEM,0.14913668830181248,0.007645104289203909,Historical
2025-11-20,PFE,0.012382931259125887,-0.0019185441937519983,Historical
2025-11-20,PG,-0.0173618871973157,0.002643033255618636,Historical
2025-11-20,UNH,0.06431224827807422,-0.000973945522414973,Historical
2025-11-20,VZ,-0.033826153308920796,-0.0014940011444429776,Historical
2025-11-20,WFC,0.0999872447190698,0.022962706481014537,Historical
2025-11-20,XOM,-0.005640042554058997,0.02341665809965449,Historical
