{
  "timestamp": "20260121_025259",
  "config": {
    "train_window": 1260,
    "test_window": 21,
    "risk_free_rate": 0.04,
    "patchtst_mode": "full"
  },
  "metrics": {
    "baseline1": {
      "Annual Return": 0.16080058414412712,
      "Annual Volatility": 0.12834927040510877,
      "Sharpe Ratio": 0.9264599543154877,
      "Calmar Ratio": 0.6640040116390711,
      "Max Drawdown": -0.2421680913451056,
      "Total Return": 3.3871219988873564,
      "Num Periods": 119
    },
    "baseline2": {
      "Annual Return": 0.1308942205433692,
      "Annual Volatility": 0.13424090225474064,
      "Sharpe Ratio": 0.6950375410969356,
      "Calmar Ratio": 0.5929232877817354,
      "Max Drawdown": -0.22076080201382384,
      "Total Return": 2.3866320493259012,
      "Num Periods": 119
    },
    "patchtst": {
      "Annual Return": 0.13368902571918584,
      "Annual Volatility": 0.132355060580948,
      "Sharpe Ratio": 0.7213074955505578,
      "Calmar Ratio": 0.8759252853507768,
      "Max Drawdown": -0.15262606064128878,
      "Total Return": 2.470549669856387,
      "Num Periods": 119
    }
  },
  "forecast_metrics": {
    "baseline1": {
      "rmse": 0.06952216500458873,
      "mae": 0.050634286501984864,
      "hit_rate": 0.5609243697478992
    },
    "baseline2": {
      "rmse": 0.06978811259207063,
      "mae": 0.0510448875050852,
      "hit_rate": 0.5274949083503055
    },
    "patchtst": {
      "rmse": 0.07693469410876241,
      "mae": 0.05602843894982037,
      "hit_rate": 0.5214285714285715
    }
  }
}