date,ticker,actual,predicted,model
2005-01-10,AAPL,0.15549089979224387,0.06777854,PatchTST
2005-01-10,CAT,-0.016171264388042606,0.021710299,PatchTST
2005-01-10,CVX,0.1012459213505597,0.025713827,PatchTST
2005-01-10,DUK,0.09689313928586571,-0.0046901926,PatchTST
2005-01-10,GS,0.0650305530682746,0.028364655,PatchTST
2005-01-10,HD,0.0150952203168258,0.016306741,PatchTST
2005-01-10,INTC,0.029952333197272408,0.0023964355,PatchTST
2005-01-10,JNJ,0.05771751320381959,0.012716708,PatchTST
2005-01-10,JPM,-0.016806990666977,0.019783808,PatchTST
2005-01-10,KO,0.0355606583185259,-0.14518926,PatchTST
2005-01-10,MCD,0.017110495338905497,-0.0018970445,PatchTST
2005-01-10,MMM,0.024485343385419002,-0.019239794,PatchTST
2005-01-10,MSFT,-0.0162545046016263,0.020218324,PatchTST
2005-01-10,NEM,-0.026863945134647703,-0.010359644,PatchTST
2005-01-10,PFE,-0.0289311929478207,-0.034331925,PatchTST
2005-01-10,PG,-0.0685881170776355,0.0103107225,PatchTST
2005-01-10,UNH,0.0186266654535233,0.007241563,PatchTST
2005-01-10,VZ,-0.07807866593091489,-0.037245348,PatchTST
2005-01-10,WFC,-0.004014232982545102,0.021113802,PatchTST
2005-01-10,XOM,0.11848658555961342,0.030040845,PatchTST
2005-02-09,AAPL,-0.015446587883200366,0.08600871,PatchTST
2005-02-09,CAT,0.07149730511269431,0.076216325,PatchTST
2005-02-09,CVX,0.03974855730398559,0.0030553546,PatchTST
2005-02-09,DUK,0.0312842723144893,0.016196404,PatchTST
2005-02-09,GS,-0.0019738325792958934,-0.051129717,PatchTST
2005-02-09,HD,-0.050222528504569194,0.022054229,PatchTST
2005-02-09,INTC,0.0596945637643185,-0.025187798,PatchTST
2005-02-09,JNJ,0.029184257647464802,0.058517218,PatchTST
2005-02-09,JPM,-0.037780685644784394,0.039589707,PatchTST
2005-02-09,KO,0.009799009898308394,-0.07993208,PatchTST
2005-02-09,MCD,0.010127529120826699,0.03821911,PatchTST
2005-02-09,MMM,0.03203019442376499,0.013526018,PatchTST
2005-02-09,MSFT,-0.028275454207326807,-0.063602336,PatchTST
2005-02-09,NEM,0.1263681037562356,0.009281537,PatchTST
2005-02-09,PFE,0.0533611085074048,-0.090353705,PatchTST
2005-02-09,PG,0.024514058248960996,0.0029301504,PatchTST
2005-02-09,UNH,0.0282893442178262,0.0353028,PatchTST
2005-02-09,VZ,-0.007711173777421299,0.04455682,PatchTST
2005-02-09,WFC,-0.020222787333544906,-0.0028110002,PatchTST
2005-02-09,XOM,0.07907727840179467,0.020020094,PatchTST
2005-03-11,AAPL,0.05114286226318039,0.1151209,PatchTST
2005-03-11,CAT,-0.08592080828075091,-0.033348504,PatchTST
2005-03-11,CVX,-0.02808829295134439,0.059315156,PatchTST
2005-03-11,DUK,0.03190643305657841,0.03413026,PatchTST
2005-03-11,GS,0.006802565552313097,-0.018612409,PatchTST
2005-03-11,HD,-0.0554050325110691,0.05244223,PatchTST
2005-03-11,INTC,-0.07215971437572072,0.010114249,PatchTST
2005-03-11,JNJ,0.013003768684027498,0.031233389,PatchTST
2005-03-11,JPM,-0.0390618862625842,-0.08472282,PatchTST
2005-03-11,KO,-0.021735038579536497,0.2435235,PatchTST
2005-03-11,MCD,-0.061388481813133,0.042517442,PatchTST
2005-03-11,MMM,-0.025481122392370104,-0.01584849,PatchTST
2005-03-11,MSFT,-0.018254007883441198,0.026536275,PatchTST
2005-03-11,NEM,-0.08888070820230069,0.007984022,PatchTST
2005-03-11,PFE,-0.010900170441581095,0.01434195,PatchTST
2005-03-11,PG,0.03812285722497011,-0.0042659827,PatchTST
2005-03-11,UNH,0.06173173079696579,0.026841795,PatchTST
2005-03-11,VZ,-0.024356479081576704,-0.0015916687,PatchTST
2005-03-11,WFC,-0.0034933689013729,-0.021733202,PatchTST
2005-03-11,XOM,-0.0013259712450808024,0.05919675,PatchTST
2005-04-12,AAPL,-0.1406457983122764,0.10990311,PatchTST
2005-04-12,CAT,-0.0011158997084381754,-0.025239617,PatchTST
2005-04-12,CVX,-0.07085292977227058,0.0334841,PatchTST
2005-04-12,DUK,-0.022583816110528794,0.052798986,PatchTST
2005-04-12,GS,-0.090869495821368,-0.0065753288,PatchTST
2005-04-12,HD,-0.03450466331825651,0.010593116,PatchTST
2005-04-12,INTC,0.06825274020318149,-0.13931456,PatchTST
2005-04-12,JNJ,-0.0169821176730625,0.039549604,PatchTST
2005-04-12,JPM,0.0149086650313058,-0.0053919777,PatchTST
2005-04-12,KO,0.05483385927590161,0.0028246231,PatchTST
2005-04-12,MCD,-0.02298968635321049,-0.0036214553,PatchTST
2005-04-12,MMM,-0.0976687352601859,-0.012748139,PatchTST
2005-04-12,MSFT,-0.002807336647981007,-0.0035164277,PatchTST
2005-04-12,NEM,-0.10895140564796901,-0.08433287,PatchTST
2005-04-12,PFE,0.044352706398762494,0.13839126,PatchTST
2005-04-12,PG,-0.003180091603028609,-0.005312788,PatchTST
2005-04-12,UNH,0.006664131101249606,0.10677934,PatchTST
2005-04-12,VZ,-0.016467005548914098,0.021824246,PatchTST
2005-04-12,WFC,0.0033153759454283005,0.0015243152,PatchTST
2005-04-12,XOM,-0.0520883849327419,0.033079334,PatchTST
2005-05-11,AAPL,0.03321582723529471,-0.014017014,PatchTST
2005-05-11,CAT,0.08342623469895769,0.0649564,PatchTST
2005-05-11,CVX,0.0645647853803909,-0.020577226,PatchTST
2005-05-11,DUK,0.016975187753965303,0.0032767155,PatchTST
2005-05-11,GS,-0.021381433354475104,0.025070168,PatchTST
2005-05-11,HD,0.08511900761438251,0.02646331,PatchTST
2005-05-11,INTC,0.1158443394095168,0.042049386,PatchTST
2005-05-11,JNJ,-0.009984565889855097,0.02212916,PatchTST
2005-05-11,JPM,0.010192367676918092,-0.007857987,PatchTST
2005-05-11,KO,-0.013200171975547001,-0.010777498,PatchTST
2005-05-11,MCD,-0.0379187756901298,-0.051702224,PatchTST
2005-05-11,MMM,-0.0001596691179720968,0.063779905,PatchTST
2005-05-11,MSFT,0.0273698788410556,0.028709613,PatchTST
2005-05-11,NEM,-0.014998865455478405,0.10252503,PatchTST
2005-05-11,PFE,0.0021820940876516003,0.042736404,PatchTST
2005-05-11,PG,0.005814130727390702,0.026231697,PatchTST
2005-05-11,UNH,0.056033621509553,0.08208266,PatchTST
2005-05-11,VZ,0.013884717539507398,-0.051010884,PatchTST
2005-05-11,WFC,0.026602789756956506,0.0056887576,PatchTST
2005-05-11,XOM,0.026002604312973698,0.014872552,PatchTST
2005-06-10,AAPL,0.011880969603068302,0.0876875,PatchTST
2005-06-10,CAT,0.025530798053966006,0.0495658,PatchTST
2005-06-10,CVX,0.022770075014022194,0.049546782,PatchTST
2005-06-10,DUK,0.061166459151876205,-0.005578334,PatchTST
2005-06-10,GS,0.0710520376410107,0.041524034,PatchTST
2005-06-10,HD,0.017522890666546498,0.014603067,PatchTST
2005-06-10,INTC,8.847089727481716e-17,-0.024603004,PatchTST
2005-06-10,JNJ,-0.029503406789441102,0.014705097,PatchTST
2005-06-10,JPM,-0.005654983351210294,0.005629181,PatchTST
2005-06-10,KO,-0.013974580518274906,0.03815221,PatchTST
2005-06-10,MCD,-0.00034523730924830055,0.023400938,PatchTST
2005-06-10,MMM,-0.0006564915620494924,0.020995902,PatchTST
2005-06-10,MSFT,-0.008661507767041896,0.018288422,PatchTST
2005-06-10,NEM,0.047407029331142096,0.04725214,PatchTST
2005-06-10,PFE,-0.015004698064977298,-0.04274128,PatchTST
2005-06-10,PG,-0.02383239185241141,0.018970817,PatchTST
2005-06-10,UNH,0.013054649361718105,0.05227277,PatchTST
2005-06-10,VZ,-0.0030932377758025003,-0.027772104,PatchTST
2005-06-10,WFC,0.006500228231908599,-0.0007038363,PatchTST
2005-06-10,XOM,0.025843848800629503,0.07813659,PatchTST
2005-07-12,AAPL,0.13987611412568057,0.12366259,PatchTST
2005-07-12,CAT,0.08823034127267751,0.08226648,PatchTST
2005-07-12,CVX,0.06617330398945181,-0.012414756,PatchTST
2005-07-12,DUK,-0.0512928467084787,0.0609632,PatchTST
2005-07-12,GS,0.040435852482663306,-0.010966633,PatchTST
2005-07-12,HD,0.025962513407769797,0.017783534,PatchTST
2005-07-12,INTC,-0.0263988755765993,0.052000802,PatchTST
2005-07-12,JNJ,-0.011955832686965498,-0.003950038,PatchTST
2005-07-12,JPM,0.0020004003371779993,-0.033204317,PatchTST
2005-07-12,KO,0.03062270172500931,-0.01559434,PatchTST
2005-07-12,MCD,0.11313094147573971,-0.045003243,PatchTST
2005-07-12,MMM,-0.0557763752088122,0.012835134,PatchTST
2005-07-12,MSFT,0.07830732787948051,0.029557157,PatchTST
2005-07-12,NEM,0.0151464473258205,-0.033158213,PatchTST
2005-07-12,PFE,-0.015608146038635796,-0.008727927,PatchTST
2005-07-12,PG,0.005856645445923797,-0.004230863,PatchTST
2005-07-12,UNH,-0.012475035662038801,0.01099892,PatchTST
2005-07-12,VZ,-0.029587897085092997,-0.09472252,PatchTST
2005-07-12,WFC,-0.012657590453300102,0.002829561,PatchTST
2005-07-12,XOM,-0.008541088092923399,0.013258369,PatchTST
2005-08-10,AAPL,0.127522854826183,0.05689392,PatchTST
2005-08-10,CAT,0.0708558070151177,0.08040592,PatchTST
2005-08-10,CVX,0.0210395034043922,-0.048694555,PatchTST
2005-08-10,DUK,0.05194571874011511,0.04481756,PatchTST
2005-08-10,GS,0.0324775385053181,0.06730738,PatchTST
2005-08-10,HD,-0.001891456513731092,0.063286446,PatchTST
2005-08-10,INTC,-0.030574038123567192,0.030237019,PatchTST
2005-08-10,JNJ,0.0063983806312493,0.04172989,PatchTST
2005-08-10,JPM,-0.011196246183016803,-0.04376711,PatchTST
2005-08-10,KO,0.004073406538140494,-0.022154398,PatchTST
2005-08-10,MCD,0.0282652415044977,-0.009741218,PatchTST
2005-08-10,MMM,0.021313865012641202,-0.013805827,PatchTST
2005-08-10,MSFT,-0.024467673990714305,-0.0027703205,PatchTST
2005-08-10,NEM,0.04606621906516821,-0.031722687,PatchTST
2005-08-10,PFE,3.641992836027341e-07,0.008975645,PatchTST
2005-08-10,PG,0.0401546515548605,0.04022364,PatchTST
2005-08-10,UNH,0.038827068868059395,0.048749197,PatchTST
2005-08-10,VZ,-0.024933349176093,-0.034568697,PatchTST
2005-08-10,WFC,-0.010645764198834697,-0.027606638,PatchTST
2005-08-10,XOM,0.03536578136168211,0.020145308,PatchTST
2005-09-09,AAPL,0.030077587725688196,0.06704037,PatchTST
2005-09-09,CAT,-0.029753967474916005,0.018015552,PatchTST
2005-09-09,CVX,-0.017227743776058492,0.027847636,PatchTST
2005-09-09,DUK,-0.0508583027041376,-0.006056871,PatchTST
2005-09-09,GS,0.020711205054716197,-0.02344307,PatchTST
2005-09-09,HD,-0.08564405174055459,-0.038532484,PatchTST
2005-09-09,INTC,-0.09102675187069352,0.022440765,PatchTST
2005-09-09,JNJ,-0.044012333485148505,-0.0024869805,PatchTST
2005-09-09,JPM,-0.011578580455618602,-0.010039845,PatchTST
2005-09-09,KO,-0.0417648436426874,0.02900899,PatchTST
2005-09-09,MCD,-0.0350698033376849,0.020125885,PatchTST
2005-09-09,MMM,-0.019192737660921305,-0.0026453463,PatchTST
2005-09-09,MSFT,-0.07894738221272721,0.004310663,PatchTST
2005-09-09,NEM,0.14757922877224855,0.050002247,PatchTST
2005-09-09,PFE,-0.0833490492673879,-0.049047187,PatchTST
2005-09-09,PG,-0.0019610578944485022,0.0035798312,PatchTST
2005-09-09,UNH,0.046106007967664404,0.08240315,PatchTST
2005-09-09,VZ,-0.04730149146335311,-0.037984766,PatchTST
2005-09-09,WFC,-0.02078294485477479,0.05527081,PatchTST
2005-09-09,XOM,-0.028124175863484095,0.021776471,PatchTST
2005-10-10,AAPL,0.16047960027558475,-0.01618741,PatchTST
2005-10-10,CAT,-0.0382389498219034,0.057326697,PatchTST
2005-10-10,CVX,-0.06082932700971108,-0.015550574,PatchTST
2005-10-10,DUK,-0.052056212654340905,-0.0037998855,PatchTST
2005-10-10,GS,0.09600524497246132,0.053333472,PatchTST
2005-10-10,HD,0.09338471840539439,0.009750133,PatchTST
2005-10-10,INTC,0.03157625838180879,0.015750237,PatchTST
2005-10-10,JNJ,0.001466818930132006,-0.015664842,PatchTST
2005-10-10,JPM,0.10571454779370401,-0.020085994,PatchTST
2005-10-10,KO,0.0049637365342334976,0.0013684233,PatchTST
2005-10-10,MCD,0.044911032007065796,0.014269346,PatchTST
2005-10-10,MMM,0.05584862661354401,-0.030229235,PatchTST
2005-10-10,MSFT,0.09386753694010451,0.015479058,PatchTST
2005-10-10,NEM,-0.0997184585525885,-0.025386339,PatchTST
2005-10-10,PFE,-0.0909328013042863,0.061590135,PatchTST
2005-10-10,PG,-0.0031707282604468024,0.016012294,PatchTST
2005-10-10,UNH,0.0370892814779714,0.044072133,PatchTST
2005-10-10,VZ,-0.0013087025397335965,-0.045259126,PatchTST
2005-10-10,WFC,0.03766388351825099,0.0051952694,PatchTST
2005-10-10,XOM,-0.0428518797087379,0.047999725,PatchTST
2005-11-08,AAPL,0.20521864087762,0.03867688,PatchTST
2005-11-08,CAT,0.0630394949352108,0.0167846,PatchTST
2005-11-08,CVX,0.040534305877968996,0.03208206,PatchTST
2005-11-08,DUK,0.013808875082114296,0.058306832,PatchTST
2005-11-08,GS,0.005713425846820606,0.06731241,PatchTST
2005-11-08,HD,0.0028853829961084966,0.016522843,PatchTST
2005-11-08,INTC,0.06517621362453171,0.004951873,PatchTST
2005-11-08,JNJ,-0.017663962306196594,0.006115349,PatchTST
2005-11-08,JPM,0.020748507961943094,-0.041373506,PatchTST
2005-11-08,KO,0.0016028105716010006,0.0056119515,PatchTST
2005-11-08,MCD,0.06555741802022327,-0.06337838,PatchTST
2005-11-08,MMM,0.025286058910896796,0.013421508,PatchTST
2005-11-08,MSFT,0.029956028105042703,-0.08373119,PatchTST
2005-11-08,NEM,0.144456039560477,-0.10257045,PatchTST
2005-11-08,PFE,-0.045399159969040793,-0.016200421,PatchTST
2005-11-08,PG,0.025929253638515507,0.012817044,PatchTST
2005-11-08,UNH,0.06789854535778861,0.02484703,PatchTST
2005-11-08,VZ,0.0290345836093507,-0.053445324,PatchTST
2005-11-08,WFC,0.036000262241549494,0.016055549,PatchTST
2005-11-08,XOM,0.0381642776564479,0.0038831024,PatchTST
2005-12-08,AAPL,0.02800170169288368,0.09295916,PatchTST
2005-12-08,CAT,0.0632072735848469,-0.078316994,PatchTST
2005-12-08,CVX,-0.005919470533225892,0.034328785,PatchTST
2005-12-08,DUK,0.059166809403465685,-0.008162022,PatchTST
2005-12-08,GS,0.0038421038545633033,-0.023512594,PatchTST
2005-12-08,HD,-0.017003312077405713,0.022421505,PatchTST
2005-12-08,INTC,0.012162839794365499,-0.024093434,PatchTST
2005-12-08,JNJ,0.047964782004906996,-0.0040794145,PatchTST
2005-12-08,JPM,0.0641082780383949,0.010581099,PatchTST
2005-12-08,KO,-0.014080174998543703,0.005870785,PatchTST
2005-12-08,MCD,-0.015721324837945003,0.010903139,PatchTST
2005-12-08,MMM,0.020972496912490302,-0.04808053,PatchTST
2005-12-08,MSFT,-0.0325977092100485,-0.08255347,PatchTST
2005-12-08,NEM,0.16540873608385492,-0.013476831,PatchTST
2005-12-08,PFE,0.1635847764149767,-0.019182054,PatchTST
2005-12-08,PG,0.0351399504248275,0.0011494715,PatchTST
2005-12-08,UNH,-0.0195149448119093,0.007266976,PatchTST
2005-12-08,VZ,0.013840486957473402,-0.011165064,PatchTST
2005-12-08,WFC,0.0135085826607442,0.018946586,PatchTST
2005-12-08,XOM,0.006417969137430293,0.066397175,PatchTST
2006-01-10,AAPL,-0.1000416356126779,0.17964411,PatchTST
2006-01-10,CAT,0.1154780248309599,0.064540476,PatchTST
2006-01-10,CVX,-0.0181450585464386,0.07047653,PatchTST
2006-01-10,DUK,0.001076835286032804,0.04650226,PatchTST
2006-01-10,GS,0.08109250763725609,0.03555334,PatchTST
2006-01-10,HD,-0.038711245029295197,0.020017259,PatchTST
2006-01-10,INTC,-0.24260044267383163,0.020670092,PatchTST
2006-01-10,JNJ,-0.07224096274539658,-0.00516455,PatchTST
2006-01-10,JPM,-0.02666146193138929,0.0031379098,PatchTST
2006-01-10,KO,-0.009174516381312892,0.0061289514,PatchTST
2006-01-10,MCD,0.0464414656044237,0.03997039,PatchTST
2006-01-10,MMM,-0.107021708019645,-0.008049956,PatchTST
2006-01-10,MSFT,0.0018595863896180012,-0.013710136,PatchTST
2006-01-10,NEM,-0.04921810587680619,-0.010645672,PatchTST
2006-01-10,PFE,0.0689465741947467,-0.041684423,PatchTST
2006-01-10,PG,0.011364663457054603,0.003562492,PatchTST
2006-01-10,UNH,-0.0640607850690504,0.04144553,PatchTST
2006-01-10,VZ,0.034653094987536305,-0.026069127,PatchTST
2006-01-10,WFC,-0.024031802981947407,0.013158701,PatchTST
2006-01-10,XOM,0.02182813025404251,0.023070287,PatchTST
2006-02-09,AAPL,-0.08520307938072,0.048671167,PatchTST
2006-02-09,CAT,0.030626325445362482,0.07716307,PatchTST
2006-02-09,CVX,-0.0601005050241688,0.044938024,PatchTST
2006-02-09,DUK,0.019229973765194596,-0.025780022,PatchTST
2006-02-09,GS,0.0027591279878663045,0.010145544,PatchTST
2006-02-09,HD,0.0527855578880551,-0.017048636,PatchTST
2006-02-09,INTC,-0.0404790450262492,0.00772985,PatchTST
2006-02-09,JNJ,0.013128218696665299,0.010241611,PatchTST
2006-02-09,JPM,0.0379081188868146,0.022521794,PatchTST
2006-02-09,KO,0.036671220107135895,-0.009566544,PatchTST
2006-02-09,MCD,-0.048171374816437205,0.050104354,PatchTST
2006-02-09,MMM,0.0247253913216859,0.005464345,PatchTST
2006-02-09,MSFT,0.012998432715569802,0.03637318,PatchTST
2006-02-09,NEM,-0.1342707752304072,0.065209456,PatchTST
2006-02-09,PFE,-0.011058720084444602,-0.004757278,PatchTST
2006-02-09,PG,0.045686724289359,0.03014277,PatchTST
2006-02-09,UNH,-0.024966249628751408,0.057945456,PatchTST
2006-02-09,VZ,0.0479278124702337,-0.009765709,PatchTST
2006-02-09,WFC,0.0465124614073061,0.0006248588,PatchTST
2006-02-09,XOM,-0.020240019777980393,0.010860508,PatchTST
2006-03-13,AAPL,0.083166397718414,0.0377647,PatchTST
2006-03-13,CAT,0.061494717235397796,0.10667398,PatchTST
2006-03-13,CVX,0.0992023196674933,0.0025863282,PatchTST
2006-03-13,DUK,0.0204233054637562,-0.008598134,PatchTST
2006-03-13,GS,0.13792002288315783,-0.021868115,PatchTST
2006-03-13,HD,0.013244922797543798,0.024548123,PatchTST
2006-03-13,INTC,-0.024995270346769495,-0.04966777,PatchTST
2006-03-13,JNJ,-0.0227847709062643,-0.0024649354,PatchTST
2006-03-13,JPM,0.026213313258228406,-0.026851764,PatchTST
2006-03-13,KO,-0.023351487167585804,-0.009050919,PatchTST
2006-03-13,MCD,0.020000677097864503,0.01811865,PatchTST
2006-03-13,MMM,0.1131013553639757,-0.050080888,PatchTST
2006-03-13,MSFT,0.004407023899519396,0.036875814,PatchTST
2006-03-13,NEM,0.084573464913804,-0.020629138,PatchTST
2006-03-13,PFE,-0.0563915536592053,0.028030803,PatchTST
2006-03-13,PG,-0.08547896211842138,-0.0038489127,PatchTST
2006-03-13,UNH,-0.0683678932841929,0.030295985,PatchTST
2006-03-13,VZ,-0.009155856162521401,-0.0669826,PatchTST
2006-03-13,WFC,0.002486933108090503,-0.0014871298,PatchTST
2006-03-13,XOM,0.0455824846649783,0.009504709,PatchTST
2006-04-11,AAPL,0.027717868377969697,-0.043245308,PatchTST
2006-04-11,CAT,0.0737789826853663,0.07532144,PatchTST
2006-04-11,CVX,0.051561084924898096,-0.008770252,PatchTST
2006-04-11,DUK,0.010435501764951803,-0.00021987036,PatchTST
2006-04-11,GS,0.012061384034212905,0.06700283,PatchTST
2006-04-11,HD,-0.014215153547859904,-0.044115823,PatchTST
2006-04-11,INTC,0.0164175868161723,0.06275076,PatchTST
2006-04-11,JNJ,0.010514975831234903,-0.031145345,PatchTST
2006-04-11,JPM,0.09209170278243632,0.023672035,PatchTST
2006-04-11,KO,0.0493870925716328,0.0034685198,PatchTST
2006-04-11,MCD,0.017108604030380597,0.053997744,PatchTST
2006-04-11,MMM,0.07914961084464509,-0.025797501,PatchTST
2006-04-11,MSFT,-0.1380963886326891,0.03795795,PatchTST
2006-04-11,NEM,0.0971984881380346,0.011362305,PatchTST
2006-04-11,PFE,0.0251500247118763,0.024905805,PatchTST
2006-04-11,PG,-0.008739658723688797,0.00046426413,PatchTST
2006-04-11,UNH,-0.12714867098702823,0.016889842,PatchTST
2006-04-11,VZ,-0.03464333577849431,-0.0071355146,PatchTST
2006-04-11,WFC,0.0611918647379247,0.021635352,PatchTST
2006-04-11,XOM,0.03585761218799349,0.022703672,PatchTST
2006-05-11,AAPL,-0.1754333885137158,0.0046015168,PatchTST
2006-05-11,CAT,-0.18165458920391234,0.05136659,PatchTST
2006-05-11,CVX,-0.08036355515210239,-0.045886293,PatchTST
2006-05-11,DUK,0.0086799202873985,-0.067649215,PatchTST
2006-05-11,GS,-0.09051254222491621,0.02389174,PatchTST
2006-05-11,HD,-0.10510276675144109,-0.0124886725,PatchTST
2006-05-11,INTC,-0.13192765705289858,0.016002811,PatchTST
2006-05-11,JNJ,0.05732677981602652,-0.01613807,PatchTST
2006-05-11,JPM,-0.08685298423514809,0.02942218,PatchTST
2006-05-11,KO,-0.0006886784227129019,-0.009540649,PatchTST
2006-05-11,MCD,-0.07445010425111942,0.030411923,PatchTST
2006-05-11,MMM,-0.07890993480812449,-0.007954274,PatchTST
2006-05-11,MSFT,-0.0771329133166169,0.05219343,PatchTST
2006-05-11,NEM,-0.1655710400920385,-0.10479734,PatchTST
2006-05-11,PFE,-0.0621980602266724,0.010393066,PatchTST
2006-05-11,PG,-0.034121800712825105,0.0030911355,PatchTST
2006-05-11,UNH,-0.008701489901601005,-0.0051992824,PatchTST
2006-05-11,VZ,-0.02631747886638601,-0.011813608,PatchTST
2006-05-11,WFC,0.017072779670900106,0.02216174,PatchTST
2006-05-11,XOM,-0.0828642575419163,0.0141905155,PatchTST
2006-06-12,AAPL,-0.06251474898124328,0.0147933625,PatchTST
2006-06-12,CAT,0.083500277962014,-0.009636773,PatchTST
2006-06-12,CVX,0.1266857137905892,0.0051031336,PatchTST
2006-06-12,DUK,0.0171353424335507,0.035509087,PatchTST
2006-06-12,GS,-0.008173058280247891,0.11619635,PatchTST
2006-06-12,HD,-0.0720911501119007,-0.013386785,PatchTST
2006-06-12,INTC,0.08433624905019818,0.024282178,PatchTST
2006-06-12,JNJ,-0.009987492644022596,-0.010782357,PatchTST
2006-06-12,JPM,0.02625313983963551,0.0008710249,PatchTST
2006-06-12,KO,0.013136301718501296,-0.018681843,PatchTST
2006-06-12,MCD,0.0266052034628733,-0.055782057,PatchTST
2006-06-12,MMM,-0.09743412344023208,0.05184978,PatchTST
2006-06-12,MSFT,0.052433427943012596,0.009563467,PatchTST
2006-06-12,NEM,0.11825607155531591,-0.05538689,PatchTST
2006-06-12,PFE,-0.0017014463798651052,-0.007133735,PatchTST
2006-06-12,PG,0.050144588312982206,0.014521191,PatchTST
2006-06-12,UNH,0.0494455535966281,-0.06920648,PatchTST
2006-06-12,VZ,0.049322298068945815,0.02938823,PatchTST
2006-06-12,WFC,-0.003914261658037906,-0.018713167,PatchTST
2006-06-12,XOM,0.0844283752500326,0.048621282,PatchTST
2006-07-12,AAPL,0.13337408343317958,0.086808614,PatchTST
2006-07-12,CAT,-0.0644533032487547,0.042236518,PatchTST
2006-07-12,CVX,0.0328390360465617,-0.0072768126,PatchTST
2006-07-12,DUK,0.019746224492663292,0.012546401,PatchTST
2006-07-12,GS,0.011386308046706798,-0.0020476691,PatchTST
2006-07-12,HD,-0.0289188701259896,0.011766935,PatchTST
2006-07-12,INTC,-0.06474618440573081,-0.08944084,PatchTST
2006-07-12,JNJ,0.0411045922223604,-0.026261669,PatchTST
2006-07-12,JPM,0.03393973603860201,0.01937772,PatchTST
2006-07-12,KO,-0.0013708019174788963,0.010760689,PatchTST
2006-07-12,MCD,0.0023310293208280014,-0.044649705,PatchTST
2006-07-12,MMM,-0.06778181887165562,-0.020060435,PatchTST
2006-07-12,MSFT,0.0563881097499109,0.025708463,PatchTST
2006-07-12,NEM,-0.038198365250893096,0.038878225,PatchTST
2006-07-12,PFE,0.1164909360971917,0.04494728,PatchTST
2006-07-12,PG,0.04479107719431231,-0.021512765,PatchTST
2006-07-12,UNH,0.0183379399728223,-0.0045901425,PatchTST
2006-07-12,VZ,0.0342790063445665,0.0010457959,PatchTST
2006-07-12,WFC,0.020450257425946007,0.024979593,PatchTST
2006-07-12,XOM,0.07973023932225931,0.0073905233,PatchTST
2006-08-10,AAPL,0.13140642494393093,0.13909458,PatchTST
2006-08-10,CAT,-0.0176683148590447,0.14055315,PatchTST
2006-08-10,CVX,-0.0417088080156304,-0.027973346,PatchTST
2006-08-10,DUK,0.018348819350330097,0.01918333,PatchTST
2006-08-10,GS,-0.0014003135615145035,0.039977048,PatchTST
2006-08-10,HD,0.030346432998520204,-0.0071291532,PatchTST
2006-08-10,INTC,0.11137687260701228,-0.14678413,PatchTST
2006-08-10,JNJ,0.010041053421299309,-0.0032701762,PatchTST
2006-08-10,JPM,0.020311066012091702,-0.031125665,PatchTST
2006-08-10,KO,0.0192423538481686,-0.0073540416,PatchTST
2006-08-10,MCD,0.08744737787527182,-0.028439017,PatchTST
2006-08-10,MMM,0.0524010964355637,0.023669604,PatchTST
2006-08-10,MSFT,0.050047431021850705,0.018686276,PatchTST
2006-08-10,NEM,-0.1010787570347886,-0.025604757,PatchTST
2006-08-10,PFE,0.05360409717494491,-0.006304712,PatchTST
2006-08-10,PG,0.02651790199646001,0.014593648,PatchTST
2006-08-10,UNH,0.038450714670797796,0.08049836,PatchTST
2006-08-10,VZ,0.045363761534726404,0.038285058,PatchTST
2006-08-10,WFC,0.0032927543854119013,0.03207872,PatchTST
2006-08-10,XOM,-0.0318196395832039,0.020036608,PatchTST
2006-09-11,AAPL,0.028679732351632604,0.045791116,PatchTST
2006-09-11,CAT,0.023199149138509213,-0.010237749,PatchTST
2006-09-11,CVX,-0.015377404652437199,0.015978541,PatchTST
2006-09-11,DUK,0.016393959030927503,0.027267098,PatchTST
2006-09-11,GS,0.16938761858699913,0.024725653,PatchTST
2006-09-11,HD,0.09509774018780459,0.0018990709,PatchTST
2006-09-11,INTC,0.058414291009973016,0.042719096,PatchTST
2006-09-11,JNJ,0.019929201752172394,0.015109738,PatchTST
2006-09-11,JPM,0.047207664380247,0.036185518,PatchTST
2006-09-11,KO,0.0029025091417151996,-0.00084247964,PatchTST
2006-09-11,MCD,0.0786882799716639,-0.031850375,PatchTST
2006-09-11,MMM,0.05826086350372431,0.02798664,PatchTST
2006-09-11,MSFT,0.0795613863584622,-0.007964157,PatchTST
2006-09-11,NEM,-0.15525796077314208,0.020098578,PatchTST
2006-09-11,PFE,0.0021725952104635054,0.01526514,PatchTST
2006-09-11,PG,0.027585016067548308,-0.027989795,PatchTST
2006-09-11,UNH,-0.0035425024943607983,0.014675805,PatchTST
2006-09-11,VZ,0.04655869465344819,0.04633758,PatchTST
2006-09-11,WFC,0.04006739211431081,0.014102076,PatchTST
2006-09-11,XOM,-0.0038984743065250994,-0.026731044,PatchTST
2006-10-10,AAPL,0.0758385126486816,0.08337975,PatchTST
2006-10-10,CAT,-0.1352940779061618,0.06892385,PatchTST
2006-10-10,CVX,0.0858646953305415,0.06282725,PatchTST
2006-10-10,DUK,-0.002930751201775392,-0.0019808435,PatchTST
2006-10-10,GS,0.06327866509345312,0.11649351,PatchTST
2006-10-10,HD,-0.012545680906237892,0.0085349195,PatchTST
2006-10-10,INTC,0.013538988049959792,0.03849285,PatchTST
2006-10-10,JNJ,0.05750943835119239,0.016902111,PatchTST
2006-10-10,JPM,0.008034159480494102,0.043778412,PatchTST
2006-10-10,KO,0.0547540285949525,0.0025551212,PatchTST
2006-10-10,MCD,0.026752606955451994,-0.012523564,PatchTST
2006-10-10,MMM,0.04665144754170451,-0.03709586,PatchTST
2006-10-10,MSFT,0.04341608613631301,0.021665666,PatchTST
2006-10-10,NEM,0.10198648995611038,0.029399082,PatchTST
2006-10-10,PFE,-0.013106090421586105,0.0018664729,PatchTST
2006-10-10,PG,0.0248413765171027,0.0033768518,PatchTST
2006-10-10,UNH,-0.0229348805518045,0.0016812095,PatchTST
2006-10-10,VZ,0.004893824059303104,0.06681549,PatchTST
2006-10-10,WFC,0.007195908355948702,-0.0038294662,PatchTST
2006-10-10,XOM,0.0860469772413671,0.06738232,PatchTST
2006-11-08,AAPL,0.07798698184587038,0.05493763,PatchTST
2006-11-08,CAT,0.050124529274513996,-0.0037020855,PatchTST
2006-11-08,CVX,0.06944785006464291,-0.00761751,PatchTST
2006-11-08,DUK,0.06561854831421139,0.021344244,PatchTST
2006-11-08,GS,0.05926435107733399,0.050518066,PatchTST
2006-11-08,HD,0.05065378077576298,-0.034521252,PatchTST
2006-11-08,INTC,-0.007237725241496896,0.06751024,PatchTST
2006-11-08,JNJ,-0.033698818796275294,0.0006824662,PatchTST
2006-11-08,JPM,-0.018275145970843096,0.011958534,PatchTST
2006-11-08,KO,0.0443085193113104,0.0015991884,PatchTST
2006-11-08,MCD,0.0620240695732088,0.02845553,PatchTST
2006-11-08,MMM,0.007430482415345805,-0.06942306,PatchTST
2006-11-08,MSFT,-4.729093947570314e-05,0.029857947,PatchTST
2006-11-08,NEM,0.035689628681785504,0.010624137,PatchTST
2006-11-08,PFE,-0.0844265294785187,0.0118503515,PatchTST
2006-11-08,PG,-0.004847295857270998,-0.004878776,PatchTST
2006-11-08,UNH,-0.0016149458093265845,-0.009228449,PatchTST
2006-11-08,VZ,-0.017562030812177994,0.025685037,PatchTST
2006-11-08,WFC,-0.025042752752109407,0.012027307,PatchTST
2006-11-08,XOM,0.0472356006795978,-0.0020946637,PatchTST
2006-12-08,AAPL,0.1083431127625665,0.06025552,PatchTST
2006-12-08,CAT,-0.043470551026049,-0.03050459,PatchTST
2006-12-08,CVX,-0.05480249631178791,-0.017943196,PatchTST
2006-12-08,DUK,-0.012473174968096898,0.010465742,PatchTST
2006-12-08,GS,0.038749707334418335,0.042185057,PatchTST
2006-12-08,HD,0.021599371618118597,-0.029701948,PatchTST
2006-12-08,INTC,0.0412676813968023,-0.044348754,PatchTST
2006-12-08,JNJ,0.0013613047020569014,0.017354773,PatchTST
2006-12-08,JPM,0.038102318856158494,0.06323278,PatchTST
2006-12-08,KO,-0.0008206993560406005,0.014056972,PatchTST
2006-12-08,MCD,0.0223902770869629,0.07409816,PatchTST
2006-12-08,MMM,-0.021727831953447605,0.022146838,PatchTST
2006-12-08,MSFT,0.0276894262838119,0.041682817,PatchTST
2006-12-08,NEM,-0.10901211651613713,-0.0400762,PatchTST
2006-12-08,PFE,0.052499399600990995,0.035927232,PatchTST
2006-12-08,PG,0.0068727498107375995,0.009845689,PatchTST
2006-12-08,UNH,0.06530826870059991,-0.11034065,PatchTST
2006-12-08,VZ,0.06254512436536061,-0.02472307,PatchTST
2006-12-08,WFC,-0.00028200281191190094,0.026231894,PatchTST
2006-12-08,XOM,-0.0643709508560514,-0.012237489,PatchTST
2007-01-11,AAPL,-0.15262272670670007,0.018792514,PatchTST
2007-01-11,CAT,0.0766617522912338,-0.04465196,PatchTST
2007-01-11,CVX,0.0548024963117877,0.022615712,PatchTST
2007-01-11,DUK,0.08053870817669329,0.007503271,PatchTST
2007-01-11,GS,0.026209738033697007,0.023982989,PatchTST
2007-01-11,HD,0.030207772325704794,0.036377378,PatchTST
2007-01-11,INTC,-0.0176958228615037,-0.07605299,PatchTST
2007-01-11,JNJ,-0.008349391431358296,-0.0005039936,PatchTST
2007-01-11,JPM,0.04710598849139261,0.036115352,PatchTST
2007-01-11,KO,-0.019079748209783202,0.0027148742,PatchTST
2007-01-11,MCD,0.006755688009927502,0.036644384,PatchTST
2007-01-11,MMM,-0.04344802957022251,0.015136739,PatchTST
2007-01-11,MSFT,-0.023193344731602915,-0.02146231,PatchTST
2007-01-11,NEM,0.0780615541486082,0.015224285,PatchTST
2007-01-11,PFE,0.017714400782072603,0.023573384,PatchTST
2007-01-11,PG,0.007734108366082997,-0.008937524,PatchTST
2007-01-11,UNH,-0.037608814281682,-0.008898821,PatchTST
2007-01-11,VZ,0.025521513412066498,0.0648149,PatchTST
2007-01-11,WFC,0.0044419841827923,0.02467388,PatchTST
2007-01-11,XOM,0.0621278225693908,0.030679723,PatchTST
2007-02-12,AAPL,0.059783662777436394,-0.06351233,PatchTST
2007-02-12,CAT,-0.0227886130902768,0.00706133,PatchTST
2007-02-12,CVX,-0.07051636202355971,0.08227963,PatchTST
2007-02-12,DUK,-0.031171824592696705,0.04233052,PatchTST
2007-02-12,GS,-0.0691502272287841,-0.025103094,PatchTST
2007-02-12,HD,-0.0874036983785444,0.040816315,PatchTST
2007-02-12,INTC,-0.09521501259515333,0.011139478,PatchTST
2007-02-12,JNJ,-0.07067394621823721,0.019186364,PatchTST
2007-02-12,JPM,-0.07664394552247311,0.011166077,PatchTST
2007-02-12,KO,-0.0076492408637055965,0.017595489,PatchTST
2007-02-12,MCD,-0.024535198099410398,0.022812285,PatchTST
2007-02-12,MMM,0.009368726903576,0.08291399,PatchTST
2007-02-12,MSFT,-0.07773209034524889,-0.027085606,PatchTST
2007-02-12,NEM,-0.0984169431322264,-0.05364352,PatchTST
2007-02-12,PFE,-0.056133191920483105,0.024183173,PatchTST
2007-02-12,PG,-0.0519226475149306,-0.0032251808,PatchTST
2007-02-12,UNH,0.04082170537258882,-0.02360657,PatchTST
2007-02-12,VZ,-0.042536294126293395,0.05343336,PatchTST
2007-02-12,WFC,-0.0549314832281508,0.023222018,PatchTST
2007-02-12,XOM,-0.07320868624443758,0.076778285,PatchTST
2007-03-14,AAPL,0.04197986990224129,-0.06650073,PatchTST
2007-03-14,CAT,0.0507879463677204,0.05892611,PatchTST
2007-03-14,CVX,0.1288586106500828,0.08568877,PatchTST
2007-03-14,DUK,0.0489374571870844,0.006247728,PatchTST
2007-03-14,GS,0.039504542276587604,0.03407907,PatchTST
2007-03-14,HD,0.0177794079594802,-0.008472861,PatchTST
2007-03-14,INTC,0.0696897855727094,0.005175139,PatchTST
2007-03-14,JNJ,0.0187465743004582,0.0044183903,PatchTST
2007-03-14,JPM,0.059222262432042205,0.012203896,PatchTST
2007-03-14,KO,0.0539772252312664,0.0025822576,PatchTST
2007-03-14,MCD,0.069943059964006,-0.0026889471,PatchTST
2007-03-14,MMM,0.025615232906162196,-0.019835692,PatchTST
2007-03-14,MSFT,0.0658942764881309,-0.026699565,PatchTST
2007-03-14,NEM,0.04531275688234511,0.0057608746,PatchTST
2007-03-14,PFE,0.0591613078935886,-0.023912176,PatchTST
2007-03-14,PG,0.037698230926059,0.028955974,PatchTST
2007-03-14,UNH,0.0028093416436108212,0.010394395,PatchTST
2007-03-14,VZ,0.0444539987831371,0.046041235,PatchTST
2007-03-14,WFC,0.025661222419893392,-0.00023255777,PatchTST
2007-03-14,XOM,0.10164847833293902,0.045423172,PatchTST
2007-04-13,AAPL,0.1651077901167214,0.14500861,PatchTST
2007-04-13,CAT,0.1209154138654863,-0.029313555,PatchTST
2007-04-13,CVX,0.03651597637574169,0.0011330716,PatchTST
2007-04-13,DUK,0.008738118006529199,0.051886145,PatchTST
2007-04-13,GS,0.0957875347316886,0.054990888,PatchTST
2007-04-13,HD,0.0218533948928678,-0.0025668186,PatchTST
2007-04-13,INTC,0.0884306290123815,-0.018566392,PatchTST
2007-04-13,JNJ,0.005636912634767996,-0.00693087,PatchTST
2007-04-13,JPM,0.0582307113898845,0.017350757,PatchTST
2007-04-13,KO,0.0590250616645936,0.021573763,PatchTST
2007-04-13,MCD,0.08269452372543329,0.06758929,PatchTST
2007-04-13,MMM,0.10906874236801842,-0.024687117,PatchTST
2007-04-13,MSFT,0.0791255290664189,0.03225506,PatchTST
2007-04-13,NEM,-0.05331105409630349,-0.054154314,PatchTST
2007-04-13,PFE,0.0323430081858799,0.09713971,PatchTST
2007-04-13,PG,-0.024374898659457796,0.0045167063,PatchTST
2007-04-13,UNH,0.008808913016014793,-0.00028275512,PatchTST
2007-04-13,VZ,0.1012043214731014,0.042469274,PatchTST
2007-04-13,WFC,0.0415842031284938,-0.011219328,PatchTST
2007-04-13,XOM,0.05273565624642049,-0.031352058,PatchTST
2007-05-14,AAPL,0.101693990303761,0.009378312,PatchTST
2007-05-14,CAT,0.041847501148209794,-0.052503183,PatchTST
2007-05-14,CVX,0.0136864467695598,0.025369031,PatchTST
2007-05-14,DUK,-0.10546941815850872,0.013050455,PatchTST
2007-05-14,GS,0.0015370600354347925,0.0671261,PatchTST
2007-05-14,HD,-0.033696077391754405,0.0062393746,PatchTST
2007-05-14,INTC,-0.003597035665263903,-0.028805288,PatchTST
2007-05-14,JNJ,-0.0005661345489931984,-0.011163364,PatchTST
2007-05-14,JPM,-0.0551867089439821,0.02350446,PatchTST
2007-05-14,KO,-0.029859144749768803,0.02018912,PatchTST
2007-05-14,MCD,0.016254486378679097,0.058973543,PatchTST
2007-05-14,MMM,-0.0003934927309115041,0.038176164,PatchTST
2007-05-14,MSFT,-0.0310136902648033,0.014046104,PatchTST
2007-05-14,NEM,-0.0477377822154851,0.0689315,PatchTST
2007-05-14,PFE,-0.034999195773475905,0.004718694,PatchTST
2007-05-14,PG,0.008238487530172998,0.030571414,PatchTST
2007-05-14,UNH,-0.011259220798210002,0.031911187,PatchTST
2007-05-14,VZ,0.040986346550752395,0.03533625,PatchTST
2007-05-14,WFC,-0.009617941014638597,0.022887763,PatchTST
2007-05-14,XOM,0.0094344114543658,0.039958734,PatchTST
2007-06-13,AAPL,0.10770860489673581,0.16097096,PatchTST
2007-06-13,CAT,0.0741535851573813,0.11638259,PatchTST
2007-06-13,CVX,0.14681723022657872,0.015187709,PatchTST
2007-06-13,DUK,-0.0005484988578599997,0.037493248,PatchTST
2007-06-13,GS,-0.033742222652816414,0.060505636,PatchTST
2007-06-13,HD,0.091507119804858,-0.014424464,PatchTST
2007-06-13,INTC,0.158004116768743,0.003108807,PatchTST
2007-06-13,JNJ,0.0244444340333467,-0.011851748,PatchTST
2007-06-13,JPM,0.011401892075395405,0.028410856,PatchTST
2007-06-13,KO,0.03539032623884211,0.02950562,PatchTST
2007-06-13,MCD,0.0032969116095817944,0.09280691,PatchTST
2007-06-13,MMM,0.0559100146099493,0.06356325,PatchTST
2007-06-13,MSFT,0.007343466960098296,0.03885179,PatchTST
2007-06-13,NEM,0.05064033813798681,-0.05485543,PatchTST
2007-06-13,PFE,-0.004991217322932399,-0.016083702,PatchTST
2007-06-13,PG,0.0123117204563144,-0.027591584,PatchTST
2007-06-13,UNH,0.0018856546638293982,0.026064372,PatchTST
2007-06-13,VZ,-0.029359692615993895,0.0070466744,PatchTST
2007-06-13,WFC,0.007363287624607201,0.021123184,PatchTST
2007-06-13,XOM,0.08885972377554799,-0.027053725,PatchTST
2007-07-13,AAPL,-0.0700480882792919,0.104976974,PatchTST
2007-07-13,CAT,-0.0767924191542505,-0.0027802922,PatchTST
2007-07-13,CVX,-0.1119314268528549,-0.034920696,PatchTST
2007-07-13,DUK,0.0673103540952842,0.0047598914,PatchTST
2007-07-13,GS,-0.1974192592765889,0.06866531,PatchTST
2007-07-13,HD,-0.1308133132865283,0.04336364,PatchTST
2007-07-13,INTC,-0.07621512643108079,-0.019773897,PatchTST
2007-07-13,JNJ,-0.035502959944082695,0.028895188,PatchTST
2007-07-13,JPM,-0.11272229974525902,0.012019498,PatchTST
2007-07-13,KO,0.0436833847965043,0.011575082,PatchTST
2007-07-13,MCD,-0.04433719725306029,0.023656981,PatchTST
2007-07-13,MMM,-0.0450329055444168,-0.03126131,PatchTST
2007-07-13,MSFT,-0.046282356802700084,0.024514088,PatchTST
2007-07-13,NEM,0.019273186151122293,-0.09043874,PatchTST
2007-07-13,PFE,-0.06770880916220899,-0.03562712,PatchTST
2007-07-13,PG,0.0439456323573284,0.020319093,PatchTST
2007-07-13,UNH,-0.11168073952711571,-0.038969148,PatchTST
2007-07-13,VZ,-0.0024168182664996846,0.023776723,PatchTST
2007-07-13,WFC,-0.020859711147796698,0.008476454,PatchTST
2007-07-13,XOM,-0.05471929388501408,0.023910247,PatchTST
2007-08-13,AAPL,0.08058351962817112,0.15778792,PatchTST
2007-08-13,CAT,-0.04834558530268268,0.018475357,PatchTST
2007-08-13,CVX,0.06719029520620062,0.054800756,PatchTST
2007-08-13,DUK,-0.03583502059890969,-0.026069451,PatchTST
2007-08-13,GS,0.016484141277459598,-0.12097333,PatchTST
2007-08-13,HD,-0.023264016210785495,0.013486673,PatchTST
2007-08-13,INTC,0.06771291638218882,0.024620961,PatchTST
2007-08-13,JNJ,0.021315078165978503,0.0021711583,PatchTST
2007-08-13,JPM,0.006532095174397198,-0.027949195,PatchTST
2007-08-13,KO,0.0122920386543773,-0.0007105798,PatchTST
2007-08-13,MCD,0.046464689772369394,0.03073604,PatchTST
2007-08-13,MMM,0.03150262307809791,-0.011445856,PatchTST
2007-08-13,MSFT,0.01113241939606581,0.037780326,PatchTST
2007-08-13,NEM,0.07705688125505188,-0.05941634,PatchTST
2007-08-13,PFE,0.008302643999289693,-0.024383616,PatchTST
2007-08-13,PG,0.0241737872594488,-0.039434675,PatchTST
2007-08-13,UNH,0.0430775597215252,0.044184305,PatchTST
2007-08-13,VZ,0.012981145196198496,0.06684999,PatchTST
2007-08-13,WFC,0.0487904616566414,0.014213642,PatchTST
2007-08-13,XOM,0.028348248328193597,0.032003596,PatchTST
2007-09-12,AAPL,0.20783804256109734,-0.07458634,PatchTST
2007-09-12,CAT,0.09384519165580439,0.025910413,PatchTST
2007-09-12,CVX,0.03863855745415481,0.006943456,PatchTST
2007-09-12,DUK,0.029663268218413308,0.0108301155,PatchTST
2007-09-12,GS,0.25136273729425723,0.0033625166,PatchTST
2007-09-12,HD,-0.03561318907593379,0.029801693,PatchTST
2007-09-12,INTC,0.00853700041975759,0.013342673,PatchTST
2007-09-12,JNJ,0.0591343373039025,-0.008937151,PatchTST
2007-09-12,JPM,0.0599331963576818,0.027420389,PatchTST
2007-09-12,KO,0.0450643276162359,0.027372666,PatchTST
2007-09-12,MCD,0.0969599523954842,0.043354426,PatchTST
2007-09-12,MMM,0.0824112618951066,0.040497728,PatchTST
2007-09-12,MSFT,0.0439558329676817,0.018304234,PatchTST
2007-09-12,NEM,0.0232005565862559,-0.005913249,PatchTST
2007-09-12,PFE,0.054306178634096494,0.04413939,PatchTST
2007-09-12,PG,0.0637548189823377,-0.006650164,PatchTST
2007-09-12,UNH,-0.004853198454512191,-0.027596615,PatchTST
2007-09-12,VZ,0.09550842210772222,-0.017976645,PatchTST
2007-09-12,WFC,0.013747448878300194,0.069554456,PatchTST
2007-09-12,XOM,0.06877801395710449,0.029147761,PatchTST
2007-10-11,AAPL,0.0507322426162854,0.112256736,PatchTST
2007-10-11,CAT,-0.1091238225287939,-0.017335417,PatchTST
2007-10-11,CVX,-0.03200084038146389,0.0870063,PatchTST
2007-10-11,DUK,0.0175899728220024,0.008674075,PatchTST
2007-10-11,GS,-0.11519930279180879,-0.006279378,PatchTST
2007-10-11,HD,-0.1456188531392346,5.7693105e-06,PatchTST
2007-10-11,INTC,0.006155923554203198,0.10220938,PatchTST
2007-10-11,JNJ,-0.0190158449671522,-0.0015711512,PatchTST
2007-10-11,JPM,-0.096141720766305,0.021727456,PatchTST
2007-10-11,KO,0.06035044293841341,0.024914399,PatchTST
2007-10-11,MCD,0.0402112011393949,0.005148813,PatchTST
2007-10-11,MMM,-0.1456813944058858,0.0066662068,PatchTST
2007-10-11,MSFT,0.1390570719035756,0.015093322,PatchTST
2007-10-11,NEM,0.15668192468586636,0.06228842,PatchTST
2007-10-11,PFE,-0.08778782469539681,-0.008460129,PatchTST
2007-10-11,PG,-0.0029194909515870004,-0.0022359425,PatchTST
2007-10-11,UNH,0.019273832646445895,-0.02327731,PatchTST
2007-10-11,VZ,-0.0656648133507374,-0.0133274235,PatchTST
2007-10-11,WFC,-0.1417893888704184,0.020423438,PatchTST
2007-10-11,XOM,-0.0367715651411285,0.04660933,PatchTST
2007-11-09,AAPL,0.10147198849617779,-0.01636995,PatchTST
2007-11-09,CAT,0.055715282593513396,0.00990559,PatchTST
2007-11-09,CVX,0.0347855258711334,-0.033348497,PatchTST
2007-11-09,DUK,0.0661529311443511,-0.048969336,PatchTST
2007-11-09,GS,0.0657609268252432,-0.045747805,PatchTST
2007-11-09,HD,0.02526045030692379,-0.0008043926,PatchTST
2007-11-09,INTC,0.06891577491950351,0.0165864,PatchTST
2007-11-09,JNJ,0.0545556114254226,0.023216622,PatchTST
2007-11-09,JPM,0.10695466086862149,-0.046563663,PatchTST
2007-11-09,KO,0.0342755731541643,0.033996,PatchTST
2007-11-09,MCD,0.06768888283673391,0.07318236,PatchTST
2007-11-09,MMM,0.05201750271704621,-0.015611609,PatchTST
2007-11-09,MSFT,0.0038761160603879964,0.07353912,PatchTST
2007-11-09,NEM,-0.05959174751077351,-0.0013226103,PatchTST
2007-11-09,PFE,0.0530872801955291,-0.013493337,PatchTST
2007-11-09,PG,0.04809041126792651,-0.028497117,PatchTST
2007-11-09,UNH,0.1403927582245842,-0.027162874,PatchTST
2007-11-09,VZ,0.05950927874841099,0.0531925,PatchTST
2007-11-09,WFC,0.0361860802433568,-0.010561892,PatchTST
2007-11-09,XOM,0.0287697422452582,0.0137575995,PatchTST
2007-12-11,AAPL,-0.0870439232317081,0.13807172,PatchTST
2007-12-11,CAT,-0.12754241747340958,0.016587753,PatchTST
2007-12-11,CVX,0.0019606600023878993,0.014486803,PatchTST
2007-12-11,DUK,-0.007797576509435198,0.024311077,PatchTST
2007-12-11,GS,-0.1298364758347546,0.07717115,PatchTST
2007-12-11,HD,-0.15742270438017503,-0.06440554,PatchTST
2007-12-11,INTC,-0.20902484655633818,-0.015793748,PatchTST
2007-12-11,JNJ,0.0017684287681822028,0.010946274,PatchTST
2007-12-11,JPM,-0.1287108792198925,-0.08759384,PatchTST
2007-12-11,KO,0.0355542306228253,0.0016910904,PatchTST
2007-12-11,MCD,-0.06215056802750038,0.018402997,PatchTST
2007-12-11,MMM,-0.0782669620921378,-0.044583175,PatchTST
2007-12-11,MSFT,-0.0124477002842884,-0.05138417,PatchTST
2007-12-11,NEM,0.05901471344975341,0.07491197,PatchTST
2007-12-11,PFE,-0.011971057952921003,0.0069921557,PatchTST
2007-12-11,PG,-0.025203892358975497,0.037136275,PatchTST
2007-12-11,UNH,-0.0312415790113717,0.042739417,PatchTST
2007-12-11,VZ,-0.0328303024240008,-0.012693038,PatchTST
2007-12-11,WFC,-0.1565534787883942,-0.039102834,PatchTST
2007-12-11,XOM,-0.004028063258014397,0.055743553,PatchTST
2008-01-11,AAPL,-0.31860143053790235,0.16782899,PatchTST
2008-01-11,CAT,0.0349987286389048,-0.0034981295,PatchTST
2008-01-11,CVX,-0.13331353793533843,0.053989183,PatchTST
2008-01-11,DUK,-0.0997226475977437,-0.036445573,PatchTST
2008-01-11,GS,-0.0559405802587208,0.03362138,PatchTST
2008-01-11,HD,0.1265350015311787,0.016614478,PatchTST
2008-01-11,INTC,-0.0800686876913983,0.03323357,PatchTST
2008-01-11,JNJ,-0.09298604870322659,0.021392127,PatchTST
2008-01-11,JPM,0.04771772630855452,0.031019807,PatchTST
2008-01-11,KO,-0.09698912802021639,0.0056970753,PatchTST
2008-01-11,MCD,-0.0383754585447117,0.08293276,PatchTST
2008-01-11,MMM,-0.011662207845095194,-0.014634449,PatchTST
2008-01-11,MSFT,-0.1963429790067752,0.04346323,PatchTST
2008-01-11,NEM,-0.05724564042483036,0.031057108,PatchTST
2008-01-11,PFE,-0.0672535094206776,-0.009355662,PatchTST
2008-01-11,PG,-0.0886220524936597,-0.010449901,PatchTST
2008-01-11,UNH,-0.15118402169089945,-0.019139415,PatchTST
2008-01-11,VZ,-0.1663847110390357,0.057767995,PatchTST
2008-01-11,WFC,0.0669863065552955,-0.019201675,PatchTST
2008-01-11,XOM,-0.09229161888886858,-0.011905373,PatchTST
2008-02-12,AAPL,-0.02677466647854621,0.04640138,PatchTST
2008-02-12,CAT,0.0806407706207357,-0.0042610103,PatchTST
2008-02-12,CVX,0.0825886397554652,0.048655316,PatchTST
2008-02-12,DUK,-0.042022458069746506,-0.0355881,PatchTST
2008-02-12,GS,-0.1312359126824282,-0.073114894,PatchTST
2008-02-12,HD,-0.08442397896780299,-0.01679209,PatchTST
2008-02-12,INTC,0.021053592509440805,-0.060379803,PatchTST
2008-02-12,JNJ,0.0173802237524578,0.04707913,PatchTST
2008-02-12,JPM,-0.11579544544451677,-0.14482357,PatchTST
2008-02-12,KO,0.0011864374785459984,0.033015113,PatchTST
2008-02-12,MCD,-0.0347805734841016,0.03789511,PatchTST
2008-02-12,MMM,-0.004625080362897691,-0.0065959273,PatchTST
2008-02-12,MSFT,0.018656454906929888,0.017208312,PatchTST
2008-02-12,NEM,0.01098726861617871,0.06070839,PatchTST
2008-02-12,PFE,-0.0423249981536806,-0.0023346194,PatchTST
2008-02-12,PG,0.015635518245857596,-0.0027020248,PatchTST
2008-02-12,UNH,-0.2735421230559507,-0.025629811,PatchTST
2008-02-12,VZ,-0.06195107765097401,-0.008792378,PatchTST
2008-02-12,WFC,6.938893903907228e-18,0.0149411615,PatchTST
2008-02-12,XOM,0.032511182220428106,-0.00816858,PatchTST
2008-03-13,AAPL,0.1548646786844794,-0.08704521,PatchTST
2008-03-13,CAT,-0.005997828259940401,-0.022199307,PatchTST
2008-03-13,CVX,0.023586480440988503,0.018601514,PatchTST
2008-03-13,DUK,0.0364080081943047,-0.031573877,PatchTST
2008-03-13,GS,0.025976956348313904,-0.13107407,PatchTST
2008-03-13,HD,0.0751736634473503,-0.06071158,PatchTST
2008-03-13,INTC,0.005665460041066703,0.11722684,PatchTST
2008-03-13,JNJ,0.0536885083936628,-0.020046312,PatchTST
2008-03-13,JPM,0.10481649302323852,-0.041219126,PatchTST
2008-03-13,KO,0.018413253304092006,-0.03605714,PatchTST
2008-03-13,MCD,0.031166133888143193,0.027275922,PatchTST
2008-03-13,MMM,0.0006365536838414051,0.03829414,PatchTST
2008-03-13,MSFT,-0.012300020337907301,0.04234475,PatchTST
2008-03-13,NEM,-0.11147752212581818,-0.089374416,PatchTST
2008-03-13,PFE,-0.0397849367300113,-0.009637813,PatchTST
2008-03-13,PG,0.043204845550541195,-0.034743395,PatchTST
2008-03-13,UNH,-0.021457598432754816,-0.026494835,PatchTST
2008-03-13,VZ,0.044993706541236404,-0.101804554,PatchTST
2008-03-13,WFC,-0.05461280751600851,-0.047775835,PatchTST
2008-03-13,XOM,0.03035841550126089,-0.08440769,PatchTST
2008-04-14,AAPL,0.2459079916600954,0.0021035,PatchTST
2008-04-14,CAT,0.11841967627468969,-0.021691721,PatchTST
2008-04-14,CVX,0.09202836871949088,0.055381943,PatchTST
2008-04-14,DUK,0.0287358389471419,-0.008927003,PatchTST
2008-04-14,GS,0.13997923456091121,-0.032186016,PatchTST
2008-04-14,HD,0.0165465158028095,-0.07078262,PatchTST
2008-04-14,INTC,0.11300886072238849,-0.06524238,PatchTST
2008-04-14,JNJ,0.0106996243665591,0.008936679,PatchTST
2008-04-14,JPM,0.1050311491983609,-0.03750304,PatchTST
2008-04-14,KO,-0.0666969514912567,0.018899782,PatchTST
2008-04-14,MCD,0.09416164952657502,0.051138457,PatchTST
2008-04-14,MMM,-0.010246935891028007,0.017046822,PatchTST
2008-04-14,MSFT,0.05870877007315539,0.13288672,PatchTST
2008-04-14,NEM,-0.015347776329424193,-0.021253215,PatchTST
2008-04-14,PFE,-0.010965407222475698,-0.012740812,PatchTST
2008-04-14,PG,-0.06302532729393139,0.05331633,PatchTST
2008-04-14,UNH,-0.09008310057306201,-0.04561704,PatchTST
2008-04-14,VZ,0.0670993511457571,-0.06884088,PatchTST
2008-04-14,WFC,0.0719957895524589,-0.024149131,PatchTST
2008-04-14,XOM,0.010869771077863896,0.030594187,PatchTST
2008-05-13,AAPL,-0.03984565298946271,0.06855849,PatchTST
2008-05-13,CAT,-0.06010969231672451,0.0077449926,PatchTST
2008-05-13,CVX,0.027611893561025204,0.09026421,PatchTST
2008-05-13,DUK,-0.0303103886591241,-0.009604441,PatchTST
2008-05-13,GS,-0.16784910675186518,0.12224225,PatchTST
2008-05-13,HD,-0.09185649829813722,-0.080429584,PatchTST
2008-05-13,INTC,-0.0805710424561808,0.038878832,PatchTST
2008-05-13,JNJ,-0.015872320672739703,-0.007683707,PatchTST
2008-05-13,JPM,-0.2408157014086719,0.0043969247,PatchTST
2008-05-13,KO,0.0196075429191587,0.00941308,PatchTST
2008-05-13,MCD,-0.028960847450885997,0.040120013,PatchTST
2008-05-13,MMM,-0.02491749936620089,0.013081213,PatchTST
2008-05-13,MSFT,-0.09691755195794607,0.010854103,PatchTST
2008-05-13,NEM,0.044100021713044515,-0.083347574,PatchTST
2008-05-13,PFE,-0.1261687680851817,-0.035276964,PatchTST
2008-05-13,PG,0.012922972245137106,0.014143256,PatchTST
2008-05-13,UNH,-0.02564616826766361,0.09413481,PatchTST
2008-05-13,VZ,-0.03720397792276541,-0.085232094,PatchTST
2008-05-13,WFC,-0.15252756004558551,-0.015365083,PatchTST
2008-05-13,XOM,-0.006524563651401399,0.0019420646,PatchTST
2008-06-12,AAPL,-0.046586106375820904,-0.26674065,PatchTST
2008-06-12,CAT,-0.12278449893706639,-0.06816606,PatchTST
2008-06-12,CVX,-0.0748512578531792,-0.084848315,PatchTST
2008-06-12,DUK,-0.0305628990819061,0.05721228,PatchTST
2008-06-12,GS,0.0004917940203946897,-0.13274185,PatchTST
2008-06-12,HD,-0.1828617181624767,-0.039275534,PatchTST
2008-06-12,INTC,-0.05513781784280751,-0.017661918,PatchTST
2008-06-12,JNJ,0.016127379259552106,0.011450764,PatchTST
2008-06-12,JPM,-0.1019434987367347,0.06353573,PatchTST
2008-06-12,KO,-0.1280957882893502,0.0057998085,PatchTST
2008-06-12,MCD,-0.024641735494285597,-0.015478715,PatchTST
2008-06-12,MMM,-0.09104126353738701,-0.12212619,PatchTST
2008-06-12,MSFT,-0.07144545714068001,-0.015547372,PatchTST
2008-06-12,NEM,0.08271192104751379,-0.10653943,PatchTST
2008-06-12,PFE,0.014706453764368103,-0.03700202,PatchTST
2008-06-12,PG,-0.0424283309596664,0.0062580123,PatchTST
2008-06-12,UNH,-0.36588314610038936,-0.022315064,PatchTST
2008-06-12,VZ,-0.03668880190992702,-0.020256724,PatchTST
2008-06-12,WFC,-0.10514310869567159,-0.0335319,PatchTST
2008-06-12,XOM,-0.0359622629814155,-0.032267828,PatchTST
2008-07-14,AAPL,0.005662751983805992,0.21180937,PatchTST
2008-07-14,CAT,0.020054742467643605,-0.031144554,PatchTST
2008-07-14,CVX,-0.09273300731036119,0.12186268,PatchTST
2008-07-14,DUK,0.06346086190139341,-0.035173558,PatchTST
2008-07-14,GS,0.09317218942274051,-0.16027023,PatchTST
2008-07-14,HD,0.2427820378790222,-0.07058695,PatchTST
2008-07-14,INTC,0.172768013922459,0.002113568,PatchTST
2008-07-14,JNJ,0.07834620507092199,0.003596088,PatchTST
2008-07-14,JPM,0.23370275511045058,-0.05620864,PatchTST
2008-07-14,KO,0.09626799587451201,-0.06754592,PatchTST
2008-07-14,MCD,0.14024744329362931,-0.00465491,PatchTST
2008-07-14,MMM,0.0791468170254126,-0.04998901,PatchTST
2008-07-14,MSFT,0.09980026982267218,-0.0299827,PatchTST
2008-07-14,NEM,-0.2114123690633608,-0.08464248,PatchTST
2008-07-14,PFE,0.12632315783736123,-0.04525216,PatchTST
2008-07-14,PG,0.09630233303499079,0.037178632,PatchTST
2008-07-14,UNH,0.34373011596795777,-0.112892546,PatchTST
2008-07-14,VZ,0.010822953549621098,-0.06463699,PatchTST
2008-07-14,WFC,0.32881748839973923,-0.049785715,PatchTST
2008-07-14,XOM,-0.08443011274242532,0.06769791,PatchTST
2008-08-12,AAPL,-0.1352121836638629,0.12000471,PatchTST
2008-08-12,CAT,-0.1195860849562757,-0.050872717,PatchTST
2008-08-12,CVX,-0.0278104344352667,0.033489916,PatchTST
2008-08-12,DUK,-0.023838501246821107,-0.029635409,PatchTST
2008-08-12,GS,-0.12178675746450453,0.051129345,PatchTST
2008-08-12,HD,0.06452012538479418,-0.01261954,PatchTST
2008-08-12,INTC,-0.1900624792909576,0.08111404,PatchTST
2008-08-12,JNJ,0.0004555184204819954,0.01688667,PatchTST
2008-08-12,JPM,-0.06128164916240998,-0.015069412,PatchTST
2008-08-12,KO,-0.028217360833730287,-0.04278236,PatchTST
2008-08-12,MCD,-0.036533666300829305,0.038520884,PatchTST
2008-08-12,MMM,-0.072692761558121,0.032172866,PatchTST
2008-08-12,MSFT,-0.049767789093258,-0.021145452,PatchTST
2008-08-12,NEM,-0.09343556173215688,0.029680327,PatchTST
2008-08-12,PFE,-0.08829307434749831,0.0022566104,PatchTST
2008-08-12,PG,0.04174967007520419,0.017586213,PatchTST
2008-08-12,UNH,-0.06409054845423512,0.03151144,PatchTST
2008-08-12,VZ,-0.01656703313200781,-0.05153211,PatchTST
2008-08-12,WFC,0.0028434137169988313,-0.07142663,PatchTST
2008-08-12,XOM,-0.0379422876296715,0.009325389,PatchTST
2008-09-11,AAPL,-0.5356003856049175,0.03580831,PatchTST
2008-09-11,CAT,-0.3380649089510295,0.008969887,PatchTST
2008-09-11,CVX,-0.2375396245628777,0.021944093,PatchTST
2008-09-11,DUK,-0.16512282998648461,-0.03323165,PatchTST
2008-09-11,GS,-0.4414168985936903,0.1351767,PatchTST
2008-09-11,HD,-0.3785121186140457,-0.040370043,PatchTST
2008-09-11,INTC,-0.2564296039850208,0.085576534,PatchTST
2008-09-11,JNJ,-0.21273860595619948,0.06155462,PatchTST
2008-09-11,JPM,-0.06384788438152132,-0.008979708,PatchTST
2008-09-11,KO,-0.21021995682585878,0.022469606,PatchTST
2008-09-11,MCD,-0.1935234849642085,0.04962613,PatchTST
2008-09-11,MMM,-0.2497765386954596,-0.05114968,PatchTST
2008-09-11,MSFT,-0.17029159012036868,0.023590324,PatchTST
2008-09-11,NEM,-0.10356478475724859,-0.0061656833,PatchTST
2008-09-11,PFE,-0.14967343710822947,-0.0330083,PatchTST
2008-09-11,PG,-0.1731640619041839,0.0060732854,PatchTST
2008-09-11,UNH,-0.49872992342882694,0.0688761,PatchTST
2008-09-11,VZ,-0.27586447656678226,0.013261349,PatchTST
2008-09-11,WFC,-0.1512629078765653,-0.02814642,PatchTST
2008-09-11,XOM,-0.10130835283861542,0.0240376,PatchTST
2008-10-10,AAPL,0.10170231138198751,-0.1975244,PatchTST
2008-10-10,CAT,-0.14281318153829364,-0.08249616,PatchTST
2008-10-10,CVX,0.13785786423622054,-0.047193486,PatchTST
2008-10-10,DUK,0.07009230911016438,-0.14939453,PatchTST
2008-10-10,GS,-0.26164895656506465,0.035764497,PatchTST
2008-10-10,HD,0.055149369999743986,-0.03881907,PatchTST
2008-10-10,INTC,-0.055548899071017996,0.064856656,PatchTST
2008-10-10,JNJ,0.044829107126596504,0.123966195,PatchTST
2008-10-10,JPM,0.028754115514449168,-0.2541184,PatchTST
2008-10-10,KO,0.06590904088901482,0.03974986,PatchTST
2008-10-10,MCD,0.06306113387297592,-0.004738191,PatchTST
2008-10-10,MMM,0.1920868230563137,-0.116782784,PatchTST
2008-10-10,MSFT,-0.036533575219592385,-0.039146464,PatchTST
2008-10-10,NEM,-0.2674955370336196,0.090790965,PatchTST
2008-10-10,PFE,0.090730481054,0.015308629,PatchTST
2008-10-10,PG,0.06397875862740797,0.07543926,PatchTST
2008-10-10,UNH,0.23120128758838973,0.02909515,PatchTST
2008-10-10,VZ,0.14746221579461538,-0.0026430471,PatchTST
2008-10-10,WFC,0.08906770963733907,-0.1386201,PatchTST
2008-10-10,XOM,0.0896156480815876,0.068042666,PatchTST
2008-11-10,AAPL,0.018356653976657394,-0.050127897,PatchTST
2008-11-10,CAT,0.09731733789005191,-0.09413016,PatchTST
2008-11-10,CVX,0.03680881297076559,0.009559207,PatchTST
2008-11-10,DUK,-0.09862822967010637,-0.056556303,PatchTST
2008-11-10,GS,-0.06658055967491013,-0.06735018,PatchTST
2008-11-10,HD,0.10744180161925246,0.0887808,PatchTST
2008-11-10,INTC,-0.022815128651916008,-0.08727202,PatchTST
2008-11-10,JNJ,-0.03256624206156872,-0.07955558,PatchTST
2008-11-10,JPM,-0.10580236000996235,0.13618192,PatchTST
2008-11-10,KO,-0.022717074954056102,-0.011573451,PatchTST
2008-11-10,MCD,0.0819950821644621,-0.060983714,PatchTST
2008-11-10,MMM,-0.13566660739928,-0.19944769,PatchTST
2008-11-10,MSFT,-0.03601119709172718,0.05234812,PatchTST
2008-11-10,NEM,0.21713698443890314,-0.09385863,PatchTST
2008-11-10,PFE,-0.0234031389612004,-0.053245105,PatchTST
2008-11-10,PG,-0.07567125685483311,1.4044344e-05,PatchTST
2008-11-10,UNH,-0.0764093908599623,-0.2694904,PatchTST
2008-11-10,VZ,0.10419485910013782,0.07264472,PatchTST
2008-11-10,WFC,0.033336262248435014,0.07083827,PatchTST
2008-11-10,XOM,0.055880365194066,-0.09317836,PatchTST
2008-12-10,AAPL,-0.09953631804242209,-0.070829324,PatchTST
2008-12-10,CAT,0.019163999345166795,-0.23492661,PatchTST
2008-12-10,CVX,-0.036937277720704695,-0.14227562,PatchTST
2008-12-10,DUK,0.05105225968555601,-0.034155667,PatchTST
2008-12-10,GS,0.14256022864711515,0.1966235,PatchTST
2008-12-10,HD,0.02805089264304679,-0.062220905,PatchTST
2008-12-10,INTC,-0.010545085933806996,0.121139765,PatchTST
2008-12-10,JNJ,0.021222765616009696,-0.07257288,PatchTST
2008-12-10,JPM,-0.25611629080097537,-0.19734305,PatchTST
2008-12-10,KO,-0.005143339218583103,-0.056786858,PatchTST
2008-12-10,MCD,0.006513693113741291,0.0035233647,PatchTST
2008-12-10,MMM,0.027923497961885306,-0.0255217,PatchTST
2008-12-10,MSFT,-0.05385064086856741,-0.28347492,PatchTST
2008-12-10,NEM,0.13910098025054482,-0.048147466,PatchTST
2008-12-10,PFE,0.05722590264390869,0.015713144,PatchTST
2008-12-10,PG,0.0011700384466760885,-0.012060549,PatchTST
2008-12-10,UNH,0.24126581701930142,-0.041326288,PatchTST
2008-12-10,VZ,-0.021836704940358987,0.15101981,PatchTST
2008-12-10,WFC,-0.1932659060225746,0.0017168447,PatchTST
2008-12-10,XOM,-0.008089132940241814,-0.0115926005,PatchTST
2009-01-12,AAPL,0.07699760227605262,0.06618755,PatchTST
2009-01-12,CAT,-0.3237067996570735,0.044947714,PatchTST
2009-01-12,CVX,-0.023621324502679286,0.065509334,PatchTST
2009-01-12,DUK,-0.003937409102113303,0.014250052,PatchTST
2009-01-12,GS,0.07438043744045696,-0.05302603,PatchTST
2009-01-12,HD,-0.07166066080602052,-0.22202983,PatchTST
2009-01-12,INTC,0.005289601505164207,0.001446181,PatchTST
2009-01-12,JNJ,-0.04008167571073779,-0.094620906,PatchTST
2009-01-12,JPM,-0.05338258729270404,-0.066119835,PatchTST
2009-01-12,KO,-0.0922434979671277,-0.04688584,PatchTST
2009-01-12,MCD,-0.04755887767333411,-0.016990356,PatchTST
2009-01-12,MMM,-0.12255736127990086,-0.11664617,PatchTST
2009-01-12,MSFT,-0.037582782042033774,-0.061056122,PatchTST
2009-01-12,NEM,0.06049713644258649,0.046805937,PatchTST
2009-01-12,PFE,-0.19344461161709478,0.07746403,PatchTST
2009-01-12,PG,-0.1444084289913524,0.009186272,PatchTST
2009-01-12,UNH,0.0558764255277036,-0.17625384,PatchTST
2009-01-12,VZ,-0.06952629127958951,-0.102648154,PatchTST
2009-01-12,WFC,-0.41171435153292,0.11528975,PatchTST
2009-01-12,XOM,-0.013580480288329512,-0.15167023,PatchTST
2009-02-11,AAPL,-0.015243843269960526,-0.17458172,PatchTST
2009-02-11,CAT,-0.13482561190678877,-0.052809313,PatchTST
2009-02-11,CVX,-0.10574135502068008,0.10145286,PatchTST
2009-02-11,DUK,-0.16905823406327478,-0.06621385,PatchTST
2009-02-11,GS,0.07848517965893947,0.06704807,PatchTST
2009-02-11,HD,-0.076026553181997,-0.05295772,PatchTST
2009-02-11,INTC,0.03077189877661959,-0.09022667,PatchTST
2009-02-11,JNJ,-0.13822416983302513,-0.055345487,PatchTST
2009-02-11,JPM,-0.0594066439830771,-0.009293454,PatchTST
2009-02-11,KO,0.014696163147876692,-0.12193966,PatchTST
2009-02-11,MCD,-0.0841917248351424,-0.00094923936,PatchTST
2009-02-11,MMM,-0.05137895033847782,-0.038726427,PatchTST
2009-02-11,MSFT,-0.0932224559091612,-0.017445192,PatchTST
2009-02-11,NEM,-0.04396905222477959,-0.112845644,PatchTST
2009-02-11,PFE,-0.0035595516654262083,0.034911044,PatchTST
2009-02-11,PG,-0.11676380176762628,0.04157828,PatchTST
2009-02-11,UNH,-0.31510761698847156,0.054936975,PatchTST
2009-02-11,VZ,-0.0640053633361284,-0.0066974945,PatchTST
2009-02-11,WFC,-0.15874779053834104,0.18321875,PatchTST
2009-02-11,XOM,-0.12564449568874858,-0.070032515,PatchTST
2009-03-13,AAPL,0.22133604655778222,-0.06401541,PatchTST
2009-03-13,CAT,0.204767686020315,-0.17453144,PatchTST
2009-03-13,CVX,0.06974955463696089,-0.21459842,PatchTST
2009-03-13,DUK,0.09566920661591662,-0.23984444,PatchTST
2009-03-13,GS,0.29140259631469834,0.08643286,PatchTST
2009-03-13,HD,0.24445960375321202,-0.040621668,PatchTST
2009-03-13,INTC,0.0958108138551341,-0.1041426,PatchTST
2009-03-13,JNJ,0.04294271184783311,-0.07408374,PatchTST
2009-03-13,JPM,0.37512389396377827,-0.24411972,PatchTST
2009-03-13,KO,0.09098265872923329,-0.15181945,PatchTST
2009-03-13,MCD,0.07280629546043191,0.03650534,PatchTST
2009-03-13,MMM,0.1056733023702429,-0.04845711,PatchTST
2009-03-13,MSFT,0.14121777568383212,-0.034540392,PatchTST
2009-03-13,NEM,0.1136332731107091,0.18687586,PatchTST
2009-03-13,PFE,-0.03927770385157182,0.054848857,PatchTST
2009-03-13,PG,0.0481866146410552,-0.16955656,PatchTST
2009-03-13,UNH,0.1787896255070047,-0.08077329,PatchTST
2009-03-13,VZ,0.1344104888307157,-0.024604768,PatchTST
2009-03-13,WFC,0.3436152072114171,-0.33237565,PatchTST
2009-03-13,XOM,0.012872921467336613,-0.15561594,PatchTST
2009-04-14,AAPL,0.03433880414118861,-0.09802388,PatchTST
2009-04-14,CAT,0.15062031007320476,-0.08458466,PatchTST
2009-04-14,CVX,0.017642693021505798,-0.12480774,PatchTST
2009-04-14,DUK,0.0339016541357227,0.021042496,PatchTST
2009-04-14,GS,0.03961949651375667,-0.017438114,PatchTST
2009-04-14,HD,-0.0521859089608408,0.015624806,PatchTST
2009-04-14,INTC,-0.040945967379380305,0.10118507,PatchTST
2009-04-14,JNJ,0.07257033316379631,0.124004185,PatchTST
2009-04-14,JPM,0.04808256624771372,0.05434683,PatchTST
2009-04-14,KO,-0.007404874747317394,0.0065667117,PatchTST
2009-04-14,MCD,-0.038885410303889784,0.15459344,PatchTST
2009-04-14,MMM,0.1096063809155399,-0.023516327,PatchTST
2009-04-14,MSFT,0.015198154727679894,-0.10893421,PatchTST
2009-04-14,NEM,0.051863396385480896,-0.0073878653,PatchTST
2009-04-14,PFE,0.11343302969936542,0.029956186,PatchTST
2009-04-14,PG,0.067216844514833,0.076903544,PatchTST
2009-04-14,UNH,0.11426595705164844,-0.0280355,PatchTST
2009-04-14,VZ,-0.0431352037773278,-0.028990591,PatchTST
2009-04-14,WFC,0.2695472527192502,-0.33259085,PatchTST
2009-04-14,XOM,0.04628901805677231,0.074633494,PatchTST
2009-05-13,AAPL,0.11762333103249285,-0.19516957,PatchTST
2009-05-13,CAT,-0.011894262903587095,-0.46653485,PatchTST
2009-05-13,CVX,0.0480464059668094,-0.1385142,PatchTST
2009-05-13,DUK,0.019291528005362806,-0.057671443,PatchTST
2009-05-13,GS,0.0720287216465186,-0.086191155,PatchTST
2009-05-13,HD,-0.007575646491161806,-0.031115893,PatchTST
2009-05-13,INTC,0.07227473714889159,-0.12938045,PatchTST
2009-05-13,JNJ,0.027719641075664193,-0.050519913,PatchTST
2009-05-13,JPM,-0.01194836718966838,0.1262391,PatchTST
2009-05-13,KO,0.09847791657501029,-0.08750789,PatchTST
2009-05-13,MCD,0.07454084885311099,-0.12214322,PatchTST
2009-05-13,MMM,0.026166268900082997,-0.14502911,PatchTST
2009-05-13,MSFT,0.14418890717117483,-0.11394888,PatchTST
2009-05-13,NEM,-0.0026862641615014917,0.07728269,PatchTST
2009-05-13,PFE,-0.02029863568857409,0.022824045,PatchTST
2009-05-13,PG,0.0207877620766265,0.0025882917,PatchTST
2009-05-13,UNH,-0.12748384498989562,-0.23902498,PatchTST
2009-05-13,VZ,-0.021613517549386792,-0.09403931,PatchTST
2009-05-13,WFC,-0.026815899101557315,0.19485188,PatchTST
2009-05-13,XOM,0.04459915283085011,-0.094224185,PatchTST
2009-06-12,AAPL,0.016932792056953694,-0.041889045,PatchTST
2009-06-12,CAT,-0.1678034930273577,-0.21788111,PatchTST
2009-06-12,CVX,-0.1410703308463996,-0.14470237,PatchTST
2009-06-12,DUK,0.008962184558423306,-0.09830677,PatchTST
2009-06-12,GS,0.02912718004132789,0.031427495,PatchTST
2009-06-12,HD,-0.0473265902346907,0.1699661,PatchTST
2009-06-12,INTC,0.008526338093310295,-0.012126055,PatchTST
2009-06-12,JNJ,0.029360215389148903,0.047772285,PatchTST
2009-06-12,JPM,-0.005137603061443799,-0.03737723,PatchTST
2009-06-12,KO,0.009628259326512102,0.012463838,PatchTST
2009-06-12,MCD,-0.0069603398332516,-0.006336809,PatchTST
2009-06-12,MMM,-0.001487225247358696,0.008057887,PatchTST
2009-06-12,MSFT,0.017368802806149997,0.04460769,PatchTST
2009-06-12,NEM,-0.1373279473275612,0.074007966,PatchTST
2009-06-12,PFE,0.008846388159684901,-0.015620386,PatchTST
2009-06-12,PG,0.018478261601083602,0.006594496,PatchTST
2009-06-12,UNH,0.039140308814862496,-0.10727785,PatchTST
2009-06-12,VZ,-0.008169627340746097,-0.11324128,PatchTST
2009-06-12,WFC,-0.008831219298500517,-0.6948131,PatchTST
2009-06-12,XOM,-0.1196414241033831,0.10539615,PatchTST
2009-07-14,AAPL,0.1344882282655365,-0.1341275,PatchTST
2009-07-14,CAT,0.3877330084414486,0.024118531,PatchTST
2009-07-14,CVX,0.0844188631217038,0.13581796,PatchTST
2009-07-14,DUK,0.06830628282278628,-0.015697934,PatchTST
2009-07-14,GS,0.0633922470396661,0.044082556,PatchTST
2009-07-14,HD,0.1514891315192682,-0.02115471,PatchTST
2009-07-14,INTC,0.1298284486624848,-0.04346365,PatchTST
2009-07-14,JNJ,0.0424004964936513,-0.045050293,PatchTST
2009-07-14,JPM,0.17238052087416852,0.006670475,PatchTST
2009-07-14,KO,-0.00020397403231969813,0.032789465,PatchTST
2009-07-14,MCD,-0.022068224422852417,0.015770026,PatchTST
2009-07-14,MMM,0.1649791705179472,-0.09202253,PatchTST
2009-07-14,MSFT,-0.00431369410554671,0.029655674,PatchTST
2009-07-14,NEM,0.0445083705446826,-0.18703106,PatchTST
2009-07-14,PFE,0.07999299931129844,0.026245419,PatchTST
2009-07-14,PG,-0.012056770230704995,-0.051366813,PatchTST
2009-07-14,UNH,0.10647969253561959,0.08887647,PatchTST
2009-07-14,VZ,0.051982048852903785,0.04366432,PatchTST
2009-07-14,WFC,0.08279542612609289,0.042663824,PatchTST
2009-07-14,XOM,0.04240848828681221,-0.008082392,PatchTST
2009-08-12,AAPL,0.058038306114718614,-0.091168605,PatchTST
2009-08-12,CAT,0.050763361049969896,0.18227045,PatchTST
2009-08-12,CVX,0.060330199846195115,-0.07086601,PatchTST
2009-08-12,DUK,0.004546897895000598,-0.017277755,PatchTST
2009-08-12,GS,0.09591410467599809,0.107536435,PatchTST
2009-08-12,HD,0.0318009247928914,-0.20457861,PatchTST
2009-08-12,INTC,0.05834966869908692,0.07302763,PatchTST
2009-08-12,JNJ,0.015351852134582995,0.07097557,PatchTST
2009-08-12,JPM,0.042256862270271506,0.06346458,PatchTST
2009-08-12,KO,0.030919944914099006,0.01638404,PatchTST
2009-08-12,MCD,-0.0123205774573674,-0.028902322,PatchTST
2009-08-12,MMM,0.04914059689010421,0.07835566,PatchTST
2009-08-12,MSFT,0.0833525952576758,-0.09345141,PatchTST
2009-08-12,NEM,0.13965963513085944,-0.3068034,PatchTST
2009-08-12,PFE,0.031708685824046,-0.00023758132,PatchTST
2009-08-12,PG,0.07616895193584,-0.021815974,PatchTST
2009-08-12,UNH,0.04532662599690702,0.19856219,PatchTST
2009-08-12,VZ,0.024214222683214298,-0.044670634,PatchTST
2009-08-12,WFC,0.035437543260381406,-0.011609569,PatchTST
2009-08-12,XOM,0.03632058521973789,0.017333165,PatchTST
2009-09-11,AAPL,0.0987498472424821,-0.01696003,PatchTST
2009-09-11,CAT,0.09682128438921239,-0.31474912,PatchTST
2009-09-11,CVX,0.018168575887284294,0.049705982,PatchTST
2009-09-11,DUK,0.010957363869337796,-0.075445384,PatchTST
2009-09-11,GS,0.07929056498563693,0.02625635,PatchTST
2009-09-11,HD,-0.02092218376015691,-0.13984464,PatchTST
2009-09-11,INTC,0.020537290744614096,0.029494865,PatchTST
2009-09-11,JNJ,0.017647424254203896,0.025664462,PatchTST
2009-09-11,JPM,0.064919409037008,-0.043907337,PatchTST
2009-09-11,KO,0.0855320400966789,0.025761843,PatchTST
2009-09-11,MCD,0.03317215059441039,-0.07117723,PatchTST
2009-09-11,MMM,0.004560094272680204,0.1152755,PatchTST
2009-09-11,MSFT,0.0217611568739624,0.06682314,PatchTST
2009-09-11,NEM,0.008205791023980103,0.047557548,PatchTST
2009-09-11,PFE,0.034880543600842404,0.011365357,PatchTST
2009-09-11,PG,0.026762310468244798,-0.06027759,PatchTST
2009-09-11,UNH,-0.1654935372214385,0.020419931,PatchTST
2009-09-11,VZ,-0.05654726775598999,0.024034247,PatchTST
2009-09-11,WFC,0.04731883492453111,-0.46153805,PatchTST
2009-09-11,XOM,-0.0197262838665509,-0.12374258,PatchTST
2009-10-12,AAPL,0.0560960216255932,0.11067361,PatchTST
2009-10-12,CAT,0.119267402388293,0.088891655,PatchTST
2009-10-12,CVX,0.06517388963480729,0.02043579,PatchTST
2009-10-12,DUK,0.044507176035214806,0.0174455,PatchTST
2009-10-12,GS,-0.06961581815961548,-0.0075606694,PatchTST
2009-10-12,HD,-0.005578926536591405,0.15232322,PatchTST
2009-10-12,INTC,-0.028239505105833004,0.10551238,PatchTST
2009-10-12,JNJ,-0.016165096894459205,0.010204521,PatchTST
2009-10-12,JPM,-0.033262466870229615,0.15823832,PatchTST
2009-10-12,KO,0.015073558160069597,0.106773995,PatchTST
2009-10-12,MCD,0.0996296109515719,0.08235722,PatchTST
2009-10-12,MMM,0.03251764500301281,-0.054682903,PatchTST
2009-10-12,MSFT,0.1263139887450205,0.05085058,PatchTST
2009-10-12,NEM,0.083708616293953,0.18802553,PatchTST
2009-10-12,PFE,0.039214751414549706,0.07135996,PatchTST
2009-10-12,PG,0.07948238072564649,-0.045625076,PatchTST
2009-10-12,UNH,0.16618024649431037,-0.21431428,PatchTST
2009-10-12,VZ,0.0340499360056895,0.11544137,PatchTST
2009-10-12,WFC,-0.026317957375867992,0.30861527,PatchTST
2009-10-12,XOM,0.05619405002772821,-0.050957214,PatchTST
2009-11-10,AAPL,-0.01833422865431701,0.06391063,PatchTST
2009-11-10,CAT,-0.06578389105611339,0.056491885,PatchTST
2009-11-10,CVX,0.0010069895277725026,0.023079662,PatchTST
2009-11-10,DUK,0.08238566140842649,-0.023907661,PatchTST
2009-11-10,GS,-0.0569481065680625,0.04316616,PatchTST
2009-11-10,HD,0.035484897741278,0.04623973,PatchTST
2009-11-10,INTC,0.027871164698909507,-0.089312434,PatchTST
2009-11-10,JNJ,0.06591586864089452,-0.04350306,PatchTST
2009-11-10,JPM,-0.07391708934742541,0.09021529,PatchTST
2009-11-10,KO,0.048565561608909104,0.015067198,PatchTST
2009-11-10,MCD,-0.0245390550053672,0.009230485,PatchTST
2009-11-10,MMM,0.0388664667745494,0.1333605,PatchTST
2009-11-10,MSFT,0.028942653227653003,0.03655225,PatchTST
2009-11-10,NEM,0.02490440143134753,0.062931724,PatchTST
2009-11-10,PFE,0.04542427434478791,0.040560514,PatchTST
2009-11-10,PG,0.006285623859969802,-0.019043997,PatchTST
2009-11-10,UNH,-0.021864613834330106,0.09495813,PatchTST
2009-11-10,VZ,0.0987096465518782,-0.047050737,PatchTST
2009-11-10,WFC,-0.08983196051664238,0.21164957,PatchTST
2009-11-10,XOM,-0.0008240954565767998,-0.02304134,PatchTST
2009-12-10,AAPL,0.06037477662065319,0.116769485,PatchTST
2009-12-10,CAT,0.13235145148467312,0.0526133,PatchTST
2009-12-10,CVX,0.04838245817570601,0.004079148,PatchTST
2009-12-10,DUK,-0.025538333928420698,0.039698914,PatchTST
2009-12-10,GS,0.030298195201211287,0.04333739,PatchTST
2009-12-10,HD,0.021899935979492104,0.105029464,PatchTST
2009-12-10,INTC,0.045906491799536694,0.020288993,PatchTST
2009-12-10,JNJ,-0.002488227919838399,0.037731852,PatchTST
2009-12-10,JPM,0.07916834976849911,-0.10112107,PatchTST
2009-12-10,KO,-0.0273461401822802,0.01934535,PatchTST
2009-12-10,MCD,0.02798755733210519,0.002977022,PatchTST
2009-12-10,MMM,0.0518077633216519,0.07674121,PatchTST
2009-12-10,MSFT,0.018673451977169308,0.039333202,PatchTST
2009-12-10,NEM,-0.030614509803187428,0.047745902,PatchTST
2009-12-10,PFE,0.0318343016947434,0.06118815,PatchTST
2009-12-10,PG,-0.0333255498059005,-0.037010804,PatchTST
2009-12-10,UNH,0.14417619461725478,-0.028514516,PatchTST
2009-12-10,VZ,-0.029229324292820998,-0.0061465567,PatchTST
2009-12-10,WFC,0.10381839616980591,0.03672056,PatchTST
2009-12-10,XOM,-0.0348067213764965,-0.011988692,PatchTST
2010-01-12,AAPL,-0.074016547823625,0.032859292,PatchTST
2010-01-12,CAT,-0.1809945190567824,0.0067900587,PatchTST
2010-01-12,CVX,-0.1338138671954265,0.0031359736,PatchTST
2010-01-12,DUK,-0.032957537995771294,0.04565362,PatchTST
2010-01-12,GS,-0.11038576761655439,-0.027362615,PatchTST
2010-01-12,HD,0.017250864148851998,-0.032046612,PatchTST
2010-01-12,INTC,-0.054060229818927025,0.06819372,PatchTST
2010-01-12,JNJ,-0.0234748820673636,-0.004403485,PatchTST
2010-01-12,JPM,-0.1359408255430478,0.013804041,PatchTST
2010-01-12,KO,-0.045074277920590496,0.057474367,PatchTST
2010-01-12,MCD,0.014813012423231,0.035348617,PatchTST
2010-01-12,MMM,-0.06595308539131339,0.023587544,PatchTST
2010-01-12,MSFT,-0.07830946272895878,0.06336251,PatchTST
2010-01-12,NEM,-0.1016478727338247,0.020011773,PatchTST
2010-01-12,PFE,-0.0502299862036318,0.011168601,PatchTST
2010-01-12,PG,0.031279667353339,-0.064311065,PatchTST
2010-01-12,UNH,-0.006399125021572697,-0.05297305,PatchTST
2010-01-12,VZ,-0.09917582481253812,-0.01188143,PatchTST
2010-01-12,WFC,-0.056155506860243315,-0.08369647,PatchTST
2010-01-12,XOM,-0.0741923762435063,-0.035968162,PatchTST
2010-02-11,AAPL,0.1495714502430541,0.11674824,PatchTST
2010-02-11,CAT,0.12720846518294338,0.03047435,PatchTST
2010-02-11,CVX,0.050646292843515905,0.0159031,PatchTST
2010-02-11,DUK,0.0067591065767787,0.0490927,PatchTST
2010-02-11,GS,0.13224977985694383,-0.072481856,PatchTST
2010-02-11,HD,0.13195877260422048,-0.016170813,PatchTST
2010-02-11,INTC,0.0771868085039466,0.05154523,PatchTST
2010-02-11,JNJ,0.0304740282909193,0.015834115,PatchTST
2010-02-11,JPM,0.10445998793571681,-0.021309074,PatchTST
2010-02-11,KO,-6.206453681339638e-05,0.003457228,PatchTST
2010-02-11,MCD,0.043876168025286294,0.02869999,PatchTST
2010-02-11,MMM,0.041048906342742005,0.008272266,PatchTST
2010-02-11,MSFT,0.04938126408008291,0.006317735,PatchTST
2010-02-11,NEM,0.10080963947362079,-0.0049984516,PatchTST
2010-02-11,PFE,-0.037913335618605,0.032229863,PatchTST
2010-02-11,PG,0.0264038869988548,0.056810327,PatchTST
2010-02-11,UNH,0.006095618088016598,-0.03138416,PatchTST
2010-02-11,VZ,0.029354010632144305,0.061345376,PatchTST
2010-02-11,WFC,0.0863062662522057,-0.079296514,PatchTST
2010-02-11,XOM,0.0296264534114347,-0.019972539,PatchTST
2010-03-15,AAPL,0.06752639763097029,-0.054641694,PatchTST
2010-03-15,CAT,0.0922031061422775,-0.050877728,PatchTST
2010-03-15,CVX,0.08437456614242152,0.012000555,PatchTST
2010-03-15,DUK,-0.006759106576778703,0.039094053,PatchTST
2010-03-15,GS,0.0242240280937263,-0.042140547,PatchTST
2010-03-15,HD,0.0566104453707465,0.0024750195,PatchTST
2010-03-15,INTC,0.06814632698350409,0.016039174,PatchTST
2010-03-15,JNJ,0.0231030817427605,0.053067885,PatchTST
2010-03-15,JPM,0.0622467884874307,0.08595468,PatchTST
2010-03-15,KO,0.0308226745565264,0.018589567,PatchTST
2010-03-15,MCD,0.0504387881263958,0.068086006,PatchTST
2010-03-15,MMM,0.030973255486969407,0.05762496,PatchTST
2010-03-15,MSFT,0.039522810396797406,0.039186582,PatchTST
2010-03-15,NEM,0.0720793015352426,0.015118871,PatchTST
2010-03-15,PFE,0.005837859618850304,0.012769571,PatchTST
2010-03-15,PG,-0.0050669064005471,0.089085765,PatchTST
2010-03-15,UNH,-0.0221345733222372,0.116023414,PatchTST
2010-03-15,VZ,0.026712643980432403,0.010212718,PatchTST
2010-03-15,WFC,0.08162425373532521,-0.017458653,PatchTST
2010-03-15,XOM,0.0274635754715351,0.0038342113,PatchTST
2010-04-14,AAPL,0.07797485804139141,0.08068672,PatchTST
2010-04-14,CAT,0.03539992262287261,-0.033463657,PatchTST
2010-04-14,CVX,-0.0018721930576625113,0.06103339,PatchTST
2010-04-14,DUK,0.04579130760371281,0.024313662,PatchTST
2010-04-14,GS,-0.19698938848231295,0.07348043,PatchTST
2010-04-14,HD,0.044147910177430895,0.0007631853,PatchTST
2010-04-14,INTC,0.020983714088544395,0.052190825,PatchTST
2010-04-14,JNJ,-0.011947012236713602,0.022908729,PatchTST
2010-04-14,JPM,-0.0955499574050338,0.041708082,PatchTST
2010-04-14,KO,-0.01834211009958759,0.0103414655,PatchTST
2010-04-14,MCD,0.025074895365070696,0.046801917,PatchTST
2010-04-14,MMM,0.029348263460814997,0.02610392,PatchTST
2010-04-14,MSFT,-0.033731685191298696,0.048124224,PatchTST
2010-04-14,NEM,0.08770854667437859,0.03448071,PatchTST
2010-04-14,PFE,-0.0059490512627707135,0.009813094,PatchTST
2010-04-14,PG,0.0079844066067075,0.031991575,PatchTST
2010-04-14,UNH,-0.0589157614895854,0.062126487,PatchTST
2010-04-14,VZ,-0.04663038352347829,-0.030459832,PatchTST
2010-04-14,WFC,0.04741710046887239,0.09955362,PatchTST
2010-04-14,XOM,-0.049397153124111706,0.0054789484,PatchTST
2010-05-13,AAPL,-0.0332842159636723,0.09393912,PatchTST
2010-05-13,CAT,-0.123540572959284,0.07625526,PatchTST
2010-05-13,CVX,-0.06860693513070669,0.027339008,PatchTST
2010-05-13,DUK,-0.034609766370451496,0.023343457,PatchTST
2010-05-13,GS,-0.079290166184034,0.011693138,PatchTST
2010-05-13,HD,-0.1008769894566397,0.060152225,PatchTST
2010-05-13,INTC,-0.11216839044375441,0.015470417,PatchTST
2010-05-13,JNJ,-0.09541230547462472,0.010972419,PatchTST
2010-05-13,JPM,-0.09030954549633179,-0.027624179,PatchTST
2010-05-13,KO,-0.036440133431095596,0.0030562992,PatchTST
2010-05-13,MCD,-0.0077523359322865,0.031874917,PatchTST
2010-05-13,MMM,-0.09263540363702197,0.013780212,PatchTST
2010-05-13,MSFT,-0.13291916990532301,-0.0044980487,PatchTST
2010-05-13,NEM,-0.041020359746061594,0.040178716,PatchTST
2010-05-13,PFE,-0.0890579183760776,-0.011955552,PatchTST
2010-05-13,PG,-0.0324143671886571,0.025426337,PatchTST
2010-05-13,UNH,0.015665162092725997,0.013072108,PatchTST
2010-05-13,VZ,-0.004890712544614389,-0.041788787,PatchTST
2010-05-13,WFC,-0.18983597048689338,0.062817916,PatchTST
2010-05-13,XOM,-0.04812766155501321,-0.05522015,PatchTST
2010-06-14,AAPL,-0.006767783676220199,-0.026376449,PatchTST
2010-06-14,CAT,0.10338292415470718,0.042632658,PatchTST
2010-06-14,CVX,-0.011270079844561902,0.02951845,PatchTST
2010-06-14,DUK,0.0405996321262415,0.031214487,PatchTST
2010-06-14,GS,0.033422429577531894,-0.018344147,PatchTST
2010-06-14,HD,-0.11778291812663448,0.033640344,PatchTST
2010-06-14,INTC,0.017767430734249298,-0.03600826,PatchTST
2010-06-14,JNJ,0.03430039250319899,0.024742415,PatchTST
2010-06-14,JPM,0.06222304790869929,0.035268307,PatchTST
2010-06-14,KO,0.0205049174259157,-0.00093849935,PatchTST
2010-06-14,MCD,0.018521669833799808,0.004723468,PatchTST
2010-06-14,MMM,0.06489784373047229,0.018370626,PatchTST
2010-06-14,MSFT,-0.020870833857753703,-0.037469443,PatchTST
2010-06-14,NEM,0.0921536014947157,-0.031356618,PatchTST
2010-06-14,PFE,-0.04430460244023831,0.01783716,PatchTST
2010-06-14,PG,0.0223671269018846,0.029183565,PatchTST
2010-06-14,UNH,-0.017431777401964294,0.04116744,PatchTST
2010-06-14,VZ,0.0218829765941429,0.037409313,PatchTST
2010-06-14,WFC,0.003585219132723208,-0.061193366,PatchTST
2010-06-14,XOM,-0.04024296523333741,0.0008039053,PatchTST
2010-07-14,AAPL,-0.006414668102775002,0.06556596,PatchTST
2010-07-14,CAT,0.03497880998597938,0.119165316,PatchTST
2010-07-14,CVX,0.05188691417757199,0.0059976857,PatchTST
2010-07-14,DUK,0.0298523829240152,0.022035077,PatchTST
2010-07-14,GS,0.06219608892216037,-0.016398566,PatchTST
2010-07-14,HD,-0.033011238107638285,0.003583341,PatchTST
2010-07-14,INTC,-0.0705810631744179,0.04886138,PatchTST
2010-07-14,JNJ,-0.0336167040906477,0.03760699,PatchTST
2010-07-14,JPM,-0.0692929970997018,-0.07046315,PatchTST
2010-07-14,KO,0.061070776516142795,-0.006282758,PatchTST
2010-07-14,MCD,0.010252035660432098,0.009644207,PatchTST
2010-07-14,MMM,0.006561745081408894,-0.0016103447,PatchTST
2010-07-14,MSFT,-0.010802009032981301,-0.014273216,PatchTST
2010-07-14,NEM,-0.09589371955876269,0.05275736,PatchTST
2010-07-14,PFE,0.08971446985831351,0.003388354,PatchTST
2010-07-14,PG,-0.02677438604322229,0.042504236,PatchTST
2010-07-14,UNH,0.05957025178696331,0.040370114,PatchTST
2010-07-14,VZ,0.09466751916127002,-0.008646319,PatchTST
2010-07-14,WFC,-0.058710750267943396,-0.0052067973,PatchTST
2010-07-14,XOM,0.023322616622115898,-0.007890813,PatchTST
2010-08-12,AAPL,0.051490623056702094,-0.02544242,PatchTST
2010-08-12,CAT,0.03644094178812071,0.0038377726,PatchTST
2010-08-12,CVX,0.0309830188974939,0.0006467486,PatchTST
2010-08-12,DUK,0.0242506667428421,0.0011683472,PatchTST
2010-08-12,GS,0.010116707448333796,0.06865177,PatchTST
2010-08-12,HD,0.07714749783464561,0.029438758,PatchTST
2010-08-12,INTC,-0.07811456976997039,0.0906617,PatchTST
2010-08-12,JNJ,0.03437124978794051,-0.041618742,PatchTST
2010-08-12,JPM,0.05134590425063291,-0.00946095,PatchTST
2010-08-12,KO,0.043302647252387694,-0.013160953,PatchTST
2010-08-12,MCD,0.054406728816321595,0.03696527,PatchTST
2010-08-12,MMM,0.004358536512265411,0.020518603,PatchTST
2010-08-12,MSFT,-0.0361557791188038,-0.030667247,PatchTST
2010-08-12,NEM,0.0819891192546987,0.061308026,PatchTST
2010-08-12,PFE,0.06003598209520069,-0.00021684892,PatchTST
2010-08-12,PG,0.0021543673919950995,-0.018504241,PatchTST
2010-08-12,UNH,0.0789274296757039,0.017372038,PatchTST
2010-08-12,VZ,0.04174200221535171,-0.031769507,PatchTST
2010-08-12,WFC,-0.02113460130048139,0.046447724,PatchTST
2010-08-12,XOM,0.013323902939710499,0.074578606,PatchTST
2010-09-13,AAPL,0.11448360711242321,-0.046436317,PatchTST
2010-09-13,CAT,0.1154412900429512,4.870165e-05,PatchTST
2010-09-13,CVX,0.0601920544135117,0.03860832,PatchTST
2010-09-13,DUK,0.005120402923543104,0.036753926,PatchTST
2010-09-13,GS,0.0119633876582503,-0.10507322,PatchTST
2010-09-13,HD,0.0686785138112874,-0.09298664,PatchTST
2010-09-13,INTC,0.0847827940816258,-0.03741924,PatchTST
2010-09-13,JNJ,0.0538738688008283,-0.024293013,PatchTST
2010-09-13,JPM,0.0005346251392281034,0.03899131,PatchTST
2010-09-13,KO,0.025163010002505103,0.028143127,PatchTST
2010-09-13,MCD,0.007702958022420702,0.009255454,PatchTST
2010-09-13,MMM,0.0500715077851547,0.009869855,PatchTST
2010-09-13,MSFT,0.030555579231124102,-0.014897072,PatchTST
2010-09-13,NEM,0.030192444783610398,0.06819481,PatchTST
2010-09-13,PFE,0.022695458462602704,0.002309092,PatchTST
2010-09-13,PG,0.0284006070843894,0.004699569,PatchTST
2010-09-13,UNH,0.004628051442972,-0.034841087,PatchTST
2010-09-13,VZ,0.08389527282977001,-0.059379067,PatchTST
2010-09-13,WFC,-0.00389097689042051,-0.054496348,PatchTST
2010-09-13,XOM,0.0532929392594932,-0.004235746,PatchTST
2010-10-12,AAPL,0.0678002644569119,0.11457194,PatchTST
2010-10-12,CAT,0.029337150417518797,0.050422467,PatchTST
2010-10-12,CVX,-0.0017930917488216003,0.03464832,PatchTST
2010-10-12,DUK,0.0374942968943053,0.025263986,PatchTST
2010-10-12,GS,0.09010062382446168,0.09758195,PatchTST
2010-10-12,HD,-0.01011724959869479,0.029474847,PatchTST
2010-10-12,INTC,0.08642437434165791,0.005511852,PatchTST
2010-10-12,JNJ,0.015829542373394002,0.055172015,PatchTST
2010-10-12,JPM,0.0042698296394813005,-0.007958451,PatchTST
2010-10-12,KO,0.050419520078234,-0.0024402482,PatchTST
2010-10-12,MCD,0.0453884726114699,0.007855,PatchTST
2010-10-12,MMM,-0.03399971633732841,0.0024842583,PatchTST
2010-10-12,MSFT,0.09164382268200973,-0.016013868,PatchTST
2010-10-12,NEM,-0.0329981183789144,0.012367385,PatchTST
2010-10-12,PFE,-0.012409748272517507,-0.0021284162,PatchTST
2010-10-12,PG,0.0497282821385421,0.022881143,PatchTST
2010-10-12,UNH,0.0650795501418644,0.040341567,PatchTST
2010-10-12,VZ,-0.000605450741843299,0.05163547,PatchTST
2010-10-12,WFC,0.09422060392252173,-0.016773209,PatchTST
2010-10-12,XOM,0.09629137014126721,-0.006790667,PatchTST
2010-11-10,AAPL,0.011575346150631105,-0.08381279,PatchTST
2010-11-10,CAT,0.09051506681193681,0.10128471,PatchTST
2010-11-10,CVX,0.0448321650756196,-0.20202947,PatchTST
2010-11-10,DUK,-0.034379441636246996,-0.047413014,PatchTST
2010-11-10,GS,0.0015989881621301023,0.012494915,PatchTST
2010-11-10,HD,0.09441296942281172,0.008668313,PatchTST
2010-11-10,INTC,0.0302558522935422,-0.053515628,PatchTST
2010-11-10,JNJ,-0.027044049121814094,0.0022484688,PatchTST
2010-11-10,JPM,0.022550938568892696,-0.03766345,PatchTST
2010-11-10,KO,0.04125193315580009,0.026755514,PatchTST
2010-11-10,MCD,-0.011219639841615002,0.02769142,PatchTST
2010-11-10,MMM,-0.007797020168066904,0.0488173,PatchTST
2010-11-10,MSFT,0.010937727688780405,-0.015728122,PatchTST
2010-11-10,NEM,-0.0017317605095369983,0.054790705,PatchTST
2010-11-10,PFE,-0.013629436097897001,-0.000706136,PatchTST
2010-11-10,PG,-0.0303907934831145,0.017360644,PatchTST
2010-11-10,UNH,-0.005673337147487095,0.033871934,PatchTST
2010-11-10,VZ,0.0165244230143728,0.06543442,PatchTST
2010-11-10,WFC,0.0666912954914671,-0.032306988,PatchTST
2010-11-10,XOM,0.019211223896874397,-0.023866963,PatchTST
2010-12-10,AAPL,0.0685554550348135,0.034124333,PatchTST
2010-12-10,CAT,0.0406485377538301,0.050036762,PatchTST
2010-12-10,CVX,0.04247803835113981,0.007956724,PatchTST
2010-12-10,DUK,0.0079955184679308,0.0029009727,PatchTST
2010-12-10,GS,0.019690936077704106,0.013386055,PatchTST
2010-12-10,HD,0.0020375539341542983,0.04468325,PatchTST
2010-12-10,INTC,-0.0527178721638751,0.03156923,PatchTST
2010-12-10,JNJ,0.0016100232554175989,0.005152408,PatchTST
2010-12-10,JPM,0.06267995578016772,-0.034120385,PatchTST
2010-12-10,KO,-0.0276822451690925,0.046882413,PatchTST
2010-12-10,MCD,-0.053594645997865904,0.025127687,PatchTST
2010-12-10,MMM,0.0355050305414669,0.029722698,PatchTST
2010-12-10,MSFT,0.0412351240476449,-0.013508573,PatchTST
2010-12-10,NEM,-0.0425451654670079,0.036238816,PatchTST
2010-12-10,PFE,0.08571769693408679,0.025900705,PatchTST
2010-12-10,PG,0.023423406389339697,-0.010088632,PatchTST
2010-12-10,UNH,0.04794523393598791,0.0101624355,PatchTST
2010-12-10,VZ,0.0809989002647759,-0.0030668576,PatchTST
2010-12-10,WFC,0.036890002256155394,-0.0052561206,PatchTST
2010-12-10,XOM,0.0425539643240767,-0.021804724,PatchTST
2011-01-11,AAPL,0.0448541044710392,0.016382959,PatchTST
2011-01-11,CAT,0.0709747795777034,0.05672077,PatchTST
2011-01-11,CVX,0.06249019093318599,0.0013100323,PatchTST
2011-01-11,DUK,0.027726131432635803,0.017393827,PatchTST
2011-01-11,GS,-0.022337997598421006,-0.006377942,PatchTST
2011-01-11,HD,0.0777360606110862,-0.0076005133,PatchTST
2011-01-11,INTC,0.044970956806329114,-0.0076046255,PatchTST
2011-01-11,JNJ,-0.020807340782456003,-0.02606883,PatchTST
2011-01-11,JPM,0.03864488983442051,6.628269e-05,PatchTST
2011-01-11,KO,0.0014257565439833968,0.017846419,PatchTST
2011-01-11,MCD,0.0317103098569719,0.010791718,PatchTST
2011-01-11,MMM,0.040808621230742095,-0.007948492,PatchTST
2011-01-11,MSFT,-0.008898620833494204,0.047585625,PatchTST
2011-01-11,NEM,0.002248615845978902,0.04969975,PatchTST
2011-01-11,PFE,0.052814454180339296,0.0030702625,PatchTST
2011-01-11,PG,0.007851853292982998,0.002886959,PatchTST
2011-01-11,UNH,0.08997627852633071,0.035854477,PatchTST
2011-01-11,VZ,0.020937062063853703,0.0020648409,PatchTST
2011-01-11,WFC,0.06151728305687719,0.025628164,PatchTST
2011-01-11,XOM,0.0994402831817163,0.01809268,PatchTST
2011-02-10,AAPL,-0.01737745026096019,-0.017345697,PatchTST
2011-02-10,CAT,0.002301936781488989,0.076494254,PatchTST
2011-02-10,CVX,0.045117621684650513,0.05535468,PatchTST
2011-02-10,DUK,0.0330975360287326,0.019297305,PatchTST
2011-02-10,GS,-0.0305114235397486,-0.056182113,PatchTST
2011-02-10,HD,0.005996378488051898,-0.054142945,PatchTST
2011-02-10,INTC,-0.027877692747012905,0.012915754,PatchTST
2011-02-10,JNJ,-0.0107373685041109,-0.007924505,PatchTST
2011-02-10,JPM,0.013868875987995797,0.0699556,PatchTST
2011-02-10,KO,0.0331720812015111,-0.006709273,PatchTST
2011-02-10,MCD,0.018624399596487897,0.025123635,PatchTST
2011-02-10,MMM,0.015097664822095406,0.065495156,PatchTST
2011-02-10,MSFT,-0.0795266218545767,0.00837409,PatchTST
2011-02-10,NEM,-0.1019057026808984,0.011771304,PatchTST
2011-02-10,PFE,0.021807694602795708,0.030358404,PatchTST
2011-02-10,PG,-0.046083551686757505,-0.0046101594,PatchTST
2011-02-10,UNH,0.0383665423336803,-0.013992481,PatchTST
2011-02-10,VZ,-0.022888160484072398,0.048959408,PatchTST
2011-02-10,WFC,-0.0228980005134918,0.0033758408,PatchTST
2011-02-10,XOM,-0.005222399548167301,0.024580926,PatchTST
2011-03-14,AAPL,-0.0620886356101026,0.040051807,PatchTST
2011-03-14,CAT,0.0866202985881102,0.06258668,PatchTST
2011-03-14,CVX,0.0756217443707174,0.034895636,PatchTST
2011-03-14,DUK,-0.014758626077002197,0.027352454,PatchTST
2011-03-14,GS,0.004904625454280448,-0.026159093,PatchTST
2011-03-14,HD,0.012309516866876202,0.002681207,PatchTST
2011-03-14,INTC,-0.03659867382629141,-0.03308244,PatchTST
2011-03-14,JNJ,0.002844542454640003,-0.04823902,PatchTST
2011-03-14,JPM,0.029600178894727,0.01975468,PatchTST
2011-03-14,KO,0.03918556277003269,0.021404095,PatchTST
2011-03-14,MCD,-0.006275320784489594,0.051636234,PatchTST
2011-03-14,MMM,0.023624403834982294,0.006643764,PatchTST
2011-03-14,MSFT,0.011614800199567295,-0.05865565,PatchTST
2011-03-14,NEM,0.08862500634702719,-0.03146472,PatchTST
2011-03-14,PFE,0.05980912419055482,-0.009283483,PatchTST
2011-03-14,PG,0.0113192843741674,-0.037504334,PatchTST
2011-03-14,UNH,0.01660868161105,0.003427675,PatchTST
2011-03-14,VZ,0.06708413188013918,0.04440293,PatchTST
2011-03-14,WFC,-0.028504943297075102,-0.025279159,PatchTST
2011-03-14,XOM,0.03634982464630569,-0.0020369738,PatchTST
2011-04-12,AAPL,0.0484733406829896,-0.012909041,PatchTST
2011-04-12,CAT,0.012463722706263912,-0.009871745,PatchTST
2011-04-12,CVX,-0.0525733996378229,-0.07453155,PatchTST
2011-04-12,DUK,0.043637697697436695,0.023359507,PatchTST
2011-04-12,GS,-0.08791783108290671,-0.049939,PatchTST
2011-04-12,HD,-0.009889491653480104,0.07808265,PatchTST
2011-04-12,INTC,0.15927112628934,-0.02688414,PatchTST
2011-04-12,JNJ,0.1062453387522639,-0.031168552,PatchTST
2011-04-12,JPM,-0.057761694077854794,-0.055471085,PatchTST
2011-04-12,KO,-0.0011879694450964006,-0.010701068,PatchTST
2011-04-12,MCD,0.0418655747477436,0.014131697,PatchTST
2011-04-12,MMM,0.018170904725587904,-0.0060816337,PatchTST
2011-04-12,MSFT,-0.024153945501883198,-0.036350653,PatchTST
2011-04-12,NEM,-0.0641757117776665,-0.009757865,PatchTST
2011-04-12,PFE,0.006726528587332694,-0.0052061207,PatchTST
2011-04-12,PG,0.06650723788507759,0.00028002914,PatchTST
2011-04-12,UNH,0.1209864490650539,0.04558628,PatchTST
2011-04-12,VZ,-0.015710600212366015,0.05161936,PatchTST
2011-04-12,WFC,-0.10483099516178469,0.045013938,PatchTST
2011-04-12,XOM,-0.0429463194915991,0.014627237,PatchTST
2011-05-12,AAPL,-0.0633963593509584,0.060421526,PatchTST
2011-05-12,CAT,-0.1277548497708729,0.02784485,PatchTST
2011-05-12,CVX,-0.0179504501815205,0.0053880177,PatchTST
2011-05-12,DUK,-0.0243948843982551,0.013401233,PatchTST
2011-05-12,GS,-0.08176279580365056,0.019147567,PatchTST
2011-05-12,HD,-0.10646490303032251,-0.019611549,PatchTST
2011-05-12,INTC,-0.0907077133429451,0.0012461441,PatchTST
2011-05-12,JNJ,0.0013991418132170974,0.029385932,PatchTST
2011-05-12,JPM,-0.0746128416254719,-0.052335396,PatchTST
2011-05-12,KO,-0.029087785936786403,0.010392361,PatchTST
2011-05-12,MCD,0.018061594538023206,0.005090002,PatchTST
2011-05-12,MMM,-0.04557051769079601,-0.009050998,PatchTST
2011-05-12,MSFT,-0.06074305695672368,-0.0018025581,PatchTST
2011-05-12,NEM,-0.024832889183413098,-0.03920523,PatchTST
2011-05-12,PFE,-0.024559458751412393,-0.0037907409,PatchTST
2011-05-12,PG,-0.0186810598741733,-0.02625411,PatchTST
2011-05-12,UNH,-0.008964424684817392,0.058610078,PatchTST
2011-05-12,VZ,-0.0571580891441198,-0.0011590859,PatchTST
2011-05-12,WFC,-0.06909387518409132,-0.04911919,PatchTST
2011-05-12,XOM,-0.016656543914125497,0.03031678,PatchTST
2011-06-13,AAPL,0.08199931174740549,-0.00097138574,PatchTST
2011-06-13,CAT,0.09963097798465657,-0.029102512,PatchTST
2011-06-13,CVX,0.046269257567798296,0.01718416,PatchTST
2011-06-13,DUK,0.044927732079350705,0.011954658,PatchTST
2011-06-13,GS,-0.042150538136633095,-0.030365748,PatchTST
2011-06-13,HD,0.0834086919215521,-0.016599659,PatchTST
2011-06-13,INTC,0.04883510597135601,-0.120047145,PatchTST
2011-06-13,JNJ,0.014122935861393005,-0.0057450137,PatchTST
2011-06-13,JPM,-0.0351534652699347,0.008437941,PatchTST
2011-06-13,KO,0.0441433193502611,-0.007819728,PatchTST
2011-06-13,MCD,0.05601678260446869,0.024800874,PatchTST
2011-06-13,MMM,0.0552090778508295,0.06889962,PatchTST
2011-06-13,MSFT,0.11275622143390761,-0.057810944,PatchTST
2011-06-13,NEM,0.0638301198831181,-0.033125147,PatchTST
2011-06-13,PFE,-0.005484601532255306,0.024540532,PatchTST
2011-06-13,PG,-0.0026311913767979003,-0.009335727,PatchTST
2011-06-13,UNH,0.03967996410835831,0.06422501,PatchTST
2011-06-13,VZ,0.065572259679195,0.024114588,PatchTST
2011-06-13,WFC,0.04136972852063441,0.0037383535,PatchTST
2011-06-13,XOM,0.026103988260216007,0.008349843,PatchTST
2011-07-13,AAPL,0.027711407815180406,0.059517354,PatchTST
2011-07-13,CAT,-0.24299268488396142,0.038202863,PatchTST
2011-07-13,CVX,-0.14201078696289138,0.03484395,PatchTST
2011-07-13,DUK,-0.08882601566956319,-0.0054302807,PatchTST
2011-07-13,GS,-0.16634949602590038,-0.018914804,PatchTST
2011-07-13,HD,-0.23631497969451043,0.013360981,PatchTST
2011-07-13,INTC,-0.1093492752412741,0.035147507,PatchTST
2011-07-13,JNJ,-0.10746809893351947,0.020570612,PatchTST
2011-07-13,JPM,-0.1363278276019181,0.01698549,PatchTST
2011-07-13,KO,-0.05904154176049631,0.04207592,PatchTST
2011-07-13,MCD,-0.0107646289793163,0.0024823402,PatchTST
2011-07-13,MMM,-0.20344437637902033,-0.0009286981,PatchTST
2011-07-13,MSFT,-0.09230036836802241,-0.022004198,PatchTST
2011-07-13,NEM,0.008818657243320212,-0.04406488,PatchTST
2011-07-13,PFE,-0.1484955648783871,0.029751202,PatchTST
2011-07-13,PG,-0.089773371685794,0.01676392,PatchTST
2011-07-13,UNH,-0.20574116742059062,0.043185204,PatchTST
2011-07-13,VZ,-0.09703730776821948,0.06094207,PatchTST
2011-07-13,WFC,-0.1754898164728552,0.0043039704,PatchTST
2011-07-13,XOM,-0.178846113418039,0.018587666,PatchTST
2011-08-11,AAPL,0.03721570032821916,0.005530686,PatchTST
2011-08-11,CAT,0.005373790367652703,-0.08414872,PatchTST
2011-08-11,CVX,0.057731426801756504,0.06916839,PatchTST
2011-08-11,DUK,0.07265760484687339,0.014644194,PatchTST
2011-08-11,GS,-0.0731257698606761,-0.080744095,PatchTST
2011-08-11,HD,0.11879249061071984,0.019658886,PatchTST
2011-08-11,INTC,-0.011607376716004597,0.002685855,PatchTST
2011-08-11,JNJ,0.06443926705319651,-0.013363876,PatchTST
2011-08-11,JPM,-0.06895085514108251,-0.09529116,PatchTST
2011-08-11,KO,0.0811968386701272,0.0030859099,PatchTST
2011-08-11,MCD,0.017976760929407802,0.01642748,PatchTST
2011-08-11,MMM,-0.013684286888916708,0.057924286,PatchTST
2011-08-11,MSFT,0.06798507321609798,-0.021122407,PatchTST
2011-08-11,NEM,0.16109039897192123,-0.05428804,PatchTST
2011-08-11,PFE,0.0696573669223711,0.013150491,PatchTST
2011-08-11,PG,0.05535232937632581,0.032780297,PatchTST
2011-08-11,UNH,0.0875212226364272,0.17412317,PatchTST
2011-08-11,VZ,0.04587180681288532,0.027202409,PatchTST
2011-08-11,WFC,0.027587940920561695,-0.0013991036,PatchTST
2011-08-11,XOM,0.04287196997071489,0.046483044,PatchTST
2011-09-12,AAPL,0.029573160435876898,-0.023408229,PatchTST
2011-09-12,CAT,-0.05924816620576095,0.027637942,PatchTST
2011-09-12,CVX,0.031131263794497217,0.04635594,PatchTST
2011-09-12,DUK,0.0881787455240889,0.007824758,PatchTST
2011-09-12,GS,-0.06161608365406979,-0.117310934,PatchTST
2011-09-12,HD,0.08392092681833423,0.01833242,PatchTST
2011-09-12,INTC,0.14964450346374458,0.04776868,PatchTST
2011-09-12,JNJ,0.012337066313991802,-0.013649951,PatchTST
2011-09-12,JPM,0.015598417113744684,-0.045801714,PatchTST
2011-09-12,KO,-0.029458629969381502,0.027005984,PatchTST
2011-09-12,MCD,0.040111606216699305,0.055675954,PatchTST
2011-09-12,MMM,0.0009128455748396991,0.004788098,PatchTST
2011-09-12,MSFT,0.0455661732721858,0.008168573,PatchTST
2011-09-12,NEM,0.00015346033206229542,0.012729898,PatchTST
2011-09-12,PFE,0.0344121989609182,0.04194189,PatchTST
2011-09-12,PG,0.0467555769700167,-0.0110302325,PatchTST
2011-09-12,UNH,0.021730217791238567,0.043698914,PatchTST
2011-09-12,VZ,0.059861376576601094,0.0082128085,PatchTST
2011-09-12,WFC,0.10523272698919392,0.023587745,PatchTST
2011-09-12,XOM,0.071590100112524,0.011731501,PatchTST
2011-10-11,AAPL,0.043828775839221595,-0.01779605,PatchTST
2011-10-11,CAT,0.19762953178184808,0.044251896,PatchTST
2011-10-11,CVX,0.1030564293423018,-0.02836673,PatchTST
2011-10-11,DUK,0.027745618758275695,0.01965401,PatchTST
2011-10-11,GS,0.1216826234012163,-0.028574863,PatchTST
2011-10-11,HD,0.09041944376253622,-0.005710792,PatchTST
2011-10-11,INTC,0.08740655053225281,-0.034636274,PatchTST
2011-10-11,JNJ,0.006652029668339106,-0.008209763,PatchTST
2011-10-11,JPM,0.08085213118228818,-0.016639339,PatchTST
2011-10-11,KO,0.025822775077601105,-0.0017241724,PatchTST
2011-10-11,MCD,0.0665418985555762,0.017324686,PatchTST
2011-10-11,MMM,0.0644817627621366,-0.049822256,PatchTST
2011-10-11,MSFT,0.008133201864606898,-0.015871912,PatchTST
2011-10-11,NEM,0.09270183471561771,-0.0173589,PatchTST
2011-10-11,PFE,0.06951955300801992,0.00429402,PatchTST
2011-10-11,PG,-0.0010268872613899034,-0.048680265,PatchTST
2011-10-11,UNH,-0.007984896358047593,0.0681562,PatchTST
2011-10-11,VZ,0.0166622321256489,-0.012718096,PatchTST
2011-10-11,WFC,0.02004853251343032,-0.004584329,PatchTST
2011-10-11,XOM,0.050552308687182586,0.0012003577,PatchTST
2011-11-09,AAPL,-0.039081755326766804,0.051270336,PatchTST
2011-11-09,CAT,-0.03146252302324519,-0.116511784,PatchTST
2011-11-09,CVX,-0.054767423865426296,0.0008966485,PatchTST
2011-11-09,DUK,-0.0042945068063755054,-0.026269713,PatchTST
2011-11-09,GS,-0.07925491491205677,-0.034042157,PatchTST
2011-11-09,HD,0.058426414982827996,0.019238746,PatchTST
2011-11-09,INTC,-0.0016175140508659785,-0.0039770156,PatchTST
2011-11-09,JNJ,-0.007554189688425994,-0.05522803,PatchTST
2011-11-09,JPM,-0.08333181840510953,-0.049296007,PatchTST
2011-11-09,KO,-0.021128661149949806,0.0022679816,PatchTST
2011-11-09,MCD,0.0317224513471668,-0.017471727,PatchTST
2011-11-09,MMM,-0.009843001456602688,-0.026406925,PatchTST
2011-11-09,MSFT,-0.05949429749008529,0.023450457,PatchTST
2011-11-09,NEM,-0.0753812254408428,0.0236723,PatchTST
2011-11-09,PFE,0.00546297826104571,0.012888266,PatchTST
2011-11-09,PG,0.0040409260344579975,-0.009406613,PatchTST
2011-11-09,UNH,0.046016754583515895,-0.014704611,PatchTST
2011-11-09,VZ,0.007699766857973415,-0.003228343,PatchTST
2011-11-09,WFC,-0.012898443994713696,0.0200601,PatchTST
2011-11-09,XOM,0.0013780494382593916,0.011941401,PatchTST
2011-12-09,AAPL,0.0801016813456404,0.043742098,PatchTST
2011-12-09,CAT,0.0730311170779564,0.006095881,PatchTST
2011-12-09,CVX,0.06447697376898151,0.013431132,PatchTST
2011-12-09,DUK,0.046719332200139,-0.0031036325,PatchTST
2011-12-09,GS,-0.01604055984201451,0.001448648,PatchTST
2011-12-09,HD,0.0868238000730671,-0.0031291775,PatchTST
2011-12-09,INTC,0.034993833516166,0.09792102,PatchTST
2011-12-09,JNJ,0.022020129798840198,0.0062058857,PatchTST
2011-12-09,JPM,0.11949223993749801,-0.013982343,PatchTST
2011-12-09,KO,0.0383672107967162,0.00370066,PatchTST
2011-12-09,MCD,0.028279575658073396,0.019389965,PatchTST
2011-12-09,MMM,0.0466216977427307,0.010088417,PatchTST
2011-12-09,MSFT,0.0917244793194579,0.08040065,PatchTST
2011-12-09,NEM,-0.05299953716050858,0.04078233,PatchTST
2011-12-09,PFE,0.08312412212991621,-0.016499951,PatchTST
2011-12-09,PG,0.028442278170934896,0.024663394,PatchTST
2011-12-09,UNH,0.088567447439584,-0.018298138,PatchTST
2011-12-09,VZ,0.0328242251650904,0.024045523,PatchTST
2011-12-09,WFC,0.11595705825040728,-0.39265767,PatchTST
2011-12-09,XOM,0.070685955525466,-0.009885374,PatchTST
2012-01-11,AAPL,0.1529143683572419,0.029073661,PatchTST
2012-01-11,CAT,0.1255721696741497,0.05042245,PatchTST
2012-01-11,CVX,-0.024974384048763204,-0.022378787,PatchTST
2012-01-11,DUK,-0.00046589227449290093,-0.005832755,PatchTST
2012-01-11,GS,0.16422614401828392,0.020500313,PatchTST
2012-01-11,HD,0.039193773606705104,0.14492954,PatchTST
2012-01-11,INTC,0.05639549732771479,0.010551263,PatchTST
2012-01-11,JNJ,-0.004766120012875501,0.042120248,PatchTST
2012-01-11,JPM,0.04898806032627631,0.047879457,PatchTST
2012-01-11,KO,-0.019955609173026707,0.048364624,PatchTST
2012-01-11,MCD,0.0029047176746254985,0.03330523,PatchTST
2012-01-11,MMM,0.0431822056627775,-0.0029162988,PatchTST
2012-01-11,MSFT,0.1000666790507744,0.064754255,PatchTST
2012-01-11,NEM,-0.032609109604565,0.07356591,PatchTST
2012-01-11,PFE,-0.026810773622895797,0.066305056,PatchTST
2012-01-11,PG,-0.0271796215010378,0.005519263,PatchTST
2012-01-11,UNH,0.008327423704109603,0.030038424,PatchTST
2012-01-11,VZ,-0.016995782045469098,-0.018963799,PatchTST
2012-01-11,WFC,0.04312781469886498,0.023602676,PatchTST
2012-01-11,XOM,-0.004389470894322201,0.0051205717,PatchTST
2012-02-10,AAPL,0.11269382169465879,0.048434313,PatchTST
2012-02-10,CAT,-0.035085091238103196,0.020350007,PatchTST
2012-02-10,CVX,0.0411923448656622,-0.02354782,PatchTST
2012-02-10,DUK,0.0074934632122176026,0.034103684,PatchTST
2012-02-10,GS,0.012548973061829895,0.070617095,PatchTST
2012-02-10,HD,0.0769114224118841,0.015273297,PatchTST
2012-02-10,INTC,0.004828074327644101,0.038729414,PatchTST
2012-02-10,JNJ,0.012025846974017101,0.012971942,PatchTST
2012-02-10,JPM,0.06839345936769789,-0.0061307717,PatchTST
2012-02-10,KO,0.031569514555274,0.021504752,PatchTST
2012-02-10,MCD,-0.0268714609513475,-0.0065730996,PatchTST
2012-02-10,MMM,0.0012593236790218966,0.020836566,PatchTST
2012-02-10,MSFT,0.047006532212925486,0.0032484815,PatchTST
2012-02-10,NEM,-0.0840775719223671,0.02477569,PatchTST
2012-02-10,PFE,0.0187445627101857,-0.0006404673,PatchTST
2012-02-10,PG,0.05572599933234651,-0.0076955683,PatchTST
2012-02-10,UNH,0.039201480365367705,0.045132235,PatchTST
2012-02-10,VZ,0.0362545484387939,-0.01881393,PatchTST
2012-02-10,WFC,0.029958598085989503,-0.02105118,PatchTST
2012-02-10,XOM,0.007862389032816297,0.019752925,PatchTST
2012-03-13,AAPL,0.1261220576195398,0.054522827,PatchTST
2012-03-13,CAT,-0.06827853935223621,0.19209343,PatchTST
2012-03-13,CVX,-0.08585512394735359,0.08724188,PatchTST
2012-03-13,DUK,-0.048907177730976595,0.05727987,PatchTST
2012-03-13,GS,-0.009102065076115905,0.03103062,PatchTST
2012-03-13,HD,0.023593031667497995,0.0039725215,PatchTST
2012-03-13,INTC,0.0313668997319685,-0.0312792,PatchTST
2012-03-13,JNJ,-0.015012676202960797,0.013975964,PatchTST
2012-03-13,JPM,0.08865261448516498,0.05444955,PatchTST
2012-03-13,KO,0.0349921484401345,-0.005164059,PatchTST
2012-03-13,MCD,0.0194658426250486,0.05187598,PatchTST
2012-03-13,MMM,-0.025335254368308704,0.09487095,PatchTST
2012-03-13,MSFT,-0.05418838377334901,0.063832596,PatchTST
2012-03-13,NEM,-0.1433783471078044,-0.010369538,PatchTST
2012-03-13,PFE,0.018855668782318594,0.032790564,PatchTST
2012-03-13,PG,-0.01893442915603,0.005049199,PatchTST
2012-03-13,UNH,0.053090996655095694,0.007663343,PatchTST
2012-03-13,VZ,-0.037487895598235496,0.026659891,PatchTST
2012-03-13,WFC,0.06776008294386168,0.16572854,PatchTST
2012-03-13,XOM,-0.033881522321312606,0.003720618,PatchTST
2012-04-12,AAPL,-0.09312168937627659,0.01112162,PatchTST
2012-04-12,CAT,-0.05980025797841011,-0.023765322,PatchTST
2012-04-12,CVX,0.02359245505352743,0.004182924,PatchTST
2012-04-12,DUK,0.0683704850209244,0.016771132,PatchTST
2012-04-12,GS,-0.08653293569232201,0.045956474,PatchTST
2012-04-12,HD,0.017336209397156,0.0228682,PatchTST
2012-04-12,INTC,-0.014924111244806606,0.11776628,PatchTST
2012-04-12,JNJ,0.006837508533248999,0.034226436,PatchTST
2012-04-12,JPM,-0.07720621454128959,0.06080808,PatchTST
2012-04-12,KO,0.0707848781247574,0.0104074655,PatchTST
2012-04-12,MCD,-0.07029068403276462,0.015165904,PatchTST
2012-04-12,MMM,0.02064113911050089,-0.0159025,PatchTST
2012-04-12,MSFT,0.01276793134197611,0.09455158,PatchTST
2012-04-12,NEM,-0.038221211404433575,-0.052877255,PatchTST
2012-04-12,PFE,0.049169233858907695,0.12696877,PatchTST
2012-04-12,PG,-0.026807909938849097,0.015116543,PatchTST
2012-04-12,UNH,-0.0481956349718233,0.053237624,PatchTST
2012-04-12,VZ,0.0814000762970256,-0.00683202,PatchTST
2012-04-12,WFC,-0.006398192430574497,0.030541254,PatchTST
2012-04-12,XOM,0.008557049233549392,0.00012749853,PatchTST
2012-05-11,AAPL,0.001138711894773596,-0.0005154904,PatchTST
2012-05-11,CAT,-0.11361343080360062,0.0049310885,PatchTST
2012-05-11,CVX,-0.0249882627010411,-0.02105396,PatchTST
2012-05-11,DUK,0.0647714424604013,0.040903054,PatchTST
2012-05-11,GS,-0.1312383464185596,-0.031642545,PatchTST
2012-05-11,HD,0.020200905432928507,-0.00968485,PatchTST
2012-05-11,INTC,-0.0469744732109897,0.0047307853,PatchTST
2012-05-11,JNJ,-0.0289937149980035,0.009219367,PatchTST
2012-05-11,JPM,-0.2161725166297772,0.0208238,PatchTST
2012-05-11,KO,-0.03617174027450519,0.04208487,PatchTST
2012-05-11,MCD,-0.051391766462530096,0.011390716,PatchTST
2012-05-11,MMM,-0.015733125066404598,0.10115008,PatchTST
2012-05-11,MSFT,-0.055183211415814296,0.019725407,PatchTST
2012-05-11,NEM,0.07551735469648377,-0.037080582,PatchTST
2012-05-11,PFE,-0.0324978250997748,0.01993088,PatchTST
2012-05-11,PG,-0.025261669938457795,-0.014107997,PatchTST
2012-05-11,UNH,0.038496832929688696,-0.07295083,PatchTST
2012-05-11,VZ,0.0483789178999015,-0.008403918,PatchTST
2012-05-11,WFC,-0.06858358497272062,-0.00013063196,PatchTST
2012-05-11,XOM,-0.031514811956228087,0.009975519,PatchTST
2012-06-12,AAPL,0.0565988444322924,-0.04951796,PatchTST
2012-06-12,CAT,-0.06611247371637219,-0.04484316,PatchTST
2012-06-12,CVX,0.048261236597808496,-0.0010582298,PatchTST
2012-06-12,DUK,-0.0363353478330838,0.00932553,PatchTST
2012-06-12,GS,0.024797603198134503,0.01049103,PatchTST
2012-06-12,HD,0.006212769352767896,0.022046344,PatchTST
2012-06-12,INTC,-0.023356268063487198,0.02738451,PatchTST
2012-06-12,JNJ,0.08896786491107028,0.024424635,PatchTST
2012-06-12,JPM,0.060830162319761294,0.006304533,PatchTST
2012-06-12,KO,0.04362235908670849,-0.013098415,PatchTST
2012-06-12,MCD,0.03338919981040999,0.020876054,PatchTST
2012-06-12,MMM,0.030864159028964312,0.0077363793,PatchTST
2012-06-12,MSFT,0.013746292490055387,-0.09991179,PatchTST
2012-06-12,NEM,-0.07336182837617729,-0.078310646,PatchTST
2012-06-12,PFE,0.010801477921127407,-0.046086736,PatchTST
2012-06-12,PG,-0.018396476059054104,0.023684748,PatchTST
2012-06-12,UNH,-0.02133407667854989,0.047485784,PatchTST
2012-06-12,VZ,0.0647237046538685,0.021301389,PatchTST
2012-06-12,WFC,0.0709914518026677,0.0028076386,PatchTST
2012-06-12,XOM,0.049934377071610414,-0.024565363,PatchTST
2012-07-12,AAPL,0.030894635745456894,0.00629164,PatchTST
2012-07-12,CAT,0.10946930764313262,-0.13553718,PatchTST
2012-07-12,CVX,0.0715772852515433,-0.007850408,PatchTST
2012-07-12,DUK,0.023929048441052102,0.030809337,PatchTST
2012-07-12,GS,0.085292780385479,-0.009702386,PatchTST
2012-07-12,HD,0.028240454401979392,-0.07249264,PatchTST
2012-07-12,INTC,0.0590298683491038,0.0010949746,PatchTST
2012-07-12,JNJ,0.006166507836170397,0.00850877,PatchTST
2012-07-12,JPM,0.065188538065832,-0.06657277,PatchTST
2012-07-12,KO,0.022719511399703896,0.014510041,PatchTST
2012-07-12,MCD,-0.026942518329834103,0.04952705,PatchTST
2012-07-12,MMM,0.0416915271336807,-0.0306716,PatchTST
2012-07-12,MSFT,0.0401390417085794,0.0125059225,PatchTST
2012-07-12,NEM,0.02618771609140061,-0.017968146,PatchTST
2012-07-12,PFE,0.07543695481480821,-0.048392605,PatchTST
2012-07-12,PG,0.09188178355220471,0.011254974,PatchTST
2012-07-12,UNH,-0.0744376090619101,0.035768572,PatchTST
2012-07-12,VZ,-0.012550026925491998,0.020502087,PatchTST
2012-07-12,WFC,0.022895452030453997,-0.014601891,PatchTST
2012-07-12,XOM,0.05075418026047291,0.026105303,PatchTST
2012-08-10,AAPL,0.0654867653615991,0.124849916,PatchTST
2012-08-10,CAT,-0.0148155121252005,-0.02960976,PatchTST
2012-08-10,CVX,0.019712733539978405,0.006913835,PatchTST
2012-08-10,DUK,-0.037781539673637,0.019067707,PatchTST
2012-08-10,GS,0.10599397279526683,-0.0069489516,PatchTST
2012-08-10,HD,0.08031297309864699,0.032945063,PatchTST
2012-08-10,INTC,-0.13792864211717512,0.037771914,PatchTST
2012-08-10,JNJ,0.006994890132761002,-0.012002162,PatchTST
2012-08-10,JPM,0.0486356865826463,-0.08394122,PatchTST
2012-08-10,KO,-0.050735775598424404,6.4629596e-05,PatchTST
2012-08-10,MCD,0.054358219659262706,-0.0062268726,PatchTST
2012-08-10,MMM,-0.003746064731581896,-0.061781228,PatchTST
2012-08-10,MSFT,0.013790427728010597,0.030236471,PatchTST
2012-08-10,NEM,0.0913955102032954,-0.1569968,PatchTST
2012-08-10,PFE,0.009589433084895998,0.045047354,PatchTST
2012-08-10,PG,0.0263251958402505,-0.012159734,PatchTST
2012-08-10,UNH,0.0325299624841937,0.008756735,PatchTST
2012-08-10,VZ,-0.006335391191073997,0.035074662,PatchTST
2012-08-10,WFC,0.0225123591395267,0.06193704,PatchTST
2012-08-10,XOM,0.014408141588955793,0.022605108,PatchTST
2012-09-11,AAPL,-0.0414197563883039,0.09307065,PatchTST
2012-09-11,CAT,-0.0273506516649676,-0.024034241,PatchTST
2012-09-11,CVX,0.029398829290246408,0.032869734,PatchTST
2012-09-11,DUK,0.007070482555273301,0.019053198,PatchTST
2012-09-11,GS,0.0422581622704102,-0.010283036,PatchTST
2012-09-11,HD,0.061753534873883395,0.05801818,PatchTST
2012-09-11,INTC,-0.06024851941961929,0.011622887,PatchTST
2012-09-11,JNJ,0.0033676558628533033,0.0056602727,PatchTST
2012-09-11,JPM,0.07276720893123229,0.04249735,PatchTST
2012-09-11,KO,0.030391381027678306,-0.014969131,PatchTST
2012-09-11,MCD,0.008832986551799201,0.0029097737,PatchTST
2012-09-11,MMM,0.035430314302901895,-0.016329631,PatchTST
2012-09-11,MSFT,-0.0480093402431931,0.036780052,PatchTST
2012-09-11,NEM,0.059341042914339504,-0.08151842,PatchTST
2012-09-11,PFE,0.04898757499623149,-0.0073475083,PatchTST
2012-09-11,PG,0.002769185244230499,-0.006443381,PatchTST
2012-09-11,UNH,0.07114743768928941,0.018878248,PatchTST
2012-09-11,VZ,0.056434839215247286,0.033300135,PatchTST
2012-09-11,WFC,0.014636196056540502,0.018980015,PatchTST
2012-09-11,XOM,0.0291853679183409,0.040596306,PatchTST
2012-10-10,AAPL,-0.14584716740652212,0.094510965,PatchTST
2012-10-10,CAT,0.008377586450037992,0.020047182,PatchTST
2012-10-10,CVX,-0.1033175405774656,0.031311348,PatchTST
2012-10-10,DUK,-0.05235021880524649,0.025210075,PatchTST
2012-10-10,GS,-0.02952122918077699,0.05608482,PatchTST
2012-10-10,HD,0.00016403693489960196,0.09200086,PatchTST
2012-10-10,INTC,-0.041281990624990994,0.054067828,PatchTST
2012-10-10,JNJ,0.021117259150838896,-0.0017748477,PatchTST
2012-10-10,JPM,-0.018537406402158896,0.025962852,PatchTST
2012-10-10,KO,-0.06067336924710649,0.017675014,PatchTST
2012-10-10,MCD,-0.08339583197219089,0.019778214,PatchTST
2012-10-10,MMM,-0.056157571420085095,-0.012641311,PatchTST
2012-10-10,MSFT,-0.015488357523733107,-0.007698185,PatchTST
2012-10-10,NEM,-0.12554262183068432,-0.053660158,PatchTST
2012-10-10,PFE,-0.0371441910877106,0.008773077,PatchTST
2012-10-10,PG,-0.016728748356775198,0.01656812,PatchTST
2012-10-10,UNH,-0.08285960168137241,0.044800416,PatchTST
2012-10-10,VZ,-0.0782374920717852,0.025415668,PatchTST
2012-10-10,WFC,-0.0751560699253953,0.031640273,PatchTST
2012-10-10,XOM,-0.048639944595019406,0.02430728,PatchTST
2012-11-12,AAPL,-0.010418751736699292,0.065345466,PatchTST
2012-11-12,CAT,0.027631393834111607,0.04234571,PatchTST
2012-11-12,CVX,0.026377265903473102,0.016069807,PatchTST
2012-11-12,DUK,0.0491731272370563,0.0014623869,PatchTST
2012-11-12,GS,0.027295190012734595,-0.035313126,PatchTST
2012-11-12,HD,0.03566332622077369,0.02714601,PatchTST
2012-11-12,INTC,-0.007237483805129608,-0.03138374,PatchTST
2012-11-12,JNJ,0.026255007183378906,0.01165517,PatchTST
2012-11-12,JPM,0.0485322884379316,-0.00766352,PatchTST
2012-11-12,KO,0.049190903617592,0.0016569273,PatchTST
2012-11-12,MCD,0.0649301057264215,0.00026360952,PatchTST
2012-11-12,MMM,0.0599942947977937,0.008541237,PatchTST
2012-11-12,MSFT,-0.04561361230172379,0.003958016,PatchTST
2012-11-12,NEM,-0.05320593974384351,-0.0035617594,PatchTST
2012-11-12,PFE,0.0590415700578726,0.00515933,PatchTST
2012-11-12,PG,0.053037540886637105,0.0015840707,PatchTST
2012-11-12,UNH,0.0385344265439399,0.016531203,PatchTST
2012-11-12,VZ,0.041347392934609005,0.013435395,PatchTST
2012-11-12,WFC,0.028643383255220995,-0.02121009,PatchTST
2012-11-12,XOM,0.020204868545482202,0.0018037888,PatchTST
2012-12-12,AAPL,-0.039734287352523996,0.029634483,PatchTST
2012-12-12,CAT,0.091924712930381,0.031468306,PatchTST
2012-12-12,CVX,0.0363648287505212,-0.005504245,PatchTST
2012-12-12,DUK,0.021697980249048395,0.012732726,PatchTST
2012-12-12,GS,0.1429831510531391,0.009820329,PatchTST
2012-12-12,HD,0.012797961100130604,0.06253755,PatchTST
2012-12-12,INTC,0.06332708801117141,-0.036131658,PatchTST
2012-12-12,JNJ,0.0174279950012818,0.021901624,PatchTST
2012-12-12,JPM,0.08573344044670221,0.0010932349,PatchTST
2012-12-12,KO,-0.025412566922749995,0.017006118,PatchTST
2012-12-12,MCD,0.0232711177466333,-0.007536646,PatchTST
2012-12-12,MMM,0.027376012729028808,-0.0011708774,PatchTST
2012-12-12,MSFT,-0.018098713545776916,0.019170813,PatchTST
2012-12-12,NEM,0.011649394491509604,-0.008376326,PatchTST
2012-12-12,PFE,0.0337456948862634,0.023652758,PatchTST
2012-12-12,PG,-0.020589462166817295,0.022972595,PatchTST
2012-12-12,UNH,-0.036069723932497896,0.03994527,PatchTST
2012-12-12,VZ,-0.014396503482574697,0.022403125,PatchTST
2012-12-12,WFC,0.052943760881956896,0.017620934,PatchTST
2012-12-12,XOM,0.0069428900705932,-0.0062692044,PatchTST
2013-01-14,AAPL,-0.10034002973420694,0.02122759,PatchTST
2013-01-14,CAT,0.021101453893985805,0.021968395,PatchTST
2013-01-14,CVX,0.0418056858787295,0.031188607,PatchTST
2013-01-14,DUK,0.056380590221945394,0.0011579413,PatchTST
2013-01-14,GS,0.11673796316452191,0.08460167,PatchTST
2013-01-14,HD,0.055272537661184805,0.034186535,PatchTST
2013-01-14,INTC,-0.0268226582090086,-0.034532376,PatchTST
2013-01-14,JNJ,0.046582954118990993,0.011544296,PatchTST
2013-01-14,JPM,0.06299321782048659,-0.029290872,PatchTST
2013-01-14,KO,0.0174570946648187,0.0154721355,PatchTST
2013-01-14,MCD,0.03607976201016361,-0.020195844,PatchTST
2013-01-14,MMM,0.0719246855890029,0.019447247,PatchTST
2013-01-14,MSFT,0.0383888898553127,0.0009018376,PatchTST
2013-01-14,NEM,-0.010544715847188108,-0.0834989,PatchTST
2013-01-14,PFE,0.026269283370469902,0.014857688,PatchTST
2013-01-14,PG,0.1012547224641796,0.015900033,PatchTST
2013-01-14,UNH,0.07633639638689552,0.04473815,PatchTST
2013-01-14,VZ,0.0259873668552766,0.020116352,PatchTST
2013-01-14,WFC,0.018726635685858,0.014985788,PatchTST
2013-01-14,XOM,-0.0065478933809851,-0.015545933,PatchTST
2013-02-13,AAPL,-0.07867212044590512,-0.010263381,PatchTST
2013-02-13,CAT,-0.09171684974116409,0.015555402,PatchTST
2013-02-13,CVX,0.03735570940851199,0.005131499,PatchTST
2013-02-13,DUK,0.017235686252565798,0.013487041,PatchTST
2013-02-13,GS,0.0028072014856599867,0.06580231,PatchTST
2013-02-13,HD,0.04794376152633539,0.027228016,PatchTST
2013-02-13,INTC,0.02147605507638101,-0.01824604,PatchTST
2013-02-13,JNJ,0.050581834916096004,0.036744073,PatchTST
2013-02-13,JPM,0.0371523724507379,-0.07202944,PatchTST
2013-02-13,KO,0.045347706346758006,0.037801716,PatchTST
2013-02-13,MCD,0.05135154491170509,0.023967631,PatchTST
2013-02-13,MMM,0.030599210051301604,0.033241004,PatchTST
2013-02-13,MSFT,0.017527927950940998,-0.01573346,PatchTST
2013-02-13,NEM,-0.12340158973036189,-0.0857192,PatchTST
2013-02-13,PFE,0.0406590232571415,0.053968757,PatchTST
2013-02-13,PG,0.018387553368938696,-0.00404064,PatchTST
2013-02-13,UNH,-0.036940553932799707,-0.014860696,PatchTST
2013-02-13,VZ,0.0870111758808478,0.013301878,PatchTST
2013-02-13,WFC,0.04029286941575891,0.0055909497,PatchTST
2013-02-13,XOM,0.015368380517190305,0.02405713,PatchTST
2013-03-15,AAPL,-0.029684771179415394,-0.07120208,PatchTST
2013-03-15,CAT,-0.07525284673650662,0.016084116,PatchTST
2013-03-15,CVX,-0.028999341820406477,-0.0032369334,PatchTST
2013-03-15,DUK,0.0331914105589793,0.019308599,PatchTST
2013-03-15,GS,-0.05032968871982079,0.029093992,PatchTST
2013-03-15,HD,0.0279377994759396,0.00915472,PatchTST
2013-03-15,INTC,-0.012549922145360508,-0.038923997,PatchTST
2013-03-15,JNJ,0.032463588612328204,0.05389866,PatchTST
2013-03-15,JPM,-0.0558509095201819,-0.021879569,PatchTST
2013-03-15,KO,0.02705222413095019,-0.0016392889,PatchTST
2013-03-15,MCD,0.028196157608418808,-0.010474946,PatchTST
2013-03-15,MMM,-0.002455528015752998,0.017273193,PatchTST
2013-03-15,MSFT,0.019356593203973507,-0.020199245,PatchTST
2013-03-15,NEM,-0.15457191464317233,0.02736362,PatchTST
2013-03-15,PFE,0.0799604118518817,0.027653031,PatchTST
2013-03-15,PG,0.028784687501877102,0.017251343,PatchTST
2013-03-15,UNH,0.11808753879026901,-0.068058,PatchTST
2013-03-15,VZ,0.0540367519101764,0.011067129,PatchTST
2013-03-15,WFC,-0.0108788550148872,0.011660239,PatchTST
2013-03-15,XOM,-0.037890164596813,0.0054623145,PatchTST
2013-04-16,AAPL,0.06220912213910568,-0.045552913,PatchTST
2013-04-16,CAT,0.06860639960063639,0.0097258,PatchTST
2013-04-16,CVX,0.0698215008259719,-0.029330073,PatchTST
2013-04-16,DUK,-0.002909384640508596,0.033619456,PatchTST
2013-04-16,GS,0.05357085010046771,0.02833846,PatchTST
2013-04-16,HD,0.068096754544889,0.015852407,PatchTST
2013-04-16,INTC,0.11828549242383742,-0.030376596,PatchTST
2013-04-16,JNJ,0.062386901271210896,0.0054133004,PatchTST
2013-04-16,JPM,0.0468713247357712,-0.10255841,PatchTST
2013-04-16,KO,0.05884814167546221,0.03358778,PatchTST
2013-04-16,MCD,-0.009343380587484,0.0039619505,PatchTST
2013-04-16,MMM,0.0446570628487589,0.0220551,PatchTST
2013-04-16,MSFT,0.1628795647575551,0.0009790119,PatchTST
2013-04-16,NEM,-0.04245698007127449,0.0039023403,PatchTST
2013-04-16,PFE,-0.0267894523518431,0.04445687,PatchTST
2013-04-16,PG,0.0050576185610146035,0.001509581,PatchTST
2013-04-16,UNH,0.0022708792846894005,0.009951477,PatchTST
2013-04-16,VZ,0.0487520840506296,0.037982613,PatchTST
2013-04-16,WFC,0.0660035728854146,0.020592965,PatchTST
2013-04-16,XOM,0.058932799852724996,0.028759701,PatchTST
2013-05-15,AAPL,-0.017959050783230804,-0.036681585,PatchTST
2013-05-15,CAT,-0.027913187775476703,-0.046628777,PatchTST
2013-05-15,CVX,-0.019051223635734506,0.03610342,PatchTST
2013-05-15,DUK,-0.05512724012536291,0.038835976,PatchTST
2013-05-15,GS,0.07373422772857971,0.0396857,PatchTST
2013-05-15,HD,-0.005325754719983095,0.06256667,PatchTST
2013-05-15,INTC,0.04711075315176931,0.01143612,PatchTST
2013-05-15,JNJ,-0.016482561424252695,0.050744213,PatchTST
2013-05-15,JPM,0.07551451715109439,0.029964894,PatchTST
2013-05-15,KO,-0.04400913196081779,-0.00067389756,PatchTST
2013-05-15,MCD,-0.015387759794905802,0.013958338,PatchTST
2013-05-15,MMM,0.011186186871441201,-0.0012668006,PatchTST
2013-05-15,MSFT,0.034875513755082715,0.017916877,PatchTST
2013-05-15,NEM,0.0450760535745467,-0.10975673,PatchTST
2013-05-15,PFE,-0.010944186767413204,0.015339251,PatchTST
2013-05-15,PG,-0.0131729922168379,0.03648431,PatchTST
2013-05-15,UNH,0.04285006455809819,0.01398521,PatchTST
2013-05-15,VZ,-0.048752084050629675,0.058252387,PatchTST
2013-05-15,WFC,0.0547190112038574,0.011141779,PatchTST
2013-05-15,XOM,0.002411585157108098,0.008198721,PatchTST
2013-06-14,AAPL,-0.019736534873830706,-0.00077685993,PatchTST
2013-06-14,CAT,0.02619842732204101,0.032305155,PatchTST
2013-06-14,CVX,0.0245202502772554,0.086182825,PatchTST
2013-06-14,DUK,0.0508414864627029,-0.019216713,PatchTST
2013-06-14,GS,-0.01715230453274738,0.05124283,PatchTST
2013-06-14,HD,0.049331436363999406,0.048900012,PatchTST
2013-06-14,INTC,-0.04292499424774471,0.038388036,PatchTST
2013-06-14,JNJ,0.06265269902813299,0.017223392,PatchTST
2013-06-14,JPM,0.0204695783429146,0.047078244,PatchTST
2013-06-14,KO,0.014738358982868703,0.007638816,PatchTST
2013-06-14,MCD,0.018735740147353193,0.012115721,PatchTST
2013-06-14,MMM,0.032296540009870804,0.03181785,PatchTST
2013-06-14,MSFT,0.04091362692640049,0.0350623,PatchTST
2013-06-14,NEM,-0.19958160763949648,-0.0029818062,PatchTST
2013-06-14,PFE,-0.010022374227795007,-0.014223456,PatchTST
2013-06-14,PG,0.0385189403463845,0.09635823,PatchTST
2013-06-14,UNH,0.052679784865051905,-0.01347967,PatchTST
2013-06-14,VZ,-0.003430027220292998,0.027051747,PatchTST
2013-06-14,WFC,0.0571983806782798,0.032679163,PatchTST
2013-06-14,XOM,0.020804425359340704,0.049608946,PatchTST
2013-07-16,AAPL,0.1422950101172914,-0.10808627,PatchTST
2013-07-16,CAT,-0.0025951874397385872,0.01878518,PatchTST
2013-07-16,CVX,-0.017639626289138403,-0.006321933,PatchTST
2013-07-16,DUK,-0.0026791954615146977,0.018933004,PatchTST
2013-07-16,GS,0.004346461472868646,0.0433359,PatchTST
2013-07-16,HD,-0.012012221555900104,0.041574415,PatchTST
2013-07-16,INTC,-0.051409136324274296,-0.01744578,PatchTST
2013-07-16,JNJ,0.0284626482117457,0.029700533,PatchTST
2013-07-16,JPM,-0.010991232190995603,0.03783658,PatchTST
2013-07-16,KO,-0.03372494939765279,-0.0034841748,PatchTST
2013-07-16,MCD,-0.0436178904016857,0.02209438,PatchTST
2013-07-16,MMM,0.0327191796244379,0.0022568437,PatchTST
2013-07-16,MSFT,-0.10831015621293592,0.035576526,PatchTST
2013-07-16,NEM,0.08713214252324361,-0.14842501,PatchTST
2013-07-16,PFE,0.024656725662150297,0.054271888,PatchTST
2013-07-16,PG,0.009301512613496302,0.009392325,PatchTST
2013-07-16,UNH,0.08133863722994869,0.019652981,PatchTST
2013-07-16,VZ,-0.01634533876765821,-0.009031324,PatchTST
2013-07-16,WFC,0.006145039356241003,0.028099576,PatchTST
2013-07-16,XOM,-0.0352751349629271,0.026198046,PatchTST
2013-08-14,AAPL,-0.0350877552580489,-0.019802012,PatchTST
2013-08-14,CAT,0.003114250307877003,-0.019257076,PatchTST
2013-08-14,CVX,0.019510426078110897,0.05010067,PatchTST
2013-08-14,DUK,-0.0751408760464476,-0.00018278023,PatchTST
2013-08-14,GS,0.001067114132998103,0.06017197,PatchTST
2013-08-14,HD,-0.04694532566552449,0.07269734,PatchTST
2013-08-14,INTC,0.004872090982956793,-0.0029093197,PatchTST
2013-08-14,JNJ,-0.036452156167005305,0.024956893,PatchTST
2013-08-14,JPM,-0.038491198178218,0.047110394,PatchTST
2013-08-14,KO,-0.023746109768767606,0.0046354816,PatchTST
2013-08-14,MCD,0.015586759964433202,0.0074497173,PatchTST
2013-08-14,MMM,0.0015487723861988883,0.039757017,PatchTST
2013-08-14,MSFT,0.014171432396760613,0.07511538,PatchTST
2013-08-14,NEM,-0.0555751920097758,-0.028711095,PatchTST
2013-08-14,PFE,-0.033348309691285306,0.03136833,PatchTST
2013-08-14,PG,-0.04252790266957242,0.014900319,PatchTST
2013-08-14,UNH,0.0225316068179765,0.014238657,PatchTST
2013-08-14,VZ,-0.037309858050858194,0.0012104956,PatchTST
2013-08-14,WFC,-0.024773502162531907,0.027908266,PatchTST
2013-08-14,XOM,-0.016011345480660907,0.017414045,PatchTST
2013-09-13,AAPL,0.0416835822980208,-0.04383716,PatchTST
2013-09-13,CAT,-0.014265640266247598,0.035824813,PatchTST
2013-09-13,CVX,-0.05151020762831591,-0.022077726,PatchTST
2013-09-13,DUK,0.058004252503563794,0.018558484,PatchTST
2013-09-13,GS,-0.020721511594532692,0.033657517,PatchTST
2013-09-13,HD,0.0121276181166003,-0.027071165,PatchTST
2013-09-13,INTC,0.027458425891344,0.044918194,PatchTST
2013-09-13,JNJ,0.004930629751920199,0.042442646,PatchTST
2013-09-13,JPM,0.01249512693577711,0.0116828745,PatchTST
2013-09-13,KO,-0.017583692679568396,-0.0077408073,PatchTST
2013-09-13,MCD,-0.02542890159290689,0.021148818,PatchTST
2013-09-13,MMM,0.0210955963044605,0.013615683,PatchTST
2013-09-13,MSFT,0.043107876557691806,0.015190187,PatchTST
2013-09-13,NEM,-0.09701193733739362,-0.008435797,PatchTST
2013-09-13,PFE,0.014378670917973598,0.026285242,PatchTST
2013-09-13,PG,0.002807254496153098,0.007644971,PatchTST
2013-09-13,UNH,-0.006307950704752606,0.010401174,PatchTST
2013-09-13,VZ,0.0057641053239415,-0.011056464,PatchTST
2013-09-13,WFC,-0.01983577036722091,0.0039115096,PatchTST
2013-09-13,XOM,-0.011776131405219596,-0.008478704,PatchTST
2013-10-14,AAPL,0.057698072223859996,-0.018153455,PatchTST
2013-10-14,CAT,-0.010221352864979898,-0.028123818,PatchTST
2013-10-14,CVX,0.028567445041967697,0.0061781537,PatchTST
2013-10-14,DUK,0.05096692918916561,0.0049289595,PatchTST
2013-10-14,GS,0.023716568986762204,0.015777996,PatchTST
2013-10-14,HD,-0.0125255869342246,-0.003321996,PatchTST
2013-10-14,INTC,0.04769508848077791,-0.03486945,PatchTST
2013-10-14,JNJ,0.052695472085087805,0.04615374,PatchTST
2013-10-14,JPM,0.029830403822625612,0.014139597,PatchTST
2013-10-14,KO,0.0541091026794404,0.0012250813,PatchTST
2013-10-14,MCD,0.024502229241797808,-0.0008100816,PatchTST
2013-10-14,MMM,0.0581661540909855,0.016806412,PatchTST
2013-10-14,MSFT,0.0965612111186392,0.023515819,PatchTST
2013-10-14,NEM,0.0737176882495843,-0.0027449932,PatchTST
2013-10-14,PFE,0.0918181066901046,0.005950173,PatchTST
2013-10-14,PG,0.0548295816992148,-0.030358989,PatchTST
2013-10-14,UNH,-0.0520947484836874,0.042626955,PatchTST
2013-10-14,VZ,0.05916187287037142,0.01802623,PatchTST
2013-10-14,WFC,0.0384261328125343,0.014620819,PatchTST
2013-10-14,XOM,0.0736172030224041,0.008884776,PatchTST
2013-11-12,AAPL,0.07836195164889609,0.034960896,PatchTST
2013-11-12,CAT,0.013338380142096503,0.09707092,PatchTST
2013-11-12,CVX,0.016750627081013596,0.011578615,PatchTST
2013-11-12,DUK,-0.04761288845802681,0.0019622808,PatchTST
2013-11-12,GS,0.025968252790171398,0.010097982,PatchTST
2013-11-12,HD,0.0519392949158774,0.015521738,PatchTST
2013-11-12,INTC,0.010290063863156,0.007921485,PatchTST
2013-11-12,JNJ,-0.005636486245137998,0.03103134,PatchTST
2013-11-12,JPM,0.035766801810553805,0.04421084,PatchTST
2013-11-12,KO,0.0134811016157871,0.021498345,PatchTST
2013-11-12,MCD,-0.010745755664957696,0.0018840369,PatchTST
2013-11-12,MMM,-0.004370553175613772,0.011871349,PatchTST
2013-11-12,MSFT,0.008087312142619499,0.02281791,PatchTST
2013-11-12,NEM,-0.15293972060479646,-0.0394805,PatchTST
2013-11-12,PFE,-0.019066917095399,0.13113248,PatchTST
2013-11-12,PG,0.021169158432588195,0.006833739,PatchTST
2013-11-12,UNH,0.026800826439748793,-0.026276547,PatchTST
2013-11-12,VZ,-0.029864914144293202,0.039442137,PatchTST
2013-11-12,WFC,0.017851529388291806,0.0235376,PatchTST
2013-11-12,XOM,0.013887785524781603,-0.0036771148,PatchTST
2013-12-12,AAPL,-0.0467318356488969,0.05147882,PatchTST
2013-12-12,CAT,0.0526466447469504,-0.0026404,PatchTST
2013-12-12,CVX,-0.023618121999293196,0.029315826,PatchTST
2013-12-12,DUK,-0.0082292521724446,0.016936123,PatchTST
2013-12-12,GS,0.0482217395470244,-0.008282734,PatchTST
2013-12-12,HD,0.024631232370181104,0.00030020066,PatchTST
2013-12-12,INTC,0.0432761893411678,-0.021188993,PatchTST
2013-12-12,JNJ,0.014817978789838005,0.007947994,PatchTST
2013-12-12,JPM,0.0351753019171146,0.025153996,PatchTST
2013-12-12,KO,-0.015064540098342405,0.0032610977,PatchTST
2013-12-12,MCD,-0.004524480559944602,-0.0023523238,PatchTST
2013-12-12,MMM,0.060527233939891414,0.0054389457,PatchTST
2013-12-12,MSFT,-0.0724932758342433,0.12001034,PatchTST
2013-12-12,NEM,0.017318368516672795,0.0108685605,PatchTST
2013-12-12,PFE,-0.0035953382871360033,0.05628527,PatchTST
2013-12-12,PG,-0.048903112716050495,0.0013703075,PatchTST
2013-12-12,UNH,0.0246452249451836,0.027761593,PatchTST
2013-12-12,VZ,-0.019763164698735902,0.019384872,PatchTST
2013-12-12,WFC,0.045809649585066406,0.023481222,PatchTST
2013-12-12,XOM,0.044507001496683116,0.019060923,PatchTST
2014-01-14,AAPL,0.006322420405026114,0.013790528,PatchTST
2014-01-14,CAT,0.0740450370013303,-0.027513627,PatchTST
2014-01-14,CVX,-0.053612042092779616,0.0028384386,PatchTST
2014-01-14,DUK,0.0557274954126615,0.028840132,PatchTST
2014-01-14,GS,-0.07298930429099729,0.03768353,PatchTST
2014-01-14,HD,-0.04664398774267999,-0.01326075,PatchTST
2014-01-14,INTC,-0.02847615234730769,-0.00628846,PatchTST
2014-01-14,JNJ,-0.02225625878735349,0.023718083,PatchTST
2014-01-14,JPM,-0.0031240848382954062,0.0088842735,PatchTST
2014-01-14,KO,-0.026142162027607503,0.02931334,PatchTST
2014-01-14,MCD,0.0006328696489917999,0.005951374,PatchTST
2014-01-14,MMM,-0.025439067271070506,0.037623916,PatchTST
2014-01-14,MSFT,0.0687638686546398,0.02460296,PatchTST
2014-01-14,NEM,-0.05908173555151501,-0.14120802,PatchTST
2014-01-14,PFE,0.0427403864602487,0.017695636,PatchTST
2014-01-14,PG,-0.024466267118856397,-0.0067727296,PatchTST
2014-01-14,UNH,-0.051335742106912004,0.043852095,PatchTST
2014-01-14,VZ,0.007203897663382199,0.03826854,PatchTST
2014-01-14,WFC,0.016117073153397707,0.03718435,PatchTST
2014-01-14,XOM,-0.07176788546037222,-0.005212082,PatchTST
2014-02-13,AAPL,-0.0211768826717416,-0.028797911,PatchTST
2014-02-13,CAT,-0.0081436242291161,-0.07509125,PatchTST
2014-02-13,CVX,0.018308776546276998,0.013188206,PatchTST
2014-02-13,DUK,-0.0024016421355019983,-0.031975746,PatchTST
2014-02-13,GS,0.014621803508457494,-0.027002826,PatchTST
2014-02-13,HD,0.032546809351656096,-0.0013026823,PatchTST
2014-02-13,INTC,-0.0020382916946287,0.017138528,PatchTST
2014-02-13,JNJ,0.0113810017920331,-0.005511065,PatchTST
2014-02-13,JPM,-0.0125968083879093,0.046653196,PatchTST
2014-02-13,KO,-0.0009753059760920935,0.026215661,PatchTST
2014-02-13,MCD,0.0364373133123148,0.0057713846,PatchTST
2014-02-13,MMM,-0.004687905107347858,0.038919985,PatchTST
2014-02-13,MSFT,0.013589716848535896,-0.038033605,PatchTST
2014-02-13,NEM,0.157225590732878,-0.09362568,PatchTST
2014-02-13,PFE,-0.012094447807148908,0.020946,PatchTST
2014-02-13,PG,0.019045620621954598,0.015853807,PatchTST
2014-02-13,UNH,0.0784662043267637,0.06425474,PatchTST
2014-02-13,VZ,-0.0276106073382992,-0.03514848,PatchTST
2014-02-13,WFC,0.030197978575778498,0.027781615,PatchTST
2014-02-13,XOM,0.025901980414534696,0.024271997,PatchTST
2014-03-17,AAPL,-0.005753365832818533,0.02676545,PatchTST
2014-03-17,CAT,0.07461710017109649,0.011658124,PatchTST
2014-03-17,CVX,0.03952379633845,0.0039666547,PatchTST
2014-03-17,DUK,0.019192551533133297,-0.027476277,PatchTST
2014-03-17,GS,-0.06631846191514783,0.02921742,PatchTST
2014-03-17,HD,-0.043907897968908115,-0.034918625,PatchTST
2014-03-17,INTC,0.08073298131040389,-0.0030319602,PatchTST
2014-03-17,JNJ,0.045598618747790295,-0.021720245,PatchTST
2014-03-17,JPM,-0.02664734715584669,0.044809375,PatchTST
2014-03-17,KO,0.014564109299716497,-0.04224673,PatchTST
2014-03-17,MCD,0.025596984936031297,-0.0072150826,PatchTST
2014-03-17,MMM,0.0252505843769954,0.0032835454,PatchTST
2014-03-17,MSFT,0.038506372315050205,-0.06136242,PatchTST
2014-03-17,NEM,-0.07000304640653732,-0.05242378,PatchTST
2014-03-17,PFE,-0.044523991040883594,0.009026943,PatchTST
2014-03-17,PG,0.022906289215942698,0.054547686,PatchTST
2014-03-17,UNH,0.0449461318416287,0.0046395278,PatchTST
2014-03-17,VZ,0.0365722849494098,-0.024714988,PatchTST
2014-03-17,WFC,0.014868296732265397,-0.026246624,PatchTST
2014-03-17,XOM,0.0458971671798545,-0.023115661,PatchTST
2014-04-15,AAPL,0.135175602619102,0.032932732,PatchTST
2014-04-15,CAT,0.041706377927708,0.0009985422,PatchTST
2014-04-15,CVX,0.0630108639657671,0.0056825024,PatchTST
2014-04-15,DUK,-0.00022757691793509876,0.030198332,PatchTST
2014-04-15,GS,0.0299842450088227,-0.014860976,PatchTST
2014-04-15,HD,0.004465737407055196,0.032168098,PatchTST
2014-04-15,INTC,-0.0001411976065719021,-0.0538367,PatchTST
2014-04-15,JNJ,0.03767936802073361,0.03992528,PatchTST
2014-04-15,JPM,-0.010976864557253701,0.033267107,PatchTST
2014-04-15,KO,0.054270834814452204,-0.024322573,PatchTST
2014-04-15,MCD,0.02875090973269033,0.021884028,PatchTST
2014-04-15,MMM,0.0615296856149614,0.045658078,PatchTST
2014-04-15,MSFT,0.0337257113684513,0.032626934,PatchTST
2014-04-15,NEM,0.008972274892814503,-0.002921422,PatchTST
2014-04-15,PFE,-0.017243221130830693,-0.005865815,PatchTST
2014-04-15,PG,0.012402698133250706,-0.000977661,PatchTST
2014-04-15,UNH,-0.025712807744482393,0.040041845,PatchTST
2014-04-15,VZ,0.0155336025079872,-0.022945652,PatchTST
2014-04-15,WFC,0.031386376693681904,0.025567383,PatchTST
2014-04-15,XOM,0.05104084068732008,0.04743181,PatchTST
2014-05-15,AAPL,0.0731815184591874,0.00034291274,PatchTST
2014-05-15,CAT,0.0022505080319042943,0.0068369573,PatchTST
2014-05-15,CVX,0.015122429678612999,-0.01072564,PatchTST
2014-05-15,DUK,-0.006192732695508597,0.02582233,PatchTST
2014-05-15,GS,0.04300028131382769,0.05166229,PatchTST
2014-05-15,HD,0.0286327842994943,-0.03713284,PatchTST
2014-05-15,INTC,0.126145496975931,0.05112292,PatchTST
2014-05-15,JNJ,0.023268328617052702,-0.037972152,PatchTST
2014-05-15,JPM,0.0481239077444257,-0.023035511,PatchTST
2014-05-15,KO,-0.0053061696890853004,-0.03824219,PatchTST
2014-05-15,MCD,-0.016934175146684098,0.027594144,PatchTST
2014-05-15,MMM,0.01846866149613046,0.008700599,PatchTST
2014-05-15,MSFT,0.024304141247563,0.006341571,PatchTST
2014-05-15,NEM,-0.050125712481752106,-0.03577911,PatchTST
2014-05-15,PFE,0.014668827781843398,-0.016346814,PatchTST
2014-05-15,PG,-0.019028947091980702,-0.009582413,PatchTST
2014-05-15,UNH,0.0304008610152504,0.020778988,PatchTST
2014-05-15,VZ,0.024077639015862105,-0.03860792,PatchTST
2014-05-15,WFC,0.0515977848284714,0.0013963928,PatchTST
2014-05-15,XOM,0.003512839175591799,0.018663988,PatchTST
2014-06-16,AAPL,0.0433082307234976,0.0456077,PatchTST
2014-06-16,CAT,0.0284389833927496,0.017573055,PatchTST
2014-06-16,CVX,0.015593104469239966,-0.0032142424,PatchTST
2014-06-16,DUK,0.016800291390386305,0.0010740662,PatchTST
2014-06-16,GS,0.019579260727255205,0.0044152904,PatchTST
2014-06-16,HD,0.022669383487422097,-0.008225781,PatchTST
2014-06-16,INTC,0.059777614506046,-0.009745495,PatchTST
2014-06-16,JNJ,0.007288267013068499,0.041973777,PatchTST
2014-06-16,JPM,0.028301088102766596,-0.03631952,PatchTST
2014-06-16,KO,0.04196078954159611,0.018578716,PatchTST
2014-06-16,MCD,-0.001892215538289577,0.008288467,PatchTST
2014-06-16,MMM,0.011788601048102598,0.018348454,PatchTST
2014-06-16,MSFT,0.029161056463857103,-0.022658193,PatchTST
2014-06-16,NEM,0.053662137080938206,-0.1585336,PatchTST
2014-06-16,PFE,0.029364985631243404,0.029431462,PatchTST
2014-06-16,PG,0.0201374071497206,-0.016868956,PatchTST
2014-06-16,UNH,0.057902220343404705,0.010659263,PatchTST
2014-06-16,VZ,0.0413465969531854,0.0071310224,PatchTST
2014-06-16,WFC,-0.010654066341194502,0.024593554,PatchTST
2014-06-16,XOM,-0.002535987025982399,-0.008454407,PatchTST
2014-07-16,AAPL,0.024903945954946712,0.015611962,PatchTST
2014-07-16,CAT,-0.037329370425082095,0.030709809,PatchTST
2014-07-16,CVX,-0.012925344010198497,-0.0034770796,PatchTST
2014-07-16,DUK,-0.0041892100390857,0.027764993,PatchTST
2014-07-16,GS,0.018738776413874905,0.021468097,PatchTST
2014-07-16,HD,0.0400099467526275,0.019529164,PatchTST
2014-07-16,INTC,0.07929514634936172,0.0037591958,PatchTST
2014-07-16,JNJ,-0.015023283628885931,0.0022596756,PatchTST
2014-07-16,JPM,-0.02696093457978021,-0.03319001,PatchTST
2014-07-16,KO,-0.05266910891836679,0.00834792,PatchTST
2014-07-16,MCD,-0.06529686760403629,-0.017163433,PatchTST
2014-07-16,MMM,-0.022729756075969415,0.02307708,PatchTST
2014-07-16,MSFT,0.03767897208445219,-0.03268259,PatchTST
2014-07-16,NEM,0.09202798020458582,-0.012055444,PatchTST
2014-07-16,PFE,-0.06631151347394139,0.013443496,PatchTST
2014-07-16,PG,0.010660185930682995,-0.021247217,PatchTST
2014-07-16,UNH,-0.028899686729460698,-0.011254938,PatchTST
2014-07-16,VZ,-0.03593698676368689,0.028357673,PatchTST
2014-07-16,WFC,-0.0198729391260975,0.00043899566,PatchTST
2014-07-16,XOM,-0.025818124315027897,0.017563505,PatchTST
2014-08-14,AAPL,0.04445195188499204,0.07943853,PatchTST
2014-08-14,CAT,-0.0013321158015335973,0.04649479,PatchTST
2014-08-14,CVX,-0.031020534845698697,0.020696454,PatchTST
2014-08-14,DUK,0.029587630268598692,0.011049037,PatchTST
2014-08-14,GS,0.06386826126215109,0.01274473,PatchTST
2014-08-14,HD,0.07159103333620831,-0.00081554893,PatchTST
2014-08-14,INTC,0.015133949340252197,0.06064843,PatchTST
2014-08-14,JNJ,0.0342728108720268,0.02045409,PatchTST
2014-08-14,JPM,0.056717762687939995,-0.007843075,PatchTST
2014-08-14,KO,0.04460992529320609,-0.011234508,PatchTST
2014-08-14,MCD,0.0019740629029421004,-0.013855639,PatchTST
2014-08-14,MMM,0.020923550633830397,0.00390914,PatchTST
2014-08-14,MSFT,0.06396448886850951,0.021593353,PatchTST
2014-08-14,NEM,-0.07178393495092399,-0.0001724232,PatchTST
2014-08-14,PFE,0.0423382118512082,0.0074768392,PatchTST
2014-08-14,PG,0.021610804524790098,0.016484976,PatchTST
2014-08-14,UNH,0.05995542253343129,0.05621577,PatchTST
2014-08-14,VZ,-0.0106866454203557,-0.012103919,PatchTST
2014-08-14,WFC,0.0336346520015519,0.027028933,PatchTST
2014-08-14,XOM,-0.0339749507493965,0.005962203,PatchTST
2014-09-15,AAPL,-0.0183658204883037,0.026031382,PatchTST
2014-09-15,CAT,-0.1358465882963468,-0.0053348704,PatchTST
2014-09-15,CVX,-0.09064943221852119,0.01116434,PatchTST
2014-09-15,DUK,0.05783487876105949,0.041978538,PatchTST
2014-09-15,GS,-0.024314502744544907,0.033647772,PatchTST
2014-09-15,HD,0.019617504680589693,0.015540886,PatchTST
2014-09-15,INTC,-0.0953967962961495,0.06293519,PatchTST
2014-09-15,JNJ,-0.0536209295912336,0.012002306,PatchTST
2014-09-15,JPM,-0.024931739536908897,0.0022046259,PatchTST
2014-09-15,KO,0.06104979939179111,0.0034163482,PatchTST
2014-09-15,MCD,-0.028360465904087098,-0.029665072,PatchTST
2014-09-15,MMM,-0.0797992165417524,0.029396318,PatchTST
2014-09-15,MSFT,-0.0675409284519667,0.030860178,PatchTST
2014-09-15,NEM,-0.11124907172349272,-0.00946619,PatchTST
2014-09-15,PFE,-0.0331640595666403,-0.01266548,PatchTST
2014-09-15,PG,0.0013201729873668008,-0.00083485467,PatchTST
2014-09-15,UNH,-0.026216645965173906,0.025591698,PatchTST
2014-09-15,VZ,0.010512474376081507,0.0025027078,PatchTST
2014-09-15,WFC,-0.0294431645137041,0.027949447,PatchTST
2014-09-15,XOM,-0.052954222821097005,0.012130694,PatchTST
2014-10-14,AAPL,0.09880811632340362,0.038966604,PatchTST
2014-10-14,CAT,0.1194403127825529,-0.014802546,PatchTST
2014-10-14,CVX,0.05563977388813445,0.020995589,PatchTST
2014-10-14,DUK,0.06561972154133681,-0.0011575518,PatchTST
2014-10-14,GS,0.07077009047125689,-0.020227812,PatchTST
2014-10-14,HD,0.0799409268048273,0.05180521,PatchTST
2014-10-14,INTC,0.06335844068298939,0.03597623,PatchTST
2014-10-14,JNJ,0.0941907063036178,0.02650319,PatchTST
2014-10-14,JPM,0.0537234001475436,-0.011922799,PatchTST
2014-10-14,KO,-0.03603958123494989,0.026734354,PatchTST
2014-10-14,MCD,0.04746145282690759,-0.016270682,PatchTST
2014-10-14,MMM,0.167348961148333,0.0028427192,PatchTST
2014-10-14,MSFT,0.11296061158939547,-0.008266274,PatchTST
2014-10-14,NEM,-0.18588053624161283,0.0204328,PatchTST
2014-10-14,PFE,0.0715807579181277,-0.0026152413,PatchTST
2014-10-14,PG,0.08048819050792969,0.011023929,PatchTST
2014-10-14,UNH,0.13089226798182987,0.026402052,PatchTST
2014-10-14,VZ,0.0452696171520674,-0.01705054,PatchTST
2014-10-14,WFC,0.0717533979071975,0.022899672,PatchTST
2014-10-14,XOM,0.0667043864590083,-0.0071307803,PatchTST
2014-11-12,AAPL,0.017350864391703403,0.10423316,PatchTST
2014-11-12,CAT,-0.10089508833582052,-0.053656284,PatchTST
2014-11-12,CVX,-0.11207259991115179,-0.06135924,PatchTST
2014-11-12,DUK,0.012442993221265998,0.025839094,PatchTST
2014-11-12,GS,0.011801577961878001,-0.029094538,PatchTST
2014-11-12,HD,0.026236051700672395,0.040464748,PatchTST
2014-11-12,INTC,0.09691907603183152,0.047582336,PatchTST
2014-11-12,JNJ,-0.013821757711054216,0.031503428,PatchTST
2014-11-12,JPM,-0.003754701466523502,0.0086861495,PatchTST
2014-11-12,KO,-0.016435209930503396,0.037744034,PatchTST
2014-11-12,MCD,-0.0360181783341882,0.0019223494,PatchTST
2014-11-12,MMM,0.018254026917067998,-0.031714074,PatchTST
2014-11-12,MSFT,-0.0291182162059853,0.03393697,PatchTST
2014-11-12,NEM,0.0467785671592958,0.019211628,PatchTST
2014-11-12,PFE,0.0429302590298099,0.0014444086,PatchTST
2014-11-12,PG,0.0082188096809784,-0.008810457,PatchTST
2014-11-12,UNH,0.04511613481955861,-0.018252978,PatchTST
2014-11-12,VZ,-0.0877123498390987,0.06460096,PatchTST
2014-11-12,WFC,0.0157394095896754,0.039731354,PatchTST
2014-11-12,XOM,-0.07772889367828452,-0.025843358,PatchTST
2014-12-12,AAPL,-0.01262207838036367,0.00185944,PatchTST
2014-12-12,CAT,-0.07062016235965961,0.0033571473,PatchTST
2014-12-12,CVX,-0.006790971309686911,-0.01573736,PatchTST
2014-12-12,DUK,0.030650857476702598,-0.0024904564,PatchTST
2014-12-12,GS,-0.04550664024489079,0.010161607,PatchTST
2014-12-12,HD,0.0339247630851504,-0.003435702,PatchTST
2014-12-12,INTC,-0.005464643312338907,0.059173413,PatchTST
2014-12-12,JNJ,-0.018536158681941202,0.012455989,PatchTST
2014-12-12,JPM,-0.03193228431542901,0.021155346,PatchTST
2014-12-12,KO,0.02614231946812429,0.0037193424,PatchTST
2014-12-12,MCD,0.020240201075338506,0.024137216,PatchTST
2014-12-12,MMM,0.009194166016717102,0.04778321,PatchTST
2014-12-12,MSFT,-0.0173212886079774,0.023703655,PatchTST
2014-12-12,NEM,0.03957471895010659,-0.071672365,PatchTST
2014-12-12,PFE,0.024653992314322203,0.0039044067,PatchTST
2014-12-12,PG,-0.001217469271409503,0.0020711198,PatchTST
2014-12-12,UNH,0.0329416950659375,-0.0028068246,PatchTST
2014-12-12,VZ,0.029294262866939504,-0.0071838563,PatchTST
2014-12-12,WFC,-0.0485606394527178,0.0065473225,PatchTST
2014-12-12,XOM,0.008928363264974194,-0.006464913,PatchTST
2015-01-14,AAPL,0.14138646913695951,0.06641914,PatchTST
2015-01-14,CAT,-0.025268571188985085,0.0065002884,PatchTST
2015-01-14,CVX,0.0717329057343778,-0.03854579,PatchTST
2015-01-14,DUK,-0.0434871021788411,0.03521744,PatchTST
2015-01-14,GS,0.025888072996322113,0.041712746,PatchTST
2015-01-14,HD,0.0781351697716103,0.058372013,PatchTST
2015-01-14,INTC,-0.05998782823549698,0.08648138,PatchTST
2015-01-14,JNJ,-0.062225030085349596,-0.015694635,PatchTST
2015-01-14,JPM,0.012330236498650496,0.0081604775,PatchTST
2015-01-14,KO,-0.010849601436902799,-0.046615362,PatchTST
2015-01-14,MCD,0.024054015319445503,0.007217105,PatchTST
2015-01-14,MMM,0.038604515159264594,0.0026983032,PatchTST
2015-01-14,MSFT,-0.0731457822663675,-0.00086777797,PatchTST
2015-01-14,NEM,0.1855089090840313,0.09782838,PatchTST
2015-01-14,PFE,0.08101780342209161,-0.005616782,PatchTST
2015-01-14,PG,-0.041354247697401404,0.0038935181,PatchTST
2015-01-14,UNH,0.06361675303549504,0.06383726,PatchTST
2015-01-14,VZ,0.04840616123460309,-0.027945092,PatchTST
2015-01-14,WFC,0.06299950679919031,0.013482579,PatchTST
2015-01-14,XOM,0.033491523066281295,-0.048334375,PatchTST
2015-02-13,AAPL,-0.012012301604084397,-0.022076592,PatchTST
2015-02-13,CAT,-0.0435541665715925,0.05261776,PatchTST
2015-02-13,CVX,-0.072277931914352,0.055937827,PatchTST
2015-02-13,DUK,-0.0682790948263715,0.019672725,PatchTST
2015-02-13,GS,0.014243370042006102,0.03954007,PatchTST
2015-02-13,HD,0.043097253796896724,0.02881947,PatchTST
2015-02-13,INTC,-0.10168878471198389,0.06477624,PatchTST
2015-02-13,JNJ,0.0332429712380295,0.05686596,PatchTST
2015-02-13,JPM,0.03755969418117509,0.04981965,PatchTST
2015-02-13,KO,-0.0373416784877367,0.017948,PatchTST
2015-02-13,MCD,0.030085236186938195,-0.014006356,PatchTST
2015-02-13,MMM,0.0018068575851732,-0.03608375,PatchTST
2015-02-13,MSFT,-0.029061476926170803,0.033427596,PatchTST
2015-02-13,NEM,-0.09337900722489581,-0.096860185,PatchTST
2015-02-13,PFE,-0.012408314360713692,-0.0069750855,PatchTST
2015-02-13,PG,-0.0291312023428864,0.00825325,PatchTST
2015-02-13,UNH,0.07939699053086094,0.0955634,PatchTST
2015-02-13,VZ,-0.0050611043047424035,-0.03707196,PatchTST
2015-02-13,WFC,0.015733471381043106,0.048367288,PatchTST
2015-02-13,XOM,-0.085978509034739,0.0070684,PatchTST
2015-03-17,AAPL,0.01453978809848129,0.02543378,PatchTST
2015-03-17,CAT,0.06288067869386099,-0.028461026,PatchTST
2015-03-17,CVX,0.0682104161053023,-0.048157353,PatchTST
2015-03-17,DUK,0.030055044237864204,0.035757463,PatchTST
2015-03-17,GS,0.04682745381228459,0.0023445622,PatchTST
2015-03-17,HD,-0.026529251382969295,0.02988677,PatchTST
2015-03-17,INTC,0.0628544370372936,0.016991183,PatchTST
2015-03-17,JNJ,-0.004562231327597099,-0.07027872,PatchTST
2015-03-17,JPM,0.0440718959331298,-0.019621385,PatchTST
2015-03-17,KO,0.002726353051865497,0.047595583,PatchTST
2015-03-17,MCD,-0.007335472731481694,0.027377326,PatchTST
2015-03-17,MMM,0.0013829047393207994,0.02875465,PatchTST
2015-03-17,MSFT,0.016702723350604496,-0.0012750919,PatchTST
2015-03-17,NEM,0.05453901701543578,-0.081305414,PatchTST
2015-03-17,PFE,0.022111328039333297,-0.042196367,PatchTST
2015-03-17,PG,-0.0005980283992122997,0.04096162,PatchTST
2015-03-17,UNH,-0.010176554792895306,0.03636413,PatchTST
2015-03-17,VZ,0.013658163457642501,0.019480493,PatchTST
2015-03-17,WFC,-0.016645816560047894,-0.015118457,PatchTST
2015-03-17,XOM,0.038421753194217395,0.0030287872,PatchTST
2015-04-16,AAPL,0.02113975338724579,0.14599872,PatchTST
2015-04-16,CAT,0.0494323995391781,-0.068149164,PatchTST
2015-04-16,CVX,-0.017911446763120894,-0.050288808,PatchTST
2015-04-16,DUK,-0.022490619826650404,-0.010138896,PatchTST
2015-04-16,GS,0.007530316202747001,-0.04108536,PatchTST
2015-04-16,HD,-0.013399002780128302,0.06660072,PatchTST
2015-04-16,INTC,0.011460508742256507,0.06621659,PatchTST
2015-04-16,JNJ,0.012152774582271,0.0203203,PatchTST
2015-04-16,JPM,0.0282528954264328,-0.0012980853,PatchTST
2015-04-16,KO,0.026863321240647102,-0.008496258,PatchTST
2015-04-16,MCD,0.013083041556380301,0.008788779,PatchTST
2015-04-16,MMM,-0.019965038734507203,0.008851061,PatchTST
2015-04-16,MSFT,0.1422485919623253,0.011589113,PatchTST
2015-04-16,NEM,0.14409128063630527,-0.010087311,PatchTST
2015-04-16,PFE,-0.028495742193580892,-0.0006361073,PatchTST
2015-04-16,PG,-0.027829154103573107,0.033596445,PatchTST
2015-04-16,UNH,0.010260970449669496,0.020855185,PatchTST
2015-04-16,VZ,0.0116753360057884,-0.006678859,PatchTST
2015-04-16,WFC,0.0289460255714123,0.034384783,PatchTST
2015-04-16,XOM,-0.004444922387184802,-0.03402934,PatchTST
2015-05-15,AAPL,-0.01586775601777447,0.017670086,PatchTST
2015-05-15,CAT,-0.0183097153962243,0.03031236,PatchTST
2015-05-15,CVX,-0.07832909114927789,-0.0053646904,PatchTST
2015-05-15,DUK,-0.04041381573615681,0.0078782085,PatchTST
2015-05-15,GS,0.047235167388762704,0.02687825,PatchTST
2015-05-15,HD,-0.0120944368042041,-0.0009083608,PatchTST
2015-05-15,INTC,-0.04910884078196929,0.024450721,PatchTST
2015-05-15,JNJ,-0.0362898373058652,-0.03135885,PatchTST
2015-05-15,JPM,0.028948665996818196,0.018171687,PatchTST
2015-05-15,KO,-0.0389003316236326,-0.0078521995,PatchTST
2015-05-15,MCD,-0.0268699310129195,-0.037859697,PatchTST
2015-05-15,MMM,-0.0393440890639426,0.0038084425,PatchTST
2015-05-15,MSFT,-0.062338930804401685,0.037268996,PatchTST
2015-05-15,NEM,-0.12294568335117859,0.0044745794,PatchTST
2015-05-15,PFE,0.0029421774091411036,0.027349854,PatchTST
2015-05-15,PG,-0.03088004502121381,0.0005739118,PatchTST
2015-05-15,UNH,0.008015712198385806,0.07496705,PatchTST
2015-05-15,VZ,-0.0612749935294861,0.012064179,PatchTST
2015-05-15,WFC,0.0166346191937347,-0.008496361,PatchTST
2015-05-15,XOM,-0.038085985779165894,-0.00018022768,PatchTST
2015-06-16,AAPL,-0.0007883670797716007,0.054788545,PatchTST
2015-06-16,CAT,-0.0346810330258107,-0.031695604,PatchTST
2015-06-16,CVX,-0.0522003193296463,0.014047244,PatchTST
2015-06-16,DUK,0.020748402527173103,0.027072947,PatchTST
2015-06-16,GS,0.005650690512052593,-0.03950486,PatchTST
2015-06-16,HD,0.049391675311659396,0.045864645,PatchTST
2015-06-16,INTC,-0.0556791162877657,-0.07301171,PatchTST
2015-06-16,JNJ,0.0296117097917352,0.024928158,PatchTST
2015-06-16,JPM,0.024010696120300396,-0.004640909,PatchTST
2015-06-16,KO,0.0381611606427435,0.0052873967,PatchTST
2015-06-16,MCD,0.0493456902726817,-0.038037393,PatchTST
2015-06-16,MMM,0.0008337233130398976,0.01851997,PatchTST
2015-06-16,MSFT,0.006137622609553898,0.07416639,PatchTST
2015-06-16,NEM,-0.09739315324202821,0.048390433,PatchTST
2015-06-16,PFE,0.0272403236639148,-0.016153533,PatchTST
2015-06-16,PG,0.05030034628752871,-0.024242254,PatchTST
2015-06-16,UNH,0.0562150266915309,0.015537288,PatchTST
2015-06-16,VZ,0.018704750800647194,0.03142275,PatchTST
2015-06-16,WFC,0.0139426379654693,0.02255627,PatchTST
2015-06-16,XOM,-0.011532646185160807,0.0021560849,PatchTST
2015-07-16,AAPL,-0.0920168288441744,0.018658534,PatchTST
2015-07-16,CAT,-0.06990148681970192,-0.008986075,PatchTST
2015-07-16,CVX,-0.09324312218150771,-0.049352072,PatchTST
2015-07-16,DUK,0.0318744090978345,-0.0057671946,PatchTST
2015-07-16,GS,-0.0590933764703798,-0.055390622,PatchTST
2015-07-16,HD,0.029328580940211603,0.032531153,PatchTST
2015-07-16,INTC,-0.019734083918134707,-0.0122855,PatchTST
2015-07-16,JNJ,-0.019507770888119995,-0.021439433,PatchTST
2015-07-16,JPM,-0.023988455688880105,-0.001861243,PatchTST
2015-07-16,KO,-0.0007296419903276966,-0.019571915,PatchTST
2015-07-16,MCD,0.003023563029136705,-0.026483446,PatchTST
2015-07-16,MMM,-0.056705944375935805,-0.0017023599,PatchTST
2015-07-16,MSFT,0.020976156290435394,0.018183887,PatchTST
2015-07-16,NEM,-0.22028092850226855,-0.0048059803,PatchTST
2015-07-16,PFE,0.01858899019959789,-0.00027222093,PatchTST
2015-07-16,PG,-0.07255701384936,0.006328783,PatchTST
2015-07-16,UNH,-0.043354795143946495,-0.017897177,PatchTST
2015-07-16,VZ,0.0069483624663251985,-0.03925633,PatchTST
2015-07-16,WFC,-0.0090164807189206,-0.04057786,PatchTST
2015-07-16,XOM,-0.04162419100711199,-0.067412935,PatchTST
2015-08-14,AAPL,0.0013884472555153078,0.00024027377,PatchTST
2015-08-14,CAT,-0.06632359873535841,-0.05657219,PatchTST
2015-08-14,CVX,-0.1123773924431845,-0.072341435,PatchTST
2015-08-14,DUK,-0.10113530986320532,-0.056668587,PatchTST
2015-08-14,GS,-0.0839600736891758,0.0248547,PatchTST
2015-08-14,HD,-0.03163101919939101,0.016906053,PatchTST
2015-08-14,INTC,0.01785148606852859,0.004080558,PatchTST
2015-08-14,JNJ,-0.04619803118935169,-0.006046146,PatchTST
2015-08-14,JPM,-0.0796235830247425,0.022818338,PatchTST
2015-08-14,KO,-0.0671677237266321,0.009687559,PatchTST
2015-08-14,MCD,-0.015677195452197302,0.021928553,PatchTST
2015-08-14,MMM,-0.03880344760097741,0.035460897,PatchTST
2015-08-14,MSFT,-0.07568375615036749,0.07833839,PatchTST
2015-08-14,NEM,-0.09434565797892111,0.033634514,PatchTST
2015-08-14,PFE,-0.07790056024070498,0.0315524,PatchTST
2015-08-14,PG,-0.10744453992816051,-0.029129155,PatchTST
2015-08-14,UNH,-0.018510918341336016,0.040599477,PatchTST
2015-08-14,VZ,-0.043088842966213806,-0.005194367,PatchTST
2015-08-14,WFC,-0.0751767700482156,0.0019800006,PatchTST
2015-08-14,XOM,-0.08155901854585042,-0.037802763,PatchTST
2015-09-15,AAPL,-0.0310019716183077,-0.049218006,PatchTST
2015-09-15,CAT,-0.03638266398797011,-0.039038517,PatchTST
2015-09-15,CVX,0.1539429952515358,-0.075154305,PatchTST
2015-09-15,DUK,0.059944210902535204,0.0150185535,PatchTST
2015-09-15,GS,-0.016278165906950005,-0.0055082077,PatchTST
2015-09-15,HD,0.058237642510731304,0.0009866459,PatchTST
2015-09-15,INTC,0.0863307378080632,0.04258903,PatchTST
2015-09-15,JNJ,0.022567952655929195,-0.011163086,PatchTST
2015-09-15,JPM,-0.006205168705029898,0.007863658,PatchTST
2015-09-15,KO,0.08908758269354289,-0.023578316,PatchTST
2015-09-15,MCD,0.06400966605252699,-0.024782406,PatchTST
2015-09-15,MMM,0.0572728278065594,0.013021763,PatchTST
2015-09-15,MSFT,0.08567458118561161,-0.042100254,PatchTST
2015-09-15,NEM,0.1450292419275499,-0.027476579,PatchTST
2015-09-15,PFE,0.008220704326115102,0.038225573,PatchTST
2015-09-15,PG,0.08516046792555541,-0.013607408,PatchTST
2015-09-15,UNH,0.0512126172056972,0.014172271,PatchTST
2015-09-15,VZ,-0.015759070038448605,-0.022011885,PatchTST
2015-09-15,WFC,-0.017395139862046195,0.008463282,PatchTST
2015-09-15,XOM,0.08802262379810541,-0.038297094,PatchTST
2015-10-14,AAPL,0.04218736334498478,0.010345432,PatchTST
2015-10-14,CAT,0.03560829635202601,-0.056273058,PatchTST
2015-10-14,CVX,0.04220577228037511,0.014248987,PatchTST
2015-10-14,DUK,-0.0489037540867213,0.0016837369,PatchTST
2015-10-14,GS,0.0868501480431602,0.010201045,PatchTST
2015-10-14,HD,0.025172033611896835,-0.0034025225,PatchTST
2015-10-14,INTC,0.03229061152780659,-0.05370154,PatchTST
2015-10-14,JNJ,0.06499687913509179,-0.020942844,PatchTST
2015-10-14,JPM,0.09005316422696813,0.0016502964,PatchTST
2015-10-14,KO,0.009319886107727698,-0.0041446025,PatchTST
2015-10-14,MCD,0.09647028986819961,-0.010263516,PatchTST
2015-10-14,MMM,0.06453447901517569,-0.004854171,PatchTST
2015-10-14,MSFT,0.1346768408625601,0.07676192,PatchTST
2015-10-14,NEM,-0.03208244852495738,-0.062115654,PatchTST
2015-10-14,PFE,0.030821861916714995,0.02733462,PatchTST
2015-10-14,PG,0.03360410867089659,-0.021265948,PatchTST
2015-10-14,UNH,-0.0792768995201137,0.037991628,PatchTST
2015-10-14,VZ,0.021410164187716605,0.0251518,PatchTST
2015-10-14,WFC,0.08007645043236129,-0.05675327,PatchTST
2015-10-14,XOM,0.0392829759162149,0.029839955,PatchTST
2015-11-12,AAPL,-0.0255586774322335,-0.014141917,PatchTST
2015-11-12,CAT,-0.09443463793113739,-0.025363011,PatchTST
2015-11-12,CVX,-0.05226191488434481,0.0700812,PatchTST
2015-11-12,DUK,-0.005732972217625499,-0.023244534,PatchTST
2015-11-12,GS,-0.108102413544317,0.036107082,PatchTST
2015-11-12,HD,0.04933872628933099,0.011022575,PatchTST
2015-11-12,INTC,0.04201409925443981,-0.061404385,PatchTST
2015-11-12,JNJ,0.005575983351136302,-0.009120953,PatchTST
2015-11-12,JPM,-0.0499266718375182,0.07376097,PatchTST
2015-11-12,KO,0.013095977135992606,-0.014087839,PatchTST
2015-11-12,MCD,0.0272080186007903,0.06449649,PatchTST
2015-11-12,MMM,-0.020342223818976605,0.0126620475,PatchTST
2015-11-12,MSFT,0.014330417589852498,0.06322062,PatchTST
2015-11-12,NEM,0.07391175649811278,-0.009805815,PatchTST
2015-11-12,PFE,-0.051075039057876415,-0.052882854,PatchTST
2015-11-12,PG,0.023677907634539096,-0.0067396155,PatchTST
2015-11-12,UNH,0.016803732712688098,-0.012573302,PatchTST
2015-11-12,VZ,-0.011093897667719003,0.008371667,PatchTST
2015-11-12,WFC,-0.045649927379012106,0.022898791,PatchTST
2015-11-12,XOM,-0.09342548236723211,0.05868749,PatchTST
2015-12-14,AAPL,-0.15025575226310278,-0.091155894,PatchTST
2015-12-14,CAT,-0.07191201997640942,-0.0018121912,PatchTST
2015-12-14,CVX,-0.0609353969707987,-0.07539829,PatchTST
2015-12-14,DUK,0.05533906271766109,0.008408834,PatchTST
2015-12-14,GS,-0.10481910296366338,0.008014412,PatchTST
2015-12-14,HD,-0.0718221120584753,0.0044252574,PatchTST
2015-12-14,INTC,-0.0713509457379102,-0.025071768,PatchTST
2015-12-14,JNJ,-0.046913739165326096,-0.0072126756,PatchTST
2015-12-14,JPM,-0.10429196578832141,0.04414135,PatchTST
2015-12-14,KO,-0.009985834872688708,-0.034187183,PatchTST
2015-12-14,MCD,-0.008304782322154595,0.03239915,PatchTST
2015-12-14,MMM,-0.10987020427624677,0.004239868,PatchTST
2015-12-14,MSFT,-0.04579771603154629,-0.029875753,PatchTST
2015-12-14,NEM,-0.09020017342983902,0.065316044,PatchTST
2015-12-14,PFE,-0.054153713839711806,0.0036379946,PatchTST
2015-12-14,PG,-0.025127333129077806,-0.06565139,PatchTST
2015-12-14,UNH,-0.059961882762543973,-0.004656123,PatchTST
2015-12-14,VZ,-0.0028367617512902003,-0.009849902,PatchTST
2015-12-14,WFC,-0.06951554866202012,0.028675947,PatchTST
2015-12-14,XOM,0.017468170155941105,-0.10007266,PatchTST
2016-01-14,AAPL,-0.030123716529461407,-0.12259563,PatchTST
2016-01-14,CAT,0.048886501114843696,-0.025036778,PatchTST
2016-01-14,CVX,0.049182256322504996,-0.13911496,PatchTST
2016-01-14,DUK,0.071902654546484,-0.07190003,PatchTST
2016-01-14,GS,-0.08434476897177093,0.015072354,PatchTST
2016-01-14,HD,-0.0427464933174275,0.06170786,PatchTST
2016-01-14,INTC,-0.09935202187293661,0.007931192,PatchTST
2016-01-14,JNJ,0.0482894483226776,0.0012401999,PatchTST
2016-01-14,JPM,0.0026125265224915123,0.028911136,PatchTST
2016-01-14,KO,0.0296631213388035,-0.0028250334,PatchTST
2016-01-14,MCD,0.024116309977081078,0.026429452,PatchTST
2016-01-14,MMM,0.11143445206143131,0.020237533,PatchTST
2016-01-14,MSFT,-0.022323308783158084,0.013339352,PatchTST
2016-01-14,NEM,0.38854130074681653,0.06947024,PatchTST
2016-01-14,PFE,-0.023818783535964692,0.04738024,PatchTST
2016-01-14,PG,0.0742463381682851,-0.047852077,PatchTST
2016-01-14,UNH,0.02343466016665799,0.028985685,PatchTST
2016-01-14,VZ,0.1266276557605441,0.012359159,PatchTST
2016-01-14,WFC,-0.042177047935399,-0.017863778,PatchTST
2016-01-14,XOM,0.0777372772758814,0.03407124,PatchTST
2016-02-16,AAPL,0.1067638836406619,-0.12609074,PatchTST
2016-02-16,CAT,0.13724578277376898,-0.00597895,PatchTST
2016-02-16,CVX,0.11106977381620689,-0.003412309,PatchTST
2016-02-16,DUK,0.023463455653825988,-0.047504414,PatchTST
2016-02-16,GS,0.0439167567162837,-0.22516227,PatchTST
2016-02-16,HD,0.1144404951587806,-0.039920226,PatchTST
2016-02-16,INTC,0.09993398921186199,0.04021744,PatchTST
2016-02-16,JNJ,0.06392102632019948,-0.004718921,PatchTST
2016-02-16,JPM,0.029310566140059703,0.041239098,PatchTST
2016-02-16,KO,0.0559951157169587,-0.0022927113,PatchTST
2016-02-16,MCD,0.05313015283672741,0.028664764,PatchTST
2016-02-16,MMM,0.0534310574331226,-0.03159225,PatchTST
2016-02-16,MSFT,0.06654330820956801,0.011533858,PatchTST
2016-02-16,NEM,0.0235711301656027,-0.03081556,PatchTST
2016-02-16,PFE,0.006112378828134594,-0.01804945,PatchTST
2016-02-16,PG,0.003943364577900803,-0.025624217,PatchTST
2016-02-16,UNH,0.11434081039755371,-0.016820148,PatchTST
2016-02-16,VZ,0.049825320478102605,-0.03830449,PatchTST
2016-02-16,WFC,0.0549008886988726,-0.05458984,PatchTST
2016-02-16,XOM,0.021850349781844504,-0.0167153,PatchTST
2016-03-16,AAPL,0.06943887554953182,0.006036241,PatchTST
2016-03-16,CAT,0.08732261014054642,0.0112403035,PatchTST
2016-03-16,CVX,0.0386004645132626,0.0040639164,PatchTST
2016-03-16,DUK,0.017778161494014,0.07209265,PatchTST
2016-03-16,GS,0.0567673083344521,0.053170584,PatchTST
2016-03-16,HD,0.03529565004689935,-0.009095289,PatchTST
2016-03-16,INTC,0.004727998934301401,0.03572106,PatchTST
2016-03-16,JNJ,0.019118162569791004,0.0005148072,PatchTST
2016-03-16,JPM,0.06306048000243511,-0.024616003,PatchTST
2016-03-16,KO,0.012957172402824296,-0.013825453,PatchTST
2016-03-16,MCD,0.03252068304466438,0.01974754,PatchTST
2016-03-16,MMM,0.03479215474922551,-0.043194998,PatchTST
2016-03-16,MSFT,0.03249523718431469,0.06598124,PatchTST
2016-03-16,NEM,0.0839727710873781,-0.14707485,PatchTST
2016-03-16,PFE,0.10009947008009762,-0.046838842,PatchTST
2016-03-16,PG,0.0167306604179956,0.0013990937,PatchTST
2016-03-16,UNH,0.0247609994362149,0.023561735,PatchTST
2016-03-16,VZ,-0.014685784901038203,-0.031600814,PatchTST
2016-03-16,WFC,-0.024097460934139697,-0.02506673,PatchTST
2016-03-16,XOM,0.031027858837634505,-0.041635904,PatchTST
2016-04-15,AAPL,-0.2077503215903225,0.03778801,PatchTST
2016-04-15,CAT,-0.11088318626923241,-0.027820393,PatchTST
2016-04-15,CVX,0.02777949947934711,-0.072785825,PatchTST
2016-04-15,DUK,0.0164777865012908,0.004345167,PatchTST
2016-04-15,GS,-0.0352285474108162,-0.08520709,PatchTST
2016-04-15,HD,-0.009271126441137438,0.009382493,PatchTST
2016-04-15,INTC,-0.052672657211955604,-0.005798451,PatchTST
2016-04-15,JNJ,0.033306847650269755,-0.024161287,PatchTST
2016-04-15,JPM,-0.022458366659245603,-0.0056967298,PatchTST
2016-04-15,KO,-0.010529108670307196,0.004479114,PatchTST
2016-04-15,MCD,0.01029901609947085,0.062360026,PatchTST
2016-04-15,MMM,0.0009510254830035012,-0.039899435,PatchTST
2016-04-15,MSFT,-0.0804642699881314,0.029312605,PatchTST
2016-04-15,NEM,0.1722174400029656,-0.080844104,PatchTST
2016-04-15,PFE,0.025319081514468402,-0.09684073,PatchTST
2016-04-15,PG,-0.009556687860738699,0.013063511,PatchTST
2016-04-15,UNH,0.007938452046309805,-0.0038214168,PatchTST
2016-04-15,VZ,-0.008211277718181299,0.019095192,PatchTST
2016-04-15,WFC,-0.003707661641750102,-0.034616377,PatchTST
2016-04-15,XOM,0.04548048968243389,-0.032388326,PatchTST
2016-05-16,AAPL,0.0738712609762273,-0.04451926,PatchTST
2016-05-16,CAT,0.0661250526627227,-0.048670948,PatchTST
2016-05-16,CVX,0.015861715079423404,-0.08213518,PatchTST
2016-05-16,DUK,0.03053162186577,-0.032988835,PatchTST
2016-05-16,GS,-0.056619088577958096,-0.031283915,PatchTST
2016-05-16,HD,-0.055929288356554696,-0.029039925,PatchTST
2016-05-16,INTC,0.0719085673868924,-0.0421589,PatchTST
2016-05-16,JNJ,0.03798180506208378,0.04247911,PatchTST
2016-05-16,JPM,0.01427667269714919,-0.034711923,PatchTST
2016-05-16,KO,0.0007804100238975029,0.0061370544,PatchTST
2016-05-16,MCD,-0.0429774809328758,0.047371734,PatchTST
2016-05-16,MMM,0.002409380948562391,0.0037918617,PatchTST
2016-05-16,MSFT,-0.0178061671653685,0.020872537,PatchTST
2016-05-16,NEM,0.03191288281281951,0.024719743,PatchTST
2016-05-16,PFE,0.052813730435880196,0.02488533,PatchTST
2016-05-16,PG,0.025763959896012406,0.047819674,PatchTST
2016-05-16,UNH,0.06649867701366322,0.056300476,PatchTST
2016-05-16,VZ,0.039455009066199795,0.0029895543,PatchTST
2016-05-16,WFC,-0.02859765018467869,0.0050354996,PatchTST
2016-05-16,XOM,0.0197670426062632,-0.045861334,PatchTST
2016-06-15,AAPL,0.013554625973735007,-0.02520501,PatchTST
2016-06-15,CAT,0.0671562729137046,0.03375115,PatchTST
2016-06-15,CVX,0.052132008950621395,-0.04450267,PatchTST
2016-06-15,DUK,0.027998530841449987,0.019332945,PatchTST
2016-06-15,GS,0.10601713298481491,-0.109499745,PatchTST
2016-06-15,HD,0.0716299469111459,-0.017906036,PatchTST
2016-06-15,INTC,0.09094457532804912,0.038652085,PatchTST
2016-06-15,JNJ,0.050447637544399355,0.030677456,PatchTST
2016-06-15,JPM,0.04008671136384128,-0.05920501,PatchTST
2016-06-15,KO,0.014328409881858907,0.024330664,PatchTST
2016-06-15,MCD,0.011524095557042197,0.017827561,PatchTST
2016-06-15,MMM,0.07630465287109942,0.048693992,PatchTST
2016-06-15,MSFT,0.07554054434049111,0.015257917,PatchTST
2016-06-15,NEM,0.1689563175579745,0.11274272,PatchTST
2016-06-15,PFE,0.0536908302616437,0.031663887,PatchTST
2016-06-15,PG,0.0297862754615728,0.005606451,PatchTST
2016-06-15,UNH,0.025856413709147395,-0.0046184566,PatchTST
2016-06-15,VZ,0.06243228677217621,-0.04376141,PatchTST
2016-06-15,WFC,0.0430041288954805,-0.037187915,PatchTST
2016-06-15,XOM,0.04877466014140411,0.029301202,PatchTST
2016-07-15,AAPL,0.09620241987274879,-0.0044946456,PatchTST
2016-07-15,CAT,0.0456520890718742,0.06746621,PatchTST
2016-07-15,CVX,-0.0434811870107597,0.030892015,PatchTST
2016-07-15,DUK,-0.0048363474418987,-0.015182573,PatchTST
2016-07-15,GS,0.004358916937082698,-0.020266507,PatchTST
2016-07-15,HD,0.0149755988865371,0.0540521,PatchTST
2016-07-15,INTC,-0.010508188524409599,0.1296441,PatchTST
2016-07-15,JNJ,0.00032475576063599985,0.016302638,PatchTST
2016-07-15,JPM,0.018541839888441502,-0.043759085,PatchTST
2016-07-15,KO,-0.0370082449353125,-0.018169219,PatchTST
2016-07-15,MCD,-0.036233076693977205,0.012676779,PatchTST
2016-07-15,MMM,-0.003488522255668227,-0.0039151744,PatchTST
2016-07-15,MSFT,0.0752505720551759,0.06925372,PatchTST
2016-07-15,NEM,0.0818524124456217,0.09061569,PatchTST
2016-07-15,PFE,-0.0456985409500625,-0.025401045,PatchTST
2016-07-15,PG,0.0213384335914975,0.012907716,PatchTST
2016-07-15,UNH,0.014381050645328498,-0.008271431,PatchTST
2016-07-15,VZ,-0.040009028416193304,-0.012315883,PatchTST
2016-07-15,WFC,-0.013481137012133,-0.029022712,PatchTST
2016-07-15,XOM,-0.06922838081428451,0.05667883,PatchTST
2016-08-15,AAPL,-0.002128549635816799,0.0030168418,PatchTST
2016-08-15,CAT,-0.03394366858479479,-0.07589978,PatchTST
2016-08-15,CVX,-0.016604630569170296,0.02662577,PatchTST
2016-08-15,DUK,-0.057940571347594914,0.06121807,PatchTST
2016-08-15,GS,0.026613955240211297,0.07108614,PatchTST
2016-08-15,HD,-0.0776649825994613,0.012334948,PatchTST
2016-08-15,INTC,0.0296401160021589,0.024274968,PatchTST
2016-08-15,JNJ,-0.03994830613829817,0.022955358,PatchTST
2016-08-15,JPM,0.018354895439091003,0.067307964,PatchTST
2016-08-15,KO,-0.032419932597587,-0.008845946,PatchTST
2016-08-15,MCD,-0.0331606620509117,0.054246545,PatchTST
2016-08-15,MMM,-0.017362873554733704,-0.0057664383,PatchTST
2016-08-15,MSFT,-0.018423413216350402,0.019364301,PatchTST
2016-08-15,NEM,-0.1457390620398664,0.0120671075,PatchTST
2016-08-15,PFE,-0.0272402678074636,0.04084388,PatchTST
2016-08-15,PG,0.00011531135865400222,0.008113831,PatchTST
2016-08-15,UNH,-0.05993132114682259,0.036790095,PatchTST
2016-08-15,VZ,-0.041871095697553,-0.008562826,PatchTST
2016-08-15,WFC,-0.019819505772331103,-0.032173786,PatchTST
2016-08-15,XOM,-0.030511894902311897,-0.01574542,PatchTST
2016-09-14,AAPL,0.08340766475578902,-0.06434273,PatchTST
2016-09-14,CAT,0.087655383089404,0.018922418,PatchTST
2016-09-14,CVX,0.026988494904198093,-0.021344746,PatchTST
2016-09-14,DUK,-0.027537028255366303,0.041880198,PatchTST
2016-09-14,GS,0.013678074441769,-0.029661901,PatchTST
2016-09-14,HD,0.007685952463553504,-0.041213166,PatchTST
2016-09-14,INTC,0.04179879755159592,0.0127026085,PatchTST
2016-09-14,JNJ,0.0030561140036760807,0.03391681,PatchTST
2016-09-14,JPM,0.031007608890525607,0.01006025,PatchTST
2016-09-14,KO,-0.0118966088396963,0.015867947,PatchTST
2016-09-14,MCD,-0.0001743426510980011,0.0058948034,PatchTST
2016-09-14,MMM,-0.0367313927281023,0.05843981,PatchTST
2016-09-14,MSFT,0.010207897656127191,-0.06394168,PatchTST
2016-09-14,NEM,-0.12253542922673284,0.11968824,PatchTST
2016-09-14,PFE,-0.028909709698112296,-0.00084634125,PatchTST
2016-09-14,PG,0.017310207428297898,0.031355575,PatchTST
2016-09-14,UNH,0.008548632152512803,0.04836604,PatchTST
2016-09-14,VZ,-0.011265565111097503,0.03453364,PatchTST
2016-09-14,WFC,-0.035547865971444007,-0.007565492,PatchTST
2016-09-14,XOM,0.022282302910753903,0.027987886,PatchTST
2016-10-13,AAPL,-0.0797696185945835,0.08014214,PatchTST
2016-10-13,CAT,0.0736623914381979,0.033104837,PatchTST
2016-10-13,CVX,0.0537425827435565,0.026646763,PatchTST
2016-10-13,DUK,-0.01963011445084931,-0.009777658,PatchTST
2016-10-13,GS,0.1709859668954939,-0.063161775,PatchTST
2016-10-13,HD,0.018301570691113794,-0.00036693577,PatchTST
2016-10-13,INTC,-0.06592299646091149,0.09869132,PatchTST
2016-10-13,JNJ,0.0132210369263312,0.091266625,PatchTST
2016-10-13,JPM,0.1178317557584682,0.019584544,PatchTST
2016-10-13,KO,-0.020309941570158807,0.036652416,PatchTST
2016-10-13,MCD,-0.0017449341119383944,-0.022562783,PatchTST
2016-10-13,MMM,0.02651330849222502,0.052317426,PatchTST
2016-10-13,MSFT,0.027460508763225797,0.03115503,PatchTST
2016-10-13,NEM,0.004624301821831184,0.07681635,PatchTST
2016-10-13,PFE,0.022544467914182006,0.027858859,PatchTST
2016-10-13,PG,-0.0577436861948806,0.03908093,PatchTST
2016-10-13,UNH,0.0784814481768013,-0.021638956,PatchTST
2016-10-13,VZ,-0.07447497331162001,0.025767788,PatchTST
2016-10-13,WFC,0.1386515029873548,-0.02300225,PatchTST
2016-10-13,XOM,0.007897357948048706,0.058252525,PatchTST
2016-11-11,AAPL,0.04985438707773861,0.02560702,PatchTST
2016-11-11,CAT,0.0172924844816106,0.079992294,PatchTST
2016-11-11,CVX,0.0932316441543051,0.016574794,PatchTST
2016-11-11,DUK,0.028734411802072896,-0.004357915,PatchTST
2016-11-11,GS,0.16921406972470043,-0.034567103,PatchTST
2016-11-11,HD,0.047409658717930306,0.08344567,PatchTST
2016-11-11,INTC,0.041725906051441795,0.012066342,PatchTST
2016-11-11,JNJ,-0.028707175662328003,-0.014275217,PatchTST
2016-11-11,JPM,0.1002203155368808,-0.020117877,PatchTST
2016-11-11,KO,0.0315964387792513,0.010504659,PatchTST
2016-11-11,MCD,0.0689715661084009,0.0019001204,PatchTST
2016-11-11,MMM,0.0366826694776048,0.035834454,PatchTST
2016-11-11,MSFT,0.06416548139694819,0.049609825,PatchTST
2016-11-11,NEM,-0.06035652836370067,0.09778057,PatchTST
2016-11-11,PFE,-0.033088451380465005,-0.032526135,PatchTST
2016-11-11,PG,0.025821179019449497,0.0036450913,PatchTST
2016-11-11,UNH,0.09145872784232299,-0.007488519,PatchTST
2016-11-11,VZ,0.1030875814638846,0.0011177321,PatchTST
2016-11-11,WFC,0.07731262113302599,-0.12906368,PatchTST
2016-11-11,XOM,0.0441567887715428,-0.02083732,PatchTST
2016-12-13,AAPL,0.05118285650888249,0.017191725,PatchTST
2016-12-13,CAT,-0.011530337712494508,0.013628915,PatchTST
2016-12-13,CVX,-0.0084867019080305,0.030573055,PatchTST
2016-12-13,DUK,0.013764761305323298,0.025219804,PatchTST
2016-12-13,GS,0.0277350617852068,0.00040793186,PatchTST
2016-12-13,HD,0.003634545489747303,0.004046037,PatchTST
2016-12-13,INTC,0.020363792522103095,0.07145004,PatchTST
2016-12-13,JNJ,-0.006435234745936801,-0.042185158,PatchTST
2016-12-13,JPM,0.0231824749621308,0.015514695,PatchTST
2016-12-13,KO,-0.022934071840765003,-0.006095213,PatchTST
2016-12-13,MCD,0.0029526729113186993,0.029269364,PatchTST
2016-12-13,MMM,-0.012322699487076698,0.046919856,PatchTST
2016-12-13,MSFT,0.007052631437066402,0.04008788,PatchTST
2016-12-13,NEM,0.0557773975011368,-0.039781973,PatchTST
2016-12-13,PFE,0.006153730113513593,0.0032729758,PatchTST
2016-12-13,PG,-0.015269523494472597,-0.017661374,PatchTST
2016-12-13,UNH,0.0178346457646053,0.0041710297,PatchTST
2016-12-13,VZ,0.028252692646223897,0.029163346,PatchTST
2016-12-13,WFC,-0.0232148610154799,0.01913746,PatchTST
2016-12-13,XOM,-0.0523464048501334,-0.013485957,PatchTST
2017-01-13,AAPL,0.11563136639671215,0.016997162,PatchTST
2017-01-13,CAT,0.0551312950494524,0.03900066,PatchTST
2017-01-13,CVX,-0.0195599240330388,-0.0015887665,PatchTST
2017-01-13,DUK,0.014722065640649103,0.00027526403,PatchTST
2017-01-13,GS,0.00991604981276359,0.029378453,PatchTST
2017-01-13,HD,0.03492030499114806,-0.023533134,PatchTST
2017-01-13,INTC,-0.017987486464324402,0.048609737,PatchTST
2017-01-13,JNJ,0.010932707899647098,0.01438993,PatchTST
2017-01-13,JPM,0.021905804657067894,-0.03404401,PatchTST
2017-01-13,KO,-0.008091212311394199,-0.00039335457,PatchTST
2017-01-13,MCD,0.027784148625307103,-0.013798351,PatchTST
2017-01-13,MMM,0.0199750344098849,-0.0062735616,PatchTST
2017-01-13,MSFT,0.03314506893250049,-0.016546207,PatchTST
2017-01-13,NEM,0.0810460748216199,0.020748477,PatchTST
2017-01-13,PFE,0.010443196435268597,-0.0075061657,PatchTST
2017-01-13,PG,0.059837010806758795,-0.0045981137,PatchTST
2017-01-13,UNH,-0.0022816307871054552,0.046557702,PatchTST
2017-01-13,VZ,-0.08164153474466031,0.024704726,PatchTST
2017-01-13,WFC,0.05302217851815688,-0.043112773,PatchTST
2017-01-13,XOM,-0.030350048207132604,0.0037108462,PatchTST
2017-02-14,AAPL,0.05239556322971829,0.0060359333,PatchTST
2017-02-14,CAT,-0.05359388815196299,0.114046864,PatchTST
2017-02-14,CVX,-0.0356354576370077,-0.0026022997,PatchTST
2017-02-14,DUK,0.0522193503739372,0.01829813,PatchTST
2017-02-14,GS,0.004679475368274008,0.047343377,PatchTST
2017-02-14,HD,0.06222824651134,0.0061174105,PatchTST
2017-02-14,INTC,-0.0197468028105098,0.03713528,PatchTST
2017-02-14,JNJ,0.11354228667175109,0.011700702,PatchTST
2017-02-14,JPM,0.0398093726733929,0.008956742,PatchTST
2017-02-14,KO,0.04504966188416391,-0.01732685,PatchTST
2017-02-14,MCD,0.0258012143768225,-0.010808765,PatchTST
2017-02-14,MMM,0.06120407396850232,0.008998446,PatchTST
2017-02-14,MSFT,0.006507615369225599,0.0009290915,PatchTST
2017-02-14,NEM,-0.0903224620015721,-0.091953546,PatchTST
2017-02-14,PFE,0.060100913482830795,-0.049660765,PatchTST
2017-02-14,PG,0.034392607686575594,0.01978357,PatchTST
2017-02-14,UNH,0.0624007779099945,0.041731317,PatchTST
2017-02-14,VZ,0.0322247391146966,-0.007655586,PatchTST
2017-02-14,WFC,0.028156036061203097,0.007981459,PatchTST
2017-02-14,XOM,-0.012120784419029099,0.0024935477,PatchTST
2017-03-16,AAPL,0.004191502285058402,0.009534899,PatchTST
2017-03-16,CAT,-0.0027887862448634955,-0.034822308,PatchTST
2017-03-16,CVX,-0.0258643976655253,0.051531244,PatchTST
2017-03-16,DUK,0.007169452199277601,-0.02286445,PatchTST
2017-03-16,GS,-0.09989161835529312,0.1965616,PatchTST
2017-03-16,HD,-0.013884343002306003,0.00836564,PatchTST
2017-03-16,INTC,0.004264355757490705,0.050963737,PatchTST
2017-03-16,JNJ,-0.031268349024072925,0.014628399,PatchTST
2017-03-16,JPM,-0.07755255829109971,0.10193209,PatchTST
2017-03-16,KO,0.0157818388521132,-0.00020144414,PatchTST
2017-03-16,MCD,0.02227133378166,-0.0024031173,PatchTST
2017-03-16,MMM,-0.013426672072868396,0.017201198,PatchTST
2017-03-16,MSFT,0.003084311473776002,0.053419027,PatchTST
2017-03-16,NEM,0.011661786226501904,0.05271098,PatchTST
2017-03-16,PFE,-0.021895134808944297,-0.003916466,PatchTST
2017-03-16,PG,-0.015102972719839599,0.01344783,PatchTST
2017-03-16,UNH,-0.0405118863294163,0.018228311,PatchTST
2017-03-16,VZ,-0.018922521126038504,0.012662817,PatchTST
2017-03-16,WFC,-0.13394510279278038,0.060440823,PatchTST
2017-03-16,XOM,-0.003787635988567602,0.012179781,PatchTST
2017-04-17,AAPL,0.1029357868215362,0.09665747,PatchTST
2017-04-17,CAT,0.1036799589981743,0.04274293,PatchTST
2017-04-17,CVX,0.007043626610906085,-0.0032525377,PatchTST
2017-04-17,DUK,0.011915553369532702,0.0041313656,PatchTST
2017-04-17,GS,0.008027829294895903,0.09222195,PatchTST
2017-04-17,HD,0.0753558160178508,0.00059838686,PatchTST
2017-04-17,INTC,0.018134283874876506,0.05532659,PatchTST
2017-04-17,JNJ,0.0158744143216357,0.0144440215,PatchTST
2017-04-17,JPM,0.0342407416090596,0.10180829,PatchTST
2017-04-17,KO,0.021729947913841502,-0.017544221,PatchTST
2017-04-17,MCD,0.11215870436789488,-0.031729788,PatchTST
2017-04-17,MMM,0.04650305768125079,0.0054767737,PatchTST
2017-04-17,MSFT,0.0521930330998389,0.035977267,PatchTST
2017-04-17,NEM,-0.018429394138727396,-0.004785747,PatchTST
2017-04-17,PFE,-0.0130548372804824,-0.0013619433,PatchTST
2017-04-17,PG,-0.03433762527034951,-0.011790188,PatchTST
2017-04-17,UNH,0.039055483484463804,-0.0414413,PatchTST
2017-04-17,VZ,-0.0689637052684673,-0.042336345,PatchTST
2017-04-17,WFC,0.0446383218819005,0.017676828,PatchTST
2017-04-17,XOM,0.0228951657789262,0.019372545,PatchTST
2017-05-16,AAPL,-0.07009441569154229,0.08122619,PatchTST
2017-05-16,CAT,0.022112665284020304,0.04286433,PatchTST
2017-05-16,CVX,0.007778737904666806,-0.005380344,PatchTST
2017-05-16,DUK,0.04259668597957401,0.0283667,PatchTST
2017-05-16,GS,0.009516389421690988,-0.04906369,PatchTST
2017-05-16,HD,0.0021325792521845015,-0.019807741,PatchTST
2017-05-16,INTC,-0.0028107340701079026,0.011620917,PatchTST
2017-05-16,JNJ,0.05111949327195985,0.037944034,PatchTST
2017-05-16,JPM,-0.002866288986845602,0.024694482,PatchTST
2017-05-16,KO,0.0434687347504647,0.0040546195,PatchTST
2017-05-16,MCD,0.03588506359207559,0.0037633614,PatchTST
2017-05-16,MMM,0.0667133436647735,0.031229613,PatchTST
2017-05-16,MSFT,0.0322498568207731,0.019867877,PatchTST
2017-05-16,NEM,-0.0029599968365700974,0.02451229,PatchTST
2017-05-16,PFE,-0.013067954978149,-0.025700448,PatchTST
2017-05-16,PG,0.024147434886318698,-0.001938869,PatchTST
2017-05-16,UNH,0.0612241652566131,0.045202605,PatchTST
2017-05-16,VZ,0.028458514500493793,0.052423026,PatchTST
2017-05-16,WFC,0.022439500691180506,0.042205255,PatchTST
2017-05-16,XOM,-0.008855373851836898,-0.0055637513,PatchTST
2017-06-15,AAPL,0.0263780025499108,0.08220662,PatchTST
2017-06-15,CAT,0.0380411557215815,0.014541711,PatchTST
2017-06-15,CVX,-0.020471074195202704,-0.01387485,PatchTST
2017-06-15,DUK,-0.029151023984817705,0.02331774,PatchTST
2017-06-15,GS,0.009184515475603004,0.10090332,PatchTST
2017-06-15,HD,-0.025062776203908583,0.0001895153,PatchTST
2017-06-15,INTC,-0.024214134222442993,0.031147832,PatchTST
2017-06-15,JNJ,-0.0012809821570111991,-0.009286374,PatchTST
2017-06-15,JPM,0.0630459198762809,0.08663302,PatchTST
2017-06-15,KO,-0.013781131324352401,0.002752151,PatchTST
2017-06-15,MCD,0.030071992178981204,0.051717427,PatchTST
2017-06-15,MMM,0.008345814574633799,-0.0009089047,PatchTST
2017-06-15,MSFT,0.035095759668145,-0.0012495873,PatchTST
2017-06-15,NEM,-0.012533649328427402,-0.029763002,PatchTST
2017-06-15,PFE,0.0223844283507279,0.006967566,PatchTST
2017-06-15,PG,-0.0152677556211482,-0.0057976427,PatchTST
2017-06-15,UNH,0.028712130136424797,0.030296262,PatchTST
2017-06-15,VZ,-0.05636111114847978,-0.06162632,PatchTST
2017-06-15,WFC,0.008400378228524007,0.033485524,PatchTST
2017-06-15,XOM,-0.0096730639034442,-0.06362644,PatchTST
2017-07-17,AAPL,0.0739408745796252,0.008081954,PatchTST
2017-07-17,CAT,0.051607812464679534,0.054940395,PatchTST
2017-07-17,CVX,0.040071160783029,0.035997074,PatchTST
2017-07-17,DUK,0.026831624205318802,-0.01319289,PatchTST
2017-07-17,GS,-0.005439252331549793,0.027381795,PatchTST
2017-07-17,HD,0.008986096883968397,0.03801915,PatchTST
2017-07-17,INTC,0.0542344850243457,-0.018042361,PatchTST
2017-07-17,JNJ,0.006614431451257249,0.026641881,PatchTST
2017-07-17,JPM,0.002598347671382298,0.0673071,PatchTST
2017-07-17,KO,0.024758009192562998,0.014268246,PatchTST
2017-07-17,MCD,0.012670314268314106,0.04866314,PatchTST
2017-07-17,MMM,-0.020996370985484993,0.023450267,PatchTST
2017-07-17,MSFT,0.0110685451570695,-0.003514207,PatchTST
2017-07-17,NEM,0.07851678983208761,-0.15470055,PatchTST
2017-07-17,PFE,0.0061243490667244015,0.026650017,PatchTST
2017-07-17,PG,0.058735090100740406,0.010230566,PatchTST
2017-07-17,UNH,0.035788646782816805,-0.05256933,PatchTST
2017-07-17,VZ,0.1131813837559852,-0.07305789,PatchTST
2017-07-17,WFC,-0.0326452131079535,0.017691249,PatchTST
2017-07-17,XOM,-0.028600428359451705,-0.047277495,PatchTST
2017-08-15,AAPL,-0.001252220419113403,0.0592269,PatchTST
2017-08-15,CAT,0.05075237625435071,0.05250436,PatchTST
2017-08-15,CVX,0.05908983169255479,-0.009331766,PatchTST
2017-08-15,DUK,0.017814579618985298,0.038825788,PatchTST
2017-08-15,GS,-0.00011503367165999982,-0.047845162,PatchTST
2017-08-15,HD,0.042555439359659206,0.01950013,PatchTST
2017-08-15,INTC,-0.0002748112199775976,-0.042906377,PatchTST
2017-08-15,JNJ,-0.0014053870599132015,0.003096775,PatchTST
2017-08-15,JPM,-0.014594164839876994,0.05164526,PatchTST
2017-08-15,KO,0.023093869061348603,0.03222021,PatchTST
2017-08-15,MCD,0.004261146016663701,0.0040687546,PatchTST
2017-08-15,MMM,0.01590676275940727,-0.0051792325,PatchTST
2017-08-15,MSFT,0.0270886450350105,0.022706725,PatchTST
2017-08-15,NEM,0.05230640763289381,0.03713202,PatchTST
2017-08-15,PFE,0.05120342885575,-0.006177092,PatchTST
2017-08-15,PG,0.0205190527118118,0.04326222,PatchTST
2017-08-15,UNH,0.0273579170026008,0.026664518,PatchTST
2017-08-15,VZ,-0.031868320463807796,-0.0033895718,PatchTST
2017-08-15,WFC,-0.026463559654936186,0.059238233,PatchTST
2017-08-15,XOM,0.019494706219458303,-0.050729666,PatchTST
2017-09-14,AAPL,-0.023127898849356905,0.03933088,PatchTST
2017-09-14,CAT,0.08305390908760839,0.11863415,PatchTST
2017-09-14,CVX,0.042523018121196,-0.016640807,PatchTST
2017-09-14,DUK,0.002302210377519703,0.0007285038,PatchTST
2017-09-14,GS,0.05679534804210021,-0.009576915,PatchTST
2017-09-14,HD,0.0281589042905162,0.05087488,PatchTST
2017-09-14,INTC,0.0757775279230332,0.0033779517,PatchTST
2017-09-14,JNJ,0.0325342809057753,0.030750249,PatchTST
2017-09-14,JPM,0.057565957127067205,0.0006204678,PatchTST
2017-09-14,KO,-0.008422535834073,0.008599009,PatchTST
2017-09-14,MCD,0.0430712855739709,0.04977322,PatchTST
2017-09-14,MMM,0.03793665248300679,0.044840578,PatchTST
2017-09-14,MSFT,0.025078406371987997,0.03637317,PatchTST
2017-09-14,NEM,0.013373677947308395,0.0023795012,PatchTST
2017-09-14,PFE,0.036133492107208,-0.0002642516,PatchTST
2017-09-14,PG,-0.015078519161089597,0.0032264409,PatchTST
2017-09-14,UNH,-0.027656783207098315,0.07192852,PatchTST
2017-09-14,VZ,0.0349392422141902,-0.022301862,PatchTST
2017-09-14,WFC,0.0703390896743971,0.015465504,PatchTST
2017-09-14,XOM,0.032801525337917706,-0.01275239,PatchTST
2017-10-13,AAPL,0.1166308172033996,0.003326228,PatchTST
2017-10-13,CAT,0.05466761841082439,0.0033927686,PatchTST
2017-10-13,CVX,-0.01658817915473969,0.010535575,PatchTST
2017-10-13,DUK,0.0218362207613456,-0.021363784,PatchTST
2017-10-13,GS,0.0014584252888609943,-0.03351585,PatchTST
2017-10-13,HD,-0.0029207229544534015,0.08960191,PatchTST
2017-10-13,INTC,0.15695610040525737,-0.010121258,PatchTST
2017-10-13,JNJ,0.019755349079932302,0.04154188,PatchTST
2017-10-13,JPM,0.0157108909339556,0.012024024,PatchTST
2017-10-13,KO,0.009282181548368598,0.029851317,PatchTST
2017-10-13,MCD,0.010197399364219907,0.034614656,PatchTST
2017-10-13,MMM,0.044317848930633084,0.0484231,PatchTST
2017-10-13,MSFT,0.0839049359936764,0.010293643,PatchTST
2017-10-13,NEM,-0.077701170545419,-0.073825285,PatchTST
2017-10-13,PFE,-0.0236204357002682,0.025854876,PatchTST
2017-10-13,PG,-0.036798486940555514,-0.034003414,PatchTST
2017-10-13,UNH,0.0899141447521951,0.051177934,PatchTST
2017-10-13,VZ,-0.07447387550459299,0.0883767,PatchTST
2017-10-13,WFC,-0.018722447531443802,-0.0059922,PatchTST
2017-10-13,XOM,0.015380267859211798,-0.0047985706,PatchTST
2017-11-13,AAPL,-0.017149691414095874,0.0279917,PatchTST
2017-11-13,CAT,0.049599259677462294,0.013501728,PatchTST
2017-11-13,CVX,0.03042798758768792,0.022982948,PatchTST
2017-11-13,DUK,-0.010123710147391099,0.031241955,PatchTST
2017-11-13,GS,0.0735922038416322,0.076544344,PatchTST
2017-11-13,HD,0.10742367658347049,0.042179197,PatchTST
2017-11-13,INTC,-0.0506236984956631,0.007446153,PatchTST
2017-11-13,JNJ,0.027653914588019496,-0.02701846,PatchTST
2017-11-13,JPM,0.0914711192591585,0.009773984,PatchTST
2017-11-13,KO,-0.0190604049383389,0.026255144,PatchTST
2017-11-13,MCD,0.045259767471269696,0.045527596,PatchTST
2017-11-13,MMM,0.0443880307312314,-0.002695695,PatchTST
2017-11-13,MSFT,0.025193426763800895,0.038611084,PatchTST
2017-11-13,NEM,-0.024435634212267802,-0.06672668,PatchTST
2017-11-13,PFE,0.039023740064277404,-0.0028204438,PatchTST
2017-11-13,PG,0.018988201980644808,-0.0041991076,PatchTST
2017-11-13,UNH,0.05606324427062359,0.025964426,PatchTST
2017-11-13,VZ,0.1698780453630672,-0.013350049,PatchTST
2017-11-13,WFC,0.1143705812872061,0.009071252,PatchTST
2017-11-13,XOM,-0.002172544533779501,0.0039957026,PatchTST
2017-12-13,AAPL,0.030909233117132902,-0.030381506,PatchTST
2017-12-13,CAT,0.17178431466750646,0.07271325,PatchTST
2017-12-13,CVX,0.1100286681594995,0.02680599,PatchTST
2017-12-13,DUK,-0.0992202516359898,-0.029369328,PatchTST
2017-12-13,GS,-0.0025254212686173956,0.018252414,PatchTST
2017-12-13,HD,0.0773477302132636,0.02473658,PatchTST
2017-12-13,INTC,-0.0020791173013105044,-0.04442297,PatchTST
2017-12-13,JNJ,0.02191767156824921,0.05286353,PatchTST
2017-12-13,JPM,0.058233341337820196,0.03592273,PatchTST
2017-12-13,KO,0.018810564374766404,0.012241717,PatchTST
2017-12-13,MCD,0.0077500693749938,0.03317948,PatchTST
2017-12-13,MMM,0.03280609591972025,0.011272812,PatchTST
2017-12-13,MSFT,0.045903811526326596,0.049250048,PatchTST
2017-12-13,NEM,0.1400511670711129,0.028087804,PatchTST
2017-12-13,PFE,-0.0010938845436008963,-0.012973039,PatchTST
2017-12-13,PG,-0.002674728285009899,0.02224039,PatchTST
2017-12-13,UNH,0.0272665083246679,0.048260756,PatchTST
2017-12-13,VZ,-0.013997170110023296,0.033465832,PatchTST
2017-12-13,WFC,0.0361363949432052,0.027674584,PatchTST
2017-12-13,XOM,0.055922366936059995,-0.010378559,PatchTST
2018-01-16,AAPL,-0.0706519796117478,0.027723264,PatchTST
2018-01-16,CAT,-0.09617312447660678,0.050107926,PatchTST
2018-01-16,CVX,-0.1648990310719993,-0.010938731,PatchTST
2018-01-16,DUK,-0.023337222915123402,0.05191499,PatchTST
2018-01-16,GS,-0.005853108413572013,0.044957943,PatchTST
2018-01-16,HD,-0.0668424398652493,0.053549435,PatchTST
2018-01-16,INTC,0.03458475858876201,-0.037009135,PatchTST
2018-01-16,JNJ,-0.11473450383252501,0.042367864,PatchTST
2018-01-16,JPM,-0.0021326117035682986,-0.004808245,PatchTST
2018-01-16,KO,-0.04339859622459811,0.018751336,PatchTST
2018-01-16,MCD,-0.06651862848132718,0.026727965,PatchTST
2018-01-16,MMM,-0.055117859943947495,0.02365645,PatchTST
2018-01-16,MSFT,0.0025637164544872,0.0025836565,PatchTST
2018-01-16,NEM,-0.07215728554460431,0.035975184,PatchTST
2018-01-16,PFE,-0.035553803183985405,0.01381696,PatchTST
2018-01-16,PG,-0.0872695565913116,0.004452737,PatchTST
2018-01-16,UNH,-0.008786007224984408,0.022176988,PatchTST
2018-01-16,VZ,-0.034925766350536305,0.038360678,PatchTST
2018-01-16,WFC,-0.06957638285052371,-0.0072441893,PatchTST
2018-01-16,XOM,-0.1270204280025484,-0.025559882,PatchTST
2018-02-14,AAPL,0.08349131348047009,0.056263052,PatchTST
2018-02-14,CAT,0.0038894721948635833,0.062971696,PatchTST
2018-02-14,CVX,0.029917350166836606,-0.019372802,PatchTST
2018-02-14,DUK,0.007440385184108297,0.011038028,PatchTST
2018-02-14,GS,0.04525027020565281,0.021255955,PatchTST
2018-02-14,HD,-0.025549110846670997,0.023962975,PatchTST
2018-02-14,INTC,0.1348804965288684,0.07492977,PatchTST
2018-02-14,JNJ,0.029956299971921996,0.07592235,PatchTST
2018-02-14,JPM,0.02468608266546536,0.0810826,PatchTST
2018-02-14,KO,-0.003048040323359404,0.04747928,PatchTST
2018-02-14,MCD,0.0014304235395468032,0.04729844,PatchTST
2018-02-14,MMM,0.0251855194631065,0.008564363,PatchTST
2018-02-14,MSFT,0.0519752421480419,0.026354292,PatchTST
2018-02-14,NEM,0.011413071406515606,-0.05784438,PatchTST
2018-02-14,PFE,0.04586958538680662,-0.0018041204,PatchTST
2018-02-14,PG,-0.035340690940038194,0.031447157,PatchTST
2018-02-14,UNH,0.0157585685395788,0.0008360683,PatchTST
2018-02-14,VZ,-0.0363974208139383,0.015130946,PatchTST
2018-02-14,WFC,-0.020378780067695695,0.020399747,PatchTST
2018-02-14,XOM,-0.024948351263704406,0.031304784,PatchTST
2018-03-16,AAPL,-0.015967685129493994,-0.010047747,PatchTST
2018-03-16,CAT,-0.015846236628203593,0.083832964,PatchTST
2018-03-16,CVX,0.0433451302765107,0.037876807,PatchTST
2018-03-16,DUK,0.0157728996465143,-0.04349703,PatchTST
2018-03-16,GS,-0.0332926450475477,0.03652058,PatchTST
2018-03-16,HD,-0.02065347500320901,0.045416594,PatchTST
2018-03-16,INTC,0.0294365823692543,0.103503,PatchTST
2018-03-16,JNJ,-0.0098180260248096,-0.017029645,PatchTST
2018-03-16,JPM,-0.0395708750905702,0.01715379,PatchTST
2018-03-16,KO,0.022864697338915302,0.0046616914,PatchTST
2018-03-16,MCD,0.000123485918206396,0.027688593,PatchTST
2018-03-16,MMM,-0.08016320316386179,0.006766093,PatchTST
2018-03-16,MSFT,-0.00010634617056178367,0.04205574,PatchTST
2018-03-16,NEM,0.10450224266945121,0.008723394,PatchTST
2018-03-16,PFE,-0.001368033663099997,-0.018595133,PatchTST
2018-03-16,PG,-0.0007632006328404974,0.0036311843,PatchTST
2018-03-16,UNH,0.0036539682444578954,0.012024504,PatchTST
2018-03-16,VZ,0.014572533851542304,0.114094295,PatchTST
2018-03-16,WFC,-0.11216798910481712,0.07663512,PatchTST
2018-03-16,XOM,0.0538833824956466,0.019256352,PatchTST
2018-04-17,AAPL,0.0624974294240006,0.05815928,PatchTST
2018-04-17,CAT,0.007975847304440797,0.091101706,PatchTST
2018-04-17,CVX,0.0722245536295763,-0.013582099,PatchTST
2018-04-17,DUK,-0.013300083645539501,0.024824994,PatchTST
2018-04-17,GS,-0.06537620483679699,0.010106912,PatchTST
2018-04-17,HD,0.0748121357644989,0.035549372,PatchTST
2018-04-17,INTC,0.0343495424336927,-0.0042189686,PatchTST
2018-04-17,JNJ,-0.0516288937699663,-0.018479237,PatchTST
2018-04-17,JPM,0.025265375265416806,-0.021874895,PatchTST
2018-04-17,KO,-0.06854572688685019,-0.083336875,PatchTST
2018-04-17,MCD,0.008808632170006998,0.07566668,PatchTST
2018-04-17,MMM,-0.07282217249453041,0.04209657,PatchTST
2018-04-17,MSFT,0.03290294763762209,0.039901644,PatchTST
2018-04-17,NEM,-0.04721006328523679,0.06064037,PatchTST
2018-04-17,PFE,-0.013548647992989507,-0.013612555,PatchTST
2018-04-17,PG,-0.06551362359668528,-0.037309453,PatchTST
2018-04-17,UNH,0.039083675984265806,-0.0120166475,PatchTST
2018-04-17,VZ,-0.012476346695066596,-0.055909432,PatchTST
2018-04-17,WFC,0.08238167961590391,-0.030635389,PatchTST
2018-04-17,XOM,0.05063176018842369,-0.06023099,PatchTST
2018-05-16,AAPL,0.023116050752353293,0.018847484,PatchTST
2018-05-16,CAT,0.0035975218498577963,0.06788614,PatchTST
2018-05-16,CVX,-0.016528938729596196,0.06315135,PatchTST
2018-05-16,DUK,-0.034380047543133604,0.042702913,PatchTST
2018-05-16,GS,-0.029763648430645086,0.012001013,PatchTST
2018-05-16,HD,0.0659135365643889,-0.002062019,PatchTST
2018-05-16,INTC,0.029602202943823895,-0.03325763,PatchTST
2018-05-16,JNJ,-0.0145878546005217,-0.025847653,PatchTST
2018-05-16,JPM,-0.045244173345957,0.055125006,PatchTST
2018-05-16,KO,0.05248447435147689,0.0036978167,PatchTST
2018-05-16,MCD,0.030506707213121903,0.099726595,PatchTST
2018-05-16,MMM,0.012825256834762997,0.0037504025,PatchTST
2018-05-16,MSFT,0.0455905950074689,-0.028614433,PatchTST
2018-05-16,NEM,-0.0052597786451564,0.035817105,PatchTST
2018-05-16,PFE,0.0130827495649771,0.03243571,PatchTST
2018-05-16,PG,0.040827632190838195,-0.039220978,PatchTST
2018-05-16,UNH,0.06400340748852519,0.031764716,PatchTST
2018-05-16,VZ,0.0006275311590912044,0.05806932,PatchTST
2018-05-16,WFC,-0.0001827997469946033,0.016845167,PatchTST
2018-05-16,XOM,0.00122186046595559,0.0012492947,PatchTST
2018-06-15,AAPL,0.0005764555174171977,-0.028402407,PatchTST
2018-06-15,CAT,-0.1035190226405277,0.021665666,PatchTST
2018-06-15,CVX,-0.028299765715763,-0.05174553,PatchTST
2018-06-15,DUK,0.09498864872262071,-0.00019976811,PatchTST
2018-06-15,GS,-0.009503784133157788,-0.037964508,PatchTST
2018-06-15,HD,-0.003964134738275197,0.052115418,PatchTST
2018-06-15,INTC,-0.06566771056841039,-0.007882427,PatchTST
2018-06-15,JNJ,0.018454418595111193,0.0017907154,PatchTST
2018-06-15,JPM,0.028749867610827966,0.017126508,PatchTST
2018-06-15,KO,0.026046001017732894,-0.025797503,PatchTST
2018-06-15,MCD,-0.0507734452686415,-0.01040585,PatchTST
2018-06-15,MMM,-0.012452650178913905,-0.04230659,PatchTST
2018-06-15,MSFT,0.033832715019041504,-0.07953804,PatchTST
2018-06-15,NEM,-0.07034337830909128,0.042062134,PatchTST
2018-06-15,PFE,0.033182602055345595,0.021539612,PatchTST
2018-06-15,PG,0.04553216044726931,-0.0012074739,PatchTST
2018-06-15,UNH,0.009972416370159998,0.032496065,PatchTST
2018-06-15,VZ,0.0874109179066402,0.038650047,PatchTST
2018-06-15,WFC,0.04028141962485379,-0.058218837,PatchTST
2018-06-15,XOM,0.007300629435466603,0.09139342,PatchTST
2018-07-17,AAPL,0.09761482666261069,0.05691778,PatchTST
2018-07-17,CAT,-0.0170384422442875,0.024345592,PatchTST
2018-07-17,CVX,-0.0032578330541744027,0.074941374,PatchTST
2018-07-17,DUK,0.0054322308971162005,0.02635618,PatchTST
2018-07-17,GS,-0.008156461538644601,-0.004575027,PatchTST
2018-07-17,HD,-0.0294934722623926,0.028946653,PatchTST
2018-07-17,INTC,-0.07167492176755161,0.027620697,PatchTST
2018-07-17,JNJ,0.03785029570886979,0.017484592,PatchTST
2018-07-17,JPM,0.03614458163564491,0.028030194,PatchTST
2018-07-17,KO,0.025602678501946204,0.0017484855,PatchTST
2018-07-17,MCD,0.011397326912980902,-0.011833234,PatchTST
2018-07-17,MMM,-0.002938250743170304,-0.016419549,PatchTST
2018-07-17,MSFT,0.0433695940846055,0.0065886695,PatchTST
2018-07-17,NEM,-0.07271798895099629,-0.052273873,PatchTST
2018-07-17,PFE,0.0938164526396963,-0.016803073,PatchTST
2018-07-17,PG,0.031169759649521293,0.014642763,PatchTST
2018-07-17,UNH,0.024979147436423592,0.027334401,PatchTST
2018-07-17,VZ,0.024508259781473397,-0.022906356,PatchTST
2018-07-17,WFC,0.026064409546122394,0.028496936,PatchTST
2018-07-17,XOM,-0.041740332223291994,0.06845332,PatchTST
2018-08-15,AAPL,0.07643153936546743,-0.024253048,PatchTST
2018-08-15,CAT,0.0757686363741662,0.041464612,PatchTST
2018-08-15,CVX,-0.043049073957209104,-0.052524276,PatchTST
2018-08-15,DUK,0.02278615059953781,-0.062329173,PatchTST
2018-08-15,GS,-0.0020659403909995995,0.014758128,PatchTST
2018-08-15,HD,0.08638955458243282,-0.056862675,PatchTST
2018-08-15,INTC,-0.05444826727988031,0.024936298,PatchTST
2018-08-15,JNJ,0.083817852223671,0.06424186,PatchTST
2018-08-15,JPM,-0.0099049576495552,0.038431637,PatchTST
2018-08-15,KO,0.007161972893931099,0.025795853,PatchTST
2018-08-15,MCD,0.017368781325689,0.011436479,PatchTST
2018-08-15,MMM,0.048340045830826316,0.07389782,PatchTST
2018-08-15,MSFT,0.03395964240800391,0.09027508,PatchTST
2018-08-15,NEM,-0.1113542122071773,-0.028690424,PatchTST
2018-08-15,PFE,0.051232115120510395,0.039471123,PatchTST
2018-08-15,PG,0.025978562404524605,-0.017114226,PatchTST
2018-08-15,UNH,0.0109682576140279,0.03891596,PatchTST
2018-08-15,VZ,0.0384055465670098,-0.026765507,PatchTST
2018-08-15,WFC,-0.0543159949115877,0.023867998,PatchTST
2018-08-15,XOM,0.049938403873914294,-0.037837796,PatchTST
2018-09-14,AAPL,-0.019174895001124,0.036563102,PatchTST
2018-09-14,CAT,-0.02413064636175969,-0.08846905,PatchTST
2018-09-14,CVX,0.012560557662755788,0.017689247,PatchTST
2018-09-14,DUK,-0.026645290395328702,-0.011328184,PatchTST
2018-09-14,GS,-0.06542389613900121,-0.02881653,PatchTST
2018-09-14,HD,-0.08454489778171582,0.016832594,PatchTST
2018-09-14,INTC,-0.015257038186674302,-0.059787676,PatchTST
2018-09-14,JNJ,-0.0439874665839373,0.03198274,PatchTST
2018-09-14,JPM,-0.0526394297560459,-0.0003007613,PatchTST
2018-09-14,KO,-0.025412823466157197,-0.012871331,PatchTST
2018-09-14,MCD,0.008705885819649595,0.012948975,PatchTST
2018-09-14,MMM,-0.05314572482935899,0.073858656,PatchTST
2018-09-14,MSFT,-0.030027947247847797,0.06976969,PatchTST
2018-09-14,NEM,0.058481119127210796,-0.06451206,PatchTST
2018-09-14,PFE,0.021471183029561497,0.08761345,PatchTST
2018-09-14,PG,-0.054040661239267006,0.023126883,PatchTST
2018-09-14,UNH,-0.022396841480236705,0.077375054,PatchTST
2018-09-14,VZ,-0.0112501558861706,0.053335607,PatchTST
2018-09-14,WFC,-0.053976127422523196,0.04654734,PatchTST
2018-09-14,XOM,-0.011484240819396417,-0.04190188,PatchTST
2018-10-15,AAPL,-0.13095542910935826,0.055452853,PatchTST
2018-10-15,CAT,-0.12165328861602831,0.038163103,PatchTST
2018-10-15,CVX,-0.0032320270843111017,0.0023703063,PatchTST
2018-10-15,DUK,0.071515274204867,-0.02286776,PatchTST
2018-10-15,GS,-0.03724932343181852,-0.049056914,PatchTST
2018-10-15,HD,-0.0701550574313766,-0.062078044,PatchTST
2018-10-15,INTC,0.0449540002571861,-0.054505955,PatchTST
2018-10-15,JNJ,0.0841312842081594,0.01165023,PatchTST
2018-10-15,JPM,0.018527681362741903,-0.005613464,PatchTST
2018-10-15,KO,0.10989339585376581,-0.027148975,PatchTST
2018-10-15,MCD,0.1181761174802342,0.07258302,PatchTST
2018-10-15,MMM,-0.006020780297930101,-0.06869305,PatchTST
2018-10-15,MSFT,-0.024950186358385893,0.0055807913,PatchTST
2018-10-15,NEM,-0.016045705368298316,-0.02527374,PatchTST
2018-10-15,PFE,0.015196718920932998,0.074146695,PatchTST
2018-10-15,PG,0.16795905000502542,0.010273455,PatchTST
2018-10-15,UNH,0.04801778821188211,0.004346257,PatchTST
2018-10-15,VZ,0.08880882837542399,0.013477968,PatchTST
2018-10-15,WFC,0.012652806763329104,0.0015574885,PatchTST
2018-10-15,XOM,-0.009143674103987092,0.060854625,PatchTST
2018-11-13,AAPL,-0.1273629835717889,0.04623438,PatchTST
2018-11-13,CAT,0.007174228316448384,-0.045447487,PatchTST
2018-11-13,CVX,-0.002703178130888808,0.040809527,PatchTST
2018-11-13,DUK,0.0671396009215412,-0.014503527,PatchTST
2018-11-13,GS,-0.15404791208895058,-0.09095493,PatchTST
2018-11-13,HD,-0.025513282882381815,-0.021896286,PatchTST
2018-11-13,INTC,0.0345515722576035,0.083505556,PatchTST
2018-11-13,JNJ,0.021478160043316003,0.008411077,PatchTST
2018-11-13,JPM,-0.0745808263935032,-0.03520869,PatchTST
2018-11-13,KO,-0.00017652173060879808,-0.032689475,PatchTST
2018-11-13,MCD,0.01725929140816469,0.038197674,PatchTST
2018-11-13,MMM,0.0323100727891164,-0.07654372,PatchTST
2018-11-13,MSFT,0.0281655256771767,-0.024344884,PatchTST
2018-11-13,NEM,0.0807489690792887,-0.0013960954,PatchTST
2018-11-13,PFE,0.010374507920136996,0.00050141476,PatchTST
2018-11-13,PG,0.040070602645593395,0.028032571,PatchTST
2018-11-13,UNH,0.0023455900091570734,0.0146609545,PatchTST
2018-11-13,VZ,-0.028151481982298898,-0.034201212,PatchTST
2018-11-13,WFC,-0.10716624655117192,0.0451911,PatchTST
2018-11-13,XOM,-0.036353936966392816,0.06653067,PatchTST
2018-12-14,AAPL,-0.1104755171011536,0.08566871,PatchTST
2018-12-14,CAT,0.037340095966507794,0.028945405,PatchTST
2018-12-14,CVX,-0.03350319538873418,0.040203296,PatchTST
2018-12-14,DUK,-0.065463098618014,-0.0013829218,PatchTST
2018-12-14,GS,0.022427480791327496,-0.11015478,PatchTST
2018-12-14,HD,0.014843196490593888,0.0669059,PatchTST
2018-12-14,INTC,0.006398932527207412,0.08710807,PatchTST
2018-12-14,JNJ,-0.1335313208288629,-0.02885978,PatchTST
2018-12-14,JPM,0.01361063811248798,-0.014230253,PatchTST
2018-12-14,KO,-0.039164196033671515,0.025686527,PatchTST
2018-12-14,MCD,-0.02944822216098791,-0.0021742955,PatchTST
2018-12-14,MMM,-0.06748141932861379,0.03834787,PatchTST
2018-12-14,MSFT,-0.041412108254788,0.07208125,PatchTST
2018-12-14,NEM,-0.0929042171207959,0.07420018,PatchTST
2018-12-14,PFE,-0.042159750343961896,-0.05308409,PatchTST
2018-12-14,PG,-0.04754193145220739,0.01022699,PatchTST
2018-12-14,UNH,-0.0577832665831982,0.015997022,PatchTST
2018-12-14,VZ,0.02791929229130191,0.03174428,PatchTST
2018-12-14,WFC,0.013516506745006002,0.091297545,PatchTST
2018-12-14,XOM,-0.07147330083788359,0.029704386,PatchTST
2019-01-16,AAPL,0.11387746122492039,0.116030686,PatchTST
2019-01-16,CAT,0.021072273130664284,-0.029525857,PatchTST
2019-01-16,CVX,0.0624722994979902,-0.0016016875,PatchTST
2019-01-16,DUK,0.041404510471169796,-0.0064840866,PatchTST
2019-01-16,GS,0.0677949175821072,-0.057407346,PatchTST
2019-01-16,HD,0.061747115421685594,0.029197272,PatchTST
2019-01-16,INTC,0.050788282256042996,0.008216057,PatchTST
2019-01-16,JNJ,0.0375512615083242,-0.020305406,PatchTST
2019-01-16,JPM,0.007251359452253099,-0.03411952,PatchTST
2019-01-16,KO,-0.0425142134405917,0.013881022,PatchTST
2019-01-16,MCD,-0.028862477475673002,-0.009678895,PatchTST
2019-01-16,MMM,0.08812869634112187,0.022623891,PatchTST
2019-01-16,MSFT,0.017838071129619687,-0.0075124027,PatchTST
2019-01-16,NEM,0.0652030222603659,0.032868978,PatchTST
2019-01-16,PFE,-0.009250496408752393,-0.031790018,PatchTST
2019-01-16,PG,0.0756310617139613,0.025704673,PatchTST
2019-01-16,UNH,0.03240416183901029,0.00411048,PatchTST
2019-01-16,VZ,-0.07262618036848409,-0.035793908,PatchTST
2019-01-16,WFC,0.0266982783783557,0.027504683,PatchTST
2019-01-16,XOM,0.07324835616562748,0.04368026,PatchTST
2019-02-15,AAPL,0.0960548266831279,0.025712416,PatchTST
2019-02-15,CAT,0.011098367198176695,-0.086314686,PatchTST
2019-02-15,CVX,0.06328929504716191,0.054687466,PatchTST
2019-02-15,DUK,0.025187099011412903,0.019185938,PatchTST
2019-02-15,GS,0.0543701762807207,-0.06825593,PatchTST
2019-02-15,HD,-0.015700837061553594,-0.053536806,PatchTST
2019-02-15,INTC,0.062741095875047,-0.025382288,PatchTST
2019-02-15,JNJ,0.027680950922878197,-0.028387897,PatchTST
2019-02-15,JPM,0.0455210732694298,0.010140852,PatchTST
2019-02-15,KO,0.004736096801477994,0.0011636484,PatchTST
2019-02-15,MCD,0.0512652964485744,-0.040001396,PatchTST
2019-02-15,MMM,0.0172225181206094,0.0070951907,PatchTST
2019-02-15,MSFT,0.0994018549208906,-0.011505179,PatchTST
2019-02-15,NEM,0.0007383909577907835,0.052681435,PatchTST
2019-02-15,PFE,-0.0038196341113252005,0.014905419,PatchTST
2019-02-15,PG,0.030507168096063603,-0.0028492883,PatchTST
2019-02-15,UNH,-0.0359011586518488,0.0012576499,PatchTST
2019-02-15,VZ,0.0721096973317108,0.041240215,PatchTST
2019-02-15,WFC,0.0640616001736902,-0.010119904,PatchTST
2019-02-15,XOM,0.0611564058031361,0.016195763,PatchTST
2019-03-19,AAPL,0.0580119168281142,0.05657348,PatchTST
2019-03-19,CAT,0.0574523609306028,0.111555345,PatchTST
2019-03-19,CVX,-0.03813443747646641,9.174319e-05,PatchTST
2019-03-19,DUK,-0.0108291014816973,0.053437393,PatchTST
2019-03-19,GS,-0.0031167149209589025,-0.013231901,PatchTST
2019-03-19,HD,0.1086428375936739,0.020377103,PatchTST
2019-03-19,INTC,0.047116227900118206,0.025690021,PatchTST
2019-03-19,JNJ,0.00617763716369849,0.07055681,PatchTST
2019-03-19,JPM,0.0434504882039574,0.0016498787,PatchTST
2019-03-19,KO,0.033350970930787,-0.0061244187,PatchTST
2019-03-19,MCD,0.041267763134269005,0.06964131,PatchTST
2019-03-19,MMM,0.03954524701707151,0.015546554,PatchTST
2019-03-19,MSFT,0.026853959417703792,0.031264767,PatchTST
2019-03-19,NEM,0.0774530730615374,0.098043054,PatchTST
2019-03-19,PFE,-0.021516624159137805,0.016775085,PatchTST
2019-03-19,PG,0.047236090490125525,0.040101197,PatchTST
2019-03-19,UNH,-0.1432818337995796,0.03767294,PatchTST
2019-03-19,VZ,0.022572972311823397,-0.010742445,PatchTST
2019-03-19,WFC,-0.08215504217925729,0.005382886,PatchTST
2019-03-19,XOM,0.0014788000037581003,-0.0060330387,PatchTST
2019-04-17,AAPL,-0.04327160140858669,-0.030087167,PatchTST
2019-04-17,CAT,-0.10888381688751357,0.03394036,PatchTST
2019-04-17,CVX,0.006732420295069897,0.0067545436,PatchTST
2019-04-17,DUK,-0.021762846403739197,0.022020506,PatchTST
2019-04-17,GS,-0.013466979630652203,-0.08710578,PatchTST
2019-04-17,HD,-0.060948720146724915,-0.017806865,PatchTST
2019-04-17,INTC,-0.213473617253382,-0.037294313,PatchTST
2019-04-17,JNJ,0.0013753772405610976,0.10734969,PatchTST
2019-04-17,JPM,0.0018883059166215702,0.02107333,PatchTST
2019-04-17,KO,0.054504337594937495,-0.011385361,PatchTST
2019-04-17,MCD,0.042335795002499954,0.033915788,PatchTST
2019-04-17,MMM,-0.2330468508838432,0.009446709,PatchTST
2019-04-17,MSFT,0.06907636864934005,0.07940477,PatchTST
2019-04-17,NEM,-0.12996548312941664,-0.057170697,PatchTST
2019-04-17,PFE,0.026272345025762707,0.059271555,PatchTST
2019-04-17,PG,0.022790630984850103,0.037384376,PatchTST
2019-04-17,UNH,0.0691919568033859,0.012515108,PatchTST
2019-04-17,VZ,-0.0242758283102896,0.007612174,PatchTST
2019-04-17,WFC,-0.02779673027681531,-0.008502453,PatchTST
2019-04-17,XOM,-0.05005890455865339,0.021841861,PatchTST
2019-05-17,AAPL,0.01984607293336671,0.030850632,PatchTST
2019-05-17,CAT,0.0055921396800683,0.055979393,PatchTST
2019-05-17,CVX,0.004872304474335099,-0.0041841473,PatchTST
2019-05-17,DUK,0.0196343303069818,0.036600884,PatchTST
2019-05-17,GS,-0.03812814581002891,0.041577883,PatchTST
2019-05-17,HD,0.08013932859738382,-0.025901431,PatchTST
2019-05-17,INTC,0.013092022126941204,-0.02572851,PatchTST
2019-05-17,JNJ,0.015679428352724088,0.08310922,PatchTST
2019-05-17,JPM,-0.018954851668050703,0.012427792,PatchTST
2019-05-17,KO,0.03346172981662641,0.03677622,PatchTST
2019-05-17,MCD,0.024759796508687898,0.0147362305,PatchTST
2019-05-17,MMM,-0.02119435439577459,0.002747259,PatchTST
2019-05-17,MSFT,0.029951380718920388,0.021447768,PatchTST
2019-05-17,NEM,0.1743297356140222,-0.04700566,PatchTST
2019-05-17,PFE,0.0293444247031208,0.03213499,PatchTST
2019-05-17,PG,0.026290701238705305,0.057703502,PatchTST
2019-05-17,UNH,0.042454501696883695,-0.0075876843,PatchTST
2019-05-17,VZ,0.004347488427687302,0.015613772,PatchTST
2019-05-17,WFC,-0.013820595979271998,0.0011526151,PatchTST
2019-05-17,XOM,-0.016771517290506098,-0.015137228,PatchTST
2019-06-18,AAPL,0.0476378434402529,-0.008060678,PatchTST
2019-06-18,CAT,0.06396412173202,-0.08624178,PatchTST
2019-06-18,CVX,0.022401418262610155,-0.010531368,PatchTST
2019-06-18,DUK,0.01343957494766059,-0.016287606,PatchTST
2019-06-18,GS,0.11131671700436249,-0.008489151,PatchTST
2019-06-18,HD,0.04084909676048619,-0.06609339,PatchTST
2019-06-18,INTC,0.06828444082105059,0.0016043736,PatchTST
2019-06-18,JNJ,-0.05589355280346891,0.01957565,PatchTST
2019-06-18,JPM,0.04980103635297469,-0.0075744707,PatchTST
2019-06-18,KO,0.025425855479911105,0.051513616,PatchTST
2019-06-18,MCD,0.0474320600608213,0.042069636,PatchTST
2019-06-18,MMM,0.04622319791426559,-0.11974192,PatchTST
2019-06-18,MSFT,0.025417340323791303,-0.012812844,PatchTST
2019-06-18,NEM,0.0754872783605083,-0.027097397,PatchTST
2019-06-18,PFE,-0.0032704642079371964,-0.012171656,PatchTST
2019-06-18,PG,0.0436327318473085,0.025356807,PatchTST
2019-06-18,UNH,0.08072751131772302,0.03885881,PatchTST
2019-06-18,VZ,0.0033310438275240026,0.04923439,PatchTST
2019-06-18,WFC,-0.0013262831948719013,-0.039259747,PatchTST
2019-06-18,XOM,0.00518026420102451,0.0044608135,PatchTST
2019-07-18,AAPL,-0.004156701914160898,0.009012515,PatchTST
2019-07-18,CAT,-0.15589881339350312,0.038265612,PatchTST
2019-07-18,CVX,-0.059663528491997284,0.025398739,PatchTST
2019-07-18,DUK,0.012267025906143404,0.020723207,PatchTST
2019-07-18,GS,-0.08366736247930759,-0.042152915,PatchTST
2019-07-18,HD,-0.06624374617260229,-0.065935545,PatchTST
2019-07-18,INTC,-0.07092054939305532,-0.031502657,PatchTST
2019-07-18,JNJ,-0.010061039524214303,0.0062808935,PatchTST
2019-07-18,JPM,-0.08024741472889943,-0.005147454,PatchTST
2019-07-18,KO,0.03187447161897359,0.045939505,PatchTST
2019-07-18,MCD,0.0211125460418993,0.02322698,PatchTST
2019-07-18,MMM,-0.0985634365626472,0.06562258,PatchTST
2019-07-18,MSFT,-0.015865050592197998,-0.0070600193,PatchTST
2019-07-18,NEM,-0.013921311674095797,0.096432485,PatchTST
2019-07-18,PFE,-0.2054438390516001,0.06986656,PatchTST
2019-07-18,PG,0.018884158266704407,-0.012325221,PatchTST
2019-07-18,UNH,-0.08774477057509791,-0.0079329815,PatchTST
2019-07-18,VZ,-0.01620911628900859,0.020214947,PatchTST
2019-07-18,WFC,-0.0301243828975239,-0.0461422,PatchTST
2019-07-18,XOM,-0.10309322547487139,-0.001505118,PatchTST
2019-08-16,AAPL,0.08619301398586297,-0.031373814,PatchTST
2019-08-16,CAT,0.1443726638965814,-0.0027288739,PatchTST
2019-08-16,CVX,0.06972971010921619,-0.0049760533,PatchTST
2019-08-16,DUK,0.0421115497952186,-0.029334774,PatchTST
2019-08-16,GS,0.10813496453664018,-0.011517538,PatchTST
2019-08-16,HD,0.1412348915847523,0.022982541,PatchTST
2019-08-16,INTC,0.1329841003790931,0.019565944,PatchTST
2019-08-16,JNJ,-0.00022493836404610494,-0.05777416,PatchTST
2019-08-16,JPM,0.12460425324550187,-0.029531565,PatchTST
2019-08-16,KO,0.008953965589911397,0.024106627,PatchTST
2019-08-16,MCD,-0.0458096922036394,0.01861142,PatchTST
2019-08-16,MMM,0.0786291531234257,-0.10166457,PatchTST
2019-08-16,MSFT,0.0196293454014813,-0.016800651,PatchTST
2019-08-16,NEM,0.0026364338735162998,0.081470944,PatchTST
2019-08-16,PFE,0.0659333911323669,-0.0173022,PatchTST
2019-08-16,PG,0.019904400189883105,0.07924294,PatchTST
2019-08-16,UNH,-0.03633073921701121,0.017071364,PatchTST
2019-08-16,VZ,0.05528192181897479,-0.030402344,PatchTST
2019-08-16,WFC,0.12141340155154359,-0.014855025,PatchTST
2019-08-16,XOM,0.0919925542500165,-0.03180968,PatchTST
2019-09-17,AAPL,0.0677732080147279,0.015906593,PatchTST
2019-09-17,CAT,-0.016050070251571204,-0.09556467,PatchTST
2019-09-17,CVX,-0.06498970982942781,0.036380555,PatchTST
2019-09-17,DUK,0.0199878095094872,0.0044542504,PatchTST
2019-09-17,GS,-0.05080408550328692,0.11157685,PatchTST
2019-09-17,HD,0.019846090117266194,-0.009622238,PatchTST
2019-09-17,INTC,0.008583807770447606,-0.020540297,PatchTST
2019-09-17,JNJ,0.025155810844026596,-0.0060725464,PatchTST
2019-09-17,JPM,0.014669827689507597,0.022973122,PatchTST
2019-09-17,KO,-0.008374304742629197,0.045593653,PatchTST
2019-09-17,MCD,-0.0008682558170596934,0.03491099,PatchTST
2019-09-17,MMM,-0.04022788638053962,0.028830856,PatchTST
2019-09-17,MSFT,0.0377163033633407,0.082352586,PatchTST
2019-09-17,NEM,-0.0207436190984445,0.025810877,PatchTST
2019-09-17,PFE,-0.009000301177238896,-0.08615654,PatchTST
2019-09-17,PG,-0.021524386180106297,0.014701141,PatchTST
2019-09-17,UNH,0.017589732416247894,-0.06500646,PatchTST
2019-09-17,VZ,0.027844592396431795,-0.020623352,PatchTST
2019-09-17,WFC,0.0228086802223742,0.07112036,PatchTST
2019-09-17,XOM,-0.06023471368148281,-0.041911207,PatchTST
2019-10-16,AAPL,0.11977957670379101,0.13552353,PatchTST
2019-10-16,CAT,0.10561345054031591,0.027620627,PatchTST
2019-10-16,CVX,0.050054434222590295,0.0043898076,PatchTST
2019-10-16,DUK,-0.07053554476360069,-0.003425403,PatchTST
2019-10-16,GS,0.06042524769641129,-0.047697403,PatchTST
2019-10-16,HD,-0.0034863812240451975,0.1510611,PatchTST
2019-10-16,INTC,0.1003669525174581,0.014749254,PatchTST
2019-10-16,JNJ,-0.011889058382027397,-0.04750413,PatchTST
2019-10-16,JPM,0.06861493823326321,0.013843059,PatchTST
2019-10-16,KO,-0.02077121021277,0.02901509,PatchTST
2019-10-16,MCD,-0.06078149485123822,0.026805924,PatchTST
2019-10-16,MMM,0.04540067350461271,-0.058138177,PatchTST
2019-10-16,MSFT,0.03974475165155301,0.04892144,PatchTST
2019-10-16,NEM,-0.008526628196432101,0.08408607,PatchTST
2019-10-16,PFE,0.012353980584977603,-0.038142215,PatchTST
2019-10-16,PG,0.03537936732948121,0.039353635,PatchTST
2019-10-16,UNH,0.060893302764432285,-0.017186489,PatchTST
2019-10-16,VZ,-0.0190068094661352,0.0068554115,PatchTST
2019-10-16,WFC,0.0710528597723403,-0.03759636,PatchTST
2019-10-16,XOM,0.0030165355529689856,0.013706817,PatchTST
2019-11-14,AAPL,0.039588266752017605,0.07922058,PatchTST
2019-11-14,CAT,0.007171820568935507,-0.039408546,PatchTST
2019-11-14,CVX,-0.026162696882892307,-0.017419955,PatchTST
2019-11-14,DUK,0.028310768556502695,0.009905846,PatchTST
2019-11-14,GS,0.031190828058697002,-0.0453726,PatchTST
2019-11-14,HD,-0.0860089806816928,-0.01706675,PatchTST
2019-11-14,INTC,-0.0017286453478062899,-0.021725403,PatchTST
2019-11-14,JNJ,0.0810993778917172,0.013064615,PatchTST
2019-11-14,JPM,0.06281969162278339,0.011358659,PatchTST
2019-11-14,KO,0.04507615632189991,-0.01265233,PatchTST
2019-11-14,MCD,0.017201286468368795,-0.019177258,PatchTST
2019-11-14,MMM,-0.0017524597904767995,-0.01369123,PatchTST
2019-11-14,MSFT,0.05124589476322461,0.029467195,PatchTST
2019-11-14,NEM,0.10331352057758698,0.053645656,PatchTST
2019-11-14,PFE,0.04618463794000501,-0.0072908336,PatchTST
2019-11-14,PG,0.039172957621929294,0.05677989,PatchTST
2019-11-14,UNH,0.1223689894689217,-0.033571668,PatchTST
2019-11-14,VZ,0.023291688141066403,-0.008863926,PatchTST
2019-11-14,WFC,0.009338793771559295,-0.021585425,PatchTST
2019-11-14,XOM,0.006230457837243405,0.021293541,PatchTST
2019-12-16,AAPL,0.12356921317406562,0.12373514,PatchTST
2019-12-16,CAT,0.0002749886748188981,0.034369666,PatchTST
2019-12-16,CVX,-0.01563537169607075,-0.010816615,PatchTST
2019-12-16,DUK,0.02618029983381,0.025158742,PatchTST
2019-12-16,GS,0.08601458710625841,-0.0028626435,PatchTST
2019-12-16,HD,0.047926991358617985,0.04282317,PatchTST
2019-12-16,INTC,0.019704051158978095,0.035236873,PatchTST
2019-12-16,JNJ,0.0390494912618699,0.01482193,PatchTST
2019-12-16,JPM,0.005741485647860898,-0.013452337,PatchTST
2019-12-16,KO,0.041042542292880596,0.011432301,PatchTST
2019-12-16,MCD,0.06219915482016711,0.0020932842,PatchTST
2019-12-16,MMM,0.06307841863475148,-0.030104464,PatchTST
2019-12-16,MSFT,0.0544659320374307,0.033637635,PatchTST
2019-12-16,NEM,0.0526002823587591,-0.08319908,PatchTST
2019-12-16,PFE,0.059258019857573695,-0.03772663,PatchTST
2019-12-16,PG,0.0038977795878135987,0.015550866,PatchTST
2019-12-16,UNH,0.0375718657259115,-0.05838519,PatchTST
2019-12-16,VZ,-0.018170211087697598,-0.016637918,PatchTST
2019-12-16,WFC,-0.107241903998972,0.0052933493,PatchTST
2019-12-16,XOM,-0.002024214887085398,0.0036749789,PatchTST
2020-01-16,AAPL,0.045156338607613485,0.1156932,PatchTST
2020-01-16,CAT,-0.04648592366858833,0.037820067,PatchTST
2020-01-16,CVX,-0.0418825640941584,0.009173422,PatchTST
2020-01-16,DUK,0.10048602771200991,0.042409692,PatchTST
2020-01-16,GS,-0.03371727209650129,0.048680346,PatchTST
2020-01-16,HD,0.0871039645830816,0.030948356,PatchTST
2020-01-16,INTC,0.1371069513306911,0.024475485,PatchTST
2020-01-16,JNJ,0.0210009309590797,0.010020062,PatchTST
2020-01-16,JPM,0.005398008163134597,0.07918687,PatchTST
2020-01-16,KO,0.05573670709661839,0.035867497,PatchTST
2020-01-16,MCD,0.034300111597322894,0.006054449,PatchTST
2020-01-16,MMM,-0.10125263743837312,0.022940077,PatchTST
2020-01-16,MSFT,0.1273918638484224,0.020001715,PatchTST
2020-01-16,NEM,0.012558750714585199,-0.042712655,PatchTST
2020-01-16,PFE,-0.0977415989786929,0.004207223,PatchTST
2020-01-16,PG,0.007351583783276201,0.0350651,PatchTST
2020-01-16,UNH,0.007964188622433295,0.016832957,PatchTST
2020-01-16,VZ,-0.010033359165097601,0.030188575,PatchTST
2020-01-16,WFC,0.008541318721283291,0.0041030156,PatchTST
2020-01-16,XOM,-0.11603600992704072,-0.01633066,PatchTST
2020-02-18,AAPL,-0.25083531417423394,0.061337333,PatchTST
2020-02-18,CAT,-0.32001312739456333,0.046833314,PatchTST
2020-02-18,CVX,-0.44290332103779273,-0.02033424,PatchTST
2020-02-18,DUK,-0.16354161103724502,0.018424736,PatchTST
2020-02-18,GS,-0.39547554921432915,0.079675384,PatchTST
2020-02-18,HD,-0.3377282583750208,0.0004712809,PatchTST
2020-02-18,INTC,-0.2950927952635767,-0.03391046,PatchTST
2020-02-18,JNJ,-0.08816158148479138,0.045391873,PatchTST
2020-02-18,JPM,-0.38259456278661186,0.020160817,PatchTST
2020-02-18,KO,-0.230809041671176,0.022447377,PatchTST
2020-02-18,MCD,-0.37943192094117817,0.062015172,PatchTST
2020-02-18,MMM,-0.18034837190388908,-0.018554907,PatchTST
2020-02-18,MSFT,-0.23201488434879633,0.025239049,PatchTST
2020-02-18,NEM,0.04132399466411499,0.034963086,PatchTST
2020-02-18,PFE,-0.12686238890641288,-0.011188841,PatchTST
2020-02-18,PG,-0.0646757810278557,0.0070627127,PatchTST
2020-02-18,UNH,-0.1973160228343841,0.021156805,PatchTST
2020-02-18,VZ,-0.0744891012352472,0.016931735,PatchTST
2020-02-18,WFC,-0.4869865324732716,0.029046101,PatchTST
2020-02-18,XOM,-0.49935018574915285,-0.0052624773,PatchTST
2020-03-18,AAPL,0.1255655860942326,-0.013790762,PatchTST
2020-03-18,CAT,0.12216460060039921,-0.0138205625,PatchTST
2020-03-18,CVX,0.12359726158897105,-0.07843924,PatchTST
2020-03-18,DUK,0.018319376652544617,-0.21545061,PatchTST
2020-03-18,GS,0.10954917757889059,-0.28589275,PatchTST
2020-03-18,HD,0.140582796069041,0.025246687,PatchTST
2020-03-18,INTC,0.19380361613185582,0.18044955,PatchTST
2020-03-18,JNJ,0.09144886604229559,0.010060371,PatchTST
2020-03-18,JPM,-0.060706824902307346,0.070690654,PatchTST
2020-03-18,KO,-0.001697092472514818,-0.030129943,PatchTST
2020-03-18,MCD,0.19553354653406532,-0.08586604,PatchTST
2020-03-18,MMM,0.07492582163476938,0.051239673,PatchTST
2020-03-18,MSFT,0.18887254472249745,0.012425354,PatchTST
2020-03-18,NEM,0.2683923512056383,0.043855995,PatchTST
2020-03-18,PFE,0.10945641231588851,0.027277892,PatchTST
2020-03-18,PG,0.027197800431486903,0.09639934,PatchTST
2020-03-18,UNH,0.2004657882953202,0.09476968,PatchTST
2020-03-18,VZ,0.0705524340050244,0.055147886,PatchTST
2020-03-18,WFC,-0.09703316347477911,0.051456094,PatchTST
2020-03-18,XOM,0.061630999790591626,-0.069251604,PatchTST
2020-04-17,AAPL,0.0734595503215537,-0.24272387,PatchTST
2020-04-17,CAT,-0.038803498237345815,-0.113799386,PatchTST
2020-04-17,CVX,0.1085310033574721,0.2190828,PatchTST
2020-04-17,DUK,-0.06426752680387308,0.36014146,PatchTST
2020-04-17,GS,-0.029637465937705405,-0.018269762,PatchTST
2020-04-17,HD,0.1802764613405538,-0.042014413,PatchTST
2020-04-17,INTC,-0.0365333413030761,0.1768423,PatchTST
2020-04-17,JNJ,0.0051317677475446345,0.079113156,PatchTST
2020-04-17,JPM,-0.016510158163236914,-0.124257274,PatchTST
2020-04-17,KO,-0.08504455131597949,-0.065377235,PatchTST
2020-04-17,MCD,-0.0322123769973933,0.2196151,PatchTST
2020-04-17,MMM,-0.0438026807388385,-0.21880633,PatchTST
2020-04-17,MSFT,0.03398434714840539,-0.028912224,PatchTST
2020-04-17,NEM,0.1253595447140568,0.10831538,PatchTST
2020-04-17,PFE,0.060986731899833495,-0.09791319,PatchTST
2020-04-17,PG,-0.0517323149788624,0.012656408,PatchTST
2020-04-17,UNH,-0.025349529752291385,0.016200494,PatchTST
2020-04-17,VZ,-0.0525170874860892,0.16177802,PatchTST
2020-04-17,WFC,-0.1206141360734102,-0.03315401,PatchTST
2020-04-17,XOM,0.0894728486527444,-0.060172297,PatchTST
2020-05-18,AAPL,0.1347006771115527,0.09516848,PatchTST
2020-05-18,CAT,0.18698990692841008,0.039674047,PatchTST
2020-05-18,CVX,0.0677553289450626,0.16857858,PatchTST
2020-05-18,DUK,0.06854125476339488,-0.033017855,PatchTST
2020-05-18,GS,0.2046465494520813,0.0030147722,PatchTST
2020-05-18,HD,0.04937076343436347,0.17487906,PatchTST
2020-05-18,INTC,0.03573010241275997,-0.03931947,PatchTST
2020-05-18,JNJ,-0.0336537485746621,0.00051512104,PatchTST
2020-05-18,JPM,0.17237728816290906,-0.054634392,PatchTST
2020-05-18,KO,0.0870576199198975,-0.05301988,PatchTST
2020-05-18,MCD,0.0973893284963569,0.07418865,PatchTST
2020-05-18,MMM,0.15073745578732617,-0.009891015,PatchTST
2020-05-18,MSFT,0.05806019720914789,0.14126195,PatchTST
2020-05-18,NEM,-0.189292822501249,0.22820228,PatchTST
2020-05-18,PFE,-0.12269423746011561,0.055268284,PatchTST
2020-05-18,PG,0.03025047021500401,-0.04102144,PatchTST
2020-05-18,UNH,0.006986796483779614,0.26322323,PatchTST
2020-05-18,VZ,0.0396001111651906,-0.0807713,PatchTST
2020-05-18,WFC,0.1995803537263908,0.1482454,PatchTST
2020-05-18,XOM,0.1376895111227707,-0.006329407,PatchTST
2020-06-17,AAPL,0.0922118876497946,0.10896841,PatchTST
2020-06-17,CAT,0.0629232993061808,-0.032523993,PatchTST
2020-06-17,CVX,-0.0621942149085108,-0.025092382,PatchTST
2020-06-17,DUK,-0.07002039169647499,-0.08792225,PatchTST
2020-06-17,GS,0.023948771552832693,0.16198906,PatchTST
2020-06-17,HD,0.03200865192548576,0.017058771,PatchTST
2020-06-17,INTC,-0.021081522806824595,-0.027777085,PatchTST
2020-06-17,JNJ,0.0326200394007753,0.038073063,PatchTST
2020-06-17,JPM,-0.010593587759763002,0.005422171,PatchTST
2020-06-17,KO,-0.013345224965609309,0.06073324,PatchTST
2020-06-17,MCD,0.003147376144614097,0.0075135794,PatchTST
2020-06-17,MMM,0.0051845831482492605,-0.035386987,PatchTST
2020-06-17,MSFT,0.05208843069231962,0.092425376,PatchTST
2020-06-17,NEM,0.0953915627201417,-0.16335827,PatchTST
2020-06-17,PFE,0.06378967610332938,-0.00617417,PatchTST
2020-06-17,PG,0.05460621457261909,0.12510015,PatchTST
2020-06-17,UNH,0.05146120583080881,-0.10405693,PatchTST
2020-06-17,VZ,-0.009064155883248095,0.014863406,PatchTST
2020-06-17,WFC,-0.11349693706902332,0.38999334,PatchTST
2020-06-17,XOM,-0.0848261017659365,-0.06613129,PatchTST
2020-07-17,AAPL,0.17615286670150804,0.04163871,PatchTST
2020-07-17,CAT,0.017514467536370495,0.09566907,PatchTST
2020-07-17,CVX,0.022271634203800076,0.014891253,PatchTST
2020-07-17,DUK,0.024744251249928774,0.029267265,PatchTST
2020-07-17,GS,-0.031707997938225894,0.13702443,PatchTST
2020-07-17,HD,0.0834823656581663,0.0069050947,PatchTST
2020-07-17,INTC,-0.18356618984454362,-0.09942981,PatchTST
2020-07-17,JNJ,-0.006789868181707502,0.022870123,PatchTST
2020-07-17,JPM,0.023714296199575397,-0.07147558,PatchTST
2020-07-17,KO,0.0486354635170113,-0.048657402,PatchTST
2020-07-17,MCD,0.0810094759357322,-0.17444381,PatchTST
2020-07-17,MMM,0.0342961972787438,-0.028028434,PatchTST
2020-07-17,MSFT,0.024127960885188312,0.1054302,PatchTST
2020-07-17,NEM,0.03668668855406861,0.056425586,PatchTST
2020-07-17,PFE,0.07654433882543979,0.034311578,PatchTST
2020-07-17,PG,0.0859139495041744,-0.056495402,PatchTST
2020-07-17,UNH,0.0524809412587122,-0.07395775,PatchTST
2020-07-17,VZ,0.05255634538258401,0.07924645,PatchTST
2020-07-17,WFC,-0.0021974128919122968,-0.05259528,PatchTST
2020-07-17,XOM,-0.005156481538535097,-0.09617706,PatchTST
2020-08-17,AAPL,0.005489390296927587,0.0823102,PatchTST
2020-08-17,CAT,0.059901351342584196,-0.0040275976,PatchTST
2020-08-17,CVX,-0.15404914131809996,0.010085285,PatchTST
2020-08-17,DUK,0.027612869303474896,-0.009825667,PatchTST
2020-08-17,GS,-0.0430908458262476,-0.007929813,PatchTST
2020-08-17,HD,0.0230300140141921,0.07837693,PatchTST
2020-08-17,INTC,0.0224500760491716,0.03839445,PatchTST
2020-08-17,JNJ,0.011008533211220296,-0.019250749,PatchTST
2020-08-17,JPM,-0.031040338881672305,-0.048118237,PatchTST
2020-08-17,KO,0.060335371146122696,-0.019216077,PatchTST
2020-08-17,MCD,0.07731227919118551,0.020854909,PatchTST
2020-08-17,MMM,0.011886568710185402,0.005403813,PatchTST
2020-08-17,MSFT,0.001839683898860401,0.096541114,PatchTST
2020-08-17,NEM,0.06013986763513531,0.0014140913,PatchTST
2020-08-17,PFE,-0.029327704123371295,-0.0066359183,PatchTST
2020-08-17,PG,0.0257931125172821,0.04303277,PatchTST
2020-08-17,UNH,-0.0481085004825779,0.0766003,PatchTST
2020-08-17,VZ,0.03032323366084659,-0.020163208,PatchTST
2020-08-17,WFC,-0.016740242760591183,-0.20739058,PatchTST
2020-08-17,XOM,-0.1748496314619471,0.06413685,PatchTST
2020-09-16,AAPL,0.04774275996486941,-0.16731544,PatchTST
2020-09-16,CAT,0.09622776358616361,-0.22419262,PatchTST
2020-09-16,CVX,-0.045553922541759405,-0.18598059,PatchTST
2020-09-16,DUK,0.09288515766309151,-0.11853545,PatchTST
2020-09-16,GS,0.06468040262362271,-0.101026,PatchTST
2020-09-16,HD,0.005273454277654998,0.069116406,PatchTST
2020-09-16,INTC,0.0685928711551242,-0.20627494,PatchTST
2020-09-16,JNJ,-0.005319748751403997,-0.045275312,PatchTST
2020-09-16,JPM,0.01866015972329521,-0.20467395,PatchTST
2020-09-16,KO,-0.018385521504157492,-0.0010388072,PatchTST
2020-09-16,MCD,0.023334883848509604,0.033916622,PatchTST
2020-09-16,MMM,0.010926473858321586,-0.03512972,PatchTST
2020-09-16,MSFT,0.0562482522604604,-0.02291075,PatchTST
2020-09-16,NEM,-0.05398494417135568,0.0023336294,PatchTST
2020-09-16,PFE,-0.002709211890144901,-0.04458302,PatchTST
2020-09-16,PG,0.0382825130448122,0.02390159,PatchTST
2020-09-16,UNH,0.046489250524136785,0.07660706,PatchTST
2020-09-16,VZ,-0.0258743877200785,0.011336163,PatchTST
2020-09-16,WFC,-0.06775902441174289,-0.3950251,PatchTST
2020-09-16,XOM,-0.060228530171548514,-0.36001587,PatchTST
2020-10-15,AAPL,-0.014749194559142894,-0.006856707,PatchTST
2020-10-15,CAT,0.03927153337021114,-0.004294214,PatchTST
2020-10-15,CVX,0.100592472444673,0.0056030797,PatchTST
2020-10-15,DUK,0.026872113215409,0.008005004,PatchTST
2020-10-15,GS,0.015408852470197788,0.046778303,PatchTST
2020-10-15,HD,-0.03852548509174501,0.11659974,PatchTST
2020-10-15,INTC,-0.1678178412923154,-0.0067660552,PatchTST
2020-10-15,JNJ,0.0013492666165197133,0.031246847,PatchTST
2020-10-15,JPM,0.1232891726876651,0.08102071,PatchTST
2020-10-15,KO,0.056060413250562,-0.037523746,PatchTST
2020-10-15,MCD,-0.06605691250725679,0.055658795,PatchTST
2020-10-15,MMM,-0.008048681253350098,0.018672358,PatchTST
2020-10-15,MSFT,-0.024846827179802397,0.052753836,PatchTST
2020-10-15,NEM,0.01581164458040081,0.0688074,PatchTST
2020-10-15,PFE,0.028778082222036806,0.0037725056,PatchTST
2020-10-15,PG,-0.007670707359135594,0.028317872,PatchTST
2020-10-15,UNH,0.0963686012890986,0.10554586,PatchTST
2020-10-15,VZ,0.039595640199191304,-0.029668052,PatchTST
2020-10-15,WFC,0.028381249094637597,0.046204418,PatchTST
2020-10-15,XOM,0.054975551468501395,-0.2233055,PatchTST
2020-11-13,AAPL,0.021329345333858107,0.08548431,PatchTST
2020-11-13,CAT,0.051396572802069995,-0.044435255,PatchTST
2020-11-13,CVX,0.11780813157723374,0.06229911,PatchTST
2020-11-13,DUK,-0.033663640970562805,0.0042032804,PatchTST
2020-11-13,GS,0.10846740924304292,-0.060423903,PatchTST
2020-11-13,HD,-0.03391630462744579,-0.0060573714,PatchTST
2020-11-13,INTC,0.11582841255173712,-0.041350678,PatchTST
2020-11-13,JNJ,0.0121038770472928,0.07034056,PatchTST
2020-11-13,JPM,0.04256689759546371,0.05336684,PatchTST
2020-11-13,KO,0.012703018973856596,-0.035646092,PatchTST
2020-11-13,MCD,0.0005144241925107984,-0.0009863228,PatchTST
2020-11-13,MMM,0.044073960532911405,-0.121177144,PatchTST
2020-11-13,MSFT,-0.0031576312208334116,-0.020410426,PatchTST
2020-11-13,NEM,-0.11517575261777618,0.07624795,PatchTST
2020-11-13,PFE,0.09585088813301593,-0.11382482,PatchTST
2020-11-13,PG,-0.045331758497397505,0.034268927,PatchTST
2020-11-13,UNH,-0.0493649471360908,0.02035687,PatchTST
2020-11-13,VZ,-0.0134139825836651,0.03641976,PatchTST
2020-11-13,WFC,0.18469885316905044,-0.11569255,PatchTST
2020-11-13,XOM,0.18099591366150497,-0.0979953,PatchTST
2020-12-15,AAPL,0.056898515017085316,-0.04181438,PatchTST
2020-12-15,CAT,0.10316771907019351,0.061279133,PatchTST
2020-12-15,CVX,0.06545379504747459,0.035974897,PatchTST
2020-12-15,DUK,0.005799104539938106,0.034187604,PatchTST
2020-12-15,GS,0.2582898150954069,0.02618752,PatchTST
2020-12-15,HD,0.010338904963142194,0.031627074,PatchTST
2020-12-15,INTC,0.16038655552859019,0.025311364,PatchTST
2020-12-15,JNJ,0.07481195045020729,-0.01865041,PatchTST
2020-12-15,JPM,0.18391690122461463,0.09219369,PatchTST
2020-12-15,KO,-0.0788699904804453,0.031756405,PatchTST
2020-12-15,MCD,-0.016270011762506503,-0.0043575848,PatchTST
2020-12-15,MMM,-0.039299373338642196,0.08240027,PatchTST
2020-12-15,MSFT,-0.0055239817625787006,0.011642996,PatchTST
2020-12-15,NEM,0.09553129780910391,0.023661457,PatchTST
2020-12-15,PFE,-0.0647936425849848,0.04641974,PatchTST
2020-12-15,PG,-0.00036836561671600015,0.012471206,PatchTST
2020-12-15,UNH,0.04194817453288111,0.014557743,PatchTST
2020-12-15,VZ,-0.039609815362485604,-0.013419289,PatchTST
2020-12-15,WFC,0.19337546342552642,-0.059052806,PatchTST
2020-12-15,XOM,0.1753097979340953,-0.085749924,PatchTST
2021-01-15,AAPL,0.0341553548667371,0.11291399,PatchTST
2021-01-15,CAT,0.030221513181956004,0.17167035,PatchTST
2021-01-15,CVX,-0.010988693559541997,0.16748194,PatchTST
2021-01-15,DUK,-0.026088161310484095,-0.04072997,PatchTST
2021-01-15,GS,0.01319738311123115,0.05613895,PatchTST
2021-01-15,HD,0.025933283987869503,0.017166914,PatchTST
2021-01-15,INTC,0.058972247101235914,0.014758715,PatchTST
2021-01-15,JNJ,0.027141464467662496,-0.0074938457,PatchTST
2021-01-15,JPM,0.0243522118076241,0.0019527273,PatchTST
2021-01-15,KO,0.020905243156979305,0.0022038757,PatchTST
2021-01-15,MCD,0.03083845043674091,-0.0057377843,PatchTST
2021-01-15,MMM,0.0678090585693144,-0.006070139,PatchTST
2021-01-15,MSFT,0.13455174547799167,0.03633075,PatchTST
2021-01-15,NEM,-0.09137026231048259,-0.0050493143,PatchTST
2021-01-15,PFE,-0.046866719839748,-0.038079076,PatchTST
2021-01-15,PG,-0.053764221850107305,0.01506485,PatchTST
2021-01-15,UNH,-0.07679097146631428,0.0035943957,PatchTST
2021-01-15,VZ,-0.0519949506732537,0.029196266,PatchTST
2021-01-15,WFC,0.004309800668773706,-0.15412873,PatchTST
2021-01-15,XOM,0.05064881009179542,-0.06871401,PatchTST
2021-02-17,AAPL,-0.06538461882573869,0.087566145,PatchTST
2021-02-17,CAT,0.1435915904581307,-0.021123085,PatchTST
2021-02-17,CVX,0.148412357052231,0.04414312,PatchTST
2021-02-17,DUK,0.0385109275734782,-0.007975344,PatchTST
2021-02-17,GS,0.1044446699817927,0.0586936,PatchTST
2021-02-17,HD,0.022955074867885002,0.044229686,PatchTST
2021-02-17,INTC,0.0516293966527199,0.063801765,PatchTST
2021-02-17,JNJ,-0.02017857163322504,0.044325113,PatchTST
2021-02-17,JPM,0.0696886120714248,-0.03032716,PatchTST
2021-02-17,KO,0.027401064805146414,-0.005717878,PatchTST
2021-02-17,MCD,0.047493542294426205,0.072449446,PatchTST
2021-02-17,MMM,0.0639796583081786,0.106452845,PatchTST
2021-02-17,MSFT,-0.025408487231159314,0.051748224,PatchTST
2021-02-17,NEM,0.0953997970896785,0.08791359,PatchTST
2021-02-17,PFE,0.0312170031968628,0.12192166,PatchTST
2021-02-17,PG,0.003901062543932996,-0.024473416,PatchTST
2021-02-17,UNH,0.0850335760493517,-0.007451685,PatchTST
2021-02-17,VZ,0.029119248366600202,0.01589589,PatchTST
2021-02-17,WFC,0.13554109498746683,-0.046844337,PatchTST
2021-02-17,XOM,0.13177602800170282,-0.046229392,PatchTST
2021-03-18,AAPL,0.07264131793887972,0.07225306,PatchTST
2021-03-18,CAT,-0.0011564312030173038,0.0498816,PatchTST
2021-03-18,CVX,-0.0480683041904917,-0.13378774,PatchTST
2021-03-18,DUK,0.0916912005911583,-0.11859682,PatchTST
2021-03-18,GS,-0.007682777048985991,0.10306423,PatchTST
2021-03-18,HD,0.158360933416865,-0.016847597,PatchTST
2021-03-18,INTC,-0.015782141943932498,0.03624105,PatchTST
2021-03-18,JNJ,0.009102067761439098,0.0026423256,PatchTST
2021-03-18,JPM,-0.005736328318304098,0.021548197,PatchTST
2021-03-18,KO,0.046519933717981306,-0.06637317,PatchTST
2021-03-18,MCD,0.0392447762113782,-0.01370841,PatchTST
2021-03-18,MMM,0.053155567274438494,0.08923167,PatchTST
2021-03-18,MSFT,0.09529479740418573,0.040257648,PatchTST
2021-03-18,NEM,0.0380167932694461,-0.03192879,PatchTST
2021-03-18,PFE,0.0748061304719683,-0.025617294,PatchTST
2021-03-18,PG,0.0664978857845523,-0.02573158,PatchTST
2021-03-18,UNH,0.10459086036893163,0.019872302,PatchTST
2021-03-18,VZ,0.0550826567563206,0.006501234,PatchTST
2021-03-18,WFC,0.09567542059934561,0.09175612,PatchTST
2021-03-18,XOM,-0.0467204918172992,0.04795208,PatchTST
2021-04-19,AAPL,-0.05891392273548887,-0.012253604,PatchTST
2021-04-19,CAT,0.052328545410339405,0.086891055,PatchTST
2021-04-19,CVX,0.07347653733909568,0.02728581,PatchTST
2021-04-19,DUK,0.02710641292325981,0.013973034,PatchTST
2021-04-19,GS,0.0757574535143197,0.06786366,PatchTST
2021-04-19,HD,-0.024905127245117904,0.041300245,PatchTST
2021-04-19,INTC,-0.1510781849617962,-0.0070988466,PatchTST
2021-04-19,JNJ,0.049013125931377494,0.010482048,PatchTST
2021-04-19,JPM,0.07154681499599451,0.06438321,PatchTST
2021-04-19,KO,0.017725578914670297,0.023811745,PatchTST
2021-04-19,MCD,-0.006024834039601591,0.02456226,PatchTST
2021-04-19,MMM,0.03235450692094382,0.040595815,PatchTST
2021-04-19,MSFT,-0.061530865975315,0.01427952,PatchTST
2021-04-19,NEM,0.12338985598826782,-0.032782435,PatchTST
2021-04-19,PFE,0.048956208466572504,-0.037572246,PatchTST
2021-04-19,PG,0.009868745648647547,0.030755363,PatchTST
2021-04-19,UNH,0.044076773038260915,0.021088462,PatchTST
2021-04-19,VZ,-0.005850807585324396,0.00042949198,PatchTST
2021-04-19,WFC,0.09074801933023038,0.037312042,PatchTST
2021-04-19,XOM,0.10758856827270559,-0.11501591,PatchTST
2021-05-18,AAPL,0.03026551277320945,0.06519459,PatchTST
2021-05-18,CAT,-0.11976644650021218,0.019551832,PatchTST
2021-05-18,CVX,0.0018251908599856998,0.05813086,PatchTST
2021-05-18,DUK,-0.006266417752228106,0.06291638,PatchTST
2021-05-18,GS,0.008099670711030904,0.041746147,PatchTST
2021-05-18,HD,-0.0501158410984795,-0.04833158,PatchTST
2021-05-18,INTC,0.0335881998492566,-0.028346453,PatchTST
2021-05-18,JNJ,-0.029385451073262302,0.009061845,PatchTST
2021-05-18,JPM,-0.0523584752675794,0.034470297,PatchTST
2021-05-18,KO,0.008055793871693492,-0.047736377,PatchTST
2021-05-18,MCD,0.022201297133762503,0.024377936,PatchTST
2021-05-18,MMM,-0.0334679043726468,-0.08689826,PatchTST
2021-05-18,MSFT,0.0508672097631172,-0.022733487,PatchTST
2021-05-18,NEM,-0.07049629444310701,0.03836195,PatchTST
2021-05-18,PFE,-0.0204010892032092,-0.0012793983,PatchTST
2021-05-18,PG,-0.036601439258124105,0.022771593,PatchTST
2021-05-18,UNH,-0.028244138055512,0.0148765445,PatchTST
2021-05-18,VZ,-0.022692547953975996,-0.009895607,PatchTST
2021-05-18,WFC,-0.04986592242947059,0.106542535,PatchTST
2021-05-18,XOM,0.030250259664526803,0.027111724,PatchTST
2021-06-17,AAPL,0.11758648841564556,0.037529003,PatchTST
2021-06-17,CAT,-0.043336590242271704,0.07015732,PatchTST
2021-06-17,CVX,-0.1062018056447921,0.0062429025,PatchTST
2021-06-17,DUK,0.0285636533163494,0.027695639,PatchTST
2021-06-17,GS,-0.016852910483269583,0.017373646,PatchTST
2021-06-17,HD,0.0601156288600374,0.018570038,PatchTST
2021-06-17,INTC,-0.0401157965454611,0.038864788,PatchTST
2021-06-17,JNJ,0.02207397269611163,0.008075925,PatchTST
2021-06-17,JPM,-0.0225509272435082,0.039527517,PatchTST
2021-06-17,KO,0.031154070211963304,0.01289108,PatchTST
2021-06-17,MCD,-0.0035295152733352004,0.046565004,PatchTST
2021-06-17,MMM,0.012415750327594902,0.039463203,PatchTST
2021-06-17,MSFT,0.08691109472772966,0.029213855,PatchTST
2021-06-17,NEM,-0.10333347546672891,0.05939153,PatchTST
2021-06-17,PFE,0.0263669570250167,-0.004817754,PatchTST
2021-06-17,PG,0.0565849779129393,0.021050137,PatchTST
2021-06-17,UNH,0.0586300296615989,0.020626545,PatchTST
2021-06-17,VZ,0.007988508084907,0.023118937,PatchTST
2021-06-17,WFC,-0.02871638634881571,0.04591578,PatchTST
2021-06-17,XOM,-0.1117947288580048,0.07307733,PatchTST
2021-07-19,AAPL,0.0332969833890462,0.03504982,PatchTST
2021-07-19,CAT,0.051218423186156395,0.023605272,PatchTST
2021-07-19,CVX,0.0230542380298105,0.031505078,PatchTST
2021-07-19,DUK,0.03793443518090821,0.01577732,PatchTST
2021-07-19,GS,0.11277526069343102,0.044420376,PatchTST
2021-07-19,HD,0.0411576836142752,0.030229546,PatchTST
2021-07-19,INTC,-0.02118948726798329,-0.03565321,PatchTST
2021-07-19,JNJ,0.056325251506933294,0.008059581,PatchTST
2021-07-19,JPM,0.0451753901705283,0.04617214,PatchTST
2021-07-19,KO,0.0189679102997366,-0.0011402708,PatchTST
2021-07-19,MCD,0.0261515415179712,0.023714952,PatchTST
2021-07-19,MMM,0.014688054529388997,0.020376705,PatchTST
2021-07-19,MSFT,0.048153769111758095,-0.03571378,PatchTST
2021-07-19,NEM,-0.0472685702965753,-0.056338437,PatchTST
2021-07-19,PFE,0.201406641712699,0.020622276,PatchTST
2021-07-19,PG,0.035238603677602204,0.004820536,PatchTST
2021-07-19,UNH,-0.0059503745850916015,-0.0016974373,PatchTST
2021-07-19,VZ,-0.008538170932377097,0.0015146842,PatchTST
2021-07-19,WFC,0.1139626619838063,0.003031887,PatchTST
2021-07-19,XOM,-0.009347910566199508,0.0761555,PatchTST
2021-08-17,AAPL,-0.013926547807162005,-0.028460395,PatchTST
2021-08-17,CAT,-0.05659945140917489,0.04028551,PatchTST
2021-08-17,CVX,-0.013522602924299496,0.042048976,PatchTST
2021-08-17,DUK,-0.0551034493814689,0.028498303,PatchTST
2021-08-17,GS,-0.010949414295274804,0.050932534,PatchTST
2021-08-17,HD,4.475003293420276e-05,-0.007136481,PatchTST
2021-08-17,INTC,0.030391680406133197,-0.023114908,PatchTST
2021-08-17,JNJ,-0.06647163707523501,0.006473547,PatchTST
2021-08-17,JPM,-0.004856336323723201,0.03311536,PatchTST
2021-08-17,KO,-0.020711635686265197,-0.012299409,PatchTST
2021-08-17,MCD,0.00550874335052027,0.007970395,PatchTST
2021-08-17,MMM,-0.08627828130970719,0.03367635,PatchTST
2021-08-17,MSFT,0.036015629878094466,0.029175738,PatchTST
2021-08-17,NEM,-0.010588928022850816,-0.0026726592,PatchTST
2021-08-17,PFE,-0.0884434677074069,0.083528966,PatchTST
2021-08-17,PG,0.003313368551288299,-0.0010467106,PatchTST
2021-08-17,UNH,0.0042466260642994936,-0.0056621055,PatchTST
2021-08-17,VZ,-0.025510217723483303,-0.010964202,PatchTST
2021-08-17,WFC,-0.057694219738719715,0.080693394,PatchTST
2021-08-17,XOM,0.0085443671001572,0.013612024,PatchTST
2021-09-16,AAPL,-0.036002335071275204,0.0695187,PatchTST
2021-09-16,CAT,-0.057006817197976595,0.0462413,PatchTST
2021-09-16,CVX,0.10218960621061618,0.038781278,PatchTST
2021-09-16,DUK,-0.0037314232468135047,0.010239769,PatchTST
2021-09-16,GS,-0.0271088752186542,0.0725118,PatchTST
2021-09-16,HD,0.03153378134543635,0.01502164,PatchTST
2021-09-16,INTC,-0.0223820124259585,0.037004713,PatchTST
2021-09-16,JNJ,-0.032626485280161203,0.017599897,PatchTST
2021-09-16,JPM,0.0390301723965899,0.04815798,PatchTST
2021-09-16,KO,-0.022989520027449604,0.025018316,PatchTST
2021-09-16,MCD,0.014705923297504598,0.01153875,PatchTST
2021-09-16,MMM,-0.021234700483807892,-0.0010334648,PatchTST
2021-09-16,MSFT,-0.0068141535524460055,0.03808196,PatchTST
2021-09-16,NEM,0.0010390701521499,0.005892761,PatchTST
2021-09-16,PFE,-0.07175702551803051,-0.0033970098,PatchTST
2021-09-16,PG,-0.0074004468632515984,-0.0072796736,PatchTST
2021-09-16,UNH,0.006779022775449506,0.00014877506,PatchTST
2021-09-16,VZ,-0.0379742884196964,-0.031997595,PatchTST
2021-09-16,WFC,-0.028930861994771594,0.07336446,PatchTST
2021-09-16,XOM,0.094310444108485,0.045971822,PatchTST
2021-10-15,AAPL,0.043881836893653006,-0.007996771,PatchTST
2021-10-15,CAT,0.07957386340501112,-0.0562202,PatchTST
2021-10-15,CVX,0.04861092149653297,0.04268652,PatchTST
2021-10-15,DUK,-0.007858401906286498,0.012918471,PatchTST
2021-10-15,GS,0.034445827056289305,0.057147074,PatchTST
2021-10-15,HD,0.0797989298953892,0.013272777,PatchTST
2021-10-15,INTC,-0.061996517802646894,0.033390243,PatchTST
2021-10-15,JNJ,0.030144856609173595,0.023890974,PatchTST
2021-10-15,JPM,0.02052551475966653,0.035375115,PatchTST
2021-10-15,KO,0.0359685400929323,0.02677797,PatchTST
2021-10-15,MCD,0.024717570549447114,0.018287199,PatchTST
2021-10-15,MMM,0.018353254707187402,-0.02201139,PatchTST
2021-10-15,MSFT,0.1063442835679584,0.02996239,PatchTST
2021-10-15,NEM,0.016480907510398404,0.014713003,PatchTST
2021-10-15,PFE,0.18556678859412806,0.023669478,PatchTST
2021-10-15,PG,0.0234543697868465,0.00242696,PatchTST
2021-10-15,UNH,0.0879170291873724,0.027155623,PatchTST
2021-10-15,VZ,0.008057052661850798,-0.0207597,PatchTST
2021-10-15,WFC,0.12136683117583859,0.09254269,PatchTST
2021-10-15,XOM,0.04228201616745259,0.031991366,PatchTST
2021-11-15,AAPL,0.15038137578865865,-0.010102367,PatchTST
2021-11-15,CAT,-0.0371409679173869,0.0022492572,PatchTST
2021-11-15,CVX,0.02876253428919731,-0.0032135965,PatchTST
2021-11-15,DUK,0.02852406766847939,0.0101224985,PatchTST
2021-11-15,GS,-0.035284737109425215,0.022248514,PatchTST
2021-11-15,HD,0.08049078169087422,0.024443567,PatchTST
2021-11-15,INTC,-0.012198918915517595,-0.011158658,PatchTST
2021-11-15,JNJ,0.038025555695287004,0.0046277894,PatchTST
2021-11-15,JPM,-0.04743369384903171,0.041430052,PatchTST
2021-11-15,KO,0.028527930098944294,-0.019274766,PatchTST
2021-11-15,MCD,0.0517185521623875,-0.009780505,PatchTST
2021-11-15,MMM,-0.0417963599284367,0.013607385,PatchTST
2021-11-15,MSFT,-0.023374219520389206,0.02590344,PatchTST
2021-11-15,NEM,-0.0347663192249341,0.04724846,PatchTST
2021-11-15,PFE,0.11049497031548518,0.07035397,PatchTST
2021-11-15,PG,0.07674120517319398,0.022999406,PatchTST
2021-11-15,UNH,0.04688818543870251,0.026907457,PatchTST
2021-11-15,VZ,-0.032821787173455214,-0.040803995,PatchTST
2021-11-15,WFC,-0.04146796469323951,0.0777046,PatchTST
2021-11-15,XOM,-0.03637918830631761,0.1041342,PatchTST
2021-12-15,AAPL,-0.0123514957632852,0.043336783,PatchTST
2021-12-15,CAT,0.1184658889116197,-0.073168404,PatchTST
2021-12-15,CVX,0.08712599642927002,0.03361889,PatchTST
2021-12-15,DUK,0.0133385898041002,0.0017309184,PatchTST
2021-12-15,GS,0.0050791984799675146,0.024406351,PatchTST
2021-12-15,HD,-0.038576265270850396,0.029999604,PatchTST
2021-12-15,INTC,0.10023675244501609,0.031678855,PatchTST
2021-12-15,JNJ,-0.0090253208793043,0.017636446,PatchTST
2021-12-15,JPM,0.06158663631041461,-0.0038491203,PatchTST
2021-12-15,KO,0.0522443699747117,-0.010214506,PatchTST
2021-12-15,MCD,-0.004237231455708103,0.0100504495,PatchTST
2021-12-15,MMM,0.035422725915601,-0.013692249,PatchTST
2021-12-15,MSFT,-0.07439378856670772,0.04648768,PatchTST
2021-12-15,NEM,0.08772322496358269,-0.0057714186,PatchTST
2021-12-15,PFE,2.8449465006019636e-16,-0.020593204,PatchTST
2021-12-15,PG,0.000252770915281207,0.008806661,PatchTST
2021-12-15,UNH,-0.025410876175663705,0.022109918,PatchTST
2021-12-15,VZ,0.06709251541338429,-0.010786839,PatchTST
2021-12-15,WFC,0.135778807404542,0.032208417,PatchTST
2021-12-15,XOM,0.13776768763697483,-0.019203587,PatchTST
2022-01-14,AAPL,-0.0181369656038889,0.031443425,PatchTST
2022-01-14,CAT,-0.12234239124648277,-0.009224456,PatchTST
2022-01-14,CVX,0.07495799769425861,-0.031675756,PatchTST
2022-01-14,DUK,-0.041162077345555194,0.023524666,PatchTST
2022-01-14,GS,-0.08142536479674628,0.009326914,PatchTST
2022-01-14,HD,-0.0959928735613549,0.03638735,PatchTST
2022-01-14,INTC,-0.13624037742319278,-0.018131683,PatchTST
2022-01-14,JNJ,-0.01890252273410636,0.018721959,PatchTST
2022-01-14,JPM,-0.0982327446498761,0.009414238,PatchTST
2022-01-14,KO,-0.0036190228410194003,0.013355953,PatchTST
2022-01-14,MCD,-0.0311603264042982,0.02043207,PatchTST
2022-01-14,MMM,-0.1359492682447998,-0.012057198,PatchTST
2022-01-14,MSFT,-0.032680639070352006,0.046605248,PatchTST
2022-01-14,NEM,0.0482309361962326,0.023228278,PatchTST
2022-01-14,PFE,-0.1015141472318392,0.022187978,PatchTST
2022-01-14,PG,-0.004455649211596809,0.019152563,PatchTST
2022-01-14,UNH,0.014801358237817685,-0.0019558817,PatchTST
2022-01-14,VZ,-0.004682000912773795,-0.02302239,PatchTST
2022-01-14,WFC,0.03698159414398581,0.0361667,PatchTST
2022-01-14,XOM,0.12276457171560101,-0.023486692,PatchTST
2022-02-15,AAPL,-0.056580199789069,0.036508232,PatchTST
2022-02-15,CAT,0.0778814867824558,-0.016157804,PatchTST
2022-02-15,CVX,0.15363341033638017,0.042885154,PatchTST
2022-02-15,DUK,0.0684338884438894,0.012172958,PatchTST
2022-02-15,GS,-0.0497149725767021,0.021678157,PatchTST
2022-02-15,HD,-0.05451702241840058,0.033204034,PatchTST
2022-02-15,INTC,-0.020168503560905694,-0.05109057,PatchTST
2022-02-15,JNJ,0.0588628791353664,0.03264145,PatchTST
2022-02-15,JPM,-0.09695092912423683,0.0065192785,PatchTST
2022-02-15,KO,-0.012684562688077296,0.028705839,PatchTST
2022-02-15,MCD,-0.05652354083740092,0.012631892,PatchTST
2022-02-15,MMM,-0.0727933149174692,-0.0094071245,PatchTST
2022-02-15,MSFT,-3.95587488808552e-06,0.018212663,PatchTST
2022-02-15,NEM,0.1278776733771188,0.004517385,PatchTST
2022-02-15,PFE,0.06076632873847012,0.06195464,PatchTST
2022-02-15,PG,-0.04555438886308861,0.016447661,PatchTST
2022-02-15,UNH,0.05202595414900831,0.029461943,PatchTST
2022-02-15,VZ,-0.014750750302838494,0.031729,PatchTST
2022-02-15,WFC,-0.11433176312609002,0.066405036,PatchTST
2022-02-15,XOM,-0.026298900173770616,0.003135928,PatchTST
2022-03-17,AAPL,0.03509327977349459,-0.005428418,PatchTST
2022-03-17,CAT,0.0528634297164489,-0.08987087,PatchTST
2022-03-17,CVX,0.0843496337103463,0.05030362,PatchTST
2022-03-17,DUK,0.08047078736473258,0.024850445,PatchTST
2022-03-17,GS,-0.057745281538665594,-0.022761026,PatchTST
2022-03-17,HD,-0.08310963468760929,0.012781429,PatchTST
2022-03-17,INTC,-0.020802524584671,-0.032379866,PatchTST
2022-03-17,JNJ,0.030361707906716995,0.016662601,PatchTST
2022-03-17,JPM,-0.08552920543174279,-0.0011697691,PatchTST
2022-03-17,KO,0.0893910645797869,0.013693597,PatchTST
2022-03-17,MCD,0.050640125004839706,0.013425181,PatchTST
2022-03-17,MMM,0.012769485855548096,-0.03888383,PatchTST
2022-03-17,MSFT,-0.0507232077026962,0.017585441,PatchTST
2022-03-17,NEM,0.1548389095198235,0.010232185,PatchTST
2022-03-17,PFE,0.003772115266717904,0.021304231,PatchTST
2022-03-17,PG,0.05716240026984022,0.027110532,PatchTST
2022-03-17,UNH,0.0708082458060563,0.049081773,PatchTST
2022-03-17,VZ,0.03731139445429031,0.019447533,PatchTST
2022-03-17,WFC,-0.10730033618159841,0.00062321615,PatchTST
2022-03-17,XOM,0.13250730772218514,-0.009302763,PatchTST
2022-04-18,AAPL,-0.1257822077456742,0.0029738247,PatchTST
2022-04-18,CAT,-0.0900915592312192,-0.012393663,PatchTST
2022-04-18,CVX,0.008241454603683009,0.06574337,PatchTST
2022-04-18,DUK,-0.0338716385188911,0.012388793,PatchTST
2022-04-18,GS,-0.058248938619277185,-0.023090376,PatchTST
2022-04-18,HD,-0.028411320087262406,-0.023403319,PatchTST
2022-04-18,INTC,-0.05050895382975101,-0.17659253,PatchTST
2022-04-18,JNJ,-0.0101681545061519,-0.0021334756,PatchTST
2022-04-18,JPM,-0.0643483240590098,0.033572968,PatchTST
2022-04-18,KO,0.014353609233300098,0.0112703005,PatchTST
2022-04-18,MCD,-0.0261667537502215,0.008444929,PatchTST
2022-04-18,MMM,0.020949017868956792,-0.004445002,PatchTST
2022-04-18,MSFT,-0.0677480809547391,0.009803555,PatchTST
2022-04-18,NEM,-0.25865521286157284,0.033816986,PatchTST
2022-04-18,PFE,-0.039097485739047394,0.032713212,PatchTST
2022-04-18,PG,-0.01640287142064971,0.010805318,PatchTST
2022-04-18,UNH,-0.08911792347749033,0.021179818,PatchTST
2022-04-18,VZ,-0.0931946536715546,-0.0011366033,PatchTST
2022-04-18,WFC,-0.08811224871636339,-0.023019444,PatchTST
2022-04-18,XOM,0.04509800966458791,0.06268754,PatchTST
2022-05-17,AAPL,-0.07199617365996511,0.03682376,PatchTST
2022-05-17,CAT,-0.005760099587275098,-0.005803558,PatchTST
2022-05-17,CVX,-0.04370560303076611,0.044065863,PatchTST
2022-05-17,DUK,-0.0937846494323489,0.004927851,PatchTST
2022-05-17,GS,-0.038956368355795995,-0.048313916,PatchTST
2022-05-17,HD,-0.05020490639432551,-0.024355616,PatchTST
2022-05-17,INTC,-0.10851214640572991,-0.027702753,PatchTST
2022-05-17,JNJ,-0.04008786820592201,0.05129785,PatchTST
2022-05-17,JPM,-0.024394657959410003,-0.048976187,PatchTST
2022-05-17,KO,-0.09302010705846299,0.03835397,PatchTST
2022-05-17,MCD,-0.015760111785484206,0.014596806,PatchTST
2022-05-17,MMM,-0.1036086912814103,-0.062217273,PatchTST
2022-05-17,MSFT,-0.035631609881209406,-0.045117002,PatchTST
2022-05-17,NEM,-0.035104803193977394,0.018939309,PatchTST
2022-05-17,PFE,-0.0435641259115558,-0.0109129,PatchTST
2022-05-17,PG,-0.15754065610484477,0.025630988,PatchTST
2022-05-17,UNH,-0.0522169853065457,0.012598447,PatchTST
2022-05-17,VZ,0.002240387034159504,-0.03536025,PatchTST
2022-05-17,WFC,-0.10060751594867559,-0.019432211,PatchTST
2022-05-17,XOM,0.04240838238509201,0.021177841,PatchTST
2022-06-16,AAPL,0.0824537172844862,0.007893604,PatchTST
2022-06-16,CAT,-0.171756230018245,-0.036453735,PatchTST
2022-06-16,CVX,-0.16281285129333758,0.050201777,PatchTST
2022-06-16,DUK,0.05107862559641131,0.012332683,PatchTST
2022-06-16,GS,0.03785168653195122,-0.024435794,PatchTST
2022-06-16,HD,0.046518156757912606,-0.03657324,PatchTST
2022-06-16,INTC,0.0015511790262418973,-0.069323756,PatchTST
2022-06-16,JNJ,0.02463667924059101,0.0049447874,PatchTST
2022-06-16,JPM,-0.02306210371860909,-0.020224864,PatchTST
2022-06-16,KO,0.032643890143876086,0.005222658,PatchTST
2022-06-16,MCD,0.05504916997807971,0.00016680581,PatchTST
2022-06-16,MMM,-0.04118494500177999,-0.034893326,PatchTST
2022-06-16,MSFT,0.0098418026369173,-0.018235575,PatchTST
2022-06-16,NEM,-0.1341696853600831,0.021857904,PatchTST
2022-06-16,PFE,0.04514174046621609,0.06532873,PatchTST
2022-06-16,PG,0.0783517037068967,-0.0058396123,PatchTST
2022-06-16,UNH,0.11558105294557859,0.012609985,PatchTST
2022-06-16,VZ,0.0352331474115126,-0.0190308,PatchTST
2022-06-16,WFC,0.07614584259881971,-0.034741033,PatchTST
2022-06-16,XOM,-0.097208688737878,0.00089093135,PatchTST
2022-07-19,AAPL,0.1639445112790116,-0.026687702,PatchTST
2022-07-19,CAT,0.13666075714975148,0.08089416,PatchTST
2022-07-19,CVX,0.11384297263969738,0.023157757,PatchTST
2022-07-19,DUK,0.0706068529584584,-0.009312601,PatchTST
2022-07-19,GS,0.1640594521098158,-0.03123653,PatchTST
2022-07-19,HD,0.11077834398067832,-0.02870737,PatchTST
2022-07-19,INTC,-0.057270347299978284,-0.03869716,PatchTST
2022-07-19,JNJ,-0.0389750574333102,-0.003838784,PatchTST
2022-07-19,JPM,0.1006709996952526,-0.077743106,PatchTST
2022-07-19,KO,0.053375389492690606,0.016616695,PatchTST
2022-07-19,MCD,0.05349174026905909,0.009972131,PatchTST
2022-07-19,MMM,0.1532526875087198,-0.053470723,PatchTST
2022-07-19,MSFT,0.1408641791806618,-0.031997442,PatchTST
2022-07-19,NEM,-0.1741448802230453,0.05922562,PatchTST
2022-07-19,PFE,-0.009963139640758699,0.08329468,PatchTST
2022-07-19,PG,0.051629393605340995,-0.03835842,PatchTST
2022-07-19,UNH,0.05022228477893109,0.028126942,PatchTST
2022-07-19,VZ,-0.09332307902225412,-0.035822712,PatchTST
2022-07-19,WFC,0.11860818518805649,-0.07276033,PatchTST
2022-07-19,XOM,0.07006128559342549,0.03971349,PatchTST
2022-08-17,AAPL,-0.1271532150220507,0.012792745,PatchTST
2022-08-17,CAT,-0.0791444206690303,-0.10257316,PatchTST
2022-08-17,CVX,0.0356056595699584,-0.49875325,PatchTST
2022-08-17,DUK,-0.0534034488989873,0.008959801,PatchTST
2022-08-17,GS,-0.06052193655806219,0.013412431,PatchTST
2022-08-17,HD,-0.1805088146474439,-0.0777319,PatchTST
2022-08-17,INTC,-0.2270195333604973,-0.023692071,PatchTST
2022-08-17,JNJ,-0.008274608500975413,-0.011119995,PatchTST
2022-08-17,JPM,-0.047710805375450485,-0.033552606,PatchTST
2022-08-17,KO,-0.0811039434293046,0.033380162,PatchTST
2022-08-17,MCD,-0.0438817325012641,0.004301166,PatchTST
2022-08-17,MMM,-0.24495273500751055,-0.076660514,PatchTST
2022-08-17,MSFT,-0.1742538954197534,0.006011652,PatchTST
2022-08-17,NEM,-0.06930571030499569,0.13628197,PatchTST
2022-08-17,PFE,-0.08188280497851971,-0.012730343,PatchTST
2022-08-17,PG,-0.0869811626712678,0.016933786,PatchTST
2022-08-17,UNH,-0.040296579130498306,0.024696246,PatchTST
2022-08-17,VZ,-0.10998072059400141,-0.009963278,PatchTST
2022-08-17,WFC,-0.0425786248496709,0.036098614,PatchTST
2022-08-17,XOM,0.0361842862167316,0.100860015,PatchTST
2022-09-16,AAPL,-0.09630806873801831,-0.01649892,PatchTST
2022-09-16,CAT,-0.0238449346230384,0.050675623,PatchTST
2022-09-16,CVX,-0.0029927374716805025,0.042606656,PatchTST
2022-09-16,DUK,-0.20224014166681326,0.013347241,PatchTST
2022-09-16,GS,-0.10024103567625672,-0.021100417,PatchTST
2022-09-16,HD,0.01784848523018281,-0.03340307,PatchTST
2022-09-16,INTC,-0.10713432409370136,-0.024544695,PatchTST
2022-09-16,JNJ,-0.0037625966148093007,0.000981709,PatchTST
2022-09-16,JPM,-0.0494347180487751,-0.019170275,PatchTST
2022-09-16,KO,-0.0795110322470929,-0.0031279176,PatchTST
2022-09-16,MCD,-0.041525730632332086,0.014781704,PatchTST
2022-09-16,MMM,-0.024256799956120217,-0.059635133,PatchTST
2022-09-16,MSFT,-0.07100911764167459,-0.036785416,PatchTST
2022-09-16,NEM,-0.039937687110321404,-0.079542704,PatchTST
2022-09-16,PFE,-0.06939723869442452,-0.031271037,PatchTST
2022-09-16,PG,-0.09423375512456578,0.013286291,PatchTST
2022-09-16,UNH,-0.018879992894265108,-0.014463684,PatchTST
2022-09-16,VZ,-0.10357170794594112,-0.01931105,PatchTST
2022-09-16,WFC,-0.022220444605629986,-0.0715431,PatchTST
2022-09-16,XOM,0.04495139971906789,-0.046472404,PatchTST
2022-10-17,AAPL,0.07075614885904108,-0.04562903,PatchTST
2022-10-17,CAT,0.2897666042909578,-0.04471036,PatchTST
2022-10-17,CVX,0.1526507119502337,0.017965551,PatchTST
2022-10-17,DUK,0.0947656867879584,-0.0026595776,PatchTST
2022-10-17,GS,0.2426137400677913,-0.046761166,PatchTST
2022-10-17,HD,0.10462941679897922,-0.0344186,PatchTST
2022-10-17,INTC,0.1715831882704052,-0.082496606,PatchTST
2022-10-17,JNJ,0.04430386864814221,0.0017163688,PatchTST
2022-10-17,JPM,0.1859273435765506,-0.030895345,PatchTST
2022-10-17,KO,0.09946854713442349,0.017012808,PatchTST
2022-10-17,MCD,0.1130744917755834,0.008853016,PatchTST
2022-10-17,MMM,0.14247867913590903,-0.0024314253,PatchTST
2022-10-17,MSFT,0.055277701188474,-0.03954122,PatchTST
2022-10-17,NEM,0.12771552300277764,0.024814336,PatchTST
2022-10-17,PFE,0.1473016457807266,0.008090622,PatchTST
2022-10-17,PG,0.126736430101695,-0.0009102147,PatchTST
2022-10-17,UNH,0.0012073805277027054,0.011496983,PatchTST
2022-10-17,VZ,0.05169164142314038,-0.025671251,PatchTST
2022-10-17,WFC,0.0886518764385753,0.010970226,PatchTST
2022-10-17,XOM,0.1416376665009639,0.05121201,PatchTST
2022-11-15,AAPL,-0.0347902546521984,0.014419617,PatchTST
2022-11-15,CAT,-0.008577969910668993,-0.09623018,PatchTST
2022-11-15,CVX,-0.07158219963950022,0.029648876,PatchTST
2022-11-15,DUK,0.08934912941215419,0.014298729,PatchTST
2022-11-15,GS,-0.0526669020512642,-0.016313476,PatchTST
2022-11-15,HD,0.0888773752952924,-0.048312824,PatchTST
2022-11-15,INTC,-0.0713491482977658,-0.067596555,PatchTST
2022-11-15,JNJ,0.0510850310763969,-0.041524448,PatchTST
2022-11-15,JPM,-0.003740653818505999,-0.01664717,PatchTST
2022-11-15,KO,0.059356144308225,0.008129293,PatchTST
2022-11-15,MCD,0.013882447261810473,-0.009497919,PatchTST
2022-11-15,MMM,-0.026789093292149894,-0.025644133,PatchTST
2022-11-15,MSFT,0.0656693220079373,-0.077769995,PatchTST
2022-11-15,NEM,0.02930026283587129,0.09715853,PatchTST
2022-11-15,PFE,0.1011273072776601,-0.0036439355,PatchTST
2022-11-15,PG,0.0807735066729393,-0.03437506,PatchTST
2022-11-15,UNH,0.049868690784258506,0.0030528242,PatchTST
2022-11-15,VZ,-0.022704468228701903,-0.045510177,PatchTST
2022-11-15,WFC,-0.10543162425804961,0.00609674,PatchTST
2022-11-15,XOM,-0.0628876611359177,0.058475535,PatchTST
2022-12-15,AAPL,-0.05209849652805421,-0.011651944,PatchTST
2022-12-15,CAT,0.08882238646256359,0.22534102,PatchTST
2022-12-15,CVX,0.0462640919792598,0.07776849,PatchTST
2022-12-15,DUK,0.008866694421193193,-0.017173965,PatchTST
2022-12-15,GS,-0.0294543750167831,-0.026361192,PatchTST
2022-12-15,HD,-0.017853195444041407,-0.006329928,PatchTST
2022-12-15,INTC,0.046327022617176986,-0.06902078,PatchTST
2022-12-15,JNJ,-0.0420370893745039,0.011081296,PatchTST
2022-12-15,JPM,0.06127285054948119,-0.006402677,PatchTST
2022-12-15,KO,-0.0367671463497427,0.00282432,PatchTST
2022-12-15,MCD,-0.0015310620725398003,0.055373125,PatchTST
2022-12-15,MMM,0.004036655456622507,-0.007451083,PatchTST
2022-12-15,MSFT,-0.0678356236124904,-0.02282635,PatchTST
2022-12-15,NEM,0.1077562620410043,0.026331153,PatchTST
2022-12-15,PFE,-0.1674545634134141,0.07072215,PatchTST
2022-12-15,PG,-0.015827079161221343,-0.00023127359,PatchTST
2022-12-15,UNH,-0.10421379202579703,0.003912096,PatchTST
2022-12-15,VZ,0.1024987719123249,-0.040107414,PatchTST
2022-12-15,WFC,0.044966912297423306,0.0015111258,PatchTST
2022-12-15,XOM,0.0589990078275137,0.0819774,PatchTST
2023-01-18,AAPL,0.1348636440011982,0.024292825,PatchTST
2023-01-18,CAT,-0.025187563741168102,-0.033860147,PatchTST
2023-01-18,CVX,-0.0569163387841907,0.034703586,PatchTST
2023-01-18,DUK,-0.048761380866357194,-0.03693143,PatchTST
2023-01-18,GS,0.0674597385467724,0.012066071,PatchTST
2023-01-18,HD,-0.02110473006848451,-0.016617266,PatchTST
2023-01-18,INTC,-0.013553174173135216,-0.10847821,PatchTST
2023-01-18,JNJ,-0.0783569105405669,-0.0071359864,PatchTST
2023-01-18,JPM,0.021083027940728603,-0.021295765,PatchTST
2023-01-18,KO,-0.0344718872985912,-0.050319187,PatchTST
2023-01-18,MCD,-0.027930027351567105,0.0071825013,PatchTST
2023-01-18,MMM,-0.0979281566972484,-0.02860023,PatchTST
2023-01-18,MSFT,0.1163057134503647,0.015249189,PatchTST
2023-01-18,NEM,-0.1250995745612322,0.023554595,PatchTST
2023-01-18,PFE,-0.052626035989402395,-0.07245771,PatchTST
2023-01-18,PG,-0.0731227701592117,-0.02275655,PatchTST
2023-01-18,UNH,0.012639339907046148,-0.009899653,PatchTST
2023-01-18,VZ,-0.011572052142769797,-0.02560843,PatchTST
2023-01-18,WFC,0.090021343442469,-0.020594886,PatchTST
2023-01-18,XOM,0.035090658624704,-0.015051994,PatchTST
2023-02-16,AAPL,-0.0021264712217112947,0.0034365677,PatchTST
2023-02-16,CAT,-0.14556285664533852,-0.0041129803,PatchTST
2023-02-16,CVX,-0.10384287992402282,0.04912261,PatchTST
2023-02-16,DUK,-0.01916374619977311,-0.01058631,PatchTST
2023-02-16,GS,-0.2025162111548504,-0.0076409164,PatchTST
2023-02-16,HD,-0.0989458882884514,-0.033817988,PatchTST
2023-02-16,INTC,0.03273393652695779,-0.098110445,PatchTST
2023-02-16,JNJ,-0.0376844160147015,0.030421887,PatchTST
2023-02-16,JPM,-0.1336506475788893,-0.015374086,PatchTST
2023-02-16,KO,0.014831161327020795,0.025331711,PatchTST
2023-02-16,MCD,0.008155224526213999,0.013364754,PatchTST
2023-02-16,MMM,-0.09502769095620392,-0.08371192,PatchTST
2023-02-16,MSFT,0.036851645525886906,-0.034228392,PatchTST
2023-02-16,NEM,0.049050626628607596,-0.022828951,PatchTST
2023-02-16,PFE,-0.07723829783675959,0.005832565,PatchTST
2023-02-16,PG,0.028168769521500398,-0.021597,PatchTST
2023-02-16,UNH,-0.04172941501191199,0.01059383,PatchTST
2023-02-16,VZ,-0.0931083324725207,-0.020451166,PatchTST
2023-02-16,WFC,-0.2393255578211911,-0.0070787994,PatchTST
2023-02-16,XOM,-0.15062455312882256,0.022691779,PatchTST
2023-03-20,AAPL,0.07139019489663823,0.030275827,PatchTST
2023-03-20,CAT,0.04630438631143771,-0.13230258,PatchTST
2023-03-20,CVX,0.11273784262450758,0.068183295,PatchTST
2023-03-20,DUK,0.010526601900077908,-0.004167392,PatchTST
2023-03-20,GS,0.0953581155625506,-0.0134822065,PatchTST
2023-03-20,HD,0.035962688394701896,-0.021006998,PatchTST
2023-03-20,INTC,0.06556537644237552,-0.024992837,PatchTST
2023-03-20,JNJ,0.055089011077340995,-0.0052250503,PatchTST
2023-03-20,JPM,0.12463711750578739,-0.028862618,PatchTST
2023-03-20,KO,0.0573065765060153,0.0032962256,PatchTST
2023-03-20,MCD,0.08501686471535759,-0.019593224,PatchTST
2023-03-20,MMM,0.031059769637491103,-0.16365851,PatchTST
2023-03-20,MSFT,0.031492557116014105,0.024475666,PatchTST
2023-03-20,NEM,0.0142226905285046,-0.032144412,PatchTST
2023-03-20,PFE,0.011159629562927596,-0.0016142954,PatchTST
2023-03-20,PG,0.05631450354084961,-0.021693485,PatchTST
2023-03-20,UNH,0.07185996145746112,0.012044404,PatchTST
2023-03-20,VZ,0.0732100370388411,-0.04804416,PatchTST
2023-03-20,WFC,0.10331931786814623,-0.027438905,PatchTST
2023-03-20,XOM,0.15809207333824501,-0.020565849,PatchTST
2023-04-19,AAPL,0.03806493970874079,-0.087632924,PatchTST
2023-04-19,CAT,-0.05451751180809649,-0.07746323,PatchTST
2023-04-19,CVX,-0.090857425235073,-0.005975145,PatchTST
2023-04-19,DUK,-0.0359255652201421,-0.015235229,PatchTST
2023-04-19,GS,-0.011233710600058289,-0.012161881,PatchTST
2023-04-19,HD,-0.022187804893224305,0.0033597257,PatchTST
2023-04-19,INTC,-0.09351955379727284,-0.013522403,PatchTST
2023-04-19,JNJ,-0.012625156888508897,0.007858365,PatchTST
2023-04-19,JPM,-0.0210831640383113,-0.03390323,PatchTST
2023-04-19,KO,-0.006471502038028999,0.010378859,PatchTST
2023-04-19,MCD,0.008727056766731894,0.0191515,PatchTST
2023-04-19,MMM,-0.0590143286574325,-0.039798807,PatchTST
2023-04-19,MSFT,0.0873322908929243,0.017041655,PatchTST
2023-04-19,NEM,-0.0878675932944392,-0.25895402,PatchTST
2023-04-19,PFE,-0.08763504431570411,-0.035929583,PatchTST
2023-04-19,PG,0.0315127675237052,-0.014078483,PatchTST
2023-04-19,UNH,-0.039771206867949105,0.004125656,PatchTST
2023-04-19,VZ,-0.0735158188178441,-0.04910339,PatchTST
2023-04-19,WFC,-0.02646352435011802,-0.0040419353,PatchTST
2023-04-19,XOM,-0.10077647829795129,0.06202597,PatchTST
2023-05-18,AAPL,0.06842524649523081,-0.022842117,PatchTST
2023-05-18,CAT,0.14530174742114618,0.052803643,PatchTST
2023-05-18,CVX,0.019650031067326303,-0.0033507496,PatchTST
2023-05-18,DUK,-0.009071334638413094,-0.09027926,PatchTST
2023-05-18,GS,0.031910383658742617,-0.0036243536,PatchTST
2023-05-18,HD,0.0341334221855304,-0.007478243,PatchTST
2023-05-18,INTC,0.23094118575136308,-0.026323719,PatchTST
2023-05-18,JNJ,0.03994302725272849,-0.009894732,PatchTST
2023-05-18,JPM,0.0341515147087382,0.057178736,PatchTST
2023-05-18,KO,-0.016128201001173292,-0.004568776,PatchTST
2023-05-18,MCD,0.006111655495075263,0.024984153,PatchTST
2023-05-18,MMM,0.057687438057481194,-0.16079348,PatchTST
2023-05-18,MSFT,0.0863819747293238,0.02336387,PatchTST
2023-05-18,NEM,-0.010822432008257322,-0.06278916,PatchTST
2023-05-18,PFE,0.08624033403688859,0.035447262,PatchTST
2023-05-18,PG,-0.03637731669785638,-0.00860632,PatchTST
2023-05-18,UNH,-0.05172199373229781,0.00026361248,PatchTST
2023-05-18,VZ,0.007709365544762403,-0.059988316,PatchTST
2023-05-18,WFC,0.0416324796523985,-0.014972524,PatchTST
2023-05-18,XOM,0.0029530716315747975,0.030816648,PatchTST
2023-06-20,AAPL,0.05358893543565771,0.037344858,PatchTST
2023-06-20,CAT,0.0737834688897629,0.00040011667,PatchTST
2023-06-20,CVX,-0.016477379543500602,0.0017770145,PatchTST
2023-06-20,DUK,-0.005766245706706197,-0.025432233,PatchTST
2023-06-20,GS,0.006599037037682009,0.009159252,PatchTST
2023-06-20,HD,0.061646130908980995,0.015217083,PatchTST
2023-06-20,INTC,-0.05394510874145191,0.0068497984,PatchTST
2023-06-20,JNJ,-0.03399994812493229,0.00192278,PatchTST
2023-06-20,JPM,0.0807579350860656,0.034435388,PatchTST
2023-06-20,KO,-0.0004865710879906997,0.005831256,PatchTST
2023-06-20,MCD,0.0014628134365998983,0.003495105,PatchTST
2023-06-20,MMM,-0.010191272061845696,-0.08340547,PatchTST
2023-06-20,MSFT,0.0365681558749609,0.05227582,PatchTST
2023-06-20,NEM,0.030335841704912308,0.01612094,PatchTST
2023-06-20,PFE,-0.0947112608202569,-0.025827248,PatchTST
2023-06-20,PG,0.005003111371533104,0.0069305524,PatchTST
2023-06-20,UNH,0.09404239733012959,0.0073418925,PatchTST
2023-06-20,VZ,-0.0529944521638523,-0.020004641,PatchTST
2023-06-20,WFC,0.092331404700681,0.051981643,PatchTST
2023-06-20,XOM,-0.033957243496696696,-0.035491444,PatchTST
2023-07-20,AAPL,-0.11310727862879469,0.031374652,PatchTST
2023-07-20,CAT,0.046185954462696216,0.045976087,PatchTST
2023-07-20,CVX,0.041751552146246595,0.021714939,PatchTST
2023-07-20,DUK,0.0008210159603591974,-0.008390935,PatchTST
2023-07-20,GS,-0.03901261451296759,-0.06295918,PatchTST
2023-07-20,HD,0.024121357107947956,0.015944747,PatchTST
2023-07-20,INTC,-0.05250925201909119,0.06141825,PatchTST
2023-07-20,JNJ,0.0918450694663228,-0.00075834873,PatchTST
2023-07-20,JPM,-0.037114907009823096,0.040964425,PatchTST
2023-07-20,KO,-0.016851125120354003,0.0082653845,PatchTST
2023-07-20,MCD,-0.0426114584924453,0.015604199,PatchTST
2023-07-20,MMM,-0.016368467460298804,-0.025641292,PatchTST
2023-07-20,MSFT,-0.1117048575093951,0.048135545,PatchTST
2023-07-20,NEM,-0.1558490053879717,-0.07430842,PatchTST
2023-07-20,PFE,0.012998679071821999,-0.12532333,PatchTST
2023-07-20,PG,0.018318161899304304,0.006638482,PatchTST
2023-07-20,UNH,-0.0195263949774897,-0.01965721,PatchTST
2023-07-20,VZ,-0.027153721004336905,-0.034876782,PatchTST
2023-07-20,WFC,-0.07768891329619651,-0.0273994,PatchTST
2023-07-20,XOM,0.0727518031362458,-0.03719023,PatchTST
2023-08-18,AAPL,0.022559373596938298,0.0072209295,PatchTST
2023-08-18,CAT,0.020752219262876098,0.048438,PatchTST
2023-08-18,CVX,0.04570037423149915,-0.00144139,PatchTST
2023-08-18,DUK,0.045898475574154295,-0.025390172,PatchTST
2023-08-18,GS,0.0554176136839499,-0.017859487,PatchTST
2023-08-18,HD,-0.024728825696534392,0.012094981,PatchTST
2023-08-18,INTC,0.15362427575219137,0.042998414,PatchTST
2023-08-18,JNJ,-0.06138527775871321,-0.003981092,PatchTST
2023-08-18,JPM,0.0032915022488875004,0.02074377,PatchTST
2023-08-18,KO,-0.030955377632971594,-0.018470965,PatchTST
2023-08-18,MCD,-0.009434908015096206,0.01266324,PatchTST
2023-08-18,MMM,0.007350886138445007,-0.06948986,PatchTST
2023-08-18,MSFT,0.03771681468381722,0.010491769,PatchTST
2023-08-18,NEM,0.056107678797174404,0.063456126,PatchTST
2023-08-18,PFE,-0.0818703090479489,-0.06526588,PatchTST
2023-08-18,PG,0.012673207358847702,-0.039941654,PatchTST
2023-08-18,UNH,-0.012237093595325899,-0.018016065,PatchTST
2023-08-18,VZ,0.014116400005916994,-0.03777947,PatchTST
2023-08-18,WFC,0.022352487975664095,-0.007056695,PatchTST
2023-08-18,XOM,0.08180105106264127,0.056788243,PatchTST
2023-09-19,AAPL,-0.004618191177424404,0.0038811401,PatchTST
2023-09-19,CAT,-0.029952115975988108,0.018261928,PatchTST
2023-09-19,CVX,0.0022100645048651942,-0.039787687,PatchTST
2023-09-19,DUK,-0.06526892610496379,0.006378435,PatchTST
2023-09-19,GS,-0.10415744212622344,-0.03856505,PatchTST
2023-09-19,HD,-0.06956486697557851,0.0025349353,PatchTST
2023-09-19,INTC,-0.0521387205745651,0.027804118,PatchTST
2023-09-19,JNJ,-0.0400605287617481,0.0026588077,PatchTST
2023-09-19,JPM,-0.0033679732429004955,-0.027533468,PatchTST
2023-09-19,KO,-0.07532261915776779,0.0028506482,PatchTST
2023-09-19,MCD,-0.1006028364134351,0.01556648,PatchTST
2023-09-19,MMM,-0.10961425848185367,0.009927261,PatchTST
2023-09-19,MSFT,0.009075510243980405,0.036045562,PatchTST
2023-09-19,NEM,1.0234868508263162e-16,0.021134358,PatchTST
2023-09-19,PFE,-0.026812825947357604,-0.006616035,PatchTST
2023-09-19,PG,-0.05189148638186961,-0.022284027,PatchTST
2023-09-19,UNH,0.0990140709759473,0.06444678,PatchTST
2023-09-19,VZ,-0.0410153080585099,-0.024026144,PatchTST
2023-09-19,WFC,-0.03395701123372799,0.011195683,PatchTST
2023-09-19,XOM,-0.05459171164878912,-0.0104259495,PatchTST
2023-10-18,AAPL,0.06081503066333141,-0.03373012,PatchTST
2023-10-18,CAT,-0.07722382007198238,0.009398283,PatchTST
2023-10-18,CVX,-0.14093207001675973,-0.0033122648,PatchTST
2023-10-18,DUK,0.0072801182089358004,0.011398126,PatchTST
2023-10-18,GS,0.08735618333229671,-0.0073847757,PatchTST
2023-10-18,HD,0.0405594697544203,-0.0011588292,PatchTST
2023-10-18,INTC,0.12211295544178431,0.048168723,PatchTST
2023-10-18,JNJ,-0.04782955357239339,-0.004087178,PatchTST
2023-10-18,JPM,0.0148688886081301,-0.0019986038,PatchTST
2023-10-18,KO,0.0564493220461592,0.005515489,PatchTST
2023-10-18,MCD,0.0738549623058845,0.018359153,PatchTST
2023-10-18,MMM,0.06695139157837769,0.030367123,PatchTST
2023-10-18,MSFT,0.1093225980314651,0.053859018,PatchTST
2023-10-18,NEM,-0.10681704929802309,-0.024327235,PatchTST
2023-10-18,PFE,-0.06799993796234219,0.013444488,PatchTST
2023-10-18,PG,0.0409636412851353,0.013753857,PatchTST
2023-10-18,UNH,0.003274151639144602,0.011967498,PatchTST
2023-10-18,VZ,0.13321403877504057,-0.0151060615,PatchTST
2023-10-18,WFC,0.0291541988354203,0.014500847,PatchTST
2023-10-18,XOM,-0.06281852003970442,0.002177924,PatchTST
2023-11-16,AAPL,0.0495978264674823,0.026599761,PatchTST
2023-11-16,CAT,0.1292707347413968,-0.072902024,PatchTST
2023-11-16,CVX,0.0361319362452892,-0.060276307,PatchTST
2023-11-16,DUK,0.08692665546136569,0.025924305,PatchTST
2023-11-16,GS,0.12782861277381233,-0.053075988,PatchTST
2023-11-16,HD,0.14527301051941519,-0.029420266,PatchTST
2023-11-16,INTC,0.12809923298763912,0.02295588,PatchTST
2023-11-16,JNJ,0.04982992915273253,0.006283647,PatchTST
2023-11-16,JPM,0.09843784201885189,0.012482367,PatchTST
2023-11-16,KO,0.0319369528281747,0.0042730733,PatchTST
2023-11-16,MCD,0.0665310039349831,0.004498855,PatchTST
2023-11-16,MMM,0.11540206817132029,-0.024898976,PatchTST
2023-11-16,MSFT,0.0028634188130296813,0.034146316,PatchTST
2023-11-16,NEM,0.12656063086441138,-0.050585434,PatchTST
2023-11-16,PFE,-0.1254723633263637,-4.6999194e-05,PatchTST
2023-11-16,PG,-0.05052207248166131,0.017038923,PatchTST
2023-11-16,UNH,-0.010226472509597805,0.0064590373,PatchTST
2023-11-16,VZ,0.03734924893438051,0.0052387198,PatchTST
2023-11-16,WFC,0.16073170228513872,0.033254117,PatchTST
2023-11-16,XOM,-0.02698629634743409,0.07112568,PatchTST
2023-12-18,AAPL,-0.0463054880640032,0.041952338,PatchTST
2023-12-18,CAT,-0.013529829583773694,0.028077705,PatchTST
2023-12-18,CVX,-0.0517336376217037,-0.01977868,PatchTST
2023-12-18,DUK,-0.008000421913399702,-0.0027357484,PatchTST
2023-12-18,GS,-0.009506000523879,-0.0067197545,PatchTST
2023-12-18,HD,0.01095665061375829,-0.029669464,PatchTST
2023-12-18,INTC,0.012486695443509898,0.044298988,PatchTST
2023-12-18,JNJ,0.0382510803184262,-0.014788662,PatchTST
2023-12-18,JPM,0.0193146674060271,0.062544055,PatchTST
2023-12-18,KO,0.026272995640872605,-0.033964448,PatchTST
2023-12-18,MCD,0.024380949040804498,0.013533095,PatchTST
2023-12-18,MMM,-0.005060255747543905,-0.06921902,PatchTST
2023-12-18,MSFT,0.060546853262766716,0.066315986,PatchTST
2023-12-18,NEM,-0.16596479655601112,-0.0036545636,PatchTST
2023-12-18,PFE,0.053375197777192726,-0.059147544,PatchTST
2023-12-18,PG,0.0349178922631981,-0.012340417,PatchTST
2023-12-18,UNH,-0.0282226835995026,0.023944633,PatchTST
2023-12-18,VZ,0.057876370447661,0.02443166,PatchTST
2023-12-18,WFC,-0.0800428004458755,0.0001349044,PatchTST
2023-12-18,XOM,-0.0414828281480175,0.026296213,PatchTST
2024-01-19,AAPL,-0.0328038107027014,0.032982912,PatchTST
2024-01-19,CAT,0.13734172317151008,0.0474292,PatchTST
2024-01-19,CVX,0.0973289571552242,-0.02321132,PatchTST
2024-01-19,DUK,-0.031120230347879804,0.0038340697,PatchTST
2024-01-19,GS,0.0197812858295622,-0.00042945798,PatchTST
2024-01-19,HD,0.012357047945954694,0.051929705,PatchTST
2024-01-19,INTC,-0.06868263344425288,0.09809546,PatchTST
2024-01-19,JNJ,-0.02176868636621811,-0.009305425,PatchTST
2024-01-19,JPM,0.0670478706901374,0.009883112,PatchTST
2024-01-19,KO,-0.012881779621542598,-0.0037469044,PatchTST
2024-01-19,MCD,-0.007981151979351994,0.010736496,PatchTST
2024-01-19,MMM,-0.13750508365751726,0.0026364597,PatchTST
2024-01-19,MSFT,0.027389988324480606,0.075746946,PatchTST
2024-01-19,NEM,-0.03497770213693429,-0.0022933614,PatchTST
2024-01-19,PFE,-0.0019370339297830972,-0.10296109,PatchTST
2024-01-19,PG,0.0613311735667163,-0.0060944725,PatchTST
2024-01-19,UNH,0.010039651356266402,-0.0016470182,PatchTST
2024-01-19,VZ,0.039032952691367195,-0.011600436,PatchTST
2024-01-19,WFC,0.11834973321781961,0.03975558,PatchTST
2024-01-19,XOM,0.0783950002285746,-0.011813616,PatchTST
2024-02-20,AAPL,-0.034770134846341096,0.014598233,PatchTST
2024-02-20,CAT,0.0947425412903187,0.036209177,PatchTST
2024-02-20,CVX,0.012787446170212952,-0.0020927105,PatchTST
2024-02-20,DUK,0.034866162585488705,-0.0068573486,PatchTST
2024-02-20,GS,0.0179787619287573,-0.019888898,PatchTST
2024-02-20,HD,0.051969790282152095,0.015864301,PatchTST
2024-02-20,INTC,-0.034131486830563496,0.016660169,PatchTST
2024-02-20,JNJ,-0.0021739792593487048,-0.01973015,PatchTST
2024-02-20,JPM,0.07922151295900359,0.020848839,PatchTST
2024-02-20,KO,0.022011539206381096,0.048652906,PatchTST
2024-02-20,MCD,-0.02616161679695881,0.013650796,PatchTST
2024-02-20,MMM,0.14340040674319476,-0.026642825,PatchTST
2024-02-20,MSFT,0.0420428785920404,0.06032877,PatchTST
2024-02-20,NEM,0.011738959174764106,-0.013590697,PatchTST
2024-02-20,PFE,0.00036185201890910536,-0.05034887,PatchTST
2024-02-20,PG,0.027057314685241494,0.028881816,PatchTST
2024-02-20,UNH,-0.051712674923593806,0.017846549,PatchTST
2024-02-20,VZ,-0.0129256775104972,-0.022931393,PatchTST
2024-02-20,WFC,0.0937151513839037,-0.011757994,PatchTST
2024-02-20,XOM,0.08639259960330299,-0.022579378,PatchTST
2024-03-20,AAPL,-0.0527049854508197,0.0035541758,PatchTST
2024-03-20,CAT,0.011322881407266899,-0.0129484115,PatchTST
2024-03-20,CVX,0.0060472226961183085,-0.013110579,PatchTST
2024-03-20,DUK,0.0082692025470346,0.037641868,PatchTST
2024-03-20,GS,0.0365045950823465,0.017167663,PatchTST
2024-03-20,HD,-0.13080522261881722,0.02290258,PatchTST
2024-03-20,INTC,-0.1823690400920797,0.029212521,PatchTST
2024-03-20,JNJ,-0.06937719010942231,0.018800434,PatchTST
2024-03-20,JPM,-0.0610814313077594,0.044649545,PatchTST
2024-03-20,KO,-0.022159631314491807,-0.014568804,PatchTST
2024-03-20,MCD,-0.04294207817794461,0.0030027204,PatchTST
2024-03-20,MMM,0.03809958678298669,0.0072873263,PatchTST
2024-03-20,MSFT,-0.0415232679051301,0.053346794,PatchTST
2024-03-20,NEM,0.13862125366032732,-0.063202806,PatchTST
2024-03-20,PFE,-0.0845467102764303,-0.060662378,PatchTST
2024-03-20,PG,-0.02201869807767203,0.0067730946,PatchTST
2024-03-20,UNH,-0.00028385618494610257,0.015704053,PatchTST
2024-03-20,VZ,0.020059039535814296,0.067086495,PatchTST
2024-03-20,WFC,0.029894194937860705,0.05768558,PatchTST
2024-03-20,XOM,0.04689771953308819,0.008484829,PatchTST
2024-04-19,AAPL,0.1294616358453115,0.0013675605,PatchTST
2024-04-19,CAT,-0.001009915471079103,0.059133764,PatchTST
2024-04-19,CVX,0.0419010048958033,-0.005348772,PatchTST
2024-04-19,DUK,0.08968124470843691,0.0046096426,PatchTST
2024-04-19,GS,0.14866022231608086,0.05989022,PatchTST
2024-04-19,HD,0.033439635501105396,-0.07994447,PatchTST
2024-04-19,INTC,-0.09202753196813061,0.014715478,PatchTST
2024-04-19,JNJ,0.0592757221078831,-0.009174075,PatchTST
2024-04-19,JPM,0.1221076455752849,0.02267797,PatchTST
2024-04-19,KO,0.06759985547308141,-0.0047596856,PatchTST
2024-04-19,MCD,0.005152907822248097,-0.0076158037,PatchTST
2024-04-19,MMM,0.14031319165074663,-0.0376478,PatchTST
2024-04-19,MSFT,0.04047364270842688,0.031584572,PatchTST
2024-04-19,NEM,0.12630703048870773,-0.032666206,PatchTST
2024-04-19,PFE,0.1354171569033857,-0.09630358,PatchTST
2024-04-19,PG,0.0637276971261587,0.012224752,PatchTST
2024-04-19,UNH,0.0618189358459742,-0.013332375,PatchTST
2024-04-19,VZ,-0.00174570835074629,-0.05621397,PatchTST
2024-04-19,WFC,0.0447961737112064,0.03527989,PatchTST
2024-04-19,XOM,0.017495202788426607,0.00907656,PatchTST
2024-05-20,AAPL,0.12099071431811335,0.03682514,PatchTST
2024-05-20,CAT,-0.09143289419266387,-0.061463673,PatchTST
2024-05-20,CVX,-0.0591311970651659,0.01283792,PatchTST
2024-05-20,DUK,-0.0378625692883822,0.029068809,PatchTST
2024-05-20,GS,-0.016212541897377693,0.027309865,PatchTST
2024-05-20,HD,0.0346055455455242,0.0061587505,PatchTST
2024-05-20,INTC,-0.03842933816815581,-0.031756844,PatchTST
2024-05-20,JNJ,-0.051842531775648806,0.02366159,PatchTST
2024-05-20,JPM,-0.03878117719967251,0.03553036,PatchTST
2024-05-20,KO,0.001363099608681999,-0.028524352,PatchTST
2024-05-20,MCD,-0.0761106858360068,-0.013371175,PatchTST
2024-05-20,MMM,-0.036671767802217495,0.008553842,PatchTST
2024-05-20,MSFT,0.06032649321216169,0.043758303,PatchTST
2024-05-20,NEM,-0.0396200049410562,-0.05941413,PatchTST
2024-05-20,PFE,-0.043896478212299396,-0.012497977,PatchTST
2024-05-20,PG,0.005472808208127801,0.044552036,PatchTST
2024-05-20,UNH,-0.0824886339572593,-0.0047824434,PatchTST
2024-05-20,VZ,0.0004990238150737007,0.049832344,PatchTST
2024-05-20,WFC,-0.033799899058851515,0.04403764,PatchTST
2024-05-20,XOM,-0.0896592347033682,0.030062458,PatchTST
2024-06-20,AAPL,0.04569873477896082,-0.009944374,PatchTST
2024-06-20,CAT,0.066882811275908,0.07877202,PatchTST
2024-06-20,CVX,0.03725482577712161,0.040768072,PatchTST
2024-06-20,DUK,0.06661074044500878,0.01868084,PatchTST
2024-06-20,GS,0.0583806727452001,0.02429365,PatchTST
2024-06-20,HD,0.026464411034233904,-0.030377254,PatchTST
2024-06-20,INTC,0.07392138127589998,-0.061088555,PatchTST
2024-06-20,JNJ,0.060216606208187605,-0.025383644,PatchTST
2024-06-20,JPM,0.068381282584622,0.022800826,PatchTST
2024-06-20,KO,0.0415944738318711,-0.039746724,PatchTST
2024-06-20,MCD,0.025549012438034688,0.017018212,PatchTST
2024-06-20,MMM,0.030780596676816704,0.061605968,PatchTST
2024-06-20,MSFT,-0.020896111389598505,0.022192484,PatchTST
2024-06-20,NEM,0.11749047074474182,0.040169474,PatchTST
2024-06-20,PFE,0.0892889646002597,-0.037396416,PatchTST
2024-06-20,PG,0.002430534536352301,-0.006365138,PatchTST
2024-06-20,UNH,0.16143842803155609,-0.016739368,PatchTST
2024-06-20,VZ,0.0539360808108118,0.032727487,PatchTST
2024-06-20,WFC,0.003043583046808493,-0.068854585,PatchTST
2024-06-20,XOM,0.0593654149239874,0.008449066,PatchTST
2024-07-22,AAPL,0.008176010809867986,-0.015872236,PatchTST
2024-07-22,CAT,-0.004544991010252606,0.09432612,PatchTST
2024-07-22,CVX,-0.0694418080180326,-0.0029579473,PatchTST
2024-07-22,DUK,0.062107722680007506,0.008812231,PatchTST
2024-07-22,GS,0.03992010750972668,0.018791009,PatchTST
2024-07-22,HD,-0.0007983974644765065,0.010587974,PatchTST
2024-07-22,INTC,-0.42059497538496005,-0.034127906,PatchTST
2024-07-22,JNJ,0.031435621650562004,-0.010724389,PatchTST
2024-07-22,JPM,0.02666945608969399,0.071787216,PatchTST
2024-07-22,KO,0.05497777268156461,-0.01724087,PatchTST
2024-07-22,MCD,0.1112317924347428,-0.026363391,PatchTST
2024-07-22,MMM,0.2011955337766916,0.03498798,PatchTST
2024-07-22,MSFT,-0.034493175356973105,0.034897387,PatchTST
2024-07-22,NEM,0.08539664325610338,-0.06213726,PatchTST
2024-07-22,PFE,-0.025807184279464497,-0.056285035,PatchTST
2024-07-22,PG,0.002734809622954393,0.0183292,PatchTST
2024-07-22,UNH,0.023512850762492193,-0.017846774,PatchTST
2024-07-22,VZ,-0.02137033806467189,0.032529652,PatchTST
2024-07-22,WFC,-0.04046255758564361,0.032729335,PatchTST
2024-07-22,XOM,0.028991235161187796,0.026728382,PatchTST
2024-08-20,AAPL,-0.0232891525203793,-0.016149042,PatchTST
2024-08-20,CAT,0.029926342415106097,0.015047926,PatchTST
2024-08-20,CVX,-0.0197399389148683,-0.008032977,PatchTST
2024-08-20,DUK,0.027648241010630306,0.0129679805,PatchTST
2024-08-20,GS,-0.03474348178819219,0.0562758,PatchTST
2024-08-20,HD,0.0621284376374787,-0.002313092,PatchTST
2024-08-20,INTC,-0.03547309663745159,-0.012272622,PatchTST
2024-08-20,JNJ,0.0475937375693535,-0.024891976,PatchTST
2024-08-20,JPM,-0.037452892370226795,0.030152118,PatchTST
2024-08-20,KO,0.046203403564651094,0.022285517,PatchTST
2024-08-20,MCD,0.021262046692635053,-0.013703518,PatchTST
2024-08-20,MMM,0.053611694020357294,-0.012610261,PatchTST
2024-08-20,MSFT,0.021776117555940704,0.016829893,PatchTST
2024-08-20,NEM,0.040734935687045004,-0.031954516,PatchTST
2024-08-20,PFE,0.03245383679021649,0.023664525,PatchTST
2024-08-20,PG,0.03213464606971252,0.02080184,PatchTST
2024-08-20,UNH,0.006765439919807797,0.019682072,PatchTST
2024-08-20,VZ,0.0742482053313628,0.018059902,PatchTST
2024-08-20,WFC,-0.03956809610395111,0.043634642,PatchTST
2024-08-20,XOM,-0.033892733728557105,0.036236312,PatchTST
2024-09-19,AAPL,0.050624685599373394,0.04251483,PatchTST
2024-09-19,CAT,0.10513796953745369,0.12374032,PatchTST
2024-09-19,CVX,0.0490679000627877,0.00035452982,PatchTST
2024-09-19,DUK,0.0397583420870521,0.032113567,PatchTST
2024-09-19,GS,0.08770573669522741,0.02170043,PatchTST
2024-09-19,HD,0.07905467160056771,0.008836201,PatchTST
2024-09-19,INTC,0.077335444526177,-0.18747109,PatchTST
2024-09-19,JNJ,-0.010162623992502945,-0.012579304,PatchTST
2024-09-19,JPM,0.08435274954174429,0.054870903,PatchTST
2024-09-19,KO,-0.026122298421627096,0.0051065935,PatchTST
2024-09-19,MCD,0.07476324842481812,-0.06718386,PatchTST
2024-09-19,MMM,0.017246970156406794,0.10157406,PatchTST
2024-09-19,MSFT,-0.0332525809760456,0.009170957,PatchTST
2024-09-19,NEM,0.0628172780395838,-0.007901489,PatchTST
2024-09-19,PFE,-0.016266147630082703,0.0124641815,PatchTST
2024-09-19,PG,-0.0094744963497839,-0.0049131317,PatchTST
2024-09-19,UNH,-0.025501116291688594,0.06815492,PatchTST
2024-09-19,VZ,0.0148059367476762,0.041294314,PatchTST
2024-09-19,WFC,0.1710158479144961,0.024777768,PatchTST
2024-09-19,XOM,0.04913084187860921,0.008610247,PatchTST
2024-10-18,AAPL,-0.0301836703695101,0.03774207,PatchTST
2024-10-18,CAT,-0.023182507110442202,0.05527438,PatchTST
2024-10-18,CVX,0.06540609884351269,-0.00661547,PatchTST
2024-10-18,DUK,-0.06281141196984528,0.021901486,PatchTST
2024-10-18,GS,0.11511624881233583,0.0037379242,PatchTST
2024-10-18,HD,-0.018015037657845394,0.012810487,PatchTST
2024-10-18,INTC,0.0816867607408526,-0.2986369,PatchTST
2024-10-18,JNJ,-0.06577565037342589,-0.028327018,PatchTST
2024-10-18,JPM,0.08900340182929978,0.022360923,PatchTST
2024-10-18,KO,-0.1241335357059315,0.0057717757,PatchTST
2024-10-18,MCD,-0.0727108576458032,-0.0142372195,PatchTST
2024-10-18,MMM,-0.039077186779801404,0.04076942,PatchTST
2024-10-18,MSFT,-0.0041359780164192915,0.014869297,PatchTST
2024-10-18,NEM,-0.32237734337865875,-0.02893939,PatchTST
2024-10-18,PFE,-0.1503062966080026,-0.016546115,PatchTST
2024-10-18,PG,-0.010169851527971795,0.008729703,PatchTST
2024-10-18,UNH,0.0452478964406746,0.07162028,PatchTST
2024-10-18,VZ,-0.05147322403821121,0.10248943,PatchTST
2024-10-18,WFC,0.149591589685087,-0.03880001,PatchTST
2024-10-18,XOM,-0.0004954828056295043,-0.010163963,PatchTST
2024-11-18,AAPL,0.11918447500408422,0.10999213,PatchTST
2024-11-18,CAT,-0.021767754856399694,0.015226207,PatchTST
2024-11-18,CVX,-0.07590508587438119,0.040679622,PatchTST
2024-11-18,DUK,-0.0389034252688846,0.06412081,PatchTST
2024-11-18,GS,-0.027349480869473197,0.07406488,PatchTST
2024-11-18,HD,0.005962377959999903,-0.021157626,PatchTST
2024-11-18,INTC,-0.17503807373113972,-0.19504192,PatchTST
2024-11-18,JNJ,-0.0425498848322457,0.00074350275,PatchTST
2024-11-18,JPM,-0.0287405656516493,0.051902656,PatchTST
2024-11-18,KO,0.0340878300672083,0.05629905,PatchTST
2024-11-18,MCD,0.017718144847607798,0.041671827,PatchTST
2024-11-18,MMM,-0.013496875276769902,0.12471544,PatchTST
2024-11-18,MSFT,0.092831008679519,-0.03958595,PatchTST
2024-11-18,NEM,-0.022061824160346796,0.012272216,PatchTST
2024-11-18,PFE,0.0636560919117911,0.013005935,PatchTST
2024-11-18,PG,0.0046489210678745205,0.0072506424,PatchTST
2024-11-18,UNH,-0.1948464037464333,0.009361766,PatchTST
2024-11-18,VZ,-0.0211096261059075,-0.017378416,PatchTST
2024-11-18,WFC,-0.04864895592070059,0.08240825,PatchTST
2024-11-18,XOM,-0.0995012486045995,-0.036800962,PatchTST
2024-12-18,AAPL,-0.12972885619122643,0.10978208,PatchTST
2024-12-18,CAT,0.06195841641775329,0.02037406,PatchTST
2024-12-18,CVX,0.066157646991182,0.014025406,PatchTST
2024-12-18,DUK,0.026343868655296906,0.053391073,PatchTST
2024-12-18,GS,0.09940225151817209,0.12243022,PatchTST
2024-12-18,HD,0.024091110177069584,0.008655046,PatchTST
2024-12-18,INTC,0.06303910481015891,-0.040591788,PatchTST
2024-12-18,JNJ,0.0118142947256951,0.015898362,PatchTST
2024-12-18,JPM,0.10363728903896949,0.0533975,PatchTST
2024-12-18,KO,-0.0155781938483139,0.034185644,PatchTST
2024-12-18,MCD,-0.0465618905576687,-0.014623359,PatchTST
2024-12-18,MMM,0.13726307734363036,0.11936557,PatchTST
2024-12-18,MSFT,-0.05881908495981821,0.014931392,PatchTST
2024-12-18,NEM,0.062101551501890506,0.06957915,PatchTST
2024-12-18,PFE,0.0079141104103829,0.012470201,PatchTST
2024-12-18,PG,-0.051871281946377995,0.02248159,PatchTST
2024-12-18,UNH,0.07815870583947611,0.015008519,PatchTST
2024-12-18,VZ,-0.026552693408751094,0.015241014,PatchTST
2024-12-18,WFC,0.0947837806130656,0.07538927,PatchTST
2024-12-18,XOM,0.03153160966096207,0.02754623,PatchTST
2025-01-22,AAPL,0.1001831388525226,-0.01742904,PatchTST
2025-01-22,CAT,-0.1318544984996258,0.05130692,PatchTST
2025-01-22,CVX,0.014500189198730404,-0.036167465,PatchTST
2025-01-22,DUK,0.030559818635447607,-0.0050238967,PatchTST
2025-01-22,GS,0.011777688347990027,0.05416684,PatchTST
2025-01-22,HD,-0.058535556656398195,0.07990445,PatchTST
2025-01-22,INTC,0.1810192087234313,-0.11241541,PatchTST
2025-01-22,JNJ,0.08291926014141851,0.06438898,PatchTST
2025-01-22,JPM,0.014231195990113112,0.058734953,PatchTST
2025-01-22,KO,0.11518081969367021,-0.014985587,PatchTST
2025-01-22,MCD,0.06982999011595194,-0.04650046,PatchTST
2025-01-22,MMM,0.0197198194244035,0.046777725,PatchTST
2025-01-22,MSFT,-0.027289923869471308,-0.0021390896,PatchTST
2025-01-22,NEM,0.1271059795290977,-0.014768332,PatchTST
2025-01-22,PFE,-0.011773997250825206,0.023980422,PatchTST
2025-01-22,PG,0.039463279733173,0.049575824,PatchTST
2025-01-22,UNH,-0.043942715492808204,0.036707044,PatchTST
2025-01-22,VZ,0.0851945525433034,0.018315345,PatchTST
2025-01-22,WFC,0.014894130030382893,0.022768518,PatchTST
2025-01-22,XOM,0.013648376868734598,0.013902135,PatchTST
2025-02-21,AAPL,-0.11890740382803187,-0.028386436,PatchTST
2025-02-21,CAT,-0.039045557540266,-0.04312398,PatchTST
2025-02-21,CVX,0.0368466554939779,-0.03416112,PatchTST
2025-02-21,DUK,0.05116060634469719,0.015904212,PatchTST
2025-02-21,GS,-0.12297329337869792,0.0073559117,PatchTST
2025-02-21,HD,-0.11043447205268069,0.013491023,PatchTST
2025-02-21,INTC,-0.0727231920467168,0.013037005,PatchTST
2025-02-21,JNJ,0.02443615826219641,-0.016584966,PatchTST
2025-02-21,JPM,-0.0990916577360654,0.017065758,PatchTST
2025-02-21,KO,-0.012401759764242893,0.052006677,PatchTST
2025-02-21,MCD,0.013612614888872101,0.04990362,PatchTST
2025-02-21,MMM,0.008549366556767801,-0.07880542,PatchTST
2025-02-21,MSFT,-0.06162543762354689,-0.0019915989,PatchTST
2025-02-21,NEM,-0.009376990920224999,0.045076787,PatchTST
2025-02-21,PFE,0.014565403987098999,-0.03728749,PatchTST
2025-02-21,PG,-0.003114661756335294,0.012105346,PatchTST
2025-02-21,UNH,0.032580750829521096,0.09792353,PatchTST
2025-02-21,VZ,0.034693469586741084,-0.05078152,PatchTST
2025-02-21,WFC,-0.08089091063533639,-0.028231781,PatchTST
2025-02-21,XOM,0.03077156322093401,-0.011826381,PatchTST
2025-03-24,AAPL,-0.08871632810508055,-0.02054517,PatchTST
2025-03-24,CAT,-0.13774543411761,0.08202964,PatchTST
2025-03-24,CVX,-0.18226096340291525,0.022148566,PatchTST
2025-03-24,DUK,0.028392485053649108,-0.015089001,PatchTST
2025-03-24,GS,-0.08326395504340849,0.046656102,PatchTST
2025-03-24,HD,0.009297285148257584,-0.0071904454,PatchTST
2025-03-24,INTC,-0.21790174658390551,-0.007654136,PatchTST
2025-03-24,JNJ,-0.03659636308734191,0.015945356,PatchTST
2025-03-24,JPM,-0.019173986914073172,0.07795708,PatchTST
2025-03-24,KO,0.0734006048886675,0.012890702,PatchTST
2025-03-24,MCD,0.04368851341651219,0.050569784,PatchTST
2025-03-24,MMM,-0.0979540385694852,0.03793566,PatchTST
2025-03-24,MSFT,-0.0645009917779588,-0.03999528,PatchTST
2025-03-24,NEM,0.14115636208751037,0.15677628,PatchTST
2025-03-24,PFE,-0.15396062357743093,-0.05556993,PatchTST
2025-03-24,PG,0.01332768717001251,-0.038906645,PatchTST
2025-03-24,UNH,-0.1905472026301552,-0.018502228,PatchTST
2025-03-24,VZ,-0.0024191566461206912,0.08996135,PatchTST
2025-03-24,WFC,-0.09072870340389358,0.0312199,PatchTST
2025-03-24,XOM,-0.064365284580733,-0.037662208,PatchTST
2025-04-23,AAPL,0.013007012738884605,-0.09064816,PatchTST
2025-04-23,CAT,0.16239360011903087,0.11460739,PatchTST
2025-04-23,CVX,-0.0006471454468612997,0.017535936,PatchTST
2025-04-23,DUK,-0.041925612356666406,0.0058406694,PatchTST
2025-04-23,GS,0.13216030659548839,0.16302082,PatchTST
2025-04-23,HD,0.045259900651204193,-0.020222228,PatchTST
2025-04-23,INTC,0.05872335120327211,0.010737448,PatchTST
2025-04-23,JNJ,-0.029397790228946112,0.025268707,PatchTST
2025-04-23,JPM,0.10258071590820378,-0.008992731,PatchTST
2025-04-23,KO,-0.028132283344043905,0.029478647,PatchTST
2025-04-23,MCD,-0.008308122855907995,0.021334086,PatchTST
2025-04-23,MMM,0.09154872042749654,0.07485036,PatchTST
2025-04-23,MSFT,0.21190533570217454,-0.033659495,PatchTST
2025-04-23,NEM,-0.03545812776985651,0.17865421,PatchTST
2025-04-23,PFE,0.0412817454366705,-0.0011264682,PatchTST
2025-04-23,PG,-0.014701413564658202,-0.00033032836,PatchTST
2025-04-23,UNH,-0.34353858243926394,0.020616906,PatchTST
2025-04-23,VZ,0.012882591503124602,0.06379482,PatchTST
2025-04-23,WFC,0.10539644756026981,-0.045465045,PatchTST
2025-04-23,XOM,-0.034620869283331704,-0.008678661,PatchTST
2025-05-22,AAPL,-0.002923685341579601,0.17910525,PatchTST
2025-05-22,CAT,0.0669606952498064,-0.00084940204,PatchTST
2025-05-22,CVX,0.0800654943060698,-0.00033168867,PatchTST
2025-05-22,DUK,0.004541354502311705,0.021297304,PatchTST
2025-05-22,GS,0.09116309807794011,-0.07322937,PatchTST
2025-05-22,HD,-0.031951662394162,0.042631336,PatchTST
2025-05-22,INTC,0.023878879913686403,-0.039433572,PatchTST
2025-05-22,JNJ,-0.0036805038071978,-0.0075573158,PatchTST
2025-05-22,JPM,0.0639180731597273,0.016788494,PatchTST
2025-05-22,KO,-0.022721716377655306,-0.00040879752,PatchTST
2025-05-22,MCD,-0.08325369856241449,0.014073584,PatchTST
2025-05-22,MMM,-0.007235458124645596,0.0032051615,PatchTST
2025-05-22,MSFT,0.0712661517662413,-0.09615041,PatchTST
2025-05-22,NEM,0.12649828862898901,-0.01054994,PatchTST
2025-05-22,PFE,0.0420711365796541,-0.037361152,PatchTST
2025-05-22,PG,-0.026957476432972003,0.057004444,PatchTST
2025-05-22,UNH,-0.0005465564280799362,-0.22825444,PatchTST
2025-05-22,VZ,-0.0322871354043823,-0.03413722,PatchTST
2025-05-22,WFC,0.050876442999812005,-0.033660095,PatchTST
2025-05-22,XOM,0.07505840011255349,0.058917318,PatchTST
2025-06-24,AAPL,0.06088727589959111,0.057506494,PatchTST
2025-06-24,CAT,0.15855972957558753,0.01884951,PatchTST
2025-06-24,CVX,0.0417420471254522,-0.02142953,PatchTST
2025-06-24,DUK,0.021482610101082197,0.072483204,PatchTST
2025-06-24,GS,0.10363999691323551,-0.09017553,PatchTST
2025-06-24,HD,0.052895815503682504,-0.057307154,PatchTST
2025-06-24,INTC,0.1030453914435301,-0.040488392,PatchTST
2025-06-24,JNJ,0.11109340901194739,0.02376841,PatchTST
2025-06-24,JPM,0.0691379601017248,0.050350662,PatchTST
2025-06-24,KO,-0.008351271668651995,-0.10340878,PatchTST
2025-06-24,MCD,0.029271660978365293,0.01920227,PatchTST
2025-06-24,MMM,0.021581198672386503,-0.028154664,PatchTST
2025-06-24,MSFT,0.040071020555166384,-0.013716425,PatchTST
2025-06-24,NEM,0.03243169082104372,0.06624113,PatchTST
2025-06-24,PFE,0.053870092569271694,-0.015218571,PatchTST
2025-06-24,PG,-0.010409651690414305,-0.041150495,PatchTST
2025-06-24,UNH,-0.0275476776187283,-0.28827372,PatchTST
2025-06-24,VZ,0.0273074709197089,0.059426986,PatchTST
2025-06-24,WFC,0.083303688917512,0.042249132,PatchTST
2025-06-24,XOM,-0.01633094669146041,-0.057941895,PatchTST
2025-07-24,AAPL,0.0501134094932321,0.008851815,PatchTST
2025-07-24,CAT,-0.022946538031843287,0.06528021,PatchTST
2025-07-24,CVX,0.02681592969493989,-0.081683874,PatchTST
2025-07-24,DUK,0.0466175518137913,-0.018592507,PatchTST
2025-07-24,GS,-0.002190429659615402,0.12459792,PatchTST
2025-07-24,HD,0.05517848833866781,0.022756785,PatchTST
2025-07-24,INTC,0.0004256322230908947,-0.12545331,PatchTST
2025-07-24,JNJ,0.05650442482604969,0.031814005,PatchTST
2025-07-24,JPM,-0.017986602946158513,-0.011739142,PatchTST
2025-07-24,KO,0.021456892398845004,0.0023296215,PatchTST
2025-07-24,MCD,0.04940975368455229,-0.0067401957,PatchTST
2025-07-24,MMM,0.023329973170268307,-0.014953798,PatchTST
2025-07-24,MSFT,-0.0015847786561426938,0.06693113,PatchTST
2025-07-24,NEM,0.1320446004305977,0.04010674,PatchTST
2025-07-24,PFE,0.031981085250003496,0.008986315,PatchTST
2025-07-24,PG,0.0028389380442235016,-0.026351089,PatchTST
2025-07-24,UNH,0.036388416625065784,0.10915903,PatchTST
2025-07-24,VZ,0.0498566530045722,-0.00821627,PatchTST
2025-07-24,WFC,-0.0668544637365788,0.14108147,PatchTST
2025-07-24,XOM,0.002874373891492695,0.085237734,PatchTST
2025-08-22,AAPL,0.1298340077204349,-0.033118773,PatchTST
2025-08-22,CAT,0.1219726026248609,0.050899245,PatchTST
2025-08-22,CVX,0.0032092379361784986,0.003590787,PatchTST
2025-08-22,DUK,-0.020837487343224704,-0.034327958,PatchTST
2025-08-22,GS,0.12326620131776989,-0.011014245,PatchTST
2025-08-22,HD,0.040982574463369045,-0.007035375,PatchTST
2025-08-22,INTC,0.2019851196610722,0.16118921,PatchTST
2025-08-22,JNJ,-0.019419911465623704,-0.0143800285,PatchTST
2025-08-22,JPM,0.06947529584167719,-0.015111053,PatchTST
2025-08-22,KO,-0.057408215887918404,0.045205615,PatchTST
2025-08-22,MCD,-0.027544859031544404,0.0023126313,PatchTST
2025-08-22,MMM,0.0012358948402697023,0.022476202,PatchTST
2025-08-22,MSFT,0.020046067036933,0.06661361,PatchTST
2025-08-22,NEM,0.18101811234631368,0.06637418,PatchTST
2025-08-22,PFE,-0.0683270192768276,-0.037260152,PatchTST
2025-08-22,PG,-0.0363092204742195,-0.009345099,PatchTST
2025-08-22,UNH,0.12416361507329791,-0.4126814,PatchTST
2025-08-22,VZ,-0.0424147628058248,0.033580482,PatchTST
2025-08-22,WFC,0.09000488598523171,-0.04282605,PatchTST
2025-08-22,XOM,0.025221601788734505,0.025455505,PatchTST
2025-09-23,AAPL,0.025789216795147896,-0.0060151964,PatchTST
2025-09-23,CAT,0.1084095005669812,-0.10094027,PatchTST
2025-09-23,CVX,-0.014588487552468398,-0.006705641,PatchTST
2025-09-23,DUK,0.0540325869431032,0.018834982,PatchTST
2025-09-23,GS,-0.059562263625302606,0.08235047,PatchTST
2025-09-23,HD,-0.0525715245042292,0.04718238,PatchTST
2025-09-23,INTC,0.2817535099550036,-0.017263398,PatchTST
2025-09-23,JNJ,0.09660870789273429,0.01923192,PatchTST
2025-09-23,JPM,-0.04552729597868296,-0.05525883,PatchTST
2025-09-23,KO,0.07294210605401999,-0.016982237,PatchTST
2025-09-23,MCD,0.014710373480938099,0.07240591,PatchTST
2025-09-23,MMM,0.0797926437549843,0.07318294,PatchTST
2025-09-23,MSFT,0.006220241046942902,0.008332547,PatchTST
2025-09-23,NEM,0.030583365011583694,-0.056617588,PatchTST
2025-09-23,PFE,0.033138533862571096,-0.015922751,PatchTST
2025-09-23,PG,-0.0095180436636569,-0.025376225,PatchTST
2025-09-23,UNH,0.06814866696594601,-0.34867758,PatchTST
2025-09-23,VZ,-0.051518880081298,0.004616347,PatchTST
2025-09-23,WFC,-0.004708143388687287,0.03353686,PatchTST
2025-09-23,XOM,0.006140755833015051,-0.069659606,PatchTST
2025-10-22,AAPL,0.02276420451351097,-0.044300847,PatchTST
2025-10-22,CAT,0.0528254985942794,-0.011493897,PatchTST
2025-10-22,CVX,-0.0025765899906547013,-0.0028274958,PatchTST
2025-10-22,DUK,-0.0400459607877712,0.03975629,PatchTST
2025-10-22,GS,0.03496865865804491,-0.0017331485,PatchTST
2025-10-22,HD,-0.155814906831496,-0.064145185,PatchTST
2025-10-22,INTC,-0.08225304320186808,0.23852535,PatchTST
2025-10-22,JNJ,0.053919058396336414,0.023798814,PatchTST
2025-10-22,JPM,0.020588284890676704,0.020915847,PatchTST
2025-10-22,KO,-0.0015456653606954977,-0.032302238,PatchTST
2025-10-22,MCD,-0.015535810195510294,-0.0070510656,PatchTST
2025-10-22,MMM,0.003927649169361294,-0.035379514,PatchTST
2025-10-22,MSFT,-0.060808144567997525,-0.003700886,PatchTST
2025-10-22,NEM,0.01369177951433205,0.10646608,PatchTST
2025-10-22,PFE,0.01866178891051539,0.012606785,PatchTST
2025-10-22,PG,-0.02404405776100702,0.0146066,PatchTST
2025-10-22,UNH,-0.16727799443060612,-0.09575415,PatchTST
2025-10-22,VZ,0.021844006740799,0.011851484,PatchTST
2025-10-22,WFC,-0.001860109442095699,0.0007814169,PatchTST
2025-10-22,XOM,0.0490513238081684,-0.073681094,PatchTST
2025-11-20,AAPL,0.018848706462477292,0.1742625,PatchTST
2025-11-20,CAT,0.040932591201406396,0.16589788,PatchTST
2025-11-20,CVX,-0.026383209951219802,-0.031402394,PatchTST
2025-11-20,DUK,-0.056114688781950695,0.0024444382,PatchTST
2025-11-20,GS,0.1331251180060979,0.090090126,PatchTST
2025-11-20,HD,0.037354482649299386,0.009895554,PatchTST
2025-11-20,INTC,0.04755515995229448,0.0051538004,PatchTST
2025-11-20,JNJ,0.025210537742413594,-0.10893211,PatchTST
2025-11-20,JPM,0.044940547556828914,0.20628089,PatchTST
2025-11-20,KO,-0.007876743859437603,-0.006854147,PatchTST
2025-11-20,MCD,0.04834429763958639,0.001945487,PatchTST
2025-11-20,MMM,-0.0281262528814186,-0.06377203,PatchTST
2025-11-20,MSFT,-0.0005965828325178984,0.047126316,PatchTST
2025-11-20,NEM,0.14913668830181248,0.07972892,PatchTST
2025-11-20,PFE,0.012382931259125887,0.041679896,PatchTST
2025-11-20,PG,-0.0173618871973157,0.034064412,PatchTST
2025-11-20,UNH,0.06431224827807422,0.024372876,PatchTST
2025-11-20,VZ,-0.033826153308920796,0.05950534,PatchTST
2025-11-20,WFC,0.0999872447190698,0.030310072,PatchTST
2025-11-20,XOM,-0.005640042554058997,0.021458847,PatchTST
