date,ticker,actual,predicted,model
2005-01-10,AAPL,0.15549089979224387,0.20196077,PatchTST-ICEEMDAN
2005-01-10,CAT,-0.016171264388042606,0.0016035812,PatchTST-ICEEMDAN
2005-01-10,CVX,0.1012459213505597,0.027727205,PatchTST-ICEEMDAN
2005-01-10,DUK,0.09689313928586571,0.012223348,PatchTST-ICEEMDAN
2005-01-10,GS,0.0650305530682746,-0.0022332007,PatchTST-ICEEMDAN
2005-01-10,HD,0.0150952203168258,-0.044864103,PatchTST-ICEEMDAN
2005-01-10,INTC,0.029952333197272408,0.024469579,PatchTST-ICEEMDAN
2005-01-10,JNJ,0.05771751320381959,0.06900953,PatchTST-ICEEMDAN
2005-01-10,JPM,-0.016806990666977,0.019553848,PatchTST-ICEEMDAN
2005-01-10,KO,0.0355606583185259,0.034881163,PatchTST-ICEEMDAN
2005-01-10,MCD,0.017110495338905497,0.0040398026,PatchTST-ICEEMDAN
2005-01-10,MMM,0.024485343385419002,-0.0052794684,PatchTST-ICEEMDAN
2005-01-10,MSFT,-0.0162545046016263,0.0042656027,PatchTST-ICEEMDAN
2005-01-10,NEM,-0.026863945134647703,0.054540563,PatchTST-ICEEMDAN
2005-01-10,PFE,-0.0289311929478207,-0.091776654,PatchTST-ICEEMDAN
2005-01-10,PG,-0.0685881170776355,0.029018387,PatchTST-ICEEMDAN
2005-01-10,UNH,0.0186266654535233,0.122926764,PatchTST-ICEEMDAN
2005-01-10,VZ,-0.07807866593091489,0.023029149,PatchTST-ICEEMDAN
2005-01-10,WFC,-0.004014232982545102,0.043893583,PatchTST-ICEEMDAN
2005-01-10,XOM,0.11848658555961342,0.0450395,PatchTST-ICEEMDAN
2005-02-09,AAPL,-0.015446587883200366,0.024620684,PatchTST-ICEEMDAN
2005-02-09,CAT,0.07149730511269431,0.076198444,PatchTST-ICEEMDAN
2005-02-09,CVX,0.03974855730398559,0.02567897,PatchTST-ICEEMDAN
2005-02-09,DUK,0.0312842723144893,0.008083553,PatchTST-ICEEMDAN
2005-02-09,GS,-0.0019738325792958934,-0.005122849,PatchTST-ICEEMDAN
2005-02-09,HD,-0.050222528504569194,-0.027505785,PatchTST-ICEEMDAN
2005-02-09,INTC,0.0596945637643185,0.05059523,PatchTST-ICEEMDAN
2005-02-09,JNJ,0.029184257647464802,0.033903,PatchTST-ICEEMDAN
2005-02-09,JPM,-0.037780685644784394,-0.007374431,PatchTST-ICEEMDAN
2005-02-09,KO,0.009799009898308394,0.005175827,PatchTST-ICEEMDAN
2005-02-09,MCD,0.010127529120826699,0.10185792,PatchTST-ICEEMDAN
2005-02-09,MMM,0.03203019442376499,0.04350043,PatchTST-ICEEMDAN
2005-02-09,MSFT,-0.028275454207326807,0.022240337,PatchTST-ICEEMDAN
2005-02-09,NEM,0.1263681037562356,0.036608275,PatchTST-ICEEMDAN
2005-02-09,PFE,0.0533611085074048,-0.03402712,PatchTST-ICEEMDAN
2005-02-09,PG,0.024514058248960996,-0.040327486,PatchTST-ICEEMDAN
2005-02-09,UNH,0.0282893442178262,0.02248882,PatchTST-ICEEMDAN
2005-02-09,VZ,-0.007711173777421299,0.04192535,PatchTST-ICEEMDAN
2005-02-09,WFC,-0.020222787333544906,0.018721681,PatchTST-ICEEMDAN
2005-02-09,XOM,0.07907727840179467,0.048294395,PatchTST-ICEEMDAN
2005-03-11,AAPL,0.05114286226318039,0.044607446,PatchTST-ICEEMDAN
2005-03-11,CAT,-0.08592080828075091,0.0437127,PatchTST-ICEEMDAN
2005-03-11,CVX,-0.02808829295134439,0.026802018,PatchTST-ICEEMDAN
2005-03-11,DUK,0.03190643305657841,0.05342628,PatchTST-ICEEMDAN
2005-03-11,GS,0.006802565552313097,0.033054754,PatchTST-ICEEMDAN
2005-03-11,HD,-0.0554050325110691,-0.048955593,PatchTST-ICEEMDAN
2005-03-11,INTC,-0.07215971437572072,-0.032684963,PatchTST-ICEEMDAN
2005-03-11,JNJ,0.013003768684027498,0.044657316,PatchTST-ICEEMDAN
2005-03-11,JPM,-0.0390618862625842,-0.008066569,PatchTST-ICEEMDAN
2005-03-11,KO,-0.021735038579536497,0.03248452,PatchTST-ICEEMDAN
2005-03-11,MCD,-0.061388481813133,0.0055983015,PatchTST-ICEEMDAN
2005-03-11,MMM,-0.025481122392370104,0.020726036,PatchTST-ICEEMDAN
2005-03-11,MSFT,-0.018254007883441198,-0.00195688,PatchTST-ICEEMDAN
2005-03-11,NEM,-0.08888070820230069,-0.011626678,PatchTST-ICEEMDAN
2005-03-11,PFE,-0.010900170441581095,-0.000888448,PatchTST-ICEEMDAN
2005-03-11,PG,0.03812285722497011,-0.010606113,PatchTST-ICEEMDAN
2005-03-11,UNH,0.06173173079696579,0.05217528,PatchTST-ICEEMDAN
2005-03-11,VZ,-0.024356479081576704,-0.05725484,PatchTST-ICEEMDAN
2005-03-11,WFC,-0.0034933689013729,-0.020766342,PatchTST-ICEEMDAN
2005-03-11,XOM,-0.0013259712450808024,0.02794855,PatchTST-ICEEMDAN
2005-04-12,AAPL,-0.1406457983122764,0.0051368177,PatchTST-ICEEMDAN
2005-04-12,CAT,-0.0011158997084381754,-0.080097124,PatchTST-ICEEMDAN
2005-04-12,CVX,-0.07085292977227058,0.030068338,PatchTST-ICEEMDAN
2005-04-12,DUK,-0.022583816110528794,0.054799624,PatchTST-ICEEMDAN
2005-04-12,GS,-0.090869495821368,0.02364831,PatchTST-ICEEMDAN
2005-04-12,HD,-0.03450466331825651,-0.05344426,PatchTST-ICEEMDAN
2005-04-12,INTC,0.06825274020318149,0.0043439097,PatchTST-ICEEMDAN
2005-04-12,JNJ,-0.0169821176730625,0.027395505,PatchTST-ICEEMDAN
2005-04-12,JPM,0.0149086650313058,-0.043905348,PatchTST-ICEEMDAN
2005-04-12,KO,0.05483385927590161,-0.01627798,PatchTST-ICEEMDAN
2005-04-12,MCD,-0.02298968635321049,-0.0075529604,PatchTST-ICEEMDAN
2005-04-12,MMM,-0.0976687352601859,-0.03071149,PatchTST-ICEEMDAN
2005-04-12,MSFT,-0.002807336647981007,0.03462989,PatchTST-ICEEMDAN
2005-04-12,NEM,-0.10895140564796901,-0.120052464,PatchTST-ICEEMDAN
2005-04-12,PFE,0.044352706398762494,0.086631864,PatchTST-ICEEMDAN
2005-04-12,PG,-0.003180091603028609,0.007311336,PatchTST-ICEEMDAN
2005-04-12,UNH,0.006664131101249606,0.070448935,PatchTST-ICEEMDAN
2005-04-12,VZ,-0.016467005548914098,0.05442811,PatchTST-ICEEMDAN
2005-04-12,WFC,0.0033153759454283005,-0.0062143635,PatchTST-ICEEMDAN
2005-04-12,XOM,-0.0520883849327419,0.064261965,PatchTST-ICEEMDAN
2005-05-11,AAPL,0.03321582723529471,-0.09215502,PatchTST-ICEEMDAN
2005-05-11,CAT,0.08342623469895769,-0.008326487,PatchTST-ICEEMDAN
2005-05-11,CVX,0.0645647853803909,-0.055866715,PatchTST-ICEEMDAN
2005-05-11,DUK,0.016975187753965303,0.0024421914,PatchTST-ICEEMDAN
2005-05-11,GS,-0.021381433354475104,-0.056366116,PatchTST-ICEEMDAN
2005-05-11,HD,0.08511900761438251,-0.06810192,PatchTST-ICEEMDAN
2005-05-11,INTC,0.1158443394095168,0.0042891838,PatchTST-ICEEMDAN
2005-05-11,JNJ,-0.009984565889855097,0.021376899,PatchTST-ICEEMDAN
2005-05-11,JPM,0.010192367676918092,-0.010920156,PatchTST-ICEEMDAN
2005-05-11,KO,-0.013200171975547001,-0.01350793,PatchTST-ICEEMDAN
2005-05-11,MCD,-0.0379187756901298,-0.04139643,PatchTST-ICEEMDAN
2005-05-11,MMM,-0.0001596691179720968,-0.15543321,PatchTST-ICEEMDAN
2005-05-11,MSFT,0.0273698788410556,0.03678505,PatchTST-ICEEMDAN
2005-05-11,NEM,-0.014998865455478405,-0.058619943,PatchTST-ICEEMDAN
2005-05-11,PFE,0.0021820940876516003,-0.010591368,PatchTST-ICEEMDAN
2005-05-11,PG,0.005814130727390702,0.019110566,PatchTST-ICEEMDAN
2005-05-11,UNH,0.056033621509553,0.027220841,PatchTST-ICEEMDAN
2005-05-11,VZ,0.013884717539507398,0.10807362,PatchTST-ICEEMDAN
2005-05-11,WFC,0.026602789756956506,0.015721785,PatchTST-ICEEMDAN
2005-05-11,XOM,0.026002604312973698,0.029175237,PatchTST-ICEEMDAN
2005-06-10,AAPL,0.011880969603068302,0.018352684,PatchTST-ICEEMDAN
2005-06-10,CAT,0.025530798053966006,-0.015197001,PatchTST-ICEEMDAN
2005-06-10,CVX,0.022770075014022194,0.031062592,PatchTST-ICEEMDAN
2005-06-10,DUK,0.061166459151876205,0.012622291,PatchTST-ICEEMDAN
2005-06-10,GS,0.0710520376410107,-0.028422767,PatchTST-ICEEMDAN
2005-06-10,HD,0.017522890666546498,0.05917265,PatchTST-ICEEMDAN
2005-06-10,INTC,8.847089727481716e-17,0.019532405,PatchTST-ICEEMDAN
2005-06-10,JNJ,-0.029503406789441102,-0.0020522638,PatchTST-ICEEMDAN
2005-06-10,JPM,-0.005654983351210294,0.026054744,PatchTST-ICEEMDAN
2005-06-10,KO,-0.013974580518274906,-0.06641536,PatchTST-ICEEMDAN
2005-06-10,MCD,-0.00034523730924830055,0.022187563,PatchTST-ICEEMDAN
2005-06-10,MMM,-0.0006564915620494924,0.11283754,PatchTST-ICEEMDAN
2005-06-10,MSFT,-0.008661507767041896,0.043396927,PatchTST-ICEEMDAN
2005-06-10,NEM,0.047407029331142096,-0.017449234,PatchTST-ICEEMDAN
2005-06-10,PFE,-0.015004698064977298,-0.023827503,PatchTST-ICEEMDAN
2005-06-10,PG,-0.02383239185241141,0.019479863,PatchTST-ICEEMDAN
2005-06-10,UNH,0.013054649361718105,-0.014683672,PatchTST-ICEEMDAN
2005-06-10,VZ,-0.0030932377758025003,-0.02220324,PatchTST-ICEEMDAN
2005-06-10,WFC,0.006500228231908599,0.017040754,PatchTST-ICEEMDAN
2005-06-10,XOM,0.025843848800629503,0.032942284,PatchTST-ICEEMDAN
2005-07-12,AAPL,0.13987611412568057,-0.048191056,PatchTST-ICEEMDAN
2005-07-12,CAT,0.08823034127267751,0.023731496,PatchTST-ICEEMDAN
2005-07-12,CVX,0.06617330398945181,0.09219372,PatchTST-ICEEMDAN
2005-07-12,DUK,-0.0512928467084787,0.053811986,PatchTST-ICEEMDAN
2005-07-12,GS,0.040435852482663306,-0.015399398,PatchTST-ICEEMDAN
2005-07-12,HD,0.025962513407769797,0.017147712,PatchTST-ICEEMDAN
2005-07-12,INTC,-0.0263988755765993,0.09801619,PatchTST-ICEEMDAN
2005-07-12,JNJ,-0.011955832686965498,-0.019425979,PatchTST-ICEEMDAN
2005-07-12,JPM,0.0020004003371779993,-0.02426724,PatchTST-ICEEMDAN
2005-07-12,KO,0.03062270172500931,0.054570116,PatchTST-ICEEMDAN
2005-07-12,MCD,0.11313094147573971,-0.0033564204,PatchTST-ICEEMDAN
2005-07-12,MMM,-0.0557763752088122,-0.047383957,PatchTST-ICEEMDAN
2005-07-12,MSFT,0.07830732787948051,0.013370547,PatchTST-ICEEMDAN
2005-07-12,NEM,0.0151464473258205,0.04665111,PatchTST-ICEEMDAN
2005-07-12,PFE,-0.015608146038635796,-0.051614385,PatchTST-ICEEMDAN
2005-07-12,PG,0.005856645445923797,-0.022536706,PatchTST-ICEEMDAN
2005-07-12,UNH,-0.012475035662038801,0.042350706,PatchTST-ICEEMDAN
2005-07-12,VZ,-0.029587897085092997,-0.015270626,PatchTST-ICEEMDAN
2005-07-12,WFC,-0.012657590453300102,0.008372671,PatchTST-ICEEMDAN
2005-07-12,XOM,-0.008541088092923399,0.1194745,PatchTST-ICEEMDAN
2005-08-10,AAPL,0.127522854826183,0.3075606,PatchTST-ICEEMDAN
2005-08-10,CAT,0.0708558070151177,0.09830275,PatchTST-ICEEMDAN
2005-08-10,CVX,0.0210395034043922,-0.0022979209,PatchTST-ICEEMDAN
2005-08-10,DUK,0.05194571874011511,0.028407674,PatchTST-ICEEMDAN
2005-08-10,GS,0.0324775385053181,0.0850306,PatchTST-ICEEMDAN
2005-08-10,HD,-0.001891456513731092,0.011577142,PatchTST-ICEEMDAN
2005-08-10,INTC,-0.030574038123567192,-0.020920373,PatchTST-ICEEMDAN
2005-08-10,JNJ,0.0063983806312493,0.013828169,PatchTST-ICEEMDAN
2005-08-10,JPM,-0.011196246183016803,-0.040233716,PatchTST-ICEEMDAN
2005-08-10,KO,0.004073406538140494,0.03997813,PatchTST-ICEEMDAN
2005-08-10,MCD,0.0282652415044977,0.031036664,PatchTST-ICEEMDAN
2005-08-10,MMM,0.021313865012641202,-0.0060027814,PatchTST-ICEEMDAN
2005-08-10,MSFT,-0.024467673990714305,0.0030157976,PatchTST-ICEEMDAN
2005-08-10,NEM,0.04606621906516821,-0.05328833,PatchTST-ICEEMDAN
2005-08-10,PFE,3.641992836027341e-07,-0.014022406,PatchTST-ICEEMDAN
2005-08-10,PG,0.0401546515548605,0.000114501454,PatchTST-ICEEMDAN
2005-08-10,UNH,0.038827068868059395,0.0733558,PatchTST-ICEEMDAN
2005-08-10,VZ,-0.024933349176093,-0.05688366,PatchTST-ICEEMDAN
2005-08-10,WFC,-0.010645764198834697,0.018356044,PatchTST-ICEEMDAN
2005-08-10,XOM,0.03536578136168211,0.037360135,PatchTST-ICEEMDAN
2005-09-09,AAPL,0.030077587725688196,0.09791787,PatchTST-ICEEMDAN
2005-09-09,CAT,-0.029753967474916005,0.08038153,PatchTST-ICEEMDAN
2005-09-09,CVX,-0.017227743776058492,0.043039147,PatchTST-ICEEMDAN
2005-09-09,DUK,-0.0508583027041376,-0.01683783,PatchTST-ICEEMDAN
2005-09-09,GS,0.020711205054716197,0.06803795,PatchTST-ICEEMDAN
2005-09-09,HD,-0.08564405174055459,-0.032038003,PatchTST-ICEEMDAN
2005-09-09,INTC,-0.09102675187069352,-7.73333e-05,PatchTST-ICEEMDAN
2005-09-09,JNJ,-0.044012333485148505,0.00429223,PatchTST-ICEEMDAN
2005-09-09,JPM,-0.011578580455618602,-0.012628355,PatchTST-ICEEMDAN
2005-09-09,KO,-0.0417648436426874,0.036927894,PatchTST-ICEEMDAN
2005-09-09,MCD,-0.0350698033376849,0.071413256,PatchTST-ICEEMDAN
2005-09-09,MMM,-0.019192737660921305,-0.052591335,PatchTST-ICEEMDAN
2005-09-09,MSFT,-0.07894738221272721,-0.012504263,PatchTST-ICEEMDAN
2005-09-09,NEM,0.14757922877224855,0.11946123,PatchTST-ICEEMDAN
2005-09-09,PFE,-0.0833490492673879,-0.03875852,PatchTST-ICEEMDAN
2005-09-09,PG,-0.0019610578944485022,0.01822259,PatchTST-ICEEMDAN
2005-09-09,UNH,0.046106007967664404,-0.047299374,PatchTST-ICEEMDAN
2005-09-09,VZ,-0.04730149146335311,-0.0019966064,PatchTST-ICEEMDAN
2005-09-09,WFC,-0.02078294485477479,-0.0025901033,PatchTST-ICEEMDAN
2005-09-09,XOM,-0.028124175863484095,0.014304294,PatchTST-ICEEMDAN
2005-10-10,AAPL,0.16047960027558475,0.09242668,PatchTST-ICEEMDAN
2005-10-10,CAT,-0.0382389498219034,0.018468598,PatchTST-ICEEMDAN
2005-10-10,CVX,-0.06082932700971108,-0.10236782,PatchTST-ICEEMDAN
2005-10-10,DUK,-0.052056212654340905,0.008892,PatchTST-ICEEMDAN
2005-10-10,GS,0.09600524497246132,0.13185364,PatchTST-ICEEMDAN
2005-10-10,HD,0.09338471840539439,-0.0019797662,PatchTST-ICEEMDAN
2005-10-10,INTC,0.03157625838180879,-0.06919226,PatchTST-ICEEMDAN
2005-10-10,JNJ,0.001466818930132006,-0.026761059,PatchTST-ICEEMDAN
2005-10-10,JPM,0.10571454779370401,-0.0112993205,PatchTST-ICEEMDAN
2005-10-10,KO,0.0049637365342334976,0.019887665,PatchTST-ICEEMDAN
2005-10-10,MCD,0.044911032007065796,0.07593046,PatchTST-ICEEMDAN
2005-10-10,MMM,0.05584862661354401,0.0030210186,PatchTST-ICEEMDAN
2005-10-10,MSFT,0.09386753694010451,-0.00023468141,PatchTST-ICEEMDAN
2005-10-10,NEM,-0.0997184585525885,0.07565842,PatchTST-ICEEMDAN
2005-10-10,PFE,-0.0909328013042863,0.034727477,PatchTST-ICEEMDAN
2005-10-10,PG,-0.0031707282604468024,0.030525938,PatchTST-ICEEMDAN
2005-10-10,UNH,0.0370892814779714,0.099152006,PatchTST-ICEEMDAN
2005-10-10,VZ,-0.0013087025397335965,-0.0064164996,PatchTST-ICEEMDAN
2005-10-10,WFC,0.03766388351825099,0.011134427,PatchTST-ICEEMDAN
2005-10-10,XOM,-0.0428518797087379,0.040546067,PatchTST-ICEEMDAN
2005-11-08,AAPL,0.20521864087762,0.15292735,PatchTST-ICEEMDAN
2005-11-08,CAT,0.0630394949352108,0.03294778,PatchTST-ICEEMDAN
2005-11-08,CVX,0.040534305877968996,-0.08906512,PatchTST-ICEEMDAN
2005-11-08,DUK,0.013808875082114296,-0.011473533,PatchTST-ICEEMDAN
2005-11-08,GS,0.005713425846820606,0.016990703,PatchTST-ICEEMDAN
2005-11-08,HD,0.0028853829961084966,0.008571741,PatchTST-ICEEMDAN
2005-11-08,INTC,0.06517621362453171,0.04273788,PatchTST-ICEEMDAN
2005-11-08,JNJ,-0.017663962306196594,0.020677682,PatchTST-ICEEMDAN
2005-11-08,JPM,0.020748507961943094,0.16072139,PatchTST-ICEEMDAN
2005-11-08,KO,0.0016028105716010006,0.0322107,PatchTST-ICEEMDAN
2005-11-08,MCD,0.06555741802022327,-0.003618876,PatchTST-ICEEMDAN
2005-11-08,MMM,0.025286058910896796,0.041767776,PatchTST-ICEEMDAN
2005-11-08,MSFT,0.029956028105042703,-0.0056752264,PatchTST-ICEEMDAN
2005-11-08,NEM,0.144456039560477,-0.048848227,PatchTST-ICEEMDAN
2005-11-08,PFE,-0.045399159969040793,-0.12732568,PatchTST-ICEEMDAN
2005-11-08,PG,0.025929253638515507,0.0068143643,PatchTST-ICEEMDAN
2005-11-08,UNH,0.06789854535778861,0.026820112,PatchTST-ICEEMDAN
2005-11-08,VZ,0.0290345836093507,0.023612527,PatchTST-ICEEMDAN
2005-11-08,WFC,0.036000262241549494,0.012416632,PatchTST-ICEEMDAN
2005-11-08,XOM,0.0381642776564479,-0.006109451,PatchTST-ICEEMDAN
2005-12-08,AAPL,0.02800170169288368,0.2371609,PatchTST-ICEEMDAN
2005-12-08,CAT,0.0632072735848469,0.104133226,PatchTST-ICEEMDAN
2005-12-08,CVX,-0.005919470533225892,-0.04092415,PatchTST-ICEEMDAN
2005-12-08,DUK,0.059166809403465685,-0.052661125,PatchTST-ICEEMDAN
2005-12-08,GS,0.0038421038545633033,-0.008109884,PatchTST-ICEEMDAN
2005-12-08,HD,-0.017003312077405713,0.020087773,PatchTST-ICEEMDAN
2005-12-08,INTC,0.012162839794365499,0.043162826,PatchTST-ICEEMDAN
2005-12-08,JNJ,0.047964782004906996,0.016769685,PatchTST-ICEEMDAN
2005-12-08,JPM,0.0641082780383949,0.16431686,PatchTST-ICEEMDAN
2005-12-08,KO,-0.014080174998543703,0.04455407,PatchTST-ICEEMDAN
2005-12-08,MCD,-0.015721324837945003,0.027667122,PatchTST-ICEEMDAN
2005-12-08,MMM,0.020972496912490302,0.007148469,PatchTST-ICEEMDAN
2005-12-08,MSFT,-0.0325977092100485,0.013142101,PatchTST-ICEEMDAN
2005-12-08,NEM,0.16540873608385492,0.059721623,PatchTST-ICEEMDAN
2005-12-08,PFE,0.1635847764149767,-0.13786589,PatchTST-ICEEMDAN
2005-12-08,PG,0.0351399504248275,0.01749377,PatchTST-ICEEMDAN
2005-12-08,UNH,-0.0195149448119093,0.09347033,PatchTST-ICEEMDAN
2005-12-08,VZ,0.013840486957473402,-0.00087553705,PatchTST-ICEEMDAN
2005-12-08,WFC,0.0135085826607442,0.011949065,PatchTST-ICEEMDAN
2005-12-08,XOM,0.006417969137430293,0.039984662,PatchTST-ICEEMDAN
2006-01-10,AAPL,-0.1000416356126779,0.20236771,PatchTST-ICEEMDAN
2006-01-10,CAT,0.1154780248309599,0.077623144,PatchTST-ICEEMDAN
2006-01-10,CVX,-0.0181450585464386,-0.038238596,PatchTST-ICEEMDAN
2006-01-10,DUK,0.001076835286032804,0.034709636,PatchTST-ICEEMDAN
2006-01-10,GS,0.08109250763725609,0.008830043,PatchTST-ICEEMDAN
2006-01-10,HD,-0.038711245029295197,0.038348865,PatchTST-ICEEMDAN
2006-01-10,INTC,-0.24260044267383163,0.036712583,PatchTST-ICEEMDAN
2006-01-10,JNJ,-0.07224096274539658,0.002037873,PatchTST-ICEEMDAN
2006-01-10,JPM,-0.02666146193138929,0.083958514,PatchTST-ICEEMDAN
2006-01-10,KO,-0.009174516381312892,0.0037648492,PatchTST-ICEEMDAN
2006-01-10,MCD,0.0464414656044237,0.02557352,PatchTST-ICEEMDAN
2006-01-10,MMM,-0.107021708019645,-0.008157603,PatchTST-ICEEMDAN
2006-01-10,MSFT,0.0018595863896180012,0.025224028,PatchTST-ICEEMDAN
2006-01-10,NEM,-0.04921810587680619,0.011666242,PatchTST-ICEEMDAN
2006-01-10,PFE,0.0689465741947467,-0.10019645,PatchTST-ICEEMDAN
2006-01-10,PG,0.011364663457054603,-0.0062307655,PatchTST-ICEEMDAN
2006-01-10,UNH,-0.0640607850690504,0.029524483,PatchTST-ICEEMDAN
2006-01-10,VZ,0.034653094987536305,-0.00909589,PatchTST-ICEEMDAN
2006-01-10,WFC,-0.024031802981947407,0.010431141,PatchTST-ICEEMDAN
2006-01-10,XOM,0.02182813025404251,0.05629219,PatchTST-ICEEMDAN
2006-02-09,AAPL,-0.08520307938072,-0.015379369,PatchTST-ICEEMDAN
2006-02-09,CAT,0.030626325445362482,0.15613732,PatchTST-ICEEMDAN
2006-02-09,CVX,-0.0601005050241688,0.08464401,PatchTST-ICEEMDAN
2006-02-09,DUK,0.019229973765194596,-0.033680677,PatchTST-ICEEMDAN
2006-02-09,GS,0.0027591279878663045,0.022178425,PatchTST-ICEEMDAN
2006-02-09,HD,0.0527855578880551,-0.025796428,PatchTST-ICEEMDAN
2006-02-09,INTC,-0.0404790450262492,0.015891552,PatchTST-ICEEMDAN
2006-02-09,JNJ,0.013128218696665299,0.00550031,PatchTST-ICEEMDAN
2006-02-09,JPM,0.0379081188868146,-0.0035303475,PatchTST-ICEEMDAN
2006-02-09,KO,0.036671220107135895,0.013747549,PatchTST-ICEEMDAN
2006-02-09,MCD,-0.048171374816437205,0.036120243,PatchTST-ICEEMDAN
2006-02-09,MMM,0.0247253913216859,-0.02350858,PatchTST-ICEEMDAN
2006-02-09,MSFT,0.012998432715569802,0.051798392,PatchTST-ICEEMDAN
2006-02-09,NEM,-0.1342707752304072,0.04662474,PatchTST-ICEEMDAN
2006-02-09,PFE,-0.011058720084444602,0.21620597,PatchTST-ICEEMDAN
2006-02-09,PG,0.045686724289359,0.035081867,PatchTST-ICEEMDAN
2006-02-09,UNH,-0.024966249628751408,-0.010977561,PatchTST-ICEEMDAN
2006-02-09,VZ,0.0479278124702337,0.057243034,PatchTST-ICEEMDAN
2006-02-09,WFC,0.0465124614073061,7.7436445e-05,PatchTST-ICEEMDAN
2006-02-09,XOM,-0.020240019777980393,0.033202603,PatchTST-ICEEMDAN
2006-03-13,AAPL,0.083166397718414,-0.08137712,PatchTST-ICEEMDAN
2006-03-13,CAT,0.061494717235397796,0.045638736,PatchTST-ICEEMDAN
2006-03-13,CVX,0.0992023196674933,-0.044765614,PatchTST-ICEEMDAN
2006-03-13,DUK,0.0204233054637562,0.03110356,PatchTST-ICEEMDAN
2006-03-13,GS,0.13792002288315783,0.0044299117,PatchTST-ICEEMDAN
2006-03-13,HD,0.013244922797543798,0.0875758,PatchTST-ICEEMDAN
2006-03-13,INTC,-0.024995270346769495,-0.11189944,PatchTST-ICEEMDAN
2006-03-13,JNJ,-0.0227847709062643,-0.0062380913,PatchTST-ICEEMDAN
2006-03-13,JPM,0.026213313258228406,-0.022808187,PatchTST-ICEEMDAN
2006-03-13,KO,-0.023351487167585804,0.028911296,PatchTST-ICEEMDAN
2006-03-13,MCD,0.020000677097864503,-0.051218584,PatchTST-ICEEMDAN
2006-03-13,MMM,0.1131013553639757,-0.04739371,PatchTST-ICEEMDAN
2006-03-13,MSFT,0.004407023899519396,-0.014670905,PatchTST-ICEEMDAN
2006-03-13,NEM,0.084573464913804,0.12416968,PatchTST-ICEEMDAN
2006-03-13,PFE,-0.0563915536592053,0.20144576,PatchTST-ICEEMDAN
2006-03-13,PG,-0.08547896211842138,-0.0038842969,PatchTST-ICEEMDAN
2006-03-13,UNH,-0.0683678932841929,-0.02037504,PatchTST-ICEEMDAN
2006-03-13,VZ,-0.009155856162521401,0.017035821,PatchTST-ICEEMDAN
2006-03-13,WFC,0.002486933108090503,0.008200284,PatchTST-ICEEMDAN
2006-03-13,XOM,0.0455824846649783,0.049350597,PatchTST-ICEEMDAN
2006-04-11,AAPL,0.027717868377969697,0.1441955,PatchTST-ICEEMDAN
2006-04-11,CAT,0.0737789826853663,-0.012875623,PatchTST-ICEEMDAN
2006-04-11,CVX,0.051561084924898096,0.005657841,PatchTST-ICEEMDAN
2006-04-11,DUK,0.010435501764951803,0.011834591,PatchTST-ICEEMDAN
2006-04-11,GS,0.012061384034212905,0.12306671,PatchTST-ICEEMDAN
2006-04-11,HD,-0.014215153547859904,0.007291133,PatchTST-ICEEMDAN
2006-04-11,INTC,0.0164175868161723,0.026656589,PatchTST-ICEEMDAN
2006-04-11,JNJ,0.010514975831234903,-0.014420023,PatchTST-ICEEMDAN
2006-04-11,JPM,0.09209170278243632,0.051645365,PatchTST-ICEEMDAN
2006-04-11,KO,0.0493870925716328,-0.015427852,PatchTST-ICEEMDAN
2006-04-11,MCD,0.017108604030380597,-0.008336461,PatchTST-ICEEMDAN
2006-04-11,MMM,0.07914961084464509,0.12479184,PatchTST-ICEEMDAN
2006-04-11,MSFT,-0.1380963886326891,0.033295687,PatchTST-ICEEMDAN
2006-04-11,NEM,0.0971984881380346,-0.06589984,PatchTST-ICEEMDAN
2006-04-11,PFE,0.0251500247118763,-0.07909053,PatchTST-ICEEMDAN
2006-04-11,PG,-0.008739658723688797,-0.028933829,PatchTST-ICEEMDAN
2006-04-11,UNH,-0.12714867098702823,0.007362647,PatchTST-ICEEMDAN
2006-04-11,VZ,-0.03464333577849431,0.009688236,PatchTST-ICEEMDAN
2006-04-11,WFC,0.0611918647379247,0.028463816,PatchTST-ICEEMDAN
2006-04-11,XOM,0.03585761218799349,0.01439693,PatchTST-ICEEMDAN
2006-05-11,AAPL,-0.1754333885137158,-0.06608633,PatchTST-ICEEMDAN
2006-05-11,CAT,-0.18165458920391234,0.026595,PatchTST-ICEEMDAN
2006-05-11,CVX,-0.08036355515210239,0.016063144,PatchTST-ICEEMDAN
2006-05-11,DUK,0.0086799202873985,0.010012721,PatchTST-ICEEMDAN
2006-05-11,GS,-0.09051254222491621,-0.0011732844,PatchTST-ICEEMDAN
2006-05-11,HD,-0.10510276675144109,-0.00480196,PatchTST-ICEEMDAN
2006-05-11,INTC,-0.13192765705289858,0.112091675,PatchTST-ICEEMDAN
2006-05-11,JNJ,0.05732677981602652,-0.015418041,PatchTST-ICEEMDAN
2006-05-11,JPM,-0.08685298423514809,0.05737299,PatchTST-ICEEMDAN
2006-05-11,KO,-0.0006886784227129019,0.0044319895,PatchTST-ICEEMDAN
2006-05-11,MCD,-0.07445010425111942,0.022803951,PatchTST-ICEEMDAN
2006-05-11,MMM,-0.07890993480812449,0.046985097,PatchTST-ICEEMDAN
2006-05-11,MSFT,-0.0771329133166169,-0.19696742,PatchTST-ICEEMDAN
2006-05-11,NEM,-0.1655710400920385,0.08500547,PatchTST-ICEEMDAN
2006-05-11,PFE,-0.0621980602266724,-0.056097887,PatchTST-ICEEMDAN
2006-05-11,PG,-0.034121800712825105,-0.030618865,PatchTST-ICEEMDAN
2006-05-11,UNH,-0.008701489901601005,0.025729222,PatchTST-ICEEMDAN
2006-05-11,VZ,-0.02631747886638601,-0.01786627,PatchTST-ICEEMDAN
2006-05-11,WFC,0.017072779670900106,0.00952495,PatchTST-ICEEMDAN
2006-05-11,XOM,-0.0828642575419163,0.009654872,PatchTST-ICEEMDAN
2006-06-12,AAPL,-0.06251474898124328,0.04446682,PatchTST-ICEEMDAN
2006-06-12,CAT,0.083500277962014,-0.14351231,PatchTST-ICEEMDAN
2006-06-12,CVX,0.1266857137905892,0.05050814,PatchTST-ICEEMDAN
2006-06-12,DUK,0.0171353424335507,-0.015915155,PatchTST-ICEEMDAN
2006-06-12,GS,-0.008173058280247891,0.06269713,PatchTST-ICEEMDAN
2006-06-12,HD,-0.0720911501119007,-0.041769594,PatchTST-ICEEMDAN
2006-06-12,INTC,0.08433624905019818,-0.055954155,PatchTST-ICEEMDAN
2006-06-12,JNJ,-0.009987492644022596,-0.014865557,PatchTST-ICEEMDAN
2006-06-12,JPM,0.02625313983963551,-0.098760374,PatchTST-ICEEMDAN
2006-06-12,KO,0.013136301718501296,0.024082467,PatchTST-ICEEMDAN
2006-06-12,MCD,0.0266052034628733,-0.018007616,PatchTST-ICEEMDAN
2006-06-12,MMM,-0.09743412344023208,0.047097906,PatchTST-ICEEMDAN
2006-06-12,MSFT,0.052433427943012596,-0.05438502,PatchTST-ICEEMDAN
2006-06-12,NEM,0.11825607155531591,0.17154567,PatchTST-ICEEMDAN
2006-06-12,PFE,-0.0017014463798651052,0.00065286644,PatchTST-ICEEMDAN
2006-06-12,PG,0.050144588312982206,-0.026133597,PatchTST-ICEEMDAN
2006-06-12,UNH,0.0494455535966281,-0.043137364,PatchTST-ICEEMDAN
2006-06-12,VZ,0.049322298068945815,-0.015920224,PatchTST-ICEEMDAN
2006-06-12,WFC,-0.003914261658037906,-0.037038803,PatchTST-ICEEMDAN
2006-06-12,XOM,0.0844283752500326,0.0013636921,PatchTST-ICEEMDAN
2006-07-12,AAPL,0.13337408343317958,0.07382357,PatchTST-ICEEMDAN
2006-07-12,CAT,-0.0644533032487547,0.121491976,PatchTST-ICEEMDAN
2006-07-12,CVX,0.0328390360465617,0.0626462,PatchTST-ICEEMDAN
2006-07-12,DUK,0.019746224492663292,0.033705838,PatchTST-ICEEMDAN
2006-07-12,GS,0.011386308046706798,-0.024839383,PatchTST-ICEEMDAN
2006-07-12,HD,-0.0289188701259896,-0.01638305,PatchTST-ICEEMDAN
2006-07-12,INTC,-0.06474618440573081,0.04181622,PatchTST-ICEEMDAN
2006-07-12,JNJ,0.0411045922223604,-0.0042128153,PatchTST-ICEEMDAN
2006-07-12,JPM,0.03393973603860201,-0.0071207155,PatchTST-ICEEMDAN
2006-07-12,KO,-0.0013708019174788963,-0.0034048615,PatchTST-ICEEMDAN
2006-07-12,MCD,0.0023310293208280014,0.002308747,PatchTST-ICEEMDAN
2006-07-12,MMM,-0.06778181887165562,-0.05539765,PatchTST-ICEEMDAN
2006-07-12,MSFT,0.0563881097499109,0.050231673,PatchTST-ICEEMDAN
2006-07-12,NEM,-0.038198365250893096,0.14015144,PatchTST-ICEEMDAN
2006-07-12,PFE,0.1164909360971917,-0.03275293,PatchTST-ICEEMDAN
2006-07-12,PG,0.04479107719431231,-0.014446681,PatchTST-ICEEMDAN
2006-07-12,UNH,0.0183379399728223,-0.067459,PatchTST-ICEEMDAN
2006-07-12,VZ,0.0342790063445665,-0.021610588,PatchTST-ICEEMDAN
2006-07-12,WFC,0.020450257425946007,-0.003504052,PatchTST-ICEEMDAN
2006-07-12,XOM,0.07973023932225931,-0.012135875,PatchTST-ICEEMDAN
2006-08-10,AAPL,0.13140642494393093,0.08629153,PatchTST-ICEEMDAN
2006-08-10,CAT,-0.0176683148590447,-0.04389297,PatchTST-ICEEMDAN
2006-08-10,CVX,-0.0417088080156304,0.07189338,PatchTST-ICEEMDAN
2006-08-10,DUK,0.018348819350330097,-0.012004872,PatchTST-ICEEMDAN
2006-08-10,GS,-0.0014003135615145035,-0.031578004,PatchTST-ICEEMDAN
2006-08-10,HD,0.030346432998520204,-0.032956243,PatchTST-ICEEMDAN
2006-08-10,INTC,0.11137687260701228,-0.059116036,PatchTST-ICEEMDAN
2006-08-10,JNJ,0.010041053421299309,-0.0052522263,PatchTST-ICEEMDAN
2006-08-10,JPM,0.020311066012091702,0.026239129,PatchTST-ICEEMDAN
2006-08-10,KO,0.0192423538481686,0.0015949269,PatchTST-ICEEMDAN
2006-08-10,MCD,0.08744737787527182,0.063885614,PatchTST-ICEEMDAN
2006-08-10,MMM,0.0524010964355637,-0.28398958,PatchTST-ICEEMDAN
2006-08-10,MSFT,0.050047431021850705,-0.022863304,PatchTST-ICEEMDAN
2006-08-10,NEM,-0.1010787570347886,0.02875819,PatchTST-ICEEMDAN
2006-08-10,PFE,0.05360409717494491,0.07506004,PatchTST-ICEEMDAN
2006-08-10,PG,0.02651790199646001,0.07096149,PatchTST-ICEEMDAN
2006-08-10,UNH,0.038450714670797796,0.019946523,PatchTST-ICEEMDAN
2006-08-10,VZ,0.045363761534726404,0.034703728,PatchTST-ICEEMDAN
2006-08-10,WFC,0.0032927543854119013,0.00937795,PatchTST-ICEEMDAN
2006-08-10,XOM,-0.0318196395832039,0.040392864,PatchTST-ICEEMDAN
2006-09-11,AAPL,0.028679732351632604,0.097230986,PatchTST-ICEEMDAN
2006-09-11,CAT,0.023199149138509213,-0.013364381,PatchTST-ICEEMDAN
2006-09-11,CVX,-0.015377404652437199,0.03060639,PatchTST-ICEEMDAN
2006-09-11,DUK,0.016393959030927503,0.015675465,PatchTST-ICEEMDAN
2006-09-11,GS,0.16938761858699913,0.008112792,PatchTST-ICEEMDAN
2006-09-11,HD,0.09509774018780459,-0.016184673,PatchTST-ICEEMDAN
2006-09-11,INTC,0.058414291009973016,0.040463403,PatchTST-ICEEMDAN
2006-09-11,JNJ,0.019929201752172394,0.012589819,PatchTST-ICEEMDAN
2006-09-11,JPM,0.047207664380247,0.07723382,PatchTST-ICEEMDAN
2006-09-11,KO,0.0029025091417151996,0.011932753,PatchTST-ICEEMDAN
2006-09-11,MCD,0.0786882799716639,0.056290742,PatchTST-ICEEMDAN
2006-09-11,MMM,0.05826086350372431,0.14518763,PatchTST-ICEEMDAN
2006-09-11,MSFT,0.0795613863584622,0.011612155,PatchTST-ICEEMDAN
2006-09-11,NEM,-0.15525796077314208,-0.008779876,PatchTST-ICEEMDAN
2006-09-11,PFE,0.0021725952104635054,0.07408517,PatchTST-ICEEMDAN
2006-09-11,PG,0.027585016067548308,0.018428726,PatchTST-ICEEMDAN
2006-09-11,UNH,-0.0035425024943607983,0.08383548,PatchTST-ICEEMDAN
2006-09-11,VZ,0.04655869465344819,0.033096272,PatchTST-ICEEMDAN
2006-09-11,WFC,0.04006739211431081,0.026537556,PatchTST-ICEEMDAN
2006-09-11,XOM,-0.0038984743065250994,0.012507642,PatchTST-ICEEMDAN
2006-10-10,AAPL,0.0758385126486816,0.2216591,PatchTST-ICEEMDAN
2006-10-10,CAT,-0.1352940779061618,0.10105361,PatchTST-ICEEMDAN
2006-10-10,CVX,0.0858646953305415,0.07496526,PatchTST-ICEEMDAN
2006-10-10,DUK,-0.002930751201775392,-0.0071920683,PatchTST-ICEEMDAN
2006-10-10,GS,0.06327866509345312,0.1000353,PatchTST-ICEEMDAN
2006-10-10,HD,-0.012545680906237892,0.059990533,PatchTST-ICEEMDAN
2006-10-10,INTC,0.013538988049959792,0.051811803,PatchTST-ICEEMDAN
2006-10-10,JNJ,0.05750943835119239,0.018954966,PatchTST-ICEEMDAN
2006-10-10,JPM,0.008034159480494102,-0.0061352206,PatchTST-ICEEMDAN
2006-10-10,KO,0.0547540285949525,0.018065127,PatchTST-ICEEMDAN
2006-10-10,MCD,0.026752606955451994,0.06774186,PatchTST-ICEEMDAN
2006-10-10,MMM,0.04665144754170451,-0.08365902,PatchTST-ICEEMDAN
2006-10-10,MSFT,0.04341608613631301,0.04508793,PatchTST-ICEEMDAN
2006-10-10,NEM,0.10198648995611038,-0.037903957,PatchTST-ICEEMDAN
2006-10-10,PFE,-0.013106090421586105,-0.00023551565,PatchTST-ICEEMDAN
2006-10-10,PG,0.0248413765171027,-0.014573498,PatchTST-ICEEMDAN
2006-10-10,UNH,-0.0229348805518045,-0.030960778,PatchTST-ICEEMDAN
2006-10-10,VZ,0.004893824059303104,0.036196172,PatchTST-ICEEMDAN
2006-10-10,WFC,0.007195908355948702,0.0007096984,PatchTST-ICEEMDAN
2006-10-10,XOM,0.0860469772413671,0.065042935,PatchTST-ICEEMDAN
2006-11-08,AAPL,0.07798698184587038,0.02503296,PatchTST-ICEEMDAN
2006-11-08,CAT,0.050124529274513996,-0.13240913,PatchTST-ICEEMDAN
2006-11-08,CVX,0.06944785006464291,-0.0050543817,PatchTST-ICEEMDAN
2006-11-08,DUK,0.06561854831421139,0.013753772,PatchTST-ICEEMDAN
2006-11-08,GS,0.05926435107733399,0.04393378,PatchTST-ICEEMDAN
2006-11-08,HD,0.05065378077576298,-0.0015918633,PatchTST-ICEEMDAN
2006-11-08,INTC,-0.007237725241496896,-0.005704301,PatchTST-ICEEMDAN
2006-11-08,JNJ,-0.033698818796275294,0.03584096,PatchTST-ICEEMDAN
2006-11-08,JPM,-0.018275145970843096,-0.027116118,PatchTST-ICEEMDAN
2006-11-08,KO,0.0443085193113104,0.030367596,PatchTST-ICEEMDAN
2006-11-08,MCD,0.0620240695732088,0.062028922,PatchTST-ICEEMDAN
2006-11-08,MMM,0.007430482415345805,-0.03088394,PatchTST-ICEEMDAN
2006-11-08,MSFT,-4.729093947570314e-05,0.066242106,PatchTST-ICEEMDAN
2006-11-08,NEM,0.035689628681785504,0.022420863,PatchTST-ICEEMDAN
2006-11-08,PFE,-0.0844265294785187,0.025442507,PatchTST-ICEEMDAN
2006-11-08,PG,-0.004847295857270998,0.040200494,PatchTST-ICEEMDAN
2006-11-08,UNH,-0.0016149458093265845,0.016292674,PatchTST-ICEEMDAN
2006-11-08,VZ,-0.017562030812177994,0.0010811735,PatchTST-ICEEMDAN
2006-11-08,WFC,-0.025042752752109407,0.018934924,PatchTST-ICEEMDAN
2006-11-08,XOM,0.0472356006795978,-0.0058967425,PatchTST-ICEEMDAN
2006-12-08,AAPL,0.1083431127625665,-0.17538399,PatchTST-ICEEMDAN
2006-12-08,CAT,-0.043470551026049,0.07543331,PatchTST-ICEEMDAN
2006-12-08,CVX,-0.05480249631178791,-0.008613439,PatchTST-ICEEMDAN
2006-12-08,DUK,-0.012473174968096898,0.039214186,PatchTST-ICEEMDAN
2006-12-08,GS,0.038749707334418335,-0.02359559,PatchTST-ICEEMDAN
2006-12-08,HD,0.021599371618118597,-0.03244231,PatchTST-ICEEMDAN
2006-12-08,INTC,0.0412676813968023,0.021908559,PatchTST-ICEEMDAN
2006-12-08,JNJ,0.0013613047020569014,-0.0011569146,PatchTST-ICEEMDAN
2006-12-08,JPM,0.038102318856158494,0.014495619,PatchTST-ICEEMDAN
2006-12-08,KO,-0.0008206993560406005,0.02130477,PatchTST-ICEEMDAN
2006-12-08,MCD,0.0223902770869629,0.025864042,PatchTST-ICEEMDAN
2006-12-08,MMM,-0.021727831953447605,0.022332475,PatchTST-ICEEMDAN
2006-12-08,MSFT,0.0276894262838119,0.0121923,PatchTST-ICEEMDAN
2006-12-08,NEM,-0.10901211651613713,-0.12079928,PatchTST-ICEEMDAN
2006-12-08,PFE,0.052499399600990995,-0.07346281,PatchTST-ICEEMDAN
2006-12-08,PG,0.0068727498107375995,0.021447187,PatchTST-ICEEMDAN
2006-12-08,UNH,0.06530826870059991,-0.036215175,PatchTST-ICEEMDAN
2006-12-08,VZ,0.06254512436536061,-0.011931051,PatchTST-ICEEMDAN
2006-12-08,WFC,-0.00028200281191190094,-0.0007214511,PatchTST-ICEEMDAN
2006-12-08,XOM,-0.0643709508560514,0.007583557,PatchTST-ICEEMDAN
2007-01-11,AAPL,-0.15262272670670007,-0.02632211,PatchTST-ICEEMDAN
2007-01-11,CAT,0.0766617522912338,0.117141865,PatchTST-ICEEMDAN
2007-01-11,CVX,0.0548024963117877,0.019705646,PatchTST-ICEEMDAN
2007-01-11,DUK,0.08053870817669329,0.015840525,PatchTST-ICEEMDAN
2007-01-11,GS,0.026209738033697007,0.0074500567,PatchTST-ICEEMDAN
2007-01-11,HD,0.030207772325704794,0.028462458,PatchTST-ICEEMDAN
2007-01-11,INTC,-0.0176958228615037,-0.032542072,PatchTST-ICEEMDAN
2007-01-11,JNJ,-0.008349391431358296,-0.013722187,PatchTST-ICEEMDAN
2007-01-11,JPM,0.04710598849139261,0.020703677,PatchTST-ICEEMDAN
2007-01-11,KO,-0.019079748209783202,-0.027679782,PatchTST-ICEEMDAN
2007-01-11,MCD,0.006755688009927502,0.016781997,PatchTST-ICEEMDAN
2007-01-11,MMM,-0.04344802957022251,-0.055101164,PatchTST-ICEEMDAN
2007-01-11,MSFT,-0.023193344731602915,-0.008156408,PatchTST-ICEEMDAN
2007-01-11,NEM,0.0780615541486082,-0.02946919,PatchTST-ICEEMDAN
2007-01-11,PFE,0.017714400782072603,-0.0450185,PatchTST-ICEEMDAN
2007-01-11,PG,0.007734108366082997,0.01027653,PatchTST-ICEEMDAN
2007-01-11,UNH,-0.037608814281682,-0.023352657,PatchTST-ICEEMDAN
2007-01-11,VZ,0.025521513412066498,0.017882688,PatchTST-ICEEMDAN
2007-01-11,WFC,0.0044419841827923,0.00059989176,PatchTST-ICEEMDAN
2007-01-11,XOM,0.0621278225693908,-0.02047349,PatchTST-ICEEMDAN
2007-02-12,AAPL,0.059783662777436394,-0.048264224,PatchTST-ICEEMDAN
2007-02-12,CAT,-0.0227886130902768,0.09656477,PatchTST-ICEEMDAN
2007-02-12,CVX,-0.07051636202355971,-0.015661705,PatchTST-ICEEMDAN
2007-02-12,DUK,-0.031171824592696705,0.037174717,PatchTST-ICEEMDAN
2007-02-12,GS,-0.0691502272287841,0.005788873,PatchTST-ICEEMDAN
2007-02-12,HD,-0.0874036983785444,0.048262365,PatchTST-ICEEMDAN
2007-02-12,INTC,-0.09521501259515333,-0.060470194,PatchTST-ICEEMDAN
2007-02-12,JNJ,-0.07067394621823721,0.014392263,PatchTST-ICEEMDAN
2007-02-12,JPM,-0.07664394552247311,0.061752338,PatchTST-ICEEMDAN
2007-02-12,KO,-0.0076492408637055965,0.024113707,PatchTST-ICEEMDAN
2007-02-12,MCD,-0.024535198099410398,0.030494532,PatchTST-ICEEMDAN
2007-02-12,MMM,0.009368726903576,-0.1883332,PatchTST-ICEEMDAN
2007-02-12,MSFT,-0.07773209034524889,-0.017516209,PatchTST-ICEEMDAN
2007-02-12,NEM,-0.0984169431322264,0.014481416,PatchTST-ICEEMDAN
2007-02-12,PFE,-0.056133191920483105,0.01737134,PatchTST-ICEEMDAN
2007-02-12,PG,-0.0519226475149306,0.032267287,PatchTST-ICEEMDAN
2007-02-12,UNH,0.04082170537258882,-0.036887366,PatchTST-ICEEMDAN
2007-02-12,VZ,-0.042536294126293395,0.03032049,PatchTST-ICEEMDAN
2007-02-12,WFC,-0.0549314832281508,0.0140012745,PatchTST-ICEEMDAN
2007-02-12,XOM,-0.07320868624443758,0.023863098,PatchTST-ICEEMDAN
2007-03-14,AAPL,0.04197986990224129,-0.039534062,PatchTST-ICEEMDAN
2007-03-14,CAT,0.0507879463677204,0.079036914,PatchTST-ICEEMDAN
2007-03-14,CVX,0.1288586106500828,-0.057312064,PatchTST-ICEEMDAN
2007-03-14,DUK,0.0489374571870844,0.015834946,PatchTST-ICEEMDAN
2007-03-14,GS,0.039504542276587604,-0.061665397,PatchTST-ICEEMDAN
2007-03-14,HD,0.0177794079594802,-0.0830227,PatchTST-ICEEMDAN
2007-03-14,INTC,0.0696897855727094,-0.056478105,PatchTST-ICEEMDAN
2007-03-14,JNJ,0.0187465743004582,-0.02741687,PatchTST-ICEEMDAN
2007-03-14,JPM,0.059222262432042205,-0.05417583,PatchTST-ICEEMDAN
2007-03-14,KO,0.0539772252312664,-0.019981548,PatchTST-ICEEMDAN
2007-03-14,MCD,0.069943059964006,0.0011153736,PatchTST-ICEEMDAN
2007-03-14,MMM,0.025615232906162196,-0.037375446,PatchTST-ICEEMDAN
2007-03-14,MSFT,0.0658942764881309,0.007239909,PatchTST-ICEEMDAN
2007-03-14,NEM,0.04531275688234511,-0.035837896,PatchTST-ICEEMDAN
2007-03-14,PFE,0.0591613078935886,0.020494957,PatchTST-ICEEMDAN
2007-03-14,PG,0.037698230926059,-0.02304045,PatchTST-ICEEMDAN
2007-03-14,UNH,0.0028093416436108212,-0.029199041,PatchTST-ICEEMDAN
2007-03-14,VZ,0.0444539987831371,-0.00064208545,PatchTST-ICEEMDAN
2007-03-14,WFC,0.025661222419893392,-0.017620733,PatchTST-ICEEMDAN
2007-03-14,XOM,0.10164847833293902,-0.014786649,PatchTST-ICEEMDAN
2007-04-13,AAPL,0.1651077901167214,0.124702334,PatchTST-ICEEMDAN
2007-04-13,CAT,0.1209154138654863,0.0044035944,PatchTST-ICEEMDAN
2007-04-13,CVX,0.03651597637574169,0.14071836,PatchTST-ICEEMDAN
2007-04-13,DUK,0.008738118006529199,0.054672766,PatchTST-ICEEMDAN
2007-04-13,GS,0.0957875347316886,-0.03316596,PatchTST-ICEEMDAN
2007-04-13,HD,0.0218533948928678,-0.07439367,PatchTST-ICEEMDAN
2007-04-13,INTC,0.0884306290123815,-0.003831453,PatchTST-ICEEMDAN
2007-04-13,JNJ,0.005636912634767996,-0.0076825665,PatchTST-ICEEMDAN
2007-04-13,JPM,0.0582307113898845,0.00031825504,PatchTST-ICEEMDAN
2007-04-13,KO,0.0590250616645936,-0.0046893083,PatchTST-ICEEMDAN
2007-04-13,MCD,0.08269452372543329,0.026227832,PatchTST-ICEEMDAN
2007-04-13,MMM,0.10906874236801842,0.069588535,PatchTST-ICEEMDAN
2007-04-13,MSFT,0.0791255290664189,-0.009857706,PatchTST-ICEEMDAN
2007-04-13,NEM,-0.05331105409630349,-0.13851476,PatchTST-ICEEMDAN
2007-04-13,PFE,0.0323430081858799,0.046609677,PatchTST-ICEEMDAN
2007-04-13,PG,-0.024374898659457796,-0.02068732,PatchTST-ICEEMDAN
2007-04-13,UNH,0.008808913016014793,-0.01741687,PatchTST-ICEEMDAN
2007-04-13,VZ,0.1012043214731014,0.015330438,PatchTST-ICEEMDAN
2007-04-13,WFC,0.0415842031284938,-0.033063725,PatchTST-ICEEMDAN
2007-04-13,XOM,0.05273565624642049,0.05116834,PatchTST-ICEEMDAN
2007-05-14,AAPL,0.101693990303761,0.085673146,PatchTST-ICEEMDAN
2007-05-14,CAT,0.041847501148209794,-0.0424034,PatchTST-ICEEMDAN
2007-05-14,CVX,0.0136864467695598,0.035830628,PatchTST-ICEEMDAN
2007-05-14,DUK,-0.10546941815850872,0.021006007,PatchTST-ICEEMDAN
2007-05-14,GS,0.0015370600354347925,0.069101304,PatchTST-ICEEMDAN
2007-05-14,HD,-0.033696077391754405,0.020752553,PatchTST-ICEEMDAN
2007-05-14,INTC,-0.003597035665263903,0.08340471,PatchTST-ICEEMDAN
2007-05-14,JNJ,-0.0005661345489931984,-0.01954509,PatchTST-ICEEMDAN
2007-05-14,JPM,-0.0551867089439821,0.06674614,PatchTST-ICEEMDAN
2007-05-14,KO,-0.029859144749768803,0.0696351,PatchTST-ICEEMDAN
2007-05-14,MCD,0.016254486378679097,0.04982556,PatchTST-ICEEMDAN
2007-05-14,MMM,-0.0003934927309115041,0.1632263,PatchTST-ICEEMDAN
2007-05-14,MSFT,-0.0310136902648033,0.016576046,PatchTST-ICEEMDAN
2007-05-14,NEM,-0.0477377822154851,0.0867986,PatchTST-ICEEMDAN
2007-05-14,PFE,-0.034999195773475905,0.0066750543,PatchTST-ICEEMDAN
2007-05-14,PG,0.008238487530172998,-0.022339337,PatchTST-ICEEMDAN
2007-05-14,UNH,-0.011259220798210002,-0.017010897,PatchTST-ICEEMDAN
2007-05-14,VZ,0.040986346550752395,0.1322653,PatchTST-ICEEMDAN
2007-05-14,WFC,-0.009617941014638597,0.014249635,PatchTST-ICEEMDAN
2007-05-14,XOM,0.0094344114543658,0.06554809,PatchTST-ICEEMDAN
2007-06-13,AAPL,0.10770860489673581,0.0745159,PatchTST-ICEEMDAN
2007-06-13,CAT,0.0741535851573813,0.17343283,PatchTST-ICEEMDAN
2007-06-13,CVX,0.14681723022657872,0.06544422,PatchTST-ICEEMDAN
2007-06-13,DUK,-0.0005484988578599997,-0.1902551,PatchTST-ICEEMDAN
2007-06-13,GS,-0.033742222652816414,0.09209152,PatchTST-ICEEMDAN
2007-06-13,HD,0.091507119804858,0.0042613153,PatchTST-ICEEMDAN
2007-06-13,INTC,0.158004116768743,0.06913137,PatchTST-ICEEMDAN
2007-06-13,JNJ,0.0244444340333467,0.022436205,PatchTST-ICEEMDAN
2007-06-13,JPM,0.011401892075395405,0.032223172,PatchTST-ICEEMDAN
2007-06-13,KO,0.03539032623884211,0.044753283,PatchTST-ICEEMDAN
2007-06-13,MCD,0.0032969116095817944,0.051788002,PatchTST-ICEEMDAN
2007-06-13,MMM,0.0559100146099493,0.04425235,PatchTST-ICEEMDAN
2007-06-13,MSFT,0.007343466960098296,-0.018285662,PatchTST-ICEEMDAN
2007-06-13,NEM,0.05064033813798681,-0.078358285,PatchTST-ICEEMDAN
2007-06-13,PFE,-0.004991217322932399,-0.082329646,PatchTST-ICEEMDAN
2007-06-13,PG,0.0123117204563144,0.00034247572,PatchTST-ICEEMDAN
2007-06-13,UNH,0.0018856546638293982,0.061250813,PatchTST-ICEEMDAN
2007-06-13,VZ,-0.029359692615993895,0.06888678,PatchTST-ICEEMDAN
2007-06-13,WFC,0.007363287624607201,0.0062606027,PatchTST-ICEEMDAN
2007-06-13,XOM,0.08885972377554799,-0.021169223,PatchTST-ICEEMDAN
2007-07-13,AAPL,-0.0700480882792919,0.09619292,PatchTST-ICEEMDAN
2007-07-13,CAT,-0.0767924191542505,0.04786744,PatchTST-ICEEMDAN
2007-07-13,CVX,-0.1119314268528549,0.05752591,PatchTST-ICEEMDAN
2007-07-13,DUK,0.0673103540952842,-0.103580445,PatchTST-ICEEMDAN
2007-07-13,GS,-0.1974192592765889,0.025257338,PatchTST-ICEEMDAN
2007-07-13,HD,-0.1308133132865283,0.032047126,PatchTST-ICEEMDAN
2007-07-13,INTC,-0.07621512643108079,0.064052425,PatchTST-ICEEMDAN
2007-07-13,JNJ,-0.035502959944082695,0.020652639,PatchTST-ICEEMDAN
2007-07-13,JPM,-0.11272229974525902,0.02562668,PatchTST-ICEEMDAN
2007-07-13,KO,0.0436833847965043,-0.01285307,PatchTST-ICEEMDAN
2007-07-13,MCD,-0.04433719725306029,0.0026504383,PatchTST-ICEEMDAN
2007-07-13,MMM,-0.0450329055444168,0.047377974,PatchTST-ICEEMDAN
2007-07-13,MSFT,-0.046282356802700084,0.013829378,PatchTST-ICEEMDAN
2007-07-13,NEM,0.019273186151122293,0.07393484,PatchTST-ICEEMDAN
2007-07-13,PFE,-0.06770880916220899,0.052276976,PatchTST-ICEEMDAN
2007-07-13,PG,0.0439456323573284,0.028361749,PatchTST-ICEEMDAN
2007-07-13,UNH,-0.11168073952711571,-0.027665135,PatchTST-ICEEMDAN
2007-07-13,VZ,-0.0024168182664996846,0.0338599,PatchTST-ICEEMDAN
2007-07-13,WFC,-0.020859711147796698,0.026239844,PatchTST-ICEEMDAN
2007-07-13,XOM,-0.05471929388501408,0.021333585,PatchTST-ICEEMDAN
2007-08-13,AAPL,0.08058351962817112,0.05446181,PatchTST-ICEEMDAN
2007-08-13,CAT,-0.04834558530268268,-0.03819804,PatchTST-ICEEMDAN
2007-08-13,CVX,0.06719029520620062,-0.044954002,PatchTST-ICEEMDAN
2007-08-13,DUK,-0.03583502059890969,0.07329824,PatchTST-ICEEMDAN
2007-08-13,GS,0.016484141277459598,-0.19254187,PatchTST-ICEEMDAN
2007-08-13,HD,-0.023264016210785495,-0.004356627,PatchTST-ICEEMDAN
2007-08-13,INTC,0.06771291638218882,0.14646581,PatchTST-ICEEMDAN
2007-08-13,JNJ,0.021315078165978503,-0.04082183,PatchTST-ICEEMDAN
2007-08-13,JPM,0.006532095174397198,-0.03231556,PatchTST-ICEEMDAN
2007-08-13,KO,0.0122920386543773,0.01174237,PatchTST-ICEEMDAN
2007-08-13,MCD,0.046464689772369394,0.026147787,PatchTST-ICEEMDAN
2007-08-13,MMM,0.03150262307809791,0.025608923,PatchTST-ICEEMDAN
2007-08-13,MSFT,0.01113241939606581,0.0012537523,PatchTST-ICEEMDAN
2007-08-13,NEM,0.07705688125505188,0.07321762,PatchTST-ICEEMDAN
2007-08-13,PFE,0.008302643999289693,0.011493998,PatchTST-ICEEMDAN
2007-08-13,PG,0.0241737872594488,0.045150775,PatchTST-ICEEMDAN
2007-08-13,UNH,0.0430775597215252,-0.013617785,PatchTST-ICEEMDAN
2007-08-13,VZ,0.012981145196198496,0.069104016,PatchTST-ICEEMDAN
2007-08-13,WFC,0.0487904616566414,-0.010002771,PatchTST-ICEEMDAN
2007-08-13,XOM,0.028348248328193597,0.07208992,PatchTST-ICEEMDAN
2007-09-12,AAPL,0.20783804256109734,-0.27708727,PatchTST-ICEEMDAN
2007-09-12,CAT,0.09384519165580439,-0.108213246,PatchTST-ICEEMDAN
2007-09-12,CVX,0.03863855745415481,0.0022839014,PatchTST-ICEEMDAN
2007-09-12,DUK,0.029663268218413308,-0.023865603,PatchTST-ICEEMDAN
2007-09-12,GS,0.25136273729425723,-0.07732156,PatchTST-ICEEMDAN
2007-09-12,HD,-0.03561318907593379,-0.042385608,PatchTST-ICEEMDAN
2007-09-12,INTC,0.00853700041975759,0.08770594,PatchTST-ICEEMDAN
2007-09-12,JNJ,0.0591343373039025,0.0045725508,PatchTST-ICEEMDAN
2007-09-12,JPM,0.0599331963576818,0.007960524,PatchTST-ICEEMDAN
2007-09-12,KO,0.0450643276162359,0.036375396,PatchTST-ICEEMDAN
2007-09-12,MCD,0.0969599523954842,0.026972713,PatchTST-ICEEMDAN
2007-09-12,MMM,0.0824112618951066,0.070314154,PatchTST-ICEEMDAN
2007-09-12,MSFT,0.0439558329676817,0.042863093,PatchTST-ICEEMDAN
2007-09-12,NEM,0.0232005565862559,0.0005633661,PatchTST-ICEEMDAN
2007-09-12,PFE,0.054306178634096494,0.0004705917,PatchTST-ICEEMDAN
2007-09-12,PG,0.0637548189823377,0.04712933,PatchTST-ICEEMDAN
2007-09-12,UNH,-0.004853198454512191,0.003653335,PatchTST-ICEEMDAN
2007-09-12,VZ,0.09550842210772222,0.022466145,PatchTST-ICEEMDAN
2007-09-12,WFC,0.013747448878300194,0.06063201,PatchTST-ICEEMDAN
2007-09-12,XOM,0.06877801395710449,0.033573974,PatchTST-ICEEMDAN
2007-10-11,AAPL,0.0507322426162854,0.13520963,PatchTST-ICEEMDAN
2007-10-11,CAT,-0.1091238225287939,-0.09726724,PatchTST-ICEEMDAN
2007-10-11,CVX,-0.03200084038146389,0.0641036,PatchTST-ICEEMDAN
2007-10-11,DUK,0.0175899728220024,0.013733698,PatchTST-ICEEMDAN
2007-10-11,GS,-0.11519930279180879,0.20080602,PatchTST-ICEEMDAN
2007-10-11,HD,-0.1456188531392346,-0.05074169,PatchTST-ICEEMDAN
2007-10-11,INTC,0.006155923554203198,0.061545372,PatchTST-ICEEMDAN
2007-10-11,JNJ,-0.0190158449671522,0.033687044,PatchTST-ICEEMDAN
2007-10-11,JPM,-0.096141720766305,0.022458848,PatchTST-ICEEMDAN
2007-10-11,KO,0.06035044293841341,0.04128774,PatchTST-ICEEMDAN
2007-10-11,MCD,0.0402112011393949,0.013048862,PatchTST-ICEEMDAN
2007-10-11,MMM,-0.1456813944058858,0.03500365,PatchTST-ICEEMDAN
2007-10-11,MSFT,0.1390570719035756,0.019305611,PatchTST-ICEEMDAN
2007-10-11,NEM,0.15668192468586636,0.09646031,PatchTST-ICEEMDAN
2007-10-11,PFE,-0.08778782469539681,0.040850542,PatchTST-ICEEMDAN
2007-10-11,PG,-0.0029194909515870004,0.042406496,PatchTST-ICEEMDAN
2007-10-11,UNH,0.019273832646445895,-0.07948716,PatchTST-ICEEMDAN
2007-10-11,VZ,-0.0656648133507374,-0.029333923,PatchTST-ICEEMDAN
2007-10-11,WFC,-0.1417893888704184,0.028723206,PatchTST-ICEEMDAN
2007-10-11,XOM,-0.0367715651411285,0.08952018,PatchTST-ICEEMDAN
2007-11-09,AAPL,0.10147198849617779,0.00890395,PatchTST-ICEEMDAN
2007-11-09,CAT,0.055715282593513396,0.027725857,PatchTST-ICEEMDAN
2007-11-09,CVX,0.0347855258711334,-0.06495514,PatchTST-ICEEMDAN
2007-11-09,DUK,0.0661529311443511,0.003549581,PatchTST-ICEEMDAN
2007-11-09,GS,0.0657609268252432,0.13758309,PatchTST-ICEEMDAN
2007-11-09,HD,0.02526045030692379,0.00653135,PatchTST-ICEEMDAN
2007-11-09,INTC,0.06891577491950351,0.06251275,PatchTST-ICEEMDAN
2007-11-09,JNJ,0.0545556114254226,-0.013832405,PatchTST-ICEEMDAN
2007-11-09,JPM,0.10695466086862149,-0.028261201,PatchTST-ICEEMDAN
2007-11-09,KO,0.0342755731541643,0.021630688,PatchTST-ICEEMDAN
2007-11-09,MCD,0.06768888283673391,0.066497095,PatchTST-ICEEMDAN
2007-11-09,MMM,0.05201750271704621,-0.0036541526,PatchTST-ICEEMDAN
2007-11-09,MSFT,0.0038761160603879964,0.04227873,PatchTST-ICEEMDAN
2007-11-09,NEM,-0.05959174751077351,0.14558266,PatchTST-ICEEMDAN
2007-11-09,PFE,0.0530872801955291,0.021360576,PatchTST-ICEEMDAN
2007-11-09,PG,0.04809041126792651,0.0020165748,PatchTST-ICEEMDAN
2007-11-09,UNH,0.1403927582245842,-0.030769017,PatchTST-ICEEMDAN
2007-11-09,VZ,0.05950927874841099,0.006032807,PatchTST-ICEEMDAN
2007-11-09,WFC,0.0361860802433568,-0.018444894,PatchTST-ICEEMDAN
2007-11-09,XOM,0.0287697422452582,-0.036687907,PatchTST-ICEEMDAN
2007-12-11,AAPL,-0.0870439232317081,0.19152227,PatchTST-ICEEMDAN
2007-12-11,CAT,-0.12754241747340958,0.025067434,PatchTST-ICEEMDAN
2007-12-11,CVX,0.0019606600023878993,0.036034457,PatchTST-ICEEMDAN
2007-12-11,DUK,-0.007797576509435198,0.12552056,PatchTST-ICEEMDAN
2007-12-11,GS,-0.1298364758347546,-0.0198154,PatchTST-ICEEMDAN
2007-12-11,HD,-0.15742270438017503,-0.0073434263,PatchTST-ICEEMDAN
2007-12-11,INTC,-0.20902484655633818,0.04559099,PatchTST-ICEEMDAN
2007-12-11,JNJ,0.0017684287681822028,0.011630201,PatchTST-ICEEMDAN
2007-12-11,JPM,-0.1287108792198925,0.040603064,PatchTST-ICEEMDAN
2007-12-11,KO,0.0355542306228253,0.0897505,PatchTST-ICEEMDAN
2007-12-11,MCD,-0.06215056802750038,0.05257374,PatchTST-ICEEMDAN
2007-12-11,MMM,-0.0782669620921378,-0.11156446,PatchTST-ICEEMDAN
2007-12-11,MSFT,-0.0124477002842884,0.07805045,PatchTST-ICEEMDAN
2007-12-11,NEM,0.05901471344975341,-0.016711626,PatchTST-ICEEMDAN
2007-12-11,PFE,-0.011971057952921003,0.0045749443,PatchTST-ICEEMDAN
2007-12-11,PG,-0.025203892358975497,0.008326432,PatchTST-ICEEMDAN
2007-12-11,UNH,-0.0312415790113717,0.021161668,PatchTST-ICEEMDAN
2007-12-11,VZ,-0.0328303024240008,0.051553182,PatchTST-ICEEMDAN
2007-12-11,WFC,-0.1565534787883942,-0.045153927,PatchTST-ICEEMDAN
2007-12-11,XOM,-0.004028063258014397,0.0012159152,PatchTST-ICEEMDAN
2008-01-11,AAPL,-0.31860143053790235,-0.08788543,PatchTST-ICEEMDAN
2008-01-11,CAT,0.0349987286389048,-0.058932506,PatchTST-ICEEMDAN
2008-01-11,CVX,-0.13331353793533843,0.048889514,PatchTST-ICEEMDAN
2008-01-11,DUK,-0.0997226475977437,0.012088625,PatchTST-ICEEMDAN
2008-01-11,GS,-0.0559405802587208,-0.04426156,PatchTST-ICEEMDAN
2008-01-11,HD,0.1265350015311787,-0.009447707,PatchTST-ICEEMDAN
2008-01-11,INTC,-0.0800686876913983,-0.09879715,PatchTST-ICEEMDAN
2008-01-11,JNJ,-0.09298604870322659,-0.006549611,PatchTST-ICEEMDAN
2008-01-11,JPM,0.04771772630855452,-0.12035737,PatchTST-ICEEMDAN
2008-01-11,KO,-0.09698912802021639,-0.0034866766,PatchTST-ICEEMDAN
2008-01-11,MCD,-0.0383754585447117,-0.019666798,PatchTST-ICEEMDAN
2008-01-11,MMM,-0.011662207845095194,0.001866465,PatchTST-ICEEMDAN
2008-01-11,MSFT,-0.1963429790067752,-0.1791055,PatchTST-ICEEMDAN
2008-01-11,NEM,-0.05724564042483036,0.057623465,PatchTST-ICEEMDAN
2008-01-11,PFE,-0.0672535094206776,0.0045555327,PatchTST-ICEEMDAN
2008-01-11,PG,-0.0886220524936597,-0.008715777,PatchTST-ICEEMDAN
2008-01-11,UNH,-0.15118402169089945,-0.013858445,PatchTST-ICEEMDAN
2008-01-11,VZ,-0.1663847110390357,0.03489799,PatchTST-ICEEMDAN
2008-01-11,WFC,0.0669863065552955,-0.061162453,PatchTST-ICEEMDAN
2008-01-11,XOM,-0.09229161888886858,-0.012070993,PatchTST-ICEEMDAN
2008-02-12,AAPL,-0.02677466647854621,-0.46853113,PatchTST-ICEEMDAN
2008-02-12,CAT,0.0806407706207357,-0.026540255,PatchTST-ICEEMDAN
2008-02-12,CVX,0.0825886397554652,-0.013265002,PatchTST-ICEEMDAN
2008-02-12,DUK,-0.042022458069746506,0.015540303,PatchTST-ICEEMDAN
2008-02-12,GS,-0.1312359126824282,-0.14515433,PatchTST-ICEEMDAN
2008-02-12,HD,-0.08442397896780299,0.002045313,PatchTST-ICEEMDAN
2008-02-12,INTC,0.021053592509440805,-0.09709302,PatchTST-ICEEMDAN
2008-02-12,JNJ,0.0173802237524578,-0.0025510197,PatchTST-ICEEMDAN
2008-02-12,JPM,-0.11579544544451677,0.0013233144,PatchTST-ICEEMDAN
2008-02-12,KO,0.0011864374785459984,0.04357639,PatchTST-ICEEMDAN
2008-02-12,MCD,-0.0347805734841016,-0.04882011,PatchTST-ICEEMDAN
2008-02-12,MMM,-0.004625080362897691,-0.038051657,PatchTST-ICEEMDAN
2008-02-12,MSFT,0.018656454906929888,-0.14170676,PatchTST-ICEEMDAN
2008-02-12,NEM,0.01098726861617871,0.30249617,PatchTST-ICEEMDAN
2008-02-12,PFE,-0.0423249981536806,-0.018465512,PatchTST-ICEEMDAN
2008-02-12,PG,0.015635518245857596,0.041325424,PatchTST-ICEEMDAN
2008-02-12,UNH,-0.2735421230559507,0.027827397,PatchTST-ICEEMDAN
2008-02-12,VZ,-0.06195107765097401,-0.11662236,PatchTST-ICEEMDAN
2008-02-12,WFC,6.938893903907228e-18,0.06711737,PatchTST-ICEEMDAN
2008-02-12,XOM,0.032511182220428106,0.028177323,PatchTST-ICEEMDAN
2008-03-13,AAPL,0.1548646786844794,-0.16115867,PatchTST-ICEEMDAN
2008-03-13,CAT,-0.005997828259940401,0.07912879,PatchTST-ICEEMDAN
2008-03-13,CVX,0.023586480440988503,0.06427539,PatchTST-ICEEMDAN
2008-03-13,DUK,0.0364080081943047,0.0059206025,PatchTST-ICEEMDAN
2008-03-13,GS,0.025976956348313904,-0.11248455,PatchTST-ICEEMDAN
2008-03-13,HD,0.0751736634473503,-0.036765732,PatchTST-ICEEMDAN
2008-03-13,INTC,0.005665460041066703,-0.06683156,PatchTST-ICEEMDAN
2008-03-13,JNJ,0.0536885083936628,-0.023950564,PatchTST-ICEEMDAN
2008-03-13,JPM,0.10481649302323852,0.06895414,PatchTST-ICEEMDAN
2008-03-13,KO,0.018413253304092006,-0.05579143,PatchTST-ICEEMDAN
2008-03-13,MCD,0.031166133888143193,0.010599211,PatchTST-ICEEMDAN
2008-03-13,MMM,0.0006365536838414051,0.04944692,PatchTST-ICEEMDAN
2008-03-13,MSFT,-0.012300020337907301,0.08279093,PatchTST-ICEEMDAN
2008-03-13,NEM,-0.11147752212581818,-0.047854587,PatchTST-ICEEMDAN
2008-03-13,PFE,-0.0397849367300113,-0.04800167,PatchTST-ICEEMDAN
2008-03-13,PG,0.043204845550541195,0.015135852,PatchTST-ICEEMDAN
2008-03-13,UNH,-0.021457598432754816,-0.14030924,PatchTST-ICEEMDAN
2008-03-13,VZ,0.044993706541236404,-0.09456526,PatchTST-ICEEMDAN
2008-03-13,WFC,-0.05461280751600851,-0.037082374,PatchTST-ICEEMDAN
2008-03-13,XOM,0.03035841550126089,-0.018372273,PatchTST-ICEEMDAN
2008-04-14,AAPL,0.2459079916600954,-0.13927095,PatchTST-ICEEMDAN
2008-04-14,CAT,0.11841967627468969,0.05275502,PatchTST-ICEEMDAN
2008-04-14,CVX,0.09202836871949088,-0.04064703,PatchTST-ICEEMDAN
2008-04-14,DUK,0.0287358389471419,0.035665326,PatchTST-ICEEMDAN
2008-04-14,GS,0.13997923456091121,0.02661059,PatchTST-ICEEMDAN
2008-04-14,HD,0.0165465158028095,-0.08323339,PatchTST-ICEEMDAN
2008-04-14,INTC,0.11300886072238849,-0.0071284045,PatchTST-ICEEMDAN
2008-04-14,JNJ,0.0106996243665591,0.022154637,PatchTST-ICEEMDAN
2008-04-14,JPM,0.1050311491983609,-0.21819162,PatchTST-ICEEMDAN
2008-04-14,KO,-0.0666969514912567,0.048453238,PatchTST-ICEEMDAN
2008-04-14,MCD,0.09416164952657502,0.019512963,PatchTST-ICEEMDAN
2008-04-14,MMM,-0.010246935891028007,0.04571087,PatchTST-ICEEMDAN
2008-04-14,MSFT,0.05870877007315539,-0.08618896,PatchTST-ICEEMDAN
2008-04-14,NEM,-0.015347776329424193,-0.010542965,PatchTST-ICEEMDAN
2008-04-14,PFE,-0.010965407222475698,-0.015181744,PatchTST-ICEEMDAN
2008-04-14,PG,-0.06302532729393139,-0.020592893,PatchTST-ICEEMDAN
2008-04-14,UNH,-0.09008310057306201,-0.2389951,PatchTST-ICEEMDAN
2008-04-14,VZ,0.0670993511457571,-0.047272686,PatchTST-ICEEMDAN
2008-04-14,WFC,0.0719957895524589,0.12290488,PatchTST-ICEEMDAN
2008-04-14,XOM,0.010869771077863896,0.07722084,PatchTST-ICEEMDAN
2008-05-13,AAPL,-0.03984565298946271,0.20627347,PatchTST-ICEEMDAN
2008-05-13,CAT,-0.06010969231672451,0.034716934,PatchTST-ICEEMDAN
2008-05-13,CVX,0.027611893561025204,0.061345875,PatchTST-ICEEMDAN
2008-05-13,DUK,-0.0303103886591241,0.023992876,PatchTST-ICEEMDAN
2008-05-13,GS,-0.16784910675186518,0.049218807,PatchTST-ICEEMDAN
2008-05-13,HD,-0.09185649829813722,-0.032672353,PatchTST-ICEEMDAN
2008-05-13,INTC,-0.0805710424561808,0.07707167,PatchTST-ICEEMDAN
2008-05-13,JNJ,-0.015872320672739703,0.020552084,PatchTST-ICEEMDAN
2008-05-13,JPM,-0.2408157014086719,-0.062939845,PatchTST-ICEEMDAN
2008-05-13,KO,0.0196075429191587,-0.008868502,PatchTST-ICEEMDAN
2008-05-13,MCD,-0.028960847450885997,0.038140003,PatchTST-ICEEMDAN
2008-05-13,MMM,-0.02491749936620089,0.06358224,PatchTST-ICEEMDAN
2008-05-13,MSFT,-0.09691755195794607,0.07275134,PatchTST-ICEEMDAN
2008-05-13,NEM,0.044100021713044515,0.051062636,PatchTST-ICEEMDAN
2008-05-13,PFE,-0.1261687680851817,-0.047753215,PatchTST-ICEEMDAN
2008-05-13,PG,0.012922972245137106,0.04338451,PatchTST-ICEEMDAN
2008-05-13,UNH,-0.02564616826766361,-0.10140103,PatchTST-ICEEMDAN
2008-05-13,VZ,-0.03720397792276541,0.07940696,PatchTST-ICEEMDAN
2008-05-13,WFC,-0.15252756004558551,-0.013286553,PatchTST-ICEEMDAN
2008-05-13,XOM,-0.006524563651401399,0.021368632,PatchTST-ICEEMDAN
2008-06-12,AAPL,-0.046586106375820904,0.061224896,PatchTST-ICEEMDAN
2008-06-12,CAT,-0.12278449893706639,-0.060216866,PatchTST-ICEEMDAN
2008-06-12,CVX,-0.0748512578531792,-0.00057172077,PatchTST-ICEEMDAN
2008-06-12,DUK,-0.0305628990819061,0.06012002,PatchTST-ICEEMDAN
2008-06-12,GS,0.0004917940203946897,0.08782381,PatchTST-ICEEMDAN
2008-06-12,HD,-0.1828617181624767,-0.054715678,PatchTST-ICEEMDAN
2008-06-12,INTC,-0.05513781784280751,-0.029008739,PatchTST-ICEEMDAN
2008-06-12,JNJ,0.016127379259552106,0.035308793,PatchTST-ICEEMDAN
2008-06-12,JPM,-0.1019434987367347,-0.11056777,PatchTST-ICEEMDAN
2008-06-12,KO,-0.1280957882893502,0.015344736,PatchTST-ICEEMDAN
2008-06-12,MCD,-0.024641735494285597,0.045897342,PatchTST-ICEEMDAN
2008-06-12,MMM,-0.09104126353738701,-0.08531169,PatchTST-ICEEMDAN
2008-06-12,MSFT,-0.07144545714068001,-0.07083145,PatchTST-ICEEMDAN
2008-06-12,NEM,0.08271192104751379,-0.015336457,PatchTST-ICEEMDAN
2008-06-12,PFE,0.014706453764368103,-0.24339053,PatchTST-ICEEMDAN
2008-06-12,PG,-0.0424283309596664,-0.03498949,PatchTST-ICEEMDAN
2008-06-12,UNH,-0.36588314610038936,-0.16763274,PatchTST-ICEEMDAN
2008-06-12,VZ,-0.03668880190992702,0.028546745,PatchTST-ICEEMDAN
2008-06-12,WFC,-0.10514310869567159,-0.06999842,PatchTST-ICEEMDAN
2008-06-12,XOM,-0.0359622629814155,-0.014047593,PatchTST-ICEEMDAN
2008-07-14,AAPL,0.005662751983805992,0.10669439,PatchTST-ICEEMDAN
2008-07-14,CAT,0.020054742467643605,-0.19179314,PatchTST-ICEEMDAN
2008-07-14,CVX,-0.09273300731036119,0.03788853,PatchTST-ICEEMDAN
2008-07-14,DUK,0.06346086190139341,-0.04753143,PatchTST-ICEEMDAN
2008-07-14,GS,0.09317218942274051,-0.13677649,PatchTST-ICEEMDAN
2008-07-14,HD,0.2427820378790222,-0.1283274,PatchTST-ICEEMDAN
2008-07-14,INTC,0.172768013922459,-0.084776096,PatchTST-ICEEMDAN
2008-07-14,JNJ,0.07834620507092199,0.012302959,PatchTST-ICEEMDAN
2008-07-14,JPM,0.23370275511045058,0.066199966,PatchTST-ICEEMDAN
2008-07-14,KO,0.09626799587451201,-0.041184872,PatchTST-ICEEMDAN
2008-07-14,MCD,0.14024744329362931,-0.011139353,PatchTST-ICEEMDAN
2008-07-14,MMM,0.0791468170254126,-0.06585929,PatchTST-ICEEMDAN
2008-07-14,MSFT,0.09980026982267218,-0.06712822,PatchTST-ICEEMDAN
2008-07-14,NEM,-0.2114123690633608,0.20879693,PatchTST-ICEEMDAN
2008-07-14,PFE,0.12632315783736123,-0.041890107,PatchTST-ICEEMDAN
2008-07-14,PG,0.09630233303499079,0.020158041,PatchTST-ICEEMDAN
2008-07-14,UNH,0.34373011596795777,-0.05226138,PatchTST-ICEEMDAN
2008-07-14,VZ,0.010822953549621098,-0.09692112,PatchTST-ICEEMDAN
2008-07-14,WFC,0.32881748839973923,-0.09045314,PatchTST-ICEEMDAN
2008-07-14,XOM,-0.08443011274242532,-0.0023677605,PatchTST-ICEEMDAN
2008-08-12,AAPL,-0.1352121836638629,-0.08036386,PatchTST-ICEEMDAN
2008-08-12,CAT,-0.1195860849562757,-0.06735502,PatchTST-ICEEMDAN
2008-08-12,CVX,-0.0278104344352667,-0.07860196,PatchTST-ICEEMDAN
2008-08-12,DUK,-0.023838501246821107,-0.013676586,PatchTST-ICEEMDAN
2008-08-12,GS,-0.12178675746450453,0.06973514,PatchTST-ICEEMDAN
2008-08-12,HD,0.06452012538479418,0.031016424,PatchTST-ICEEMDAN
2008-08-12,INTC,-0.1900624792909576,-0.018877255,PatchTST-ICEEMDAN
2008-08-12,JNJ,0.0004555184204819954,-0.013834288,PatchTST-ICEEMDAN
2008-08-12,JPM,-0.06128164916240998,0.21458444,PatchTST-ICEEMDAN
2008-08-12,KO,-0.028217360833730287,-0.010908968,PatchTST-ICEEMDAN
2008-08-12,MCD,-0.036533666300829305,0.1458152,PatchTST-ICEEMDAN
2008-08-12,MMM,-0.072692761558121,0.03644824,PatchTST-ICEEMDAN
2008-08-12,MSFT,-0.049767789093258,-0.07034393,PatchTST-ICEEMDAN
2008-08-12,NEM,-0.09343556173215688,0.024632426,PatchTST-ICEEMDAN
2008-08-12,PFE,-0.08829307434749831,0.03319097,PatchTST-ICEEMDAN
2008-08-12,PG,0.04174967007520419,0.06970857,PatchTST-ICEEMDAN
2008-08-12,UNH,-0.06409054845423512,0.073133454,PatchTST-ICEEMDAN
2008-08-12,VZ,-0.01656703313200781,-0.04275501,PatchTST-ICEEMDAN
2008-08-12,WFC,0.0028434137169988313,-0.0154928155,PatchTST-ICEEMDAN
2008-08-12,XOM,-0.0379422876296715,-0.017171297,PatchTST-ICEEMDAN
2008-09-11,AAPL,-0.5356003856049175,-0.07255263,PatchTST-ICEEMDAN
2008-09-11,CAT,-0.3380649089510295,-0.06267236,PatchTST-ICEEMDAN
2008-09-11,CVX,-0.2375396245628777,-0.17401205,PatchTST-ICEEMDAN
2008-09-11,DUK,-0.16512282998648461,-0.02423355,PatchTST-ICEEMDAN
2008-09-11,GS,-0.4414168985936903,0.018159065,PatchTST-ICEEMDAN
2008-09-11,HD,-0.3785121186140457,-0.0072432193,PatchTST-ICEEMDAN
2008-09-11,INTC,-0.2564296039850208,-0.000671254,PatchTST-ICEEMDAN
2008-09-11,JNJ,-0.21273860595619948,0.018101105,PatchTST-ICEEMDAN
2008-09-11,JPM,-0.06384788438152132,0.025640486,PatchTST-ICEEMDAN
2008-09-11,KO,-0.21021995682585878,0.019811401,PatchTST-ICEEMDAN
2008-09-11,MCD,-0.1935234849642085,0.047967732,PatchTST-ICEEMDAN
2008-09-11,MMM,-0.2497765386954596,0.020590052,PatchTST-ICEEMDAN
2008-09-11,MSFT,-0.17029159012036868,0.018076846,PatchTST-ICEEMDAN
2008-09-11,NEM,-0.10356478475724859,-0.17279024,PatchTST-ICEEMDAN
2008-09-11,PFE,-0.14967343710822947,-0.013402786,PatchTST-ICEEMDAN
2008-09-11,PG,-0.1731640619041839,0.113070875,PatchTST-ICEEMDAN
2008-09-11,UNH,-0.49872992342882694,0.2892525,PatchTST-ICEEMDAN
2008-09-11,VZ,-0.27586447656678226,-0.033255644,PatchTST-ICEEMDAN
2008-09-11,WFC,-0.1512629078765653,-0.12925094,PatchTST-ICEEMDAN
2008-09-11,XOM,-0.10130835283861542,0.0010709886,PatchTST-ICEEMDAN
2008-10-10,AAPL,0.10170231138198751,-0.3583554,PatchTST-ICEEMDAN
2008-10-10,CAT,-0.14281318153829364,-0.16842291,PatchTST-ICEEMDAN
2008-10-10,CVX,0.13785786423622054,-0.61367023,PatchTST-ICEEMDAN
2008-10-10,DUK,0.07009230911016438,-0.41387075,PatchTST-ICEEMDAN
2008-10-10,GS,-0.26164895656506465,-0.44178635,PatchTST-ICEEMDAN
2008-10-10,HD,0.055149369999743986,-0.42377394,PatchTST-ICEEMDAN
2008-10-10,INTC,-0.055548899071017996,0.015762262,PatchTST-ICEEMDAN
2008-10-10,JNJ,0.044829107126596504,-0.16272464,PatchTST-ICEEMDAN
2008-10-10,JPM,0.028754115514449168,-0.39612228,PatchTST-ICEEMDAN
2008-10-10,KO,0.06590904088901482,-0.41932926,PatchTST-ICEEMDAN
2008-10-10,MCD,0.06306113387297592,-0.03182285,PatchTST-ICEEMDAN
2008-10-10,MMM,0.1920868230563137,-0.32311714,PatchTST-ICEEMDAN
2008-10-10,MSFT,-0.036533575219592385,0.09383417,PatchTST-ICEEMDAN
2008-10-10,NEM,-0.2674955370336196,-0.30035016,PatchTST-ICEEMDAN
2008-10-10,PFE,0.090730481054,-0.10325591,PatchTST-ICEEMDAN
2008-10-10,PG,0.06397875862740797,-0.02465371,PatchTST-ICEEMDAN
2008-10-10,UNH,0.23120128758838973,-0.52033305,PatchTST-ICEEMDAN
2008-10-10,VZ,0.14746221579461538,-0.11998723,PatchTST-ICEEMDAN
2008-10-10,WFC,0.08906770963733907,-0.37251154,PatchTST-ICEEMDAN
2008-10-10,XOM,0.0896156480815876,-0.28511575,PatchTST-ICEEMDAN
2008-11-10,AAPL,0.018356653976657394,0.16538392,PatchTST-ICEEMDAN
2008-11-10,CAT,0.09731733789005191,0.13941121,PatchTST-ICEEMDAN
2008-11-10,CVX,0.03680881297076559,-0.0026139133,PatchTST-ICEEMDAN
2008-11-10,DUK,-0.09862822967010637,-0.08285313,PatchTST-ICEEMDAN
2008-11-10,GS,-0.06658055967491013,-0.18544865,PatchTST-ICEEMDAN
2008-11-10,HD,0.10744180161925246,0.22240806,PatchTST-ICEEMDAN
2008-11-10,INTC,-0.022815128651916008,-0.07594445,PatchTST-ICEEMDAN
2008-11-10,JNJ,-0.03256624206156872,0.09048012,PatchTST-ICEEMDAN
2008-11-10,JPM,-0.10580236000996235,0.21972246,PatchTST-ICEEMDAN
2008-11-10,KO,-0.022717074954056102,-0.085018046,PatchTST-ICEEMDAN
2008-11-10,MCD,0.0819950821644621,0.025277471,PatchTST-ICEEMDAN
2008-11-10,MMM,-0.13566660739928,0.0786711,PatchTST-ICEEMDAN
2008-11-10,MSFT,-0.03601119709172718,0.04531989,PatchTST-ICEEMDAN
2008-11-10,NEM,0.21713698443890314,-0.06335967,PatchTST-ICEEMDAN
2008-11-10,PFE,-0.0234031389612004,0.08126024,PatchTST-ICEEMDAN
2008-11-10,PG,-0.07567125685483311,0.011463021,PatchTST-ICEEMDAN
2008-11-10,UNH,-0.0764093908599623,-0.06320593,PatchTST-ICEEMDAN
2008-11-10,VZ,0.10419485910013782,0.33292753,PatchTST-ICEEMDAN
2008-11-10,WFC,0.033336262248435014,0.098566644,PatchTST-ICEEMDAN
2008-11-10,XOM,0.055880365194066,0.20075163,PatchTST-ICEEMDAN
2008-12-10,AAPL,-0.09953631804242209,-0.02490237,PatchTST-ICEEMDAN
2008-12-10,CAT,0.019163999345166795,-0.006876521,PatchTST-ICEEMDAN
2008-12-10,CVX,-0.036937277720704695,-0.08145784,PatchTST-ICEEMDAN
2008-12-10,DUK,0.05105225968555601,-0.060902134,PatchTST-ICEEMDAN
2008-12-10,GS,0.14256022864711515,-0.11030236,PatchTST-ICEEMDAN
2008-12-10,HD,0.02805089264304679,-0.06612007,PatchTST-ICEEMDAN
2008-12-10,INTC,-0.010545085933806996,0.31558514,PatchTST-ICEEMDAN
2008-12-10,JNJ,0.021222765616009696,0.017774485,PatchTST-ICEEMDAN
2008-12-10,JPM,-0.25611629080097537,0.025497595,PatchTST-ICEEMDAN
2008-12-10,KO,-0.005143339218583103,-0.07830404,PatchTST-ICEEMDAN
2008-12-10,MCD,0.006513693113741291,-0.03470142,PatchTST-ICEEMDAN
2008-12-10,MMM,0.027923497961885306,-0.07431094,PatchTST-ICEEMDAN
2008-12-10,MSFT,-0.05385064086856741,-0.11984304,PatchTST-ICEEMDAN
2008-12-10,NEM,0.13910098025054482,0.029228125,PatchTST-ICEEMDAN
2008-12-10,PFE,0.05722590264390869,-0.09449224,PatchTST-ICEEMDAN
2008-12-10,PG,0.0011700384466760885,-0.013511058,PatchTST-ICEEMDAN
2008-12-10,UNH,0.24126581701930142,0.09393126,PatchTST-ICEEMDAN
2008-12-10,VZ,-0.021836704940358987,0.07120304,PatchTST-ICEEMDAN
2008-12-10,WFC,-0.1932659060225746,0.14236578,PatchTST-ICEEMDAN
2008-12-10,XOM,-0.008089132940241814,0.010115551,PatchTST-ICEEMDAN
2009-01-12,AAPL,0.07699760227605262,0.08715801,PatchTST-ICEEMDAN
2009-01-12,CAT,-0.3237067996570735,0.03475253,PatchTST-ICEEMDAN
2009-01-12,CVX,-0.023621324502679286,0.024704799,PatchTST-ICEEMDAN
2009-01-12,DUK,-0.003937409102113303,-0.060345814,PatchTST-ICEEMDAN
2009-01-12,GS,0.07438043744045696,0.1905609,PatchTST-ICEEMDAN
2009-01-12,HD,-0.07166066080602052,0.13125628,PatchTST-ICEEMDAN
2009-01-12,INTC,0.005289601505164207,0.05916644,PatchTST-ICEEMDAN
2009-01-12,JNJ,-0.04008167571073779,0.012832206,PatchTST-ICEEMDAN
2009-01-12,JPM,-0.05338258729270404,-0.10712439,PatchTST-ICEEMDAN
2009-01-12,KO,-0.0922434979671277,-0.043896902,PatchTST-ICEEMDAN
2009-01-12,MCD,-0.04755887767333411,-0.024997622,PatchTST-ICEEMDAN
2009-01-12,MMM,-0.12255736127990086,-0.15367238,PatchTST-ICEEMDAN
2009-01-12,MSFT,-0.037582782042033774,-0.14168468,PatchTST-ICEEMDAN
2009-01-12,NEM,0.06049713644258649,-0.044485368,PatchTST-ICEEMDAN
2009-01-12,PFE,-0.19344461161709478,-0.006767355,PatchTST-ICEEMDAN
2009-01-12,PG,-0.1444084289913524,0.024933591,PatchTST-ICEEMDAN
2009-01-12,UNH,0.0558764255277036,0.21747777,PatchTST-ICEEMDAN
2009-01-12,VZ,-0.06952629127958951,-0.08038118,PatchTST-ICEEMDAN
2009-01-12,WFC,-0.41171435153292,-0.20093349,PatchTST-ICEEMDAN
2009-01-12,XOM,-0.013580480288329512,0.008873005,PatchTST-ICEEMDAN
2009-02-11,AAPL,-0.015243843269960526,0.0005822666,PatchTST-ICEEMDAN
2009-02-11,CAT,-0.13482561190678877,0.061284564,PatchTST-ICEEMDAN
2009-02-11,CVX,-0.10574135502068008,-0.14531301,PatchTST-ICEEMDAN
2009-02-11,DUK,-0.16905823406327478,0.052163824,PatchTST-ICEEMDAN
2009-02-11,GS,0.07848517965893947,0.0160744,PatchTST-ICEEMDAN
2009-02-11,HD,-0.076026553181997,-0.040767923,PatchTST-ICEEMDAN
2009-02-11,INTC,0.03077189877661959,-0.08438887,PatchTST-ICEEMDAN
2009-02-11,JNJ,-0.13822416983302513,-0.078056805,PatchTST-ICEEMDAN
2009-02-11,JPM,-0.0594066439830771,-0.41793057,PatchTST-ICEEMDAN
2009-02-11,KO,0.014696163147876692,0.00878532,PatchTST-ICEEMDAN
2009-02-11,MCD,-0.0841917248351424,-0.11192217,PatchTST-ICEEMDAN
2009-02-11,MMM,-0.05137895033847782,0.020025153,PatchTST-ICEEMDAN
2009-02-11,MSFT,-0.0932224559091612,-0.14449991,PatchTST-ICEEMDAN
2009-02-11,NEM,-0.04396905222477959,-0.21746409,PatchTST-ICEEMDAN
2009-02-11,PFE,-0.0035595516654262083,-0.09532798,PatchTST-ICEEMDAN
2009-02-11,PG,-0.11676380176762628,0.002226783,PatchTST-ICEEMDAN
2009-02-11,UNH,-0.31510761698847156,-0.029112026,PatchTST-ICEEMDAN
2009-02-11,VZ,-0.0640053633361284,0.1064389,PatchTST-ICEEMDAN
2009-02-11,WFC,-0.15874779053834104,-0.46819618,PatchTST-ICEEMDAN
2009-02-11,XOM,-0.12564449568874858,-0.10229837,PatchTST-ICEEMDAN
2009-03-13,AAPL,0.22133604655778222,0.0967741,PatchTST-ICEEMDAN
2009-03-13,CAT,0.204767686020315,0.13229635,PatchTST-ICEEMDAN
2009-03-13,CVX,0.06974955463696089,-0.1108301,PatchTST-ICEEMDAN
2009-03-13,DUK,0.09566920661591662,-0.009928744,PatchTST-ICEEMDAN
2009-03-13,GS,0.29140259631469834,-0.03537986,PatchTST-ICEEMDAN
2009-03-13,HD,0.24445960375321202,-0.01644038,PatchTST-ICEEMDAN
2009-03-13,INTC,0.0958108138551341,-0.06767501,PatchTST-ICEEMDAN
2009-03-13,JNJ,0.04294271184783311,-0.111379944,PatchTST-ICEEMDAN
2009-03-13,JPM,0.37512389396377827,0.073410705,PatchTST-ICEEMDAN
2009-03-13,KO,0.09098265872923329,-0.061788265,PatchTST-ICEEMDAN
2009-03-13,MCD,0.07280629546043191,-0.14024636,PatchTST-ICEEMDAN
2009-03-13,MMM,0.1056733023702429,-0.06398404,PatchTST-ICEEMDAN
2009-03-13,MSFT,0.14121777568383212,-0.013518949,PatchTST-ICEEMDAN
2009-03-13,NEM,0.1136332731107091,0.11349298,PatchTST-ICEEMDAN
2009-03-13,PFE,-0.03927770385157182,0.037898853,PatchTST-ICEEMDAN
2009-03-13,PG,0.0481866146410552,-0.15571223,PatchTST-ICEEMDAN
2009-03-13,UNH,0.1787896255070047,-0.007844865,PatchTST-ICEEMDAN
2009-03-13,VZ,0.1344104888307157,0.08051021,PatchTST-ICEEMDAN
2009-03-13,WFC,0.3436152072114171,-0.24492303,PatchTST-ICEEMDAN
2009-03-13,XOM,0.012872921467336613,-0.050359033,PatchTST-ICEEMDAN
2009-04-14,AAPL,0.03433880414118861,0.16540775,PatchTST-ICEEMDAN
2009-04-14,CAT,0.15062031007320476,-0.24653456,PatchTST-ICEEMDAN
2009-04-14,CVX,0.017642693021505798,0.21545912,PatchTST-ICEEMDAN
2009-04-14,DUK,0.0339016541357227,-0.04414661,PatchTST-ICEEMDAN
2009-04-14,GS,0.03961949651375667,-0.004108038,PatchTST-ICEEMDAN
2009-04-14,HD,-0.0521859089608408,-0.07235098,PatchTST-ICEEMDAN
2009-04-14,INTC,-0.040945967379380305,0.13989975,PatchTST-ICEEMDAN
2009-04-14,JNJ,0.07257033316379631,0.059821784,PatchTST-ICEEMDAN
2009-04-14,JPM,0.04808256624771372,0.12118016,PatchTST-ICEEMDAN
2009-04-14,KO,-0.007404874747317394,0.05844728,PatchTST-ICEEMDAN
2009-04-14,MCD,-0.038885410303889784,0.15816374,PatchTST-ICEEMDAN
2009-04-14,MMM,0.1096063809155399,0.10473581,PatchTST-ICEEMDAN
2009-04-14,MSFT,0.015198154727679894,-0.015579114,PatchTST-ICEEMDAN
2009-04-14,NEM,0.051863396385480896,-0.02339165,PatchTST-ICEEMDAN
2009-04-14,PFE,0.11343302969936542,-0.14208026,PatchTST-ICEEMDAN
2009-04-14,PG,0.067216844514833,0.04191956,PatchTST-ICEEMDAN
2009-04-14,UNH,0.11426595705164844,-0.15922745,PatchTST-ICEEMDAN
2009-04-14,VZ,-0.0431352037773278,-0.0027619074,PatchTST-ICEEMDAN
2009-04-14,WFC,0.2695472527192502,0.55810523,PatchTST-ICEEMDAN
2009-04-14,XOM,0.04628901805677231,0.15003379,PatchTST-ICEEMDAN
2009-05-13,AAPL,0.11762333103249285,-0.074591585,PatchTST-ICEEMDAN
2009-05-13,CAT,-0.011894262903587095,-0.1420425,PatchTST-ICEEMDAN
2009-05-13,CVX,0.0480464059668094,-0.016277663,PatchTST-ICEEMDAN
2009-05-13,DUK,0.019291528005362806,-0.036454894,PatchTST-ICEEMDAN
2009-05-13,GS,0.0720287216465186,0.061602503,PatchTST-ICEEMDAN
2009-05-13,HD,-0.007575646491161806,-0.009115075,PatchTST-ICEEMDAN
2009-05-13,INTC,0.07227473714889159,0.042209055,PatchTST-ICEEMDAN
2009-05-13,JNJ,0.027719641075664193,0.09340371,PatchTST-ICEEMDAN
2009-05-13,JPM,-0.01194836718966838,0.0766682,PatchTST-ICEEMDAN
2009-05-13,KO,0.09847791657501029,-0.08553152,PatchTST-ICEEMDAN
2009-05-13,MCD,0.07454084885311099,-0.015404084,PatchTST-ICEEMDAN
2009-05-13,MMM,0.026166268900082997,0.007788485,PatchTST-ICEEMDAN
2009-05-13,MSFT,0.14418890717117483,0.014766212,PatchTST-ICEEMDAN
2009-05-13,NEM,-0.0026862641615014917,-0.014793389,PatchTST-ICEEMDAN
2009-05-13,PFE,-0.02029863568857409,0.07352147,PatchTST-ICEEMDAN
2009-05-13,PG,0.0207877620766265,-0.07922243,PatchTST-ICEEMDAN
2009-05-13,UNH,-0.12748384498989562,-0.16413034,PatchTST-ICEEMDAN
2009-05-13,VZ,-0.021613517549386792,-0.24838538,PatchTST-ICEEMDAN
2009-05-13,WFC,-0.026815899101557315,-0.07107048,PatchTST-ICEEMDAN
2009-05-13,XOM,0.04459915283085011,-0.11931291,PatchTST-ICEEMDAN
2009-06-12,AAPL,0.016932792056953694,0.22781724,PatchTST-ICEEMDAN
2009-06-12,CAT,-0.1678034930273577,0.08542731,PatchTST-ICEEMDAN
2009-06-12,CVX,-0.1410703308463996,-0.1901007,PatchTST-ICEEMDAN
2009-06-12,DUK,0.008962184558423306,-0.0763735,PatchTST-ICEEMDAN
2009-06-12,GS,0.02912718004132789,-0.14760585,PatchTST-ICEEMDAN
2009-06-12,HD,-0.0473265902346907,0.014491242,PatchTST-ICEEMDAN
2009-06-12,INTC,0.008526338093310295,-0.06622756,PatchTST-ICEEMDAN
2009-06-12,JNJ,0.029360215389148903,0.022969084,PatchTST-ICEEMDAN
2009-06-12,JPM,-0.005137603061443799,0.003905695,PatchTST-ICEEMDAN
2009-06-12,KO,0.009628259326512102,0.027356083,PatchTST-ICEEMDAN
2009-06-12,MCD,-0.0069603398332516,-0.024458636,PatchTST-ICEEMDAN
2009-06-12,MMM,-0.001487225247358696,0.041628726,PatchTST-ICEEMDAN
2009-06-12,MSFT,0.017368802806149997,-0.06380607,PatchTST-ICEEMDAN
2009-06-12,NEM,-0.1373279473275612,0.018915888,PatchTST-ICEEMDAN
2009-06-12,PFE,0.008846388159684901,-0.031172767,PatchTST-ICEEMDAN
2009-06-12,PG,0.018478261601083602,0.084703766,PatchTST-ICEEMDAN
2009-06-12,UNH,0.039140308814862496,0.11463928,PatchTST-ICEEMDAN
2009-06-12,VZ,-0.008169627340746097,-0.165613,PatchTST-ICEEMDAN
2009-06-12,WFC,-0.008831219298500517,0.5310416,PatchTST-ICEEMDAN
2009-06-12,XOM,-0.1196414241033831,-0.033355407,PatchTST-ICEEMDAN
2009-07-14,AAPL,0.1344882282655365,-0.097520314,PatchTST-ICEEMDAN
2009-07-14,CAT,0.3877330084414486,0.24429262,PatchTST-ICEEMDAN
2009-07-14,CVX,0.0844188631217038,0.029411599,PatchTST-ICEEMDAN
2009-07-14,DUK,0.06830628282278628,-0.038308743,PatchTST-ICEEMDAN
2009-07-14,GS,0.0633922470396661,-0.02910193,PatchTST-ICEEMDAN
2009-07-14,HD,0.1514891315192682,0.07702436,PatchTST-ICEEMDAN
2009-07-14,INTC,0.1298284486624848,0.0055903755,PatchTST-ICEEMDAN
2009-07-14,JNJ,0.0424004964936513,-0.022426661,PatchTST-ICEEMDAN
2009-07-14,JPM,0.17238052087416852,0.0461297,PatchTST-ICEEMDAN
2009-07-14,KO,-0.00020397403231969813,-0.035007864,PatchTST-ICEEMDAN
2009-07-14,MCD,-0.022068224422852417,0.042528525,PatchTST-ICEEMDAN
2009-07-14,MMM,0.1649791705179472,0.041371822,PatchTST-ICEEMDAN
2009-07-14,MSFT,-0.00431369410554671,0.27765417,PatchTST-ICEEMDAN
2009-07-14,NEM,0.0445083705446826,0.12840575,PatchTST-ICEEMDAN
2009-07-14,PFE,0.07999299931129844,0.03811698,PatchTST-ICEEMDAN
2009-07-14,PG,-0.012056770230704995,0.054054864,PatchTST-ICEEMDAN
2009-07-14,UNH,0.10647969253561959,0.042610165,PatchTST-ICEEMDAN
2009-07-14,VZ,0.051982048852903785,0.06312829,PatchTST-ICEEMDAN
2009-07-14,WFC,0.08279542612609289,0.65242666,PatchTST-ICEEMDAN
2009-07-14,XOM,0.04240848828681221,-0.085182406,PatchTST-ICEEMDAN
2009-08-12,AAPL,0.058038306114718614,0.026068583,PatchTST-ICEEMDAN
2009-08-12,CAT,0.050763361049969896,0.2150479,PatchTST-ICEEMDAN
2009-08-12,CVX,0.060330199846195115,-0.12856176,PatchTST-ICEEMDAN
2009-08-12,DUK,0.004546897895000598,-0.074495874,PatchTST-ICEEMDAN
2009-08-12,GS,0.09591410467599809,-0.113264985,PatchTST-ICEEMDAN
2009-08-12,HD,0.0318009247928914,-0.12865883,PatchTST-ICEEMDAN
2009-08-12,INTC,0.05834966869908692,0.051817454,PatchTST-ICEEMDAN
2009-08-12,JNJ,0.015351852134582995,-0.05355985,PatchTST-ICEEMDAN
2009-08-12,JPM,0.042256862270271506,0.19219184,PatchTST-ICEEMDAN
2009-08-12,KO,0.030919944914099006,-0.027457368,PatchTST-ICEEMDAN
2009-08-12,MCD,-0.0123205774573674,-0.014680266,PatchTST-ICEEMDAN
2009-08-12,MMM,0.04914059689010421,0.022158615,PatchTST-ICEEMDAN
2009-08-12,MSFT,0.0833525952576758,-0.14276889,PatchTST-ICEEMDAN
2009-08-12,NEM,0.13965963513085944,0.12994216,PatchTST-ICEEMDAN
2009-08-12,PFE,0.031708685824046,0.013112437,PatchTST-ICEEMDAN
2009-08-12,PG,0.07616895193584,-0.030212732,PatchTST-ICEEMDAN
2009-08-12,UNH,0.04532662599690702,0.0379041,PatchTST-ICEEMDAN
2009-08-12,VZ,0.024214222683214298,-0.11128087,PatchTST-ICEEMDAN
2009-08-12,WFC,0.035437543260381406,-0.3971043,PatchTST-ICEEMDAN
2009-08-12,XOM,0.03632058521973789,-0.028639514,PatchTST-ICEEMDAN
2009-09-11,AAPL,0.0987498472424821,-0.1403331,PatchTST-ICEEMDAN
2009-09-11,CAT,0.09682128438921239,-0.2674423,PatchTST-ICEEMDAN
2009-09-11,CVX,0.018168575887284294,0.024769941,PatchTST-ICEEMDAN
2009-09-11,DUK,0.010957363869337796,-0.049144045,PatchTST-ICEEMDAN
2009-09-11,GS,0.07929056498563693,-0.19324365,PatchTST-ICEEMDAN
2009-09-11,HD,-0.02092218376015691,-0.026818115,PatchTST-ICEEMDAN
2009-09-11,INTC,0.020537290744614096,0.15350534,PatchTST-ICEEMDAN
2009-09-11,JNJ,0.017647424254203896,0.00647607,PatchTST-ICEEMDAN
2009-09-11,JPM,0.064919409037008,-0.059446238,PatchTST-ICEEMDAN
2009-09-11,KO,0.0855320400966789,0.0014120215,PatchTST-ICEEMDAN
2009-09-11,MCD,0.03317215059441039,0.009683362,PatchTST-ICEEMDAN
2009-09-11,MMM,0.004560094272680204,0.028368017,PatchTST-ICEEMDAN
2009-09-11,MSFT,0.0217611568739624,-0.03193749,PatchTST-ICEEMDAN
2009-09-11,NEM,0.008205791023980103,0.2297025,PatchTST-ICEEMDAN
2009-09-11,PFE,0.034880543600842404,-0.03943279,PatchTST-ICEEMDAN
2009-09-11,PG,0.026762310468244798,-0.05600871,PatchTST-ICEEMDAN
2009-09-11,UNH,-0.1654935372214385,0.14376414,PatchTST-ICEEMDAN
2009-09-11,VZ,-0.05654726775598999,-0.05986061,PatchTST-ICEEMDAN
2009-09-11,WFC,0.04731883492453111,-0.36661118,PatchTST-ICEEMDAN
2009-09-11,XOM,-0.0197262838665509,-0.060642805,PatchTST-ICEEMDAN
2009-10-12,AAPL,0.0560960216255932,0.1756359,PatchTST-ICEEMDAN
2009-10-12,CAT,0.119267402388293,0.103363544,PatchTST-ICEEMDAN
2009-10-12,CVX,0.06517388963480729,-0.016659034,PatchTST-ICEEMDAN
2009-10-12,DUK,0.044507176035214806,0.082885325,PatchTST-ICEEMDAN
2009-10-12,GS,-0.06961581815961548,0.04362441,PatchTST-ICEEMDAN
2009-10-12,HD,-0.005578926536591405,0.100660175,PatchTST-ICEEMDAN
2009-10-12,INTC,-0.028239505105833004,0.14616765,PatchTST-ICEEMDAN
2009-10-12,JNJ,-0.016165096894459205,-0.032292955,PatchTST-ICEEMDAN
2009-10-12,JPM,-0.033262466870229615,-0.039046034,PatchTST-ICEEMDAN
2009-10-12,KO,0.015073558160069597,-0.028646829,PatchTST-ICEEMDAN
2009-10-12,MCD,0.0996296109515719,0.04050413,PatchTST-ICEEMDAN
2009-10-12,MMM,0.03251764500301281,-0.15960689,PatchTST-ICEEMDAN
2009-10-12,MSFT,0.1263139887450205,0.028657066,PatchTST-ICEEMDAN
2009-10-12,NEM,0.083708616293953,-0.016639875,PatchTST-ICEEMDAN
2009-10-12,PFE,0.039214751414549706,-0.06496593,PatchTST-ICEEMDAN
2009-10-12,PG,0.07948238072564649,0.040815037,PatchTST-ICEEMDAN
2009-10-12,UNH,0.16618024649431037,0.008729553,PatchTST-ICEEMDAN
2009-10-12,VZ,0.0340499360056895,0.14199962,PatchTST-ICEEMDAN
2009-10-12,WFC,-0.026317957375867992,-0.27271298,PatchTST-ICEEMDAN
2009-10-12,XOM,0.05619405002772821,-0.048548825,PatchTST-ICEEMDAN
2009-11-10,AAPL,-0.01833422865431701,0.08224589,PatchTST-ICEEMDAN
2009-11-10,CAT,-0.06578389105611339,-0.06025233,PatchTST-ICEEMDAN
2009-11-10,CVX,0.0010069895277725026,0.1308165,PatchTST-ICEEMDAN
2009-11-10,DUK,0.08238566140842649,0.026874015,PatchTST-ICEEMDAN
2009-11-10,GS,-0.0569481065680625,-0.0923132,PatchTST-ICEEMDAN
2009-11-10,HD,0.035484897741278,-0.157528,PatchTST-ICEEMDAN
2009-11-10,INTC,0.027871164698909507,0.019593501,PatchTST-ICEEMDAN
2009-11-10,JNJ,0.06591586864089452,0.07914138,PatchTST-ICEEMDAN
2009-11-10,JPM,-0.07391708934742541,0.06162273,PatchTST-ICEEMDAN
2009-11-10,KO,0.048565561608909104,0.050185613,PatchTST-ICEEMDAN
2009-11-10,MCD,-0.0245390550053672,0.0474628,PatchTST-ICEEMDAN
2009-11-10,MMM,0.0388664667745494,0.092306614,PatchTST-ICEEMDAN
2009-11-10,MSFT,0.028942653227653003,0.06175587,PatchTST-ICEEMDAN
2009-11-10,NEM,0.02490440143134753,-0.22040905,PatchTST-ICEEMDAN
2009-11-10,PFE,0.04542427434478791,0.029866885,PatchTST-ICEEMDAN
2009-11-10,PG,0.006285623859969802,0.037526052,PatchTST-ICEEMDAN
2009-11-10,UNH,-0.021864613834330106,0.029527258,PatchTST-ICEEMDAN
2009-11-10,VZ,0.0987096465518782,-0.12775497,PatchTST-ICEEMDAN
2009-11-10,WFC,-0.08983196051664238,-0.20317961,PatchTST-ICEEMDAN
2009-11-10,XOM,-0.0008240954565767998,0.004322515,PatchTST-ICEEMDAN
2009-12-10,AAPL,0.06037477662065319,0.032466397,PatchTST-ICEEMDAN
2009-12-10,CAT,0.13235145148467312,-0.007071506,PatchTST-ICEEMDAN
2009-12-10,CVX,0.04838245817570601,0.015666984,PatchTST-ICEEMDAN
2009-12-10,DUK,-0.025538333928420698,0.036611147,PatchTST-ICEEMDAN
2009-12-10,GS,0.030298195201211287,0.098565385,PatchTST-ICEEMDAN
2009-12-10,HD,0.021899935979492104,0.0076322034,PatchTST-ICEEMDAN
2009-12-10,INTC,0.045906491799536694,0.04128505,PatchTST-ICEEMDAN
2009-12-10,JNJ,-0.002488227919838399,0.06706882,PatchTST-ICEEMDAN
2009-12-10,JPM,0.07916834976849911,-0.1565744,PatchTST-ICEEMDAN
2009-12-10,KO,-0.0273461401822802,0.0506111,PatchTST-ICEEMDAN
2009-12-10,MCD,0.02798755733210519,-0.01219967,PatchTST-ICEEMDAN
2009-12-10,MMM,0.0518077633216519,0.054604817,PatchTST-ICEEMDAN
2009-12-10,MSFT,0.018673451977169308,0.038601544,PatchTST-ICEEMDAN
2009-12-10,NEM,-0.030614509803187428,-0.0025211684,PatchTST-ICEEMDAN
2009-12-10,PFE,0.0318343016947434,0.03897392,PatchTST-ICEEMDAN
2009-12-10,PG,-0.0333255498059005,0.038475864,PatchTST-ICEEMDAN
2009-12-10,UNH,0.14417619461725478,0.030867483,PatchTST-ICEEMDAN
2009-12-10,VZ,-0.029229324292820998,0.025351599,PatchTST-ICEEMDAN
2009-12-10,WFC,0.10381839616980591,-0.24563828,PatchTST-ICEEMDAN
2009-12-10,XOM,-0.0348067213764965,-0.020119965,PatchTST-ICEEMDAN
2010-01-12,AAPL,-0.074016547823625,-0.039319124,PatchTST-ICEEMDAN
2010-01-12,CAT,-0.1809945190567824,0.008287376,PatchTST-ICEEMDAN
2010-01-12,CVX,-0.1338138671954265,-0.010939335,PatchTST-ICEEMDAN
2010-01-12,DUK,-0.032957537995771294,0.01341894,PatchTST-ICEEMDAN
2010-01-12,GS,-0.11038576761655439,0.20366946,PatchTST-ICEEMDAN
2010-01-12,HD,0.017250864148851998,-0.00945339,PatchTST-ICEEMDAN
2010-01-12,INTC,-0.054060229818927025,0.00081930903,PatchTST-ICEEMDAN
2010-01-12,JNJ,-0.0234748820673636,-0.029715015,PatchTST-ICEEMDAN
2010-01-12,JPM,-0.1359408255430478,0.05171609,PatchTST-ICEEMDAN
2010-01-12,KO,-0.045074277920590496,0.051306754,PatchTST-ICEEMDAN
2010-01-12,MCD,0.014813012423231,-0.018646741,PatchTST-ICEEMDAN
2010-01-12,MMM,-0.06595308539131339,-0.0004919098,PatchTST-ICEEMDAN
2010-01-12,MSFT,-0.07830946272895878,0.051164836,PatchTST-ICEEMDAN
2010-01-12,NEM,-0.1016478727338247,0.058755763,PatchTST-ICEEMDAN
2010-01-12,PFE,-0.0502299862036318,0.037440777,PatchTST-ICEEMDAN
2010-01-12,PG,0.031279667353339,-0.09199535,PatchTST-ICEEMDAN
2010-01-12,UNH,-0.006399125021572697,-0.055821653,PatchTST-ICEEMDAN
2010-01-12,VZ,-0.09917582481253812,0.042594567,PatchTST-ICEEMDAN
2010-01-12,WFC,-0.056155506860243315,-0.16332607,PatchTST-ICEEMDAN
2010-01-12,XOM,-0.0741923762435063,0.011541133,PatchTST-ICEEMDAN
2010-02-11,AAPL,0.1495714502430541,-0.01012286,PatchTST-ICEEMDAN
2010-02-11,CAT,0.12720846518294338,0.14515944,PatchTST-ICEEMDAN
2010-02-11,CVX,0.050646292843515905,0.0032979932,PatchTST-ICEEMDAN
2010-02-11,DUK,0.0067591065767787,0.03530492,PatchTST-ICEEMDAN
2010-02-11,GS,0.13224977985694383,-0.044310234,PatchTST-ICEEMDAN
2010-02-11,HD,0.13195877260422048,0.04699208,PatchTST-ICEEMDAN
2010-02-11,INTC,0.0771868085039466,-0.00017430726,PatchTST-ICEEMDAN
2010-02-11,JNJ,0.0304740282909193,-0.005030023,PatchTST-ICEEMDAN
2010-02-11,JPM,0.10445998793571681,0.007784836,PatchTST-ICEEMDAN
2010-02-11,KO,-6.206453681339638e-05,-0.01947524,PatchTST-ICEEMDAN
2010-02-11,MCD,0.043876168025286294,-0.029702827,PatchTST-ICEEMDAN
2010-02-11,MMM,0.041048906342742005,0.023372171,PatchTST-ICEEMDAN
2010-02-11,MSFT,0.04938126408008291,-0.115012735,PatchTST-ICEEMDAN
2010-02-11,NEM,0.10080963947362079,-0.013025168,PatchTST-ICEEMDAN
2010-02-11,PFE,-0.037913335618605,-0.034352954,PatchTST-ICEEMDAN
2010-02-11,PG,0.0264038869988548,6.3012005e-05,PatchTST-ICEEMDAN
2010-02-11,UNH,0.006095618088016598,-0.049042966,PatchTST-ICEEMDAN
2010-02-11,VZ,0.029354010632144305,0.03229608,PatchTST-ICEEMDAN
2010-02-11,WFC,0.0863062662522057,-0.0822919,PatchTST-ICEEMDAN
2010-02-11,XOM,0.0296264534114347,0.040767193,PatchTST-ICEEMDAN
2010-03-15,AAPL,0.06752639763097029,0.051445793,PatchTST-ICEEMDAN
2010-03-15,CAT,0.0922031061422775,-0.007944754,PatchTST-ICEEMDAN
2010-03-15,CVX,0.08437456614242152,0.046443433,PatchTST-ICEEMDAN
2010-03-15,DUK,-0.006759106576778703,0.029353166,PatchTST-ICEEMDAN
2010-03-15,GS,0.0242240280937263,-0.014574537,PatchTST-ICEEMDAN
2010-03-15,HD,0.0566104453707465,0.05000718,PatchTST-ICEEMDAN
2010-03-15,INTC,0.06814632698350409,0.023847762,PatchTST-ICEEMDAN
2010-03-15,JNJ,0.0231030817427605,0.045141574,PatchTST-ICEEMDAN
2010-03-15,JPM,0.0622467884874307,-0.012356553,PatchTST-ICEEMDAN
2010-03-15,KO,0.0308226745565264,-0.039545607,PatchTST-ICEEMDAN
2010-03-15,MCD,0.0504387881263958,0.07024967,PatchTST-ICEEMDAN
2010-03-15,MMM,0.030973255486969407,-0.0038637712,PatchTST-ICEEMDAN
2010-03-15,MSFT,0.039522810396797406,0.0495701,PatchTST-ICEEMDAN
2010-03-15,NEM,0.0720793015352426,-0.06831984,PatchTST-ICEEMDAN
2010-03-15,PFE,0.005837859618850304,-0.0018285136,PatchTST-ICEEMDAN
2010-03-15,PG,-0.0050669064005471,0.01330409,PatchTST-ICEEMDAN
2010-03-15,UNH,-0.0221345733222372,-0.007840959,PatchTST-ICEEMDAN
2010-03-15,VZ,0.026712643980432403,-0.054925807,PatchTST-ICEEMDAN
2010-03-15,WFC,0.08162425373532521,0.14445934,PatchTST-ICEEMDAN
2010-03-15,XOM,0.0274635754715351,0.040942613,PatchTST-ICEEMDAN
2010-04-14,AAPL,0.07797485804139141,0.085762195,PatchTST-ICEEMDAN
2010-04-14,CAT,0.03539992262287261,0.09307745,PatchTST-ICEEMDAN
2010-04-14,CVX,-0.0018721930576625113,0.032123238,PatchTST-ICEEMDAN
2010-04-14,DUK,0.04579130760371281,0.022706628,PatchTST-ICEEMDAN
2010-04-14,GS,-0.19698938848231295,0.070049435,PatchTST-ICEEMDAN
2010-04-14,HD,0.044147910177430895,0.01554212,PatchTST-ICEEMDAN
2010-04-14,INTC,0.020983714088544395,0.09545494,PatchTST-ICEEMDAN
2010-04-14,JNJ,-0.011947012236713602,0.01591697,PatchTST-ICEEMDAN
2010-04-14,JPM,-0.0955499574050338,0.045897253,PatchTST-ICEEMDAN
2010-04-14,KO,-0.01834211009958759,-0.015072129,PatchTST-ICEEMDAN
2010-04-14,MCD,0.025074895365070696,0.03708125,PatchTST-ICEEMDAN
2010-04-14,MMM,0.029348263460814997,0.06240069,PatchTST-ICEEMDAN
2010-04-14,MSFT,-0.033731685191298696,0.09030965,PatchTST-ICEEMDAN
2010-04-14,NEM,0.08770854667437859,0.069205746,PatchTST-ICEEMDAN
2010-04-14,PFE,-0.0059490512627707135,-0.030188588,PatchTST-ICEEMDAN
2010-04-14,PG,0.0079844066067075,-0.019239519,PatchTST-ICEEMDAN
2010-04-14,UNH,-0.0589157614895854,0.025184505,PatchTST-ICEEMDAN
2010-04-14,VZ,-0.04663038352347829,0.0015767531,PatchTST-ICEEMDAN
2010-04-14,WFC,0.04741710046887239,0.013386988,PatchTST-ICEEMDAN
2010-04-14,XOM,-0.049397153124111706,0.035164893,PatchTST-ICEEMDAN
2010-05-13,AAPL,-0.0332842159636723,0.041197952,PatchTST-ICEEMDAN
2010-05-13,CAT,-0.123540572959284,0.05261738,PatchTST-ICEEMDAN
2010-05-13,CVX,-0.06860693513070669,0.009276729,PatchTST-ICEEMDAN
2010-05-13,DUK,-0.034609766370451496,0.0071025193,PatchTST-ICEEMDAN
2010-05-13,GS,-0.079290166184034,-0.103982165,PatchTST-ICEEMDAN
2010-05-13,HD,-0.1008769894566397,0.011915678,PatchTST-ICEEMDAN
2010-05-13,INTC,-0.11216839044375441,0.069572225,PatchTST-ICEEMDAN
2010-05-13,JNJ,-0.09541230547462472,0.009432103,PatchTST-ICEEMDAN
2010-05-13,JPM,-0.09030954549633179,0.03420307,PatchTST-ICEEMDAN
2010-05-13,KO,-0.036440133431095596,0.039041575,PatchTST-ICEEMDAN
2010-05-13,MCD,-0.0077523359322865,0.027555708,PatchTST-ICEEMDAN
2010-05-13,MMM,-0.09263540363702197,0.022871677,PatchTST-ICEEMDAN
2010-05-13,MSFT,-0.13291916990532301,-0.014431763,PatchTST-ICEEMDAN
2010-05-13,NEM,-0.041020359746061594,-0.063839115,PatchTST-ICEEMDAN
2010-05-13,PFE,-0.0890579183760776,0.055173006,PatchTST-ICEEMDAN
2010-05-13,PG,-0.0324143671886571,0.03279185,PatchTST-ICEEMDAN
2010-05-13,UNH,0.015665162092725997,0.016724251,PatchTST-ICEEMDAN
2010-05-13,VZ,-0.004890712544614389,-0.040690776,PatchTST-ICEEMDAN
2010-05-13,WFC,-0.18983597048689338,0.04439675,PatchTST-ICEEMDAN
2010-05-13,XOM,-0.04812766155501321,-0.013838194,PatchTST-ICEEMDAN
2010-06-14,AAPL,-0.006767783676220199,0.047564615,PatchTST-ICEEMDAN
2010-06-14,CAT,0.10338292415470718,0.048362486,PatchTST-ICEEMDAN
2010-06-14,CVX,-0.011270079844561902,0.032607935,PatchTST-ICEEMDAN
2010-06-14,DUK,0.0405996321262415,-0.013347513,PatchTST-ICEEMDAN
2010-06-14,GS,0.033422429577531894,0.006131704,PatchTST-ICEEMDAN
2010-06-14,HD,-0.11778291812663448,0.042724792,PatchTST-ICEEMDAN
2010-06-14,INTC,0.017767430734249298,0.032588694,PatchTST-ICEEMDAN
2010-06-14,JNJ,0.03430039250319899,-0.013159153,PatchTST-ICEEMDAN
2010-06-14,JPM,0.06222304790869929,0.02744247,PatchTST-ICEEMDAN
2010-06-14,KO,0.0205049174259157,0.0057534566,PatchTST-ICEEMDAN
2010-06-14,MCD,0.018521669833799808,-0.014252575,PatchTST-ICEEMDAN
2010-06-14,MMM,0.06489784373047229,-0.036496256,PatchTST-ICEEMDAN
2010-06-14,MSFT,-0.020870833857753703,-0.06813268,PatchTST-ICEEMDAN
2010-06-14,NEM,0.0921536014947157,-0.038517706,PatchTST-ICEEMDAN
2010-06-14,PFE,-0.04430460244023831,0.038462862,PatchTST-ICEEMDAN
2010-06-14,PG,0.0223671269018846,0.038074855,PatchTST-ICEEMDAN
2010-06-14,UNH,-0.017431777401964294,0.04954667,PatchTST-ICEEMDAN
2010-06-14,VZ,0.0218829765941429,0.030455265,PatchTST-ICEEMDAN
2010-06-14,WFC,0.003585219132723208,0.0025583534,PatchTST-ICEEMDAN
2010-06-14,XOM,-0.04024296523333741,-0.03407336,PatchTST-ICEEMDAN
2010-07-14,AAPL,-0.006414668102775002,-0.08044131,PatchTST-ICEEMDAN
2010-07-14,CAT,0.03497880998597938,0.04936469,PatchTST-ICEEMDAN
2010-07-14,CVX,0.05188691417757199,-0.035655666,PatchTST-ICEEMDAN
2010-07-14,DUK,0.0298523829240152,0.023784896,PatchTST-ICEEMDAN
2010-07-14,GS,0.06219608892216037,-0.210139,PatchTST-ICEEMDAN
2010-07-14,HD,-0.033011238107638285,-0.053235453,PatchTST-ICEEMDAN
2010-07-14,INTC,-0.0705810631744179,0.045584023,PatchTST-ICEEMDAN
2010-07-14,JNJ,-0.0336167040906477,0.031913806,PatchTST-ICEEMDAN
2010-07-14,JPM,-0.0692929970997018,-0.008920086,PatchTST-ICEEMDAN
2010-07-14,KO,0.061070776516142795,-0.0033785931,PatchTST-ICEEMDAN
2010-07-14,MCD,0.010252035660432098,0.014979303,PatchTST-ICEEMDAN
2010-07-14,MMM,0.006561745081408894,0.0024483623,PatchTST-ICEEMDAN
2010-07-14,MSFT,-0.010802009032981301,-0.046432417,PatchTST-ICEEMDAN
2010-07-14,NEM,-0.09589371955876269,0.005561881,PatchTST-ICEEMDAN
2010-07-14,PFE,0.08971446985831351,-0.04712829,PatchTST-ICEEMDAN
2010-07-14,PG,-0.02677438604322229,0.024474699,PatchTST-ICEEMDAN
2010-07-14,UNH,0.05957025178696331,0.115797296,PatchTST-ICEEMDAN
2010-07-14,VZ,0.09466751916127002,0.015590822,PatchTST-ICEEMDAN
2010-07-14,WFC,-0.058710750267943396,0.07516228,PatchTST-ICEEMDAN
2010-07-14,XOM,0.023322616622115898,0.010815155,PatchTST-ICEEMDAN
2010-08-12,AAPL,0.051490623056702094,0.0026395689,PatchTST-ICEEMDAN
2010-08-12,CAT,0.03644094178812071,-0.12522897,PatchTST-ICEEMDAN
2010-08-12,CVX,0.0309830188974939,0.024906175,PatchTST-ICEEMDAN
2010-08-12,DUK,0.0242506667428421,0.01848076,PatchTST-ICEEMDAN
2010-08-12,GS,0.010116707448333796,-0.1891792,PatchTST-ICEEMDAN
2010-08-12,HD,0.07714749783464561,0.015672961,PatchTST-ICEEMDAN
2010-08-12,INTC,-0.07811456976997039,0.059772007,PatchTST-ICEEMDAN
2010-08-12,JNJ,0.03437124978794051,-0.0076856036,PatchTST-ICEEMDAN
2010-08-12,JPM,0.05134590425063291,-0.029286763,PatchTST-ICEEMDAN
2010-08-12,KO,0.043302647252387694,0.007620993,PatchTST-ICEEMDAN
2010-08-12,MCD,0.054406728816321595,0.05379135,PatchTST-ICEEMDAN
2010-08-12,MMM,0.004358536512265411,0.039798666,PatchTST-ICEEMDAN
2010-08-12,MSFT,-0.0361557791188038,0.03709466,PatchTST-ICEEMDAN
2010-08-12,NEM,0.0819891192546987,-0.02862416,PatchTST-ICEEMDAN
2010-08-12,PFE,0.06003598209520069,0.06321969,PatchTST-ICEEMDAN
2010-08-12,PG,0.0021543673919950995,-0.01154311,PatchTST-ICEEMDAN
2010-08-12,UNH,0.0789274296757039,0.08456938,PatchTST-ICEEMDAN
2010-08-12,VZ,0.04174200221535171,0.024591982,PatchTST-ICEEMDAN
2010-08-12,WFC,-0.02113460130048139,-0.031339936,PatchTST-ICEEMDAN
2010-08-12,XOM,0.013323902939710499,-0.042460054,PatchTST-ICEEMDAN
2010-09-13,AAPL,0.11448360711242321,0.017735278,PatchTST-ICEEMDAN
2010-09-13,CAT,0.1154412900429512,0.07189873,PatchTST-ICEEMDAN
2010-09-13,CVX,0.0601920544135117,0.057095066,PatchTST-ICEEMDAN
2010-09-13,DUK,0.005120402923543104,0.028183622,PatchTST-ICEEMDAN
2010-09-13,GS,0.0119633876582503,0.07443543,PatchTST-ICEEMDAN
2010-09-13,HD,0.0686785138112874,-0.010588666,PatchTST-ICEEMDAN
2010-09-13,INTC,0.0847827940816258,-0.05134781,PatchTST-ICEEMDAN
2010-09-13,JNJ,0.0538738688008283,0.002125807,PatchTST-ICEEMDAN
2010-09-13,JPM,0.0005346251392281034,0.006454597,PatchTST-ICEEMDAN
2010-09-13,KO,0.025163010002505103,0.04679226,PatchTST-ICEEMDAN
2010-09-13,MCD,0.007702958022420702,0.016165394,PatchTST-ICEEMDAN
2010-09-13,MMM,0.0500715077851547,0.010458804,PatchTST-ICEEMDAN
2010-09-13,MSFT,0.030555579231124102,-0.02935824,PatchTST-ICEEMDAN
2010-09-13,NEM,0.030192444783610398,0.10247844,PatchTST-ICEEMDAN
2010-09-13,PFE,0.022695458462602704,-0.018025862,PatchTST-ICEEMDAN
2010-09-13,PG,0.0284006070843894,0.0010910463,PatchTST-ICEEMDAN
2010-09-13,UNH,0.004628051442972,-0.039339896,PatchTST-ICEEMDAN
2010-09-13,VZ,0.08389527282977001,0.005622726,PatchTST-ICEEMDAN
2010-09-13,WFC,-0.00389097689042051,-0.02299862,PatchTST-ICEEMDAN
2010-09-13,XOM,0.0532929392594932,-0.0010774313,PatchTST-ICEEMDAN
2010-10-12,AAPL,0.0678002644569119,0.020342441,PatchTST-ICEEMDAN
2010-10-12,CAT,0.029337150417518797,0.14676386,PatchTST-ICEEMDAN
2010-10-12,CVX,-0.0017930917488216003,-0.0045197704,PatchTST-ICEEMDAN
2010-10-12,DUK,0.0374942968943053,0.027947385,PatchTST-ICEEMDAN
2010-10-12,GS,0.09010062382446168,0.08793029,PatchTST-ICEEMDAN
2010-10-12,HD,-0.01011724959869479,0.046863068,PatchTST-ICEEMDAN
2010-10-12,INTC,0.08642437434165791,0.01743717,PatchTST-ICEEMDAN
2010-10-12,JNJ,0.015829542373394002,0.12099398,PatchTST-ICEEMDAN
2010-10-12,JPM,0.0042698296394813005,0.01465227,PatchTST-ICEEMDAN
2010-10-12,KO,0.050419520078234,0.07032603,PatchTST-ICEEMDAN
2010-10-12,MCD,0.0453884726114699,0.0070541343,PatchTST-ICEEMDAN
2010-10-12,MMM,-0.03399971633732841,-0.02307949,PatchTST-ICEEMDAN
2010-10-12,MSFT,0.09164382268200973,0.080032304,PatchTST-ICEEMDAN
2010-10-12,NEM,-0.0329981183789144,-0.0067201075,PatchTST-ICEEMDAN
2010-10-12,PFE,-0.012409748272517507,-0.06363535,PatchTST-ICEEMDAN
2010-10-12,PG,0.0497282821385421,0.0044670417,PatchTST-ICEEMDAN
2010-10-12,UNH,0.0650795501418644,0.05606305,PatchTST-ICEEMDAN
2010-10-12,VZ,-0.000605450741843299,0.102087446,PatchTST-ICEEMDAN
2010-10-12,WFC,0.09422060392252173,0.04602022,PatchTST-ICEEMDAN
2010-10-12,XOM,0.09629137014126721,-0.008104812,PatchTST-ICEEMDAN
2010-11-10,AAPL,0.011575346150631105,-0.056539714,PatchTST-ICEEMDAN
2010-11-10,CAT,0.09051506681193681,-0.06924126,PatchTST-ICEEMDAN
2010-11-10,CVX,0.0448321650756196,0.03880235,PatchTST-ICEEMDAN
2010-11-10,DUK,-0.034379441636246996,0.014124535,PatchTST-ICEEMDAN
2010-11-10,GS,0.0015989881621301023,0.11161658,PatchTST-ICEEMDAN
2010-11-10,HD,0.09441296942281172,0.004806157,PatchTST-ICEEMDAN
2010-11-10,INTC,0.0302558522935422,0.13407758,PatchTST-ICEEMDAN
2010-11-10,JNJ,-0.027044049121814094,0.038869604,PatchTST-ICEEMDAN
2010-11-10,JPM,0.022550938568892696,-0.0012107855,PatchTST-ICEEMDAN
2010-11-10,KO,0.04125193315580009,0.07064135,PatchTST-ICEEMDAN
2010-11-10,MCD,-0.011219639841615002,0.02778304,PatchTST-ICEEMDAN
2010-11-10,MMM,-0.007797020168066904,0.027019221,PatchTST-ICEEMDAN
2010-11-10,MSFT,0.010937727688780405,0.06958016,PatchTST-ICEEMDAN
2010-11-10,NEM,-0.0017317605095369983,-0.03914532,PatchTST-ICEEMDAN
2010-11-10,PFE,-0.013629436097897001,-0.07122943,PatchTST-ICEEMDAN
2010-11-10,PG,-0.0303907934831145,0.0012242765,PatchTST-ICEEMDAN
2010-11-10,UNH,-0.005673337147487095,0.0024653622,PatchTST-ICEEMDAN
2010-11-10,VZ,0.0165244230143728,0.03138731,PatchTST-ICEEMDAN
2010-11-10,WFC,0.0666912954914671,0.055644758,PatchTST-ICEEMDAN
2010-11-10,XOM,0.019211223896874397,0.043483093,PatchTST-ICEEMDAN
2010-12-10,AAPL,0.0685554550348135,0.07775665,PatchTST-ICEEMDAN
2010-12-10,CAT,0.0406485377538301,0.14121869,PatchTST-ICEEMDAN
2010-12-10,CVX,0.04247803835113981,0.004144429,PatchTST-ICEEMDAN
2010-12-10,DUK,0.0079955184679308,-0.04314898,PatchTST-ICEEMDAN
2010-12-10,GS,0.019690936077704106,0.05002437,PatchTST-ICEEMDAN
2010-12-10,HD,0.0020375539341542983,0.02245238,PatchTST-ICEEMDAN
2010-12-10,INTC,-0.0527178721638751,0.0033498546,PatchTST-ICEEMDAN
2010-12-10,JNJ,0.0016100232554175989,-0.009604802,PatchTST-ICEEMDAN
2010-12-10,JPM,0.06267995578016772,0.025563613,PatchTST-ICEEMDAN
2010-12-10,KO,-0.0276822451690925,0.058477454,PatchTST-ICEEMDAN
2010-12-10,MCD,-0.053594645997865904,0.026264753,PatchTST-ICEEMDAN
2010-12-10,MMM,0.0355050305414669,-0.0318672,PatchTST-ICEEMDAN
2010-12-10,MSFT,0.0412351240476449,-0.014482453,PatchTST-ICEEMDAN
2010-12-10,NEM,-0.0425451654670079,-0.018047186,PatchTST-ICEEMDAN
2010-12-10,PFE,0.08571769693408679,0.025577042,PatchTST-ICEEMDAN
2010-12-10,PG,0.023423406389339697,0.013951527,PatchTST-ICEEMDAN
2010-12-10,UNH,0.04794523393598791,0.05197216,PatchTST-ICEEMDAN
2010-12-10,VZ,0.0809989002647759,-0.078543365,PatchTST-ICEEMDAN
2010-12-10,WFC,0.036890002256155394,0.028221987,PatchTST-ICEEMDAN
2010-12-10,XOM,0.0425539643240767,0.009406201,PatchTST-ICEEMDAN
2011-01-11,AAPL,0.0448541044710392,-0.013747384,PatchTST-ICEEMDAN
2011-01-11,CAT,0.0709747795777034,0.053249355,PatchTST-ICEEMDAN
2011-01-11,CVX,0.06249019093318599,0.0054796925,PatchTST-ICEEMDAN
2011-01-11,DUK,0.027726131432635803,0.022713557,PatchTST-ICEEMDAN
2011-01-11,GS,-0.022337997598421006,0.0019608075,PatchTST-ICEEMDAN
2011-01-11,HD,0.0777360606110862,0.00030740304,PatchTST-ICEEMDAN
2011-01-11,INTC,0.044970956806329114,-0.0052938205,PatchTST-ICEEMDAN
2011-01-11,JNJ,-0.020807340782456003,-0.01581445,PatchTST-ICEEMDAN
2011-01-11,JPM,0.03864488983442051,0.0624341,PatchTST-ICEEMDAN
2011-01-11,KO,0.0014257565439833968,0.021145446,PatchTST-ICEEMDAN
2011-01-11,MCD,0.0317103098569719,-0.047155917,PatchTST-ICEEMDAN
2011-01-11,MMM,0.040808621230742095,0.032654647,PatchTST-ICEEMDAN
2011-01-11,MSFT,-0.008898620833494204,0.086096734,PatchTST-ICEEMDAN
2011-01-11,NEM,0.002248615845978902,0.008077562,PatchTST-ICEEMDAN
2011-01-11,PFE,0.052814454180339296,-0.029494163,PatchTST-ICEEMDAN
2011-01-11,PG,0.007851853292982998,0.011494888,PatchTST-ICEEMDAN
2011-01-11,UNH,0.08997627852633071,0.0335598,PatchTST-ICEEMDAN
2011-01-11,VZ,0.020937062063853703,0.04217781,PatchTST-ICEEMDAN
2011-01-11,WFC,0.06151728305687719,0.04122674,PatchTST-ICEEMDAN
2011-01-11,XOM,0.0994402831817163,0.015252397,PatchTST-ICEEMDAN
2011-02-10,AAPL,-0.01737745026096019,0.082527995,PatchTST-ICEEMDAN
2011-02-10,CAT,0.002301936781488989,0.046457183,PatchTST-ICEEMDAN
2011-02-10,CVX,0.045117621684650513,0.079637855,PatchTST-ICEEMDAN
2011-02-10,DUK,0.0330975360287326,0.018370163,PatchTST-ICEEMDAN
2011-02-10,GS,-0.0305114235397486,-0.012385774,PatchTST-ICEEMDAN
2011-02-10,HD,0.005996378488051898,0.06481006,PatchTST-ICEEMDAN
2011-02-10,INTC,-0.027877692747012905,0.018493455,PatchTST-ICEEMDAN
2011-02-10,JNJ,-0.0107373685041109,0.06803764,PatchTST-ICEEMDAN
2011-02-10,JPM,0.013868875987995797,0.05661733,PatchTST-ICEEMDAN
2011-02-10,KO,0.0331720812015111,0.023711897,PatchTST-ICEEMDAN
2011-02-10,MCD,0.018624399596487897,0.0073596267,PatchTST-ICEEMDAN
2011-02-10,MMM,0.015097664822095406,0.07829676,PatchTST-ICEEMDAN
2011-02-10,MSFT,-0.0795266218545767,0.10258414,PatchTST-ICEEMDAN
2011-02-10,NEM,-0.1019057026808984,-0.0043060533,PatchTST-ICEEMDAN
2011-02-10,PFE,0.021807694602795708,0.053849325,PatchTST-ICEEMDAN
2011-02-10,PG,-0.046083551686757505,-0.009868284,PatchTST-ICEEMDAN
2011-02-10,UNH,0.0383665423336803,0.031036299,PatchTST-ICEEMDAN
2011-02-10,VZ,-0.022888160484072398,0.042742316,PatchTST-ICEEMDAN
2011-02-10,WFC,-0.0228980005134918,0.016943201,PatchTST-ICEEMDAN
2011-02-10,XOM,-0.005222399548167301,0.034672394,PatchTST-ICEEMDAN
2011-03-14,AAPL,-0.0620886356101026,-0.00874552,PatchTST-ICEEMDAN
2011-03-14,CAT,0.0866202985881102,0.003962843,PatchTST-ICEEMDAN
2011-03-14,CVX,0.0756217443707174,0.0153559,PatchTST-ICEEMDAN
2011-03-14,DUK,-0.014758626077002197,0.016343122,PatchTST-ICEEMDAN
2011-03-14,GS,0.004904625454280448,0.0026978338,PatchTST-ICEEMDAN
2011-03-14,HD,0.012309516866876202,0.10701123,PatchTST-ICEEMDAN
2011-03-14,INTC,-0.03659867382629141,-0.014746487,PatchTST-ICEEMDAN
2011-03-14,JNJ,0.002844542454640003,0.001137088,PatchTST-ICEEMDAN
2011-03-14,JPM,0.029600178894727,-0.024230974,PatchTST-ICEEMDAN
2011-03-14,KO,0.03918556277003269,0.0027368856,PatchTST-ICEEMDAN
2011-03-14,MCD,-0.006275320784489594,0.02214564,PatchTST-ICEEMDAN
2011-03-14,MMM,0.023624403834982294,0.01178273,PatchTST-ICEEMDAN
2011-03-14,MSFT,0.011614800199567295,-0.0648941,PatchTST-ICEEMDAN
2011-03-14,NEM,0.08862500634702719,-0.06439652,PatchTST-ICEEMDAN
2011-03-14,PFE,0.05980912419055482,-0.0049523264,PatchTST-ICEEMDAN
2011-03-14,PG,0.0113192843741674,-0.048519958,PatchTST-ICEEMDAN
2011-03-14,UNH,0.01660868161105,0.035965335,PatchTST-ICEEMDAN
2011-03-14,VZ,0.06708413188013918,0.025783356,PatchTST-ICEEMDAN
2011-03-14,WFC,-0.028504943297075102,-0.029071577,PatchTST-ICEEMDAN
2011-03-14,XOM,0.03634982464630569,0.033749852,PatchTST-ICEEMDAN
2011-04-12,AAPL,0.0484733406829896,-0.015754167,PatchTST-ICEEMDAN
2011-04-12,CAT,0.012463722706263912,0.03721977,PatchTST-ICEEMDAN
2011-04-12,CVX,-0.0525733996378229,0.04081377,PatchTST-ICEEMDAN
2011-04-12,DUK,0.043637697697436695,-0.0015693513,PatchTST-ICEEMDAN
2011-04-12,GS,-0.08791783108290671,-0.022945894,PatchTST-ICEEMDAN
2011-04-12,HD,-0.009889491653480104,0.045612894,PatchTST-ICEEMDAN
2011-04-12,INTC,0.15927112628934,-0.05894422,PatchTST-ICEEMDAN
2011-04-12,JNJ,0.1062453387522639,-0.022463046,PatchTST-ICEEMDAN
2011-04-12,JPM,-0.057761694077854794,0.021016397,PatchTST-ICEEMDAN
2011-04-12,KO,-0.0011879694450964006,0.036065098,PatchTST-ICEEMDAN
2011-04-12,MCD,0.0418655747477436,-0.011957307,PatchTST-ICEEMDAN
2011-04-12,MMM,0.018170904725587904,-0.0090195965,PatchTST-ICEEMDAN
2011-04-12,MSFT,-0.024153945501883198,-0.043299444,PatchTST-ICEEMDAN
2011-04-12,NEM,-0.0641757117776665,0.012120172,PatchTST-ICEEMDAN
2011-04-12,PFE,0.006726528587332694,0.0010452354,PatchTST-ICEEMDAN
2011-04-12,PG,0.06650723788507759,-0.015901614,PatchTST-ICEEMDAN
2011-04-12,UNH,0.1209864490650539,0.05458276,PatchTST-ICEEMDAN
2011-04-12,VZ,-0.015710600212366015,0.022664998,PatchTST-ICEEMDAN
2011-04-12,WFC,-0.10483099516178469,-0.02425021,PatchTST-ICEEMDAN
2011-04-12,XOM,-0.0429463194915991,-0.11157798,PatchTST-ICEEMDAN
2011-05-12,AAPL,-0.0633963593509584,-0.011855238,PatchTST-ICEEMDAN
2011-05-12,CAT,-0.1277548497708729,0.097864956,PatchTST-ICEEMDAN
2011-05-12,CVX,-0.0179504501815205,-0.010368849,PatchTST-ICEEMDAN
2011-05-12,DUK,-0.0243948843982551,0.030333655,PatchTST-ICEEMDAN
2011-05-12,GS,-0.08176279580365056,-0.017518174,PatchTST-ICEEMDAN
2011-05-12,HD,-0.10646490303032251,0.037380412,PatchTST-ICEEMDAN
2011-05-12,INTC,-0.0907077133429451,0.08454324,PatchTST-ICEEMDAN
2011-05-12,JNJ,0.0013991418132170974,0.00075878715,PatchTST-ICEEMDAN
2011-05-12,JPM,-0.0746128416254719,-0.037811723,PatchTST-ICEEMDAN
2011-05-12,KO,-0.029087785936786403,0.025062665,PatchTST-ICEEMDAN
2011-05-12,MCD,0.018061594538023206,-0.043793384,PatchTST-ICEEMDAN
2011-05-12,MMM,-0.04557051769079601,0.010227465,PatchTST-ICEEMDAN
2011-05-12,MSFT,-0.06074305695672368,0.029586997,PatchTST-ICEEMDAN
2011-05-12,NEM,-0.024832889183413098,0.033036165,PatchTST-ICEEMDAN
2011-05-12,PFE,-0.024559458751412393,-0.01847921,PatchTST-ICEEMDAN
2011-05-12,PG,-0.0186810598741733,-0.0008096895,PatchTST-ICEEMDAN
2011-05-12,UNH,-0.008964424684817392,0.05793646,PatchTST-ICEEMDAN
2011-05-12,VZ,-0.0571580891441198,0.019823693,PatchTST-ICEEMDAN
2011-05-12,WFC,-0.06909387518409132,-0.20383467,PatchTST-ICEEMDAN
2011-05-12,XOM,-0.016656543914125497,-0.036098216,PatchTST-ICEEMDAN
2011-06-13,AAPL,0.08199931174740549,-0.0027362825,PatchTST-ICEEMDAN
2011-06-13,CAT,0.09963097798465657,-0.0005972544,PatchTST-ICEEMDAN
2011-06-13,CVX,0.046269257567798296,-0.009220203,PatchTST-ICEEMDAN
2011-06-13,DUK,0.044927732079350705,-0.005720743,PatchTST-ICEEMDAN
2011-06-13,GS,-0.042150538136633095,-0.04112012,PatchTST-ICEEMDAN
2011-06-13,HD,0.0834086919215521,-0.051749744,PatchTST-ICEEMDAN
2011-06-13,INTC,0.04883510597135601,0.08963419,PatchTST-ICEEMDAN
2011-06-13,JNJ,0.014122935861393005,0.01474748,PatchTST-ICEEMDAN
2011-06-13,JPM,-0.0351534652699347,-0.004496338,PatchTST-ICEEMDAN
2011-06-13,KO,0.0441433193502611,-0.009907812,PatchTST-ICEEMDAN
2011-06-13,MCD,0.05601678260446869,0.046356566,PatchTST-ICEEMDAN
2011-06-13,MMM,0.0552090778508295,-0.016053787,PatchTST-ICEEMDAN
2011-06-13,MSFT,0.11275622143390761,-0.061860684,PatchTST-ICEEMDAN
2011-06-13,NEM,0.0638301198831181,-0.055454355,PatchTST-ICEEMDAN
2011-06-13,PFE,-0.005484601532255306,-0.09549421,PatchTST-ICEEMDAN
2011-06-13,PG,-0.0026311913767979003,-0.0080206385,PatchTST-ICEEMDAN
2011-06-13,UNH,0.03967996410835831,0.020267982,PatchTST-ICEEMDAN
2011-06-13,VZ,0.065572259679195,-0.06350696,PatchTST-ICEEMDAN
2011-06-13,WFC,0.04136972852063441,-0.023706246,PatchTST-ICEEMDAN
2011-06-13,XOM,0.026103988260216007,0.0138832675,PatchTST-ICEEMDAN
2011-07-13,AAPL,0.027711407815180406,0.14137337,PatchTST-ICEEMDAN
2011-07-13,CAT,-0.24299268488396142,0.04135985,PatchTST-ICEEMDAN
2011-07-13,CVX,-0.14201078696289138,0.048808992,PatchTST-ICEEMDAN
2011-07-13,DUK,-0.08882601566956319,0.008700194,PatchTST-ICEEMDAN
2011-07-13,GS,-0.16634949602590038,-0.0037103686,PatchTST-ICEEMDAN
2011-07-13,HD,-0.23631497969451043,0.046203244,PatchTST-ICEEMDAN
2011-07-13,INTC,-0.1093492752412741,-0.035248704,PatchTST-ICEEMDAN
2011-07-13,JNJ,-0.10746809893351947,-0.015853196,PatchTST-ICEEMDAN
2011-07-13,JPM,-0.1363278276019181,-0.0015953368,PatchTST-ICEEMDAN
2011-07-13,KO,-0.05904154176049631,0.04302595,PatchTST-ICEEMDAN
2011-07-13,MCD,-0.0107646289793163,0.014807559,PatchTST-ICEEMDAN
2011-07-13,MMM,-0.20344437637902033,0.033136945,PatchTST-ICEEMDAN
2011-07-13,MSFT,-0.09230036836802241,0.041957688,PatchTST-ICEEMDAN
2011-07-13,NEM,0.008818657243320212,0.07570572,PatchTST-ICEEMDAN
2011-07-13,PFE,-0.1484955648783871,0.014184063,PatchTST-ICEEMDAN
2011-07-13,PG,-0.089773371685794,0.022404457,PatchTST-ICEEMDAN
2011-07-13,UNH,-0.20574116742059062,0.053467687,PatchTST-ICEEMDAN
2011-07-13,VZ,-0.09703730776821948,0.1231935,PatchTST-ICEEMDAN
2011-07-13,WFC,-0.1754898164728552,0.05770335,PatchTST-ICEEMDAN
2011-07-13,XOM,-0.178846113418039,0.035279322,PatchTST-ICEEMDAN
2011-08-11,AAPL,0.03721570032821916,0.017210362,PatchTST-ICEEMDAN
2011-08-11,CAT,0.005373790367652703,-0.30146447,PatchTST-ICEEMDAN
2011-08-11,CVX,0.057731426801756504,-0.009256016,PatchTST-ICEEMDAN
2011-08-11,DUK,0.07265760484687339,0.0017826122,PatchTST-ICEEMDAN
2011-08-11,GS,-0.0731257698606761,-0.084490865,PatchTST-ICEEMDAN
2011-08-11,HD,0.11879249061071984,-0.10182841,PatchTST-ICEEMDAN
2011-08-11,INTC,-0.011607376716004597,-0.035145283,PatchTST-ICEEMDAN
2011-08-11,JNJ,0.06443926705319651,-0.036366332,PatchTST-ICEEMDAN
2011-08-11,JPM,-0.06895085514108251,-0.17924936,PatchTST-ICEEMDAN
2011-08-11,KO,0.0811968386701272,-0.02723942,PatchTST-ICEEMDAN
2011-08-11,MCD,0.017976760929407802,-0.008421377,PatchTST-ICEEMDAN
2011-08-11,MMM,-0.013684286888916708,-0.10608781,PatchTST-ICEEMDAN
2011-08-11,MSFT,0.06798507321609798,-0.15728264,PatchTST-ICEEMDAN
2011-08-11,NEM,0.16109039897192123,-0.068450704,PatchTST-ICEEMDAN
2011-08-11,PFE,0.0696573669223711,-0.051858015,PatchTST-ICEEMDAN
2011-08-11,PG,0.05535232937632581,0.009841891,PatchTST-ICEEMDAN
2011-08-11,UNH,0.0875212226364272,-0.20582545,PatchTST-ICEEMDAN
2011-08-11,VZ,0.04587180681288532,-0.08328302,PatchTST-ICEEMDAN
2011-08-11,WFC,0.027587940920561695,0.028726978,PatchTST-ICEEMDAN
2011-08-11,XOM,0.04287196997071489,-0.094655715,PatchTST-ICEEMDAN
2011-09-12,AAPL,0.029573160435876898,0.0036041103,PatchTST-ICEEMDAN
2011-09-12,CAT,-0.05924816620576095,0.03565475,PatchTST-ICEEMDAN
2011-09-12,CVX,0.031131263794497217,0.06609179,PatchTST-ICEEMDAN
2011-09-12,DUK,0.0881787455240889,0.031314373,PatchTST-ICEEMDAN
2011-09-12,GS,-0.06161608365406979,-0.21680196,PatchTST-ICEEMDAN
2011-09-12,HD,0.08392092681833423,0.13919264,PatchTST-ICEEMDAN
2011-09-12,INTC,0.14964450346374458,-0.015283296,PatchTST-ICEEMDAN
2011-09-12,JNJ,0.012337066313991802,0.048664957,PatchTST-ICEEMDAN
2011-09-12,JPM,0.015598417113744684,-0.02872835,PatchTST-ICEEMDAN
2011-09-12,KO,-0.029458629969381502,-0.000996164,PatchTST-ICEEMDAN
2011-09-12,MCD,0.040111606216699305,0.010495897,PatchTST-ICEEMDAN
2011-09-12,MMM,0.0009128455748396991,-0.09951365,PatchTST-ICEEMDAN
2011-09-12,MSFT,0.0455661732721858,-0.021276737,PatchTST-ICEEMDAN
2011-09-12,NEM,0.00015346033206229542,0.026535936,PatchTST-ICEEMDAN
2011-09-12,PFE,0.0344121989609182,-0.006009547,PatchTST-ICEEMDAN
2011-09-12,PG,0.0467555769700167,-0.047926165,PatchTST-ICEEMDAN
2011-09-12,UNH,0.021730217791238567,-0.14726275,PatchTST-ICEEMDAN
2011-09-12,VZ,0.059861376576601094,0.050603736,PatchTST-ICEEMDAN
2011-09-12,WFC,0.10523272698919392,-0.045011178,PatchTST-ICEEMDAN
2011-09-12,XOM,0.071590100112524,-0.016042765,PatchTST-ICEEMDAN
2011-10-11,AAPL,0.043828775839221595,0.021157393,PatchTST-ICEEMDAN
2011-10-11,CAT,0.19762953178184808,-0.019608013,PatchTST-ICEEMDAN
2011-10-11,CVX,0.1030564293423018,-0.013976017,PatchTST-ICEEMDAN
2011-10-11,DUK,0.027745618758275695,0.021366896,PatchTST-ICEEMDAN
2011-10-11,GS,0.1216826234012163,-0.16148119,PatchTST-ICEEMDAN
2011-10-11,HD,0.09041944376253622,0.048309498,PatchTST-ICEEMDAN
2011-10-11,INTC,0.08740655053225281,-0.03861965,PatchTST-ICEEMDAN
2011-10-11,JNJ,0.006652029668339106,0.05322683,PatchTST-ICEEMDAN
2011-10-11,JPM,0.08085213118228818,-0.036247637,PatchTST-ICEEMDAN
2011-10-11,KO,0.025822775077601105,0.0033268158,PatchTST-ICEEMDAN
2011-10-11,MCD,0.0665418985555762,-0.027742645,PatchTST-ICEEMDAN
2011-10-11,MMM,0.0644817627621366,0.05609633,PatchTST-ICEEMDAN
2011-10-11,MSFT,0.008133201864606898,-0.059523053,PatchTST-ICEEMDAN
2011-10-11,NEM,0.09270183471561771,0.09164598,PatchTST-ICEEMDAN
2011-10-11,PFE,0.06951955300801992,0.04499747,PatchTST-ICEEMDAN
2011-10-11,PG,-0.0010268872613899034,0.019042958,PatchTST-ICEEMDAN
2011-10-11,UNH,-0.007984896358047593,0.03313084,PatchTST-ICEEMDAN
2011-10-11,VZ,0.0166622321256489,0.022473095,PatchTST-ICEEMDAN
2011-10-11,WFC,0.02004853251343032,0.034349065,PatchTST-ICEEMDAN
2011-10-11,XOM,0.050552308687182586,0.07967152,PatchTST-ICEEMDAN
2011-11-09,AAPL,-0.039081755326766804,0.05565787,PatchTST-ICEEMDAN
2011-11-09,CAT,-0.03146252302324519,-0.044004846,PatchTST-ICEEMDAN
2011-11-09,CVX,-0.054767423865426296,0.017892241,PatchTST-ICEEMDAN
2011-11-09,DUK,-0.0042945068063755054,0.04624956,PatchTST-ICEEMDAN
2011-11-09,GS,-0.07925491491205677,0.072889395,PatchTST-ICEEMDAN
2011-11-09,HD,0.058426414982827996,0.11433938,PatchTST-ICEEMDAN
2011-11-09,INTC,-0.0016175140508659785,0.0053525344,PatchTST-ICEEMDAN
2011-11-09,JNJ,-0.007554189688425994,0.013509027,PatchTST-ICEEMDAN
2011-11-09,JPM,-0.08333181840510953,0.1264999,PatchTST-ICEEMDAN
2011-11-09,KO,-0.021128661149949806,0.004967659,PatchTST-ICEEMDAN
2011-11-09,MCD,0.0317224513471668,0.006557958,PatchTST-ICEEMDAN
2011-11-09,MMM,-0.009843001456602688,-0.059051864,PatchTST-ICEEMDAN
2011-11-09,MSFT,-0.05949429749008529,0.010360957,PatchTST-ICEEMDAN
2011-11-09,NEM,-0.0753812254408428,0.02922288,PatchTST-ICEEMDAN
2011-11-09,PFE,0.00546297826104571,0.06499437,PatchTST-ICEEMDAN
2011-11-09,PG,0.0040409260344579975,0.0061969995,PatchTST-ICEEMDAN
2011-11-09,UNH,0.046016754583515895,0.043369994,PatchTST-ICEEMDAN
2011-11-09,VZ,0.007699766857973415,0.07315405,PatchTST-ICEEMDAN
2011-11-09,WFC,-0.012898443994713696,0.030280279,PatchTST-ICEEMDAN
2011-11-09,XOM,0.0013780494382593916,0.008302534,PatchTST-ICEEMDAN
2011-12-09,AAPL,0.0801016813456404,0.048473798,PatchTST-ICEEMDAN
2011-12-09,CAT,0.0730311170779564,-0.03441273,PatchTST-ICEEMDAN
2011-12-09,CVX,0.06447697376898151,-0.0077392724,PatchTST-ICEEMDAN
2011-12-09,DUK,0.046719332200139,0.050054535,PatchTST-ICEEMDAN
2011-12-09,GS,-0.01604055984201451,-0.05664338,PatchTST-ICEEMDAN
2011-12-09,HD,0.0868238000730671,-0.016112432,PatchTST-ICEEMDAN
2011-12-09,INTC,0.034993833516166,0.044368606,PatchTST-ICEEMDAN
2011-12-09,JNJ,0.022020129798840198,0.02550399,PatchTST-ICEEMDAN
2011-12-09,JPM,0.11949223993749801,-0.008567379,PatchTST-ICEEMDAN
2011-12-09,KO,0.0383672107967162,-0.026845051,PatchTST-ICEEMDAN
2011-12-09,MCD,0.028279575658073396,0.012859242,PatchTST-ICEEMDAN
2011-12-09,MMM,0.0466216977427307,0.06474455,PatchTST-ICEEMDAN
2011-12-09,MSFT,0.0917244793194579,0.042070866,PatchTST-ICEEMDAN
2011-12-09,NEM,-0.05299953716050858,0.077219725,PatchTST-ICEEMDAN
2011-12-09,PFE,0.08312412212991621,0.054172937,PatchTST-ICEEMDAN
2011-12-09,PG,0.028442278170934896,-0.011768049,PatchTST-ICEEMDAN
2011-12-09,UNH,0.088567447439584,0.008321489,PatchTST-ICEEMDAN
2011-12-09,VZ,0.0328242251650904,0.009452332,PatchTST-ICEEMDAN
2011-12-09,WFC,0.11595705825040728,-0.03538684,PatchTST-ICEEMDAN
2011-12-09,XOM,0.070685955525466,0.024311054,PatchTST-ICEEMDAN
2012-01-11,AAPL,0.1529143683572419,0.12572795,PatchTST-ICEEMDAN
2012-01-11,CAT,0.1255721696741497,0.16937993,PatchTST-ICEEMDAN
2012-01-11,CVX,-0.024974384048763204,0.02541721,PatchTST-ICEEMDAN
2012-01-11,DUK,-0.00046589227449290093,0.039434657,PatchTST-ICEEMDAN
2012-01-11,GS,0.16422614401828392,-0.034084782,PatchTST-ICEEMDAN
2012-01-11,HD,0.039193773606705104,0.09703371,PatchTST-ICEEMDAN
2012-01-11,INTC,0.05639549732771479,-0.028924529,PatchTST-ICEEMDAN
2012-01-11,JNJ,-0.004766120012875501,-0.002263669,PatchTST-ICEEMDAN
2012-01-11,JPM,0.04898806032627631,0.034236886,PatchTST-ICEEMDAN
2012-01-11,KO,-0.019955609173026707,0.010808849,PatchTST-ICEEMDAN
2012-01-11,MCD,0.0029047176746254985,0.039397527,PatchTST-ICEEMDAN
2012-01-11,MMM,0.0431822056627775,-0.049897935,PatchTST-ICEEMDAN
2012-01-11,MSFT,0.1000666790507744,0.050456148,PatchTST-ICEEMDAN
2012-01-11,NEM,-0.032609109604565,0.0049252715,PatchTST-ICEEMDAN
2012-01-11,PFE,-0.026810773622895797,0.044113263,PatchTST-ICEEMDAN
2012-01-11,PG,-0.0271796215010378,0.007961518,PatchTST-ICEEMDAN
2012-01-11,UNH,0.008327423704109603,0.09678727,PatchTST-ICEEMDAN
2012-01-11,VZ,-0.016995782045469098,0.049049273,PatchTST-ICEEMDAN
2012-01-11,WFC,0.04312781469886498,0.07032323,PatchTST-ICEEMDAN
2012-01-11,XOM,-0.004389470894322201,0.07028941,PatchTST-ICEEMDAN
2012-02-10,AAPL,0.11269382169465879,0.2172041,PatchTST-ICEEMDAN
2012-02-10,CAT,-0.035085091238103196,0.13998863,PatchTST-ICEEMDAN
2012-02-10,CVX,0.0411923448656622,0.011296392,PatchTST-ICEEMDAN
2012-02-10,DUK,0.0074934632122176026,0.031215243,PatchTST-ICEEMDAN
2012-02-10,GS,0.012548973061829895,0.24910676,PatchTST-ICEEMDAN
2012-02-10,HD,0.0769114224118841,-0.02033274,PatchTST-ICEEMDAN
2012-02-10,INTC,0.004828074327644101,0.027320283,PatchTST-ICEEMDAN
2012-02-10,JNJ,0.012025846974017101,-0.019810705,PatchTST-ICEEMDAN
2012-02-10,JPM,0.06839345936769789,0.080058515,PatchTST-ICEEMDAN
2012-02-10,KO,0.031569514555274,0.012260237,PatchTST-ICEEMDAN
2012-02-10,MCD,-0.0268714609513475,0.04349021,PatchTST-ICEEMDAN
2012-02-10,MMM,0.0012593236790218966,0.005166672,PatchTST-ICEEMDAN
2012-02-10,MSFT,0.047006532212925486,0.10916962,PatchTST-ICEEMDAN
2012-02-10,NEM,-0.0840775719223671,0.0070192316,PatchTST-ICEEMDAN
2012-02-10,PFE,0.0187445627101857,0.09296032,PatchTST-ICEEMDAN
2012-02-10,PG,0.05572599933234651,0.029042078,PatchTST-ICEEMDAN
2012-02-10,UNH,0.039201480365367705,0.06998691,PatchTST-ICEEMDAN
2012-02-10,VZ,0.0362545484387939,0.059933703,PatchTST-ICEEMDAN
2012-02-10,WFC,0.029958598085989503,0.036743212,PatchTST-ICEEMDAN
2012-02-10,XOM,0.007862389032816297,-0.00065650884,PatchTST-ICEEMDAN
2012-03-13,AAPL,0.1261220576195398,0.18123055,PatchTST-ICEEMDAN
2012-03-13,CAT,-0.06827853935223621,0.12494045,PatchTST-ICEEMDAN
2012-03-13,CVX,-0.08585512394735359,0.040380638,PatchTST-ICEEMDAN
2012-03-13,DUK,-0.048907177730976595,-0.023406485,PatchTST-ICEEMDAN
2012-03-13,GS,-0.009102065076115905,0.14647442,PatchTST-ICEEMDAN
2012-03-13,HD,0.023593031667497995,-6.2584877e-07,PatchTST-ICEEMDAN
2012-03-13,INTC,0.0313668997319685,0.00011934154,PatchTST-ICEEMDAN
2012-03-13,JNJ,-0.015012676202960797,0.015458409,PatchTST-ICEEMDAN
2012-03-13,JPM,0.08865261448516498,0.09091623,PatchTST-ICEEMDAN
2012-03-13,KO,0.0349921484401345,0.027852092,PatchTST-ICEEMDAN
2012-03-13,MCD,0.0194658426250486,0.02248429,PatchTST-ICEEMDAN
2012-03-13,MMM,-0.025335254368308704,-0.17493944,PatchTST-ICEEMDAN
2012-03-13,MSFT,-0.05418838377334901,0.102300756,PatchTST-ICEEMDAN
2012-03-13,NEM,-0.1433783471078044,0.008291925,PatchTST-ICEEMDAN
2012-03-13,PFE,0.018855668782318594,-0.0187945,PatchTST-ICEEMDAN
2012-03-13,PG,-0.01893442915603,0.011488592,PatchTST-ICEEMDAN
2012-03-13,UNH,0.053090996655095694,0.030781806,PatchTST-ICEEMDAN
2012-03-13,VZ,-0.037487895598235496,0.025915312,PatchTST-ICEEMDAN
2012-03-13,WFC,0.06776008294386168,0.009415722,PatchTST-ICEEMDAN
2012-03-13,XOM,-0.033881522321312606,0.0025295853,PatchTST-ICEEMDAN
2012-04-12,AAPL,-0.09312168937627659,0.038555082,PatchTST-ICEEMDAN
2012-04-12,CAT,-0.05980025797841011,-0.048645325,PatchTST-ICEEMDAN
2012-04-12,CVX,0.02359245505352743,-0.033882584,PatchTST-ICEEMDAN
2012-04-12,DUK,0.0683704850209244,0.0029050384,PatchTST-ICEEMDAN
2012-04-12,GS,-0.08653293569232201,0.022204775,PatchTST-ICEEMDAN
2012-04-12,HD,0.017336209397156,-0.0121437805,PatchTST-ICEEMDAN
2012-04-12,INTC,-0.014924111244806606,0.012462054,PatchTST-ICEEMDAN
2012-04-12,JNJ,0.006837508533248999,0.034807544,PatchTST-ICEEMDAN
2012-04-12,JPM,-0.07720621454128959,0.03473135,PatchTST-ICEEMDAN
2012-04-12,KO,0.0707848781247574,0.010952958,PatchTST-ICEEMDAN
2012-04-12,MCD,-0.07029068403276462,0.038539894,PatchTST-ICEEMDAN
2012-04-12,MMM,0.02064113911050089,0.010925358,PatchTST-ICEEMDAN
2012-04-12,MSFT,0.01276793134197611,-0.0089143645,PatchTST-ICEEMDAN
2012-04-12,NEM,-0.038221211404433575,0.025340717,PatchTST-ICEEMDAN
2012-04-12,PFE,0.049169233858907695,0.05177816,PatchTST-ICEEMDAN
2012-04-12,PG,-0.026807909938849097,0.0025876663,PatchTST-ICEEMDAN
2012-04-12,UNH,-0.0481956349718233,0.040060744,PatchTST-ICEEMDAN
2012-04-12,VZ,0.0814000762970256,-0.045856103,PatchTST-ICEEMDAN
2012-04-12,WFC,-0.006398192430574497,0.069228016,PatchTST-ICEEMDAN
2012-04-12,XOM,0.008557049233549392,-0.046099626,PatchTST-ICEEMDAN
2012-05-11,AAPL,0.001138711894773596,0.028315734,PatchTST-ICEEMDAN
2012-05-11,CAT,-0.11361343080360062,0.015058381,PatchTST-ICEEMDAN
2012-05-11,CVX,-0.0249882627010411,0.017806612,PatchTST-ICEEMDAN
2012-05-11,DUK,0.0647714424604013,0.0126281595,PatchTST-ICEEMDAN
2012-05-11,GS,-0.1312383464185596,-0.11455809,PatchTST-ICEEMDAN
2012-05-11,HD,0.020200905432928507,-0.042667158,PatchTST-ICEEMDAN
2012-05-11,INTC,-0.0469744732109897,0.041814137,PatchTST-ICEEMDAN
2012-05-11,JNJ,-0.0289937149980035,-0.0057361173,PatchTST-ICEEMDAN
2012-05-11,JPM,-0.2161725166297772,0.031564586,PatchTST-ICEEMDAN
2012-05-11,KO,-0.03617174027450519,0.0288758,PatchTST-ICEEMDAN
2012-05-11,MCD,-0.051391766462530096,0.0011873026,PatchTST-ICEEMDAN
2012-05-11,MMM,-0.015733125066404598,0.07071154,PatchTST-ICEEMDAN
2012-05-11,MSFT,-0.055183211415814296,0.07487103,PatchTST-ICEEMDAN
2012-05-11,NEM,0.07551735469648377,-0.065874904,PatchTST-ICEEMDAN
2012-05-11,PFE,-0.0324978250997748,0.041819785,PatchTST-ICEEMDAN
2012-05-11,PG,-0.025261669938457795,-0.010562349,PatchTST-ICEEMDAN
2012-05-11,UNH,0.038496832929688696,0.05927456,PatchTST-ICEEMDAN
2012-05-11,VZ,0.0483789178999015,-0.024635004,PatchTST-ICEEMDAN
2012-05-11,WFC,-0.06858358497272062,0.011337012,PatchTST-ICEEMDAN
2012-05-11,XOM,-0.031514811956228087,0.0008511981,PatchTST-ICEEMDAN
2012-06-12,AAPL,0.0565988444322924,-0.010807378,PatchTST-ICEEMDAN
2012-06-12,CAT,-0.06611247371637219,-0.20196843,PatchTST-ICEEMDAN
2012-06-12,CVX,0.048261236597808496,0.042512156,PatchTST-ICEEMDAN
2012-06-12,DUK,-0.0363353478330838,0.015857311,PatchTST-ICEEMDAN
2012-06-12,GS,0.024797603198134503,-0.1503648,PatchTST-ICEEMDAN
2012-06-12,HD,0.006212769352767896,0.002014745,PatchTST-ICEEMDAN
2012-06-12,INTC,-0.023356268063487198,0.0714284,PatchTST-ICEEMDAN
2012-06-12,JNJ,0.08896786491107028,-0.014762694,PatchTST-ICEEMDAN
2012-06-12,JPM,0.060830162319761294,-0.14455517,PatchTST-ICEEMDAN
2012-06-12,KO,0.04362235908670849,0.033758126,PatchTST-ICEEMDAN
2012-06-12,MCD,0.03338919981040999,-0.029640615,PatchTST-ICEEMDAN
2012-06-12,MMM,0.030864159028964312,0.0254627,PatchTST-ICEEMDAN
2012-06-12,MSFT,0.013746292490055387,-0.0077702417,PatchTST-ICEEMDAN
2012-06-12,NEM,-0.07336182837617729,0.049307715,PatchTST-ICEEMDAN
2012-06-12,PFE,0.010801477921127407,0.01819372,PatchTST-ICEEMDAN
2012-06-12,PG,-0.018396476059054104,-0.04888691,PatchTST-ICEEMDAN
2012-06-12,UNH,-0.02133407667854989,-0.031977072,PatchTST-ICEEMDAN
2012-06-12,VZ,0.0647237046538685,0.036372997,PatchTST-ICEEMDAN
2012-06-12,WFC,0.0709914518026677,-0.026203876,PatchTST-ICEEMDAN
2012-06-12,XOM,0.049934377071610414,0.0035047836,PatchTST-ICEEMDAN
2012-07-12,AAPL,0.030894635745456894,0.06936892,PatchTST-ICEEMDAN
2012-07-12,CAT,0.10946930764313262,-0.00940243,PatchTST-ICEEMDAN
2012-07-12,CVX,0.0715772852515433,0.006533701,PatchTST-ICEEMDAN
2012-07-12,DUK,0.023929048441052102,0.021271259,PatchTST-ICEEMDAN
2012-07-12,GS,0.085292780385479,-0.1438953,PatchTST-ICEEMDAN
2012-07-12,HD,0.028240454401979392,-0.005432659,PatchTST-ICEEMDAN
2012-07-12,INTC,0.0590298683491038,-0.0746561,PatchTST-ICEEMDAN
2012-07-12,JNJ,0.006166507836170397,0.037562996,PatchTST-ICEEMDAN
2012-07-12,JPM,0.065188538065832,-0.167377,PatchTST-ICEEMDAN
2012-07-12,KO,0.022719511399703896,0.04066847,PatchTST-ICEEMDAN
2012-07-12,MCD,-0.026942518329834103,-0.012509728,PatchTST-ICEEMDAN
2012-07-12,MMM,0.0416915271336807,0.067525946,PatchTST-ICEEMDAN
2012-07-12,MSFT,0.0401390417085794,-0.01217523,PatchTST-ICEEMDAN
2012-07-12,NEM,0.02618771609140061,-0.0053434283,PatchTST-ICEEMDAN
2012-07-12,PFE,0.07543695481480821,0.034302115,PatchTST-ICEEMDAN
2012-07-12,PG,0.09188178355220471,0.037057675,PatchTST-ICEEMDAN
2012-07-12,UNH,-0.0744376090619101,0.06389266,PatchTST-ICEEMDAN
2012-07-12,VZ,-0.012550026925491998,0.044048127,PatchTST-ICEEMDAN
2012-07-12,WFC,0.022895452030453997,0.011741108,PatchTST-ICEEMDAN
2012-07-12,XOM,0.05075418026047291,0.025782883,PatchTST-ICEEMDAN
2012-08-10,AAPL,0.0654867653615991,0.029440705,PatchTST-ICEEMDAN
2012-08-10,CAT,-0.0148155121252005,-0.017803932,PatchTST-ICEEMDAN
2012-08-10,CVX,0.019712733539978405,0.006249387,PatchTST-ICEEMDAN
2012-08-10,DUK,-0.037781539673637,0.03714658,PatchTST-ICEEMDAN
2012-08-10,GS,0.10599397279526683,0.12019563,PatchTST-ICEEMDAN
2012-08-10,HD,0.08031297309864699,0.029289857,PatchTST-ICEEMDAN
2012-08-10,INTC,-0.13792864211717512,0.030879343,PatchTST-ICEEMDAN
2012-08-10,JNJ,0.006994890132761002,0.0023362485,PatchTST-ICEEMDAN
2012-08-10,JPM,0.0486356865826463,-0.14141957,PatchTST-ICEEMDAN
2012-08-10,KO,-0.050735775598424404,0.040876634,PatchTST-ICEEMDAN
2012-08-10,MCD,0.054358219659262706,0.0019981926,PatchTST-ICEEMDAN
2012-08-10,MMM,-0.003746064731581896,0.036396246,PatchTST-ICEEMDAN
2012-08-10,MSFT,0.013790427728010597,0.020929236,PatchTST-ICEEMDAN
2012-08-10,NEM,0.0913955102032954,-0.029017683,PatchTST-ICEEMDAN
2012-08-10,PFE,0.009589433084895998,0.05616345,PatchTST-ICEEMDAN
2012-08-10,PG,0.0263251958402505,0.05919743,PatchTST-ICEEMDAN
2012-08-10,UNH,0.0325299624841937,-0.014041789,PatchTST-ICEEMDAN
2012-08-10,VZ,-0.006335391191073997,0.05263747,PatchTST-ICEEMDAN
2012-08-10,WFC,0.0225123591395267,0.0067055235,PatchTST-ICEEMDAN
2012-08-10,XOM,0.014408141588955793,0.0140620675,PatchTST-ICEEMDAN
2012-09-11,AAPL,-0.0414197563883039,-0.012562355,PatchTST-ICEEMDAN
2012-09-11,CAT,-0.0273506516649676,-0.03003346,PatchTST-ICEEMDAN
2012-09-11,CVX,0.029398829290246408,0.013182677,PatchTST-ICEEMDAN
2012-09-11,DUK,0.007070482555273301,0.0034543667,PatchTST-ICEEMDAN
2012-09-11,GS,0.0422581622704102,0.07520109,PatchTST-ICEEMDAN
2012-09-11,HD,0.061753534873883395,0.13923517,PatchTST-ICEEMDAN
2012-09-11,INTC,-0.06024851941961929,0.008213405,PatchTST-ICEEMDAN
2012-09-11,JNJ,0.0033676558628533033,0.0044070045,PatchTST-ICEEMDAN
2012-09-11,JPM,0.07276720893123229,0.08679943,PatchTST-ICEEMDAN
2012-09-11,KO,0.030391381027678306,0.0059606633,PatchTST-ICEEMDAN
2012-09-11,MCD,0.008832986551799201,-0.015843818,PatchTST-ICEEMDAN
2012-09-11,MMM,0.035430314302901895,-0.005686206,PatchTST-ICEEMDAN
2012-09-11,MSFT,-0.0480093402431931,-0.02106006,PatchTST-ICEEMDAN
2012-09-11,NEM,0.059341042914339504,-0.03148653,PatchTST-ICEEMDAN
2012-09-11,PFE,0.04898757499623149,0.022826301,PatchTST-ICEEMDAN
2012-09-11,PG,0.002769185244230499,-0.005053659,PatchTST-ICEEMDAN
2012-09-11,UNH,0.07114743768928941,0.022087878,PatchTST-ICEEMDAN
2012-09-11,VZ,0.056434839215247286,-0.043863032,PatchTST-ICEEMDAN
2012-09-11,WFC,0.014636196056540502,0.065431006,PatchTST-ICEEMDAN
2012-09-11,XOM,0.0291853679183409,0.014162641,PatchTST-ICEEMDAN
2012-10-10,AAPL,-0.14584716740652212,0.0373758,PatchTST-ICEEMDAN
2012-10-10,CAT,0.008377586450037992,0.046689183,PatchTST-ICEEMDAN
2012-10-10,CVX,-0.1033175405774656,0.023560384,PatchTST-ICEEMDAN
2012-10-10,DUK,-0.05235021880524649,0.0055863643,PatchTST-ICEEMDAN
2012-10-10,GS,-0.02952122918077699,0.08616965,PatchTST-ICEEMDAN
2012-10-10,HD,0.00016403693489960196,0.105857335,PatchTST-ICEEMDAN
2012-10-10,INTC,-0.041281990624990994,-0.02211881,PatchTST-ICEEMDAN
2012-10-10,JNJ,0.021117259150838896,0.0057715694,PatchTST-ICEEMDAN
2012-10-10,JPM,-0.018537406402158896,0.15157506,PatchTST-ICEEMDAN
2012-10-10,KO,-0.06067336924710649,0.005552162,PatchTST-ICEEMDAN
2012-10-10,MCD,-0.08339583197219089,0.04434895,PatchTST-ICEEMDAN
2012-10-10,MMM,-0.056157571420085095,0.018264888,PatchTST-ICEEMDAN
2012-10-10,MSFT,-0.015488357523733107,-0.048144516,PatchTST-ICEEMDAN
2012-10-10,NEM,-0.12554262183068432,0.089967795,PatchTST-ICEEMDAN
2012-10-10,PFE,-0.0371441910877106,0.016590945,PatchTST-ICEEMDAN
2012-10-10,PG,-0.016728748356775198,0.02656522,PatchTST-ICEEMDAN
2012-10-10,UNH,-0.08285960168137241,-0.02002844,PatchTST-ICEEMDAN
2012-10-10,VZ,-0.0782374920717852,0.009771308,PatchTST-ICEEMDAN
2012-10-10,WFC,-0.0751560699253953,0.009308208,PatchTST-ICEEMDAN
2012-10-10,XOM,-0.048639944595019406,0.018706782,PatchTST-ICEEMDAN
2012-11-12,AAPL,-0.010418751736699292,-0.01347357,PatchTST-ICEEMDAN
2012-11-12,CAT,0.027631393834111607,-0.012890706,PatchTST-ICEEMDAN
2012-11-12,CVX,0.026377265903473102,-0.022340355,PatchTST-ICEEMDAN
2012-11-12,DUK,0.0491731272370563,0.0050496655,PatchTST-ICEEMDAN
2012-11-12,GS,0.027295190012734595,-0.04866225,PatchTST-ICEEMDAN
2012-11-12,HD,0.03566332622077369,0.10287398,PatchTST-ICEEMDAN
2012-11-12,INTC,-0.007237483805129608,-0.050307263,PatchTST-ICEEMDAN
2012-11-12,JNJ,0.026255007183378906,-0.0013857917,PatchTST-ICEEMDAN
2012-11-12,JPM,0.0485322884379316,0.039160375,PatchTST-ICEEMDAN
2012-11-12,KO,0.049190903617592,-0.028778605,PatchTST-ICEEMDAN
2012-11-12,MCD,0.0649301057264215,-0.043243174,PatchTST-ICEEMDAN
2012-11-12,MMM,0.0599942947977937,0.00039008353,PatchTST-ICEEMDAN
2012-11-12,MSFT,-0.04561361230172379,0.004489093,PatchTST-ICEEMDAN
2012-11-12,NEM,-0.05320593974384351,-0.09092672,PatchTST-ICEEMDAN
2012-11-12,PFE,0.0590415700578726,0.03598956,PatchTST-ICEEMDAN
2012-11-12,PG,0.053037540886637105,-0.042032354,PatchTST-ICEEMDAN
2012-11-12,UNH,0.0385344265439399,-0.0030355223,PatchTST-ICEEMDAN
2012-11-12,VZ,0.041347392934609005,-0.0046706265,PatchTST-ICEEMDAN
2012-11-12,WFC,0.028643383255220995,0.049531158,PatchTST-ICEEMDAN
2012-11-12,XOM,0.020204868545482202,-0.00274622,PatchTST-ICEEMDAN
2012-12-12,AAPL,-0.039734287352523996,-0.018039111,PatchTST-ICEEMDAN
2012-12-12,CAT,0.091924712930381,0.007246062,PatchTST-ICEEMDAN
2012-12-12,CVX,0.0363648287505212,-0.047393925,PatchTST-ICEEMDAN
2012-12-12,DUK,0.021697980249048395,0.04076506,PatchTST-ICEEMDAN
2012-12-12,GS,0.1429831510531391,-0.07545363,PatchTST-ICEEMDAN
2012-12-12,HD,0.012797961100130604,0.044731848,PatchTST-ICEEMDAN
2012-12-12,INTC,0.06332708801117141,-0.06480774,PatchTST-ICEEMDAN
2012-12-12,JNJ,0.0174279950012818,0.0020386158,PatchTST-ICEEMDAN
2012-12-12,JPM,0.08573344044670221,-0.012868721,PatchTST-ICEEMDAN
2012-12-12,KO,-0.025412566922749995,0.014710984,PatchTST-ICEEMDAN
2012-12-12,MCD,0.0232711177466333,-0.011355518,PatchTST-ICEEMDAN
2012-12-12,MMM,0.027376012729028808,-0.034423135,PatchTST-ICEEMDAN
2012-12-12,MSFT,-0.018098713545776916,-0.008559923,PatchTST-ICEEMDAN
2012-12-12,NEM,0.011649394491509604,-0.03666396,PatchTST-ICEEMDAN
2012-12-12,PFE,0.0337456948862634,0.013607628,PatchTST-ICEEMDAN
2012-12-12,PG,-0.020589462166817295,0.05253439,PatchTST-ICEEMDAN
2012-12-12,UNH,-0.036069723932497896,-0.029896922,PatchTST-ICEEMDAN
2012-12-12,VZ,-0.014396503482574697,0.009525337,PatchTST-ICEEMDAN
2012-12-12,WFC,0.052943760881956896,0.036169033,PatchTST-ICEEMDAN
2012-12-12,XOM,0.0069428900705932,-0.061290476,PatchTST-ICEEMDAN
2013-01-14,AAPL,-0.10034002973420694,-0.02740722,PatchTST-ICEEMDAN
2013-01-14,CAT,0.021101453893985805,-0.03138015,PatchTST-ICEEMDAN
2013-01-14,CVX,0.0418056858787295,0.020535327,PatchTST-ICEEMDAN
2013-01-14,DUK,0.056380590221945394,0.05220243,PatchTST-ICEEMDAN
2013-01-14,GS,0.11673796316452191,0.05391903,PatchTST-ICEEMDAN
2013-01-14,HD,0.055272537661184805,-0.026362076,PatchTST-ICEEMDAN
2013-01-14,INTC,-0.0268226582090086,0.007997452,PatchTST-ICEEMDAN
2013-01-14,JNJ,0.046582954118990993,0.018858599,PatchTST-ICEEMDAN
2013-01-14,JPM,0.06299321782048659,0.024171768,PatchTST-ICEEMDAN
2013-01-14,KO,0.0174570946648187,-0.014425337,PatchTST-ICEEMDAN
2013-01-14,MCD,0.03607976201016361,0.013655625,PatchTST-ICEEMDAN
2013-01-14,MMM,0.0719246855890029,0.014111956,PatchTST-ICEEMDAN
2013-01-14,MSFT,0.0383888898553127,-0.07707449,PatchTST-ICEEMDAN
2013-01-14,NEM,-0.010544715847188108,-0.18849254,PatchTST-ICEEMDAN
2013-01-14,PFE,0.026269283370469902,-0.01957214,PatchTST-ICEEMDAN
2013-01-14,PG,0.1012547224641796,0.015853453,PatchTST-ICEEMDAN
2013-01-14,UNH,0.07633639638689552,0.016237376,PatchTST-ICEEMDAN
2013-01-14,VZ,0.0259873668552766,-0.02947611,PatchTST-ICEEMDAN
2013-01-14,WFC,0.018726635685858,-0.011576257,PatchTST-ICEEMDAN
2013-01-14,XOM,-0.0065478933809851,-0.025184572,PatchTST-ICEEMDAN
2013-02-13,AAPL,-0.07867212044590512,-0.16384739,PatchTST-ICEEMDAN
2013-02-13,CAT,-0.09171684974116409,0.03949426,PatchTST-ICEEMDAN
2013-02-13,CVX,0.03735570940851199,-0.004632538,PatchTST-ICEEMDAN
2013-02-13,DUK,0.017235686252565798,0.023914488,PatchTST-ICEEMDAN
2013-02-13,GS,0.0028072014856599867,0.25161368,PatchTST-ICEEMDAN
2013-02-13,HD,0.04794376152633539,0.051023185,PatchTST-ICEEMDAN
2013-02-13,INTC,0.02147605507638101,-0.018768916,PatchTST-ICEEMDAN
2013-02-13,JNJ,0.050581834916096004,0.05389563,PatchTST-ICEEMDAN
2013-02-13,JPM,0.0371523724507379,0.09160044,PatchTST-ICEEMDAN
2013-02-13,KO,0.045347706346758006,0.007041233,PatchTST-ICEEMDAN
2013-02-13,MCD,0.05135154491170509,0.02146931,PatchTST-ICEEMDAN
2013-02-13,MMM,0.030599210051301604,0.048549384,PatchTST-ICEEMDAN
2013-02-13,MSFT,0.017527927950940998,-0.0788132,PatchTST-ICEEMDAN
2013-02-13,NEM,-0.12340158973036189,-0.031528626,PatchTST-ICEEMDAN
2013-02-13,PFE,0.0406590232571415,0.07905621,PatchTST-ICEEMDAN
2013-02-13,PG,0.018387553368938696,-0.00071263476,PatchTST-ICEEMDAN
2013-02-13,UNH,-0.036940553932799707,0.0051041613,PatchTST-ICEEMDAN
2013-02-13,VZ,0.0870111758808478,0.040864423,PatchTST-ICEEMDAN
2013-02-13,WFC,0.04029286941575891,0.03684759,PatchTST-ICEEMDAN
2013-02-13,XOM,0.015368380517190305,0.017666388,PatchTST-ICEEMDAN
2013-03-15,AAPL,-0.029684771179415394,-0.10992071,PatchTST-ICEEMDAN
2013-03-15,CAT,-0.07525284673650662,0.013805625,PatchTST-ICEEMDAN
2013-03-15,CVX,-0.028999341820406477,0.016147684,PatchTST-ICEEMDAN
2013-03-15,DUK,0.0331914105589793,0.0003258154,PatchTST-ICEEMDAN
2013-03-15,GS,-0.05032968871982079,0.062710956,PatchTST-ICEEMDAN
2013-03-15,HD,0.0279377994759396,0.07455491,PatchTST-ICEEMDAN
2013-03-15,INTC,-0.012549922145360508,0.035053197,PatchTST-ICEEMDAN
2013-03-15,JNJ,0.032463588612328204,0.045709703,PatchTST-ICEEMDAN
2013-03-15,JPM,-0.0558509095201819,0.061349623,PatchTST-ICEEMDAN
2013-03-15,KO,0.02705222413095019,0.014118328,PatchTST-ICEEMDAN
2013-03-15,MCD,0.028196157608418808,0.06302084,PatchTST-ICEEMDAN
2013-03-15,MMM,-0.002455528015752998,0.09807046,PatchTST-ICEEMDAN
2013-03-15,MSFT,0.019356593203973507,-0.01423179,PatchTST-ICEEMDAN
2013-03-15,NEM,-0.15457191464317233,-0.0014444352,PatchTST-ICEEMDAN
2013-03-15,PFE,0.0799604118518817,0.052015956,PatchTST-ICEEMDAN
2013-03-15,PG,0.028784687501877102,0.029905729,PatchTST-ICEEMDAN
2013-03-15,UNH,0.11808753879026901,0.021545896,PatchTST-ICEEMDAN
2013-03-15,VZ,0.0540367519101764,0.02535849,PatchTST-ICEEMDAN
2013-03-15,WFC,-0.0108788550148872,0.059823845,PatchTST-ICEEMDAN
2013-03-15,XOM,-0.037890164596813,0.0060624005,PatchTST-ICEEMDAN
2013-04-16,AAPL,0.06220912213910568,-0.024905637,PatchTST-ICEEMDAN
2013-04-16,CAT,0.06860639960063639,-0.07258651,PatchTST-ICEEMDAN
2013-04-16,CVX,0.0698215008259719,-0.01577713,PatchTST-ICEEMDAN
2013-04-16,DUK,-0.002909384640508596,0.025344584,PatchTST-ICEEMDAN
2013-04-16,GS,0.05357085010046771,0.009096648,PatchTST-ICEEMDAN
2013-04-16,HD,0.068096754544889,0.04595126,PatchTST-ICEEMDAN
2013-04-16,INTC,0.11828549242383742,0.0059001176,PatchTST-ICEEMDAN
2013-04-16,JNJ,0.062386901271210896,-0.003968264,PatchTST-ICEEMDAN
2013-04-16,JPM,0.0468713247357712,-0.04813047,PatchTST-ICEEMDAN
2013-04-16,KO,0.05884814167546221,-0.002077097,PatchTST-ICEEMDAN
2013-04-16,MCD,-0.009343380587484,0.039072506,PatchTST-ICEEMDAN
2013-04-16,MMM,0.0446570628487589,0.0036813286,PatchTST-ICEEMDAN
2013-04-16,MSFT,0.1628795647575551,-0.0521246,PatchTST-ICEEMDAN
2013-04-16,NEM,-0.04245698007127449,-0.041301552,PatchTST-ICEEMDAN
2013-04-16,PFE,-0.0267894523518431,0.017118081,PatchTST-ICEEMDAN
2013-04-16,PG,0.0050576185610146035,-0.009494823,PatchTST-ICEEMDAN
2013-04-16,UNH,0.0022708792846894005,0.035903633,PatchTST-ICEEMDAN
2013-04-16,VZ,0.0487520840506296,0.06316634,PatchTST-ICEEMDAN
2013-04-16,WFC,0.0660035728854146,-0.004462713,PatchTST-ICEEMDAN
2013-04-16,XOM,0.058932799852724996,-0.036477715,PatchTST-ICEEMDAN
2013-05-15,AAPL,-0.017959050783230804,-0.092544265,PatchTST-ICEEMDAN
2013-05-15,CAT,-0.027913187775476703,-0.000371447,PatchTST-ICEEMDAN
2013-05-15,CVX,-0.019051223635734506,0.0002483271,PatchTST-ICEEMDAN
2013-05-15,DUK,-0.05512724012536291,0.045401603,PatchTST-ICEEMDAN
2013-05-15,GS,0.07373422772857971,0.08095544,PatchTST-ICEEMDAN
2013-05-15,HD,-0.005325754719983095,0.057176784,PatchTST-ICEEMDAN
2013-05-15,INTC,0.04711075315176931,0.03107611,PatchTST-ICEEMDAN
2013-05-15,JNJ,-0.016482561424252695,0.03539904,PatchTST-ICEEMDAN
2013-05-15,JPM,0.07551451715109439,-0.0059992354,PatchTST-ICEEMDAN
2013-05-15,KO,-0.04400913196081779,0.031083854,PatchTST-ICEEMDAN
2013-05-15,MCD,-0.015387759794905802,0.025205163,PatchTST-ICEEMDAN
2013-05-15,MMM,0.011186186871441201,0.019640181,PatchTST-ICEEMDAN
2013-05-15,MSFT,0.034875513755082715,0.097882465,PatchTST-ICEEMDAN
2013-05-15,NEM,0.0450760535745467,-0.14169478,PatchTST-ICEEMDAN
2013-05-15,PFE,-0.010944186767413204,-0.0166977,PatchTST-ICEEMDAN
2013-05-15,PG,-0.0131729922168379,0.024003256,PatchTST-ICEEMDAN
2013-05-15,UNH,0.04285006455809819,0.02258856,PatchTST-ICEEMDAN
2013-05-15,VZ,-0.048752084050629675,0.05285462,PatchTST-ICEEMDAN
2013-05-15,WFC,0.0547190112038574,0.02152612,PatchTST-ICEEMDAN
2013-05-15,XOM,0.002411585157108098,0.03802851,PatchTST-ICEEMDAN
2013-06-14,AAPL,-0.019736534873830706,-0.07452257,PatchTST-ICEEMDAN
2013-06-14,CAT,0.02619842732204101,0.058965426,PatchTST-ICEEMDAN
2013-06-14,CVX,0.0245202502772554,0.069839135,PatchTST-ICEEMDAN
2013-06-14,DUK,0.0508414864627029,-0.031766586,PatchTST-ICEEMDAN
2013-06-14,GS,-0.01715230453274738,0.029524986,PatchTST-ICEEMDAN
2013-06-14,HD,0.049331436363999406,0.025051964,PatchTST-ICEEMDAN
2013-06-14,INTC,-0.04292499424774471,0.042834178,PatchTST-ICEEMDAN
2013-06-14,JNJ,0.06265269902813299,0.027766598,PatchTST-ICEEMDAN
2013-06-14,JPM,0.0204695783429146,0.063064575,PatchTST-ICEEMDAN
2013-06-14,KO,0.014738358982868703,-0.00696193,PatchTST-ICEEMDAN
2013-06-14,MCD,0.018735740147353193,-0.02064154,PatchTST-ICEEMDAN
2013-06-14,MMM,0.032296540009870804,0.029236864,PatchTST-ICEEMDAN
2013-06-14,MSFT,0.04091362692640049,0.049361646,PatchTST-ICEEMDAN
2013-06-14,NEM,-0.19958160763949648,-0.0051869913,PatchTST-ICEEMDAN
2013-06-14,PFE,-0.010022374227795007,-0.0020629093,PatchTST-ICEEMDAN
2013-06-14,PG,0.0385189403463845,0.07235955,PatchTST-ICEEMDAN
2013-06-14,UNH,0.052679784865051905,0.0050199893,PatchTST-ICEEMDAN
2013-06-14,VZ,-0.003430027220292998,0.053167157,PatchTST-ICEEMDAN
2013-06-14,WFC,0.0571983806782798,0.04652047,PatchTST-ICEEMDAN
2013-06-14,XOM,0.020804425359340704,0.02961742,PatchTST-ICEEMDAN
2013-07-16,AAPL,0.1422950101172914,-0.0053426614,PatchTST-ICEEMDAN
2013-07-16,CAT,-0.0025951874397385872,0.09906863,PatchTST-ICEEMDAN
2013-07-16,CVX,-0.017639626289138403,-0.013643163,PatchTST-ICEEMDAN
2013-07-16,DUK,-0.0026791954615146977,0.027734047,PatchTST-ICEEMDAN
2013-07-16,GS,0.004346461472868646,0.034020085,PatchTST-ICEEMDAN
2013-07-16,HD,-0.012012221555900104,0.02450077,PatchTST-ICEEMDAN
2013-07-16,INTC,-0.051409136324274296,0.01655686,PatchTST-ICEEMDAN
2013-07-16,JNJ,0.0284626482117457,0.02351666,PatchTST-ICEEMDAN
2013-07-16,JPM,-0.010991232190995603,0.034145284,PatchTST-ICEEMDAN
2013-07-16,KO,-0.03372494939765279,-0.06926226,PatchTST-ICEEMDAN
2013-07-16,MCD,-0.0436178904016857,0.047497794,PatchTST-ICEEMDAN
2013-07-16,MMM,0.0327191796244379,0.06176725,PatchTST-ICEEMDAN
2013-07-16,MSFT,-0.10831015621293592,0.045689303,PatchTST-ICEEMDAN
2013-07-16,NEM,0.08713214252324361,-0.045090623,PatchTST-ICEEMDAN
2013-07-16,PFE,0.024656725662150297,-0.0034920136,PatchTST-ICEEMDAN
2013-07-16,PG,0.009301512613496302,0.052120637,PatchTST-ICEEMDAN
2013-07-16,UNH,0.08133863722994869,0.00972653,PatchTST-ICEEMDAN
2013-07-16,VZ,-0.01634533876765821,-0.02385093,PatchTST-ICEEMDAN
2013-07-16,WFC,0.006145039356241003,0.020230167,PatchTST-ICEEMDAN
2013-07-16,XOM,-0.0352751349629271,0.019206095,PatchTST-ICEEMDAN
2013-08-14,AAPL,-0.0350877552580489,-0.044140644,PatchTST-ICEEMDAN
2013-08-14,CAT,0.003114250307877003,0.028713012,PatchTST-ICEEMDAN
2013-08-14,CVX,0.019510426078110897,-0.016892014,PatchTST-ICEEMDAN
2013-08-14,DUK,-0.0751408760464476,0.02327815,PatchTST-ICEEMDAN
2013-08-14,GS,0.001067114132998103,0.06896369,PatchTST-ICEEMDAN
2013-08-14,HD,-0.04694532566552449,0.01956732,PatchTST-ICEEMDAN
2013-08-14,INTC,0.004872090982956793,-0.05038961,PatchTST-ICEEMDAN
2013-08-14,JNJ,-0.036452156167005305,0.03520285,PatchTST-ICEEMDAN
2013-08-14,JPM,-0.038491198178218,0.051470205,PatchTST-ICEEMDAN
2013-08-14,KO,-0.023746109768767606,0.011357196,PatchTST-ICEEMDAN
2013-08-14,MCD,0.015586759964433202,-0.006017532,PatchTST-ICEEMDAN
2013-08-14,MMM,0.0015487723861988883,0.051446054,PatchTST-ICEEMDAN
2013-08-14,MSFT,0.014171432396760613,0.03096248,PatchTST-ICEEMDAN
2013-08-14,NEM,-0.0555751920097758,-0.069457814,PatchTST-ICEEMDAN
2013-08-14,PFE,-0.033348309691285306,-0.03674955,PatchTST-ICEEMDAN
2013-08-14,PG,-0.04252790266957242,0.027790502,PatchTST-ICEEMDAN
2013-08-14,UNH,0.0225316068179765,0.16272034,PatchTST-ICEEMDAN
2013-08-14,VZ,-0.037309858050858194,0.090487815,PatchTST-ICEEMDAN
2013-08-14,WFC,-0.024773502162531907,0.04197763,PatchTST-ICEEMDAN
2013-08-14,XOM,-0.016011345480660907,0.015087072,PatchTST-ICEEMDAN
2013-09-13,AAPL,0.0416835822980208,0.02716739,PatchTST-ICEEMDAN
2013-09-13,CAT,-0.014265640266247598,0.021829508,PatchTST-ICEEMDAN
2013-09-13,CVX,-0.05151020762831591,-0.026834816,PatchTST-ICEEMDAN
2013-09-13,DUK,0.058004252503563794,0.014923787,PatchTST-ICEEMDAN
2013-09-13,GS,-0.020721511594532692,0.05165542,PatchTST-ICEEMDAN
2013-09-13,HD,0.0121276181166003,-0.015711213,PatchTST-ICEEMDAN
2013-09-13,INTC,0.027458425891344,0.018674582,PatchTST-ICEEMDAN
2013-09-13,JNJ,0.004930629751920199,0.023121858,PatchTST-ICEEMDAN
2013-09-13,JPM,0.01249512693577711,0.038941737,PatchTST-ICEEMDAN
2013-09-13,KO,-0.017583692679568396,-0.04236075,PatchTST-ICEEMDAN
2013-09-13,MCD,-0.02542890159290689,0.014419574,PatchTST-ICEEMDAN
2013-09-13,MMM,0.0210955963044605,-0.02322631,PatchTST-ICEEMDAN
2013-09-13,MSFT,0.043107876557691806,0.1120075,PatchTST-ICEEMDAN
2013-09-13,NEM,-0.09701193733739362,-0.106772535,PatchTST-ICEEMDAN
2013-09-13,PFE,0.014378670917973598,0.055205274,PatchTST-ICEEMDAN
2013-09-13,PG,0.002807254496153098,0.046341848,PatchTST-ICEEMDAN
2013-09-13,UNH,-0.006307950704752606,0.06185075,PatchTST-ICEEMDAN
2013-09-13,VZ,0.0057641053239415,0.04312522,PatchTST-ICEEMDAN
2013-09-13,WFC,-0.01983577036722091,-0.012723815,PatchTST-ICEEMDAN
2013-09-13,XOM,-0.011776131405219596,0.00014784565,PatchTST-ICEEMDAN
2013-10-14,AAPL,0.057698072223859996,0.042357977,PatchTST-ICEEMDAN
2013-10-14,CAT,-0.010221352864979898,-0.057567216,PatchTST-ICEEMDAN
2013-10-14,CVX,0.028567445041967697,0.029255496,PatchTST-ICEEMDAN
2013-10-14,DUK,0.05096692918916561,-0.010363671,PatchTST-ICEEMDAN
2013-10-14,GS,0.023716568986762204,0.07024003,PatchTST-ICEEMDAN
2013-10-14,HD,-0.0125255869342246,-0.016258322,PatchTST-ICEEMDAN
2013-10-14,INTC,0.04769508848077791,0.013802251,PatchTST-ICEEMDAN
2013-10-14,JNJ,0.052695472085087805,0.042504787,PatchTST-ICEEMDAN
2013-10-14,JPM,0.029830403822625612,0.0040073483,PatchTST-ICEEMDAN
2013-10-14,KO,0.0541091026794404,-0.023283934,PatchTST-ICEEMDAN
2013-10-14,MCD,0.024502229241797808,-0.013553896,PatchTST-ICEEMDAN
2013-10-14,MMM,0.0581661540909855,0.023765119,PatchTST-ICEEMDAN
2013-10-14,MSFT,0.0965612111186392,0.18603298,PatchTST-ICEEMDAN
2013-10-14,NEM,0.0737176882495843,-0.05374049,PatchTST-ICEEMDAN
2013-10-14,PFE,0.0918181066901046,-0.020777516,PatchTST-ICEEMDAN
2013-10-14,PG,0.0548295816992148,-0.011885887,PatchTST-ICEEMDAN
2013-10-14,UNH,-0.0520947484836874,0.04232293,PatchTST-ICEEMDAN
2013-10-14,VZ,0.05916187287037142,0.015647871,PatchTST-ICEEMDAN
2013-10-14,WFC,0.0384261328125343,-0.006987474,PatchTST-ICEEMDAN
2013-10-14,XOM,0.0736172030224041,0.001974735,PatchTST-ICEEMDAN
2013-11-12,AAPL,0.07836195164889609,0.030959459,PatchTST-ICEEMDAN
2013-11-12,CAT,0.013338380142096503,0.035896715,PatchTST-ICEEMDAN
2013-11-12,CVX,0.016750627081013596,-0.004200859,PatchTST-ICEEMDAN
2013-11-12,DUK,-0.04761288845802681,0.032277044,PatchTST-ICEEMDAN
2013-11-12,GS,0.025968252790171398,0.018923994,PatchTST-ICEEMDAN
2013-11-12,HD,0.0519392949158774,0.05630309,PatchTST-ICEEMDAN
2013-11-12,INTC,0.010290063863156,0.09481933,PatchTST-ICEEMDAN
2013-11-12,JNJ,-0.005636486245137998,6.9036265e-05,PatchTST-ICEEMDAN
2013-11-12,JPM,0.035766801810553805,0.0018537804,PatchTST-ICEEMDAN
2013-11-12,KO,0.0134811016157871,0.04348922,PatchTST-ICEEMDAN
2013-11-12,MCD,-0.010745755664957696,-0.00083582615,PatchTST-ICEEMDAN
2013-11-12,MMM,-0.004370553175613772,0.040268403,PatchTST-ICEEMDAN
2013-11-12,MSFT,0.008087312142619499,-0.048567466,PatchTST-ICEEMDAN
2013-11-12,NEM,-0.15293972060479646,-0.0913676,PatchTST-ICEEMDAN
2013-11-12,PFE,-0.019066917095399,0.056209855,PatchTST-ICEEMDAN
2013-11-12,PG,0.021169158432588195,0.019214902,PatchTST-ICEEMDAN
2013-11-12,UNH,0.026800826439748793,0.026971964,PatchTST-ICEEMDAN
2013-11-12,VZ,-0.029864914144293202,-0.009523603,PatchTST-ICEEMDAN
2013-11-12,WFC,0.017851529388291806,0.028816646,PatchTST-ICEEMDAN
2013-11-12,XOM,0.013887785524781603,0.066237,PatchTST-ICEEMDAN
2013-12-12,AAPL,-0.0467318356488969,0.078399606,PatchTST-ICEEMDAN
2013-12-12,CAT,0.0526466447469504,0.02479795,PatchTST-ICEEMDAN
2013-12-12,CVX,-0.023618121999293196,0.020866891,PatchTST-ICEEMDAN
2013-12-12,DUK,-0.0082292521724446,0.0028916267,PatchTST-ICEEMDAN
2013-12-12,GS,0.0482217395470244,-0.015498733,PatchTST-ICEEMDAN
2013-12-12,HD,0.024631232370181104,0.08072953,PatchTST-ICEEMDAN
2013-12-12,INTC,0.0432761893411678,-0.053578805,PatchTST-ICEEMDAN
2013-12-12,JNJ,0.014817978789838005,0.038968563,PatchTST-ICEEMDAN
2013-12-12,JPM,0.0351753019171146,0.026035398,PatchTST-ICEEMDAN
2013-12-12,KO,-0.015064540098342405,0.036391765,PatchTST-ICEEMDAN
2013-12-12,MCD,-0.004524480559944602,-0.008484798,PatchTST-ICEEMDAN
2013-12-12,MMM,0.060527233939891414,0.009233058,PatchTST-ICEEMDAN
2013-12-12,MSFT,-0.0724932758342433,-0.045944404,PatchTST-ICEEMDAN
2013-12-12,NEM,0.017318368516672795,0.11569441,PatchTST-ICEEMDAN
2013-12-12,PFE,-0.0035953382871360033,0.032924175,PatchTST-ICEEMDAN
2013-12-12,PG,-0.048903112716050495,0.035245087,PatchTST-ICEEMDAN
2013-12-12,UNH,0.0246452249451836,0.022953,PatchTST-ICEEMDAN
2013-12-12,VZ,-0.019763164698735902,0.026603682,PatchTST-ICEEMDAN
2013-12-12,WFC,0.045809649585066406,0.02465928,PatchTST-ICEEMDAN
2013-12-12,XOM,0.044507001496683116,0.11394021,PatchTST-ICEEMDAN
2014-01-14,AAPL,0.006322420405026114,0.01069838,PatchTST-ICEEMDAN
2014-01-14,CAT,0.0740450370013303,0.029030504,PatchTST-ICEEMDAN
2014-01-14,CVX,-0.053612042092779616,0.0077294502,PatchTST-ICEEMDAN
2014-01-14,DUK,0.0557274954126615,-0.016710792,PatchTST-ICEEMDAN
2014-01-14,GS,-0.07298930429099729,0.05864286,PatchTST-ICEEMDAN
2014-01-14,HD,-0.04664398774267999,0.060575694,PatchTST-ICEEMDAN
2014-01-14,INTC,-0.02847615234730769,0.044951584,PatchTST-ICEEMDAN
2014-01-14,JNJ,-0.02225625878735349,0.027958108,PatchTST-ICEEMDAN
2014-01-14,JPM,-0.0031240848382954062,0.004454069,PatchTST-ICEEMDAN
2014-01-14,KO,-0.026142162027607503,0.007226122,PatchTST-ICEEMDAN
2014-01-14,MCD,0.0006328696489917999,0.00904097,PatchTST-ICEEMDAN
2014-01-14,MMM,-0.025439067271070506,-0.014137594,PatchTST-ICEEMDAN
2014-01-14,MSFT,0.0687638686546398,-0.018116195,PatchTST-ICEEMDAN
2014-01-14,NEM,-0.05908173555151501,-0.18608528,PatchTST-ICEEMDAN
2014-01-14,PFE,0.0427403864602487,-0.050079525,PatchTST-ICEEMDAN
2014-01-14,PG,-0.024466267118856397,0.008704532,PatchTST-ICEEMDAN
2014-01-14,UNH,-0.051335742106912004,0.015010999,PatchTST-ICEEMDAN
2014-01-14,VZ,0.007203897663382199,-0.016246991,PatchTST-ICEEMDAN
2014-01-14,WFC,0.016117073153397707,0.053519037,PatchTST-ICEEMDAN
2014-01-14,XOM,-0.07176788546037222,0.09743757,PatchTST-ICEEMDAN
2014-02-13,AAPL,-0.0211768826717416,-0.16888006,PatchTST-ICEEMDAN
2014-02-13,CAT,-0.0081436242291161,0.007472374,PatchTST-ICEEMDAN
2014-02-13,CVX,0.018308776546276998,-0.062441222,PatchTST-ICEEMDAN
2014-02-13,DUK,-0.0024016421355019983,-0.00045398454,PatchTST-ICEEMDAN
2014-02-13,GS,0.014621803508457494,-0.08872332,PatchTST-ICEEMDAN
2014-02-13,HD,0.032546809351656096,-0.013443009,PatchTST-ICEEMDAN
2014-02-13,INTC,-0.0020382916946287,0.019935774,PatchTST-ICEEMDAN
2014-02-13,JNJ,0.0113810017920331,0.017976146,PatchTST-ICEEMDAN
2014-02-13,JPM,-0.0125968083879093,0.026270509,PatchTST-ICEEMDAN
2014-02-13,KO,-0.0009753059760920935,0.012767762,PatchTST-ICEEMDAN
2014-02-13,MCD,0.0364373133123148,0.0074526398,PatchTST-ICEEMDAN
2014-02-13,MMM,-0.004687905107347858,0.014252415,PatchTST-ICEEMDAN
2014-02-13,MSFT,0.013589716848535896,-0.063958496,PatchTST-ICEEMDAN
2014-02-13,NEM,0.157225590732878,-0.069066375,PatchTST-ICEEMDAN
2014-02-13,PFE,-0.012094447807148908,-0.0035706833,PatchTST-ICEEMDAN
2014-02-13,PG,0.019045620621954598,0.0032891785,PatchTST-ICEEMDAN
2014-02-13,UNH,0.0784662043267637,0.0010204967,PatchTST-ICEEMDAN
2014-02-13,VZ,-0.0276106073382992,-0.06250069,PatchTST-ICEEMDAN
2014-02-13,WFC,0.030197978575778498,0.018299762,PatchTST-ICEEMDAN
2014-02-13,XOM,0.025901980414534696,-0.10505147,PatchTST-ICEEMDAN
2014-03-17,AAPL,-0.005753365832818533,-0.10149039,PatchTST-ICEEMDAN
2014-03-17,CAT,0.07461710017109649,0.068963416,PatchTST-ICEEMDAN
2014-03-17,CVX,0.03952379633845,-0.026847372,PatchTST-ICEEMDAN
2014-03-17,DUK,0.019192551533133297,-0.08284333,PatchTST-ICEEMDAN
2014-03-17,GS,-0.06631846191514783,-0.033369463,PatchTST-ICEEMDAN
2014-03-17,HD,-0.043907897968908115,0.021435838,PatchTST-ICEEMDAN
2014-03-17,INTC,0.08073298131040389,0.003307364,PatchTST-ICEEMDAN
2014-03-17,JNJ,0.045598618747790295,-0.016112825,PatchTST-ICEEMDAN
2014-03-17,JPM,-0.02664734715584669,-0.014990745,PatchTST-ICEEMDAN
2014-03-17,KO,0.014564109299716497,-0.009152954,PatchTST-ICEEMDAN
2014-03-17,MCD,0.025596984936031297,0.028871426,PatchTST-ICEEMDAN
2014-03-17,MMM,0.0252505843769954,0.017448109,PatchTST-ICEEMDAN
2014-03-17,MSFT,0.038506372315050205,0.007246052,PatchTST-ICEEMDAN
2014-03-17,NEM,-0.07000304640653732,-0.17560017,PatchTST-ICEEMDAN
2014-03-17,PFE,-0.044523991040883594,0.0030064096,PatchTST-ICEEMDAN
2014-03-17,PG,0.022906289215942698,0.010960177,PatchTST-ICEEMDAN
2014-03-17,UNH,0.0449461318416287,0.041291963,PatchTST-ICEEMDAN
2014-03-17,VZ,0.0365722849494098,0.011285577,PatchTST-ICEEMDAN
2014-03-17,WFC,0.014868296732265397,-0.0038419822,PatchTST-ICEEMDAN
2014-03-17,XOM,0.0458971671798545,0.027131803,PatchTST-ICEEMDAN
2014-04-15,AAPL,0.135175602619102,0.02179658,PatchTST-ICEEMDAN
2014-04-15,CAT,0.041706377927708,0.04037046,PatchTST-ICEEMDAN
2014-04-15,CVX,0.0630108639657671,0.015446254,PatchTST-ICEEMDAN
2014-04-15,DUK,-0.00022757691793509876,0.01839923,PatchTST-ICEEMDAN
2014-04-15,GS,0.0299842450088227,-0.0010043306,PatchTST-ICEEMDAN
2014-04-15,HD,0.004465737407055196,0.057949718,PatchTST-ICEEMDAN
2014-04-15,INTC,-0.0001411976065719021,-0.01162401,PatchTST-ICEEMDAN
2014-04-15,JNJ,0.03767936802073361,0.012414905,PatchTST-ICEEMDAN
2014-04-15,JPM,-0.010976864557253701,-0.04145046,PatchTST-ICEEMDAN
2014-04-15,KO,0.054270834814452204,0.0058723474,PatchTST-ICEEMDAN
2014-04-15,MCD,0.02875090973269033,0.087603636,PatchTST-ICEEMDAN
2014-04-15,MMM,0.0615296856149614,0.02569377,PatchTST-ICEEMDAN
2014-04-15,MSFT,0.0337257113684513,0.030447124,PatchTST-ICEEMDAN
2014-04-15,NEM,0.008972274892814503,0.10232125,PatchTST-ICEEMDAN
2014-04-15,PFE,-0.017243221130830693,0.01186894,PatchTST-ICEEMDAN
2014-04-15,PG,0.012402698133250706,-0.01258253,PatchTST-ICEEMDAN
2014-04-15,UNH,-0.025712807744482393,0.06995961,PatchTST-ICEEMDAN
2014-04-15,VZ,0.0155336025079872,0.0033136334,PatchTST-ICEEMDAN
2014-04-15,WFC,0.031386376693681904,0.00618674,PatchTST-ICEEMDAN
2014-04-15,XOM,0.05104084068732008,-0.037243437,PatchTST-ICEEMDAN
2014-05-15,AAPL,0.0731815184591874,0.19529603,PatchTST-ICEEMDAN
2014-05-15,CAT,0.0022505080319042943,0.031889107,PatchTST-ICEEMDAN
2014-05-15,CVX,0.015122429678612999,0.0754646,PatchTST-ICEEMDAN
2014-05-15,DUK,-0.006192732695508597,0.018795464,PatchTST-ICEEMDAN
2014-05-15,GS,0.04300028131382769,0.0063802083,PatchTST-ICEEMDAN
2014-05-15,HD,0.0286327842994943,0.0007119584,PatchTST-ICEEMDAN
2014-05-15,INTC,0.126145496975931,0.024778053,PatchTST-ICEEMDAN
2014-05-15,JNJ,0.023268328617052702,0.0054591116,PatchTST-ICEEMDAN
2014-05-15,JPM,0.0481239077444257,-0.02674067,PatchTST-ICEEMDAN
2014-05-15,KO,-0.0053061696890853004,0.0553288,PatchTST-ICEEMDAN
2014-05-15,MCD,-0.016934175146684098,0.040850602,PatchTST-ICEEMDAN
2014-05-15,MMM,0.01846866149613046,0.038154464,PatchTST-ICEEMDAN
2014-05-15,MSFT,0.024304141247563,0.0074553736,PatchTST-ICEEMDAN
2014-05-15,NEM,-0.050125712481752106,0.1482024,PatchTST-ICEEMDAN
2014-05-15,PFE,0.014668827781843398,0.048468996,PatchTST-ICEEMDAN
2014-05-15,PG,-0.019028947091980702,0.02805681,PatchTST-ICEEMDAN
2014-05-15,UNH,0.0304008610152504,0.07557235,PatchTST-ICEEMDAN
2014-05-15,VZ,0.024077639015862105,-0.0321608,PatchTST-ICEEMDAN
2014-05-15,WFC,0.0515977848284714,-0.029761864,PatchTST-ICEEMDAN
2014-05-15,XOM,0.003512839175591799,0.047216885,PatchTST-ICEEMDAN
2014-06-16,AAPL,0.0433082307234976,0.13600928,PatchTST-ICEEMDAN
2014-06-16,CAT,0.0284389833927496,0.050870582,PatchTST-ICEEMDAN
2014-06-16,CVX,0.015593104469239966,0.030769851,PatchTST-ICEEMDAN
2014-06-16,DUK,0.016800291390386305,-0.02097604,PatchTST-ICEEMDAN
2014-06-16,GS,0.019579260727255205,0.0494201,PatchTST-ICEEMDAN
2014-06-16,HD,0.022669383487422097,-0.0068076486,PatchTST-ICEEMDAN
2014-06-16,INTC,0.059777614506046,0.07569272,PatchTST-ICEEMDAN
2014-06-16,JNJ,0.007288267013068499,0.012145345,PatchTST-ICEEMDAN
2014-06-16,JPM,0.028301088102766596,-0.08070399,PatchTST-ICEEMDAN
2014-06-16,KO,0.04196078954159611,-0.0006052198,PatchTST-ICEEMDAN
2014-06-16,MCD,-0.001892215538289577,0.020441886,PatchTST-ICEEMDAN
2014-06-16,MMM,0.011788601048102598,0.039174244,PatchTST-ICEEMDAN
2014-06-16,MSFT,0.029161056463857103,-0.010918404,PatchTST-ICEEMDAN
2014-06-16,NEM,0.053662137080938206,-0.15887558,PatchTST-ICEEMDAN
2014-06-16,PFE,0.029364985631243404,-0.009305308,PatchTST-ICEEMDAN
2014-06-16,PG,0.0201374071497206,0.029111326,PatchTST-ICEEMDAN
2014-06-16,UNH,0.057902220343404705,-0.0047676424,PatchTST-ICEEMDAN
2014-06-16,VZ,0.0413465969531854,0.015230364,PatchTST-ICEEMDAN
2014-06-16,WFC,-0.010654066341194502,0.037169695,PatchTST-ICEEMDAN
2014-06-16,XOM,-0.002535987025982399,0.0013834138,PatchTST-ICEEMDAN
2014-07-16,AAPL,0.024903945954946712,0.018291976,PatchTST-ICEEMDAN
2014-07-16,CAT,-0.037329370425082095,0.029354734,PatchTST-ICEEMDAN
2014-07-16,CVX,-0.012925344010198497,0.01856423,PatchTST-ICEEMDAN
2014-07-16,DUK,-0.0041892100390857,-0.027776461,PatchTST-ICEEMDAN
2014-07-16,GS,0.018738776413874905,0.002129294,PatchTST-ICEEMDAN
2014-07-16,HD,0.0400099467526275,-0.002404869,PatchTST-ICEEMDAN
2014-07-16,INTC,0.07929514634936172,0.07577217,PatchTST-ICEEMDAN
2014-07-16,JNJ,-0.015023283628885931,-0.036637083,PatchTST-ICEEMDAN
2014-07-16,JPM,-0.02696093457978021,-0.01564188,PatchTST-ICEEMDAN
2014-07-16,KO,-0.05266910891836679,0.010624701,PatchTST-ICEEMDAN
2014-07-16,MCD,-0.06529686760403629,-0.021153674,PatchTST-ICEEMDAN
2014-07-16,MMM,-0.022729756075969415,0.014034795,PatchTST-ICEEMDAN
2014-07-16,MSFT,0.03767897208445219,0.022174511,PatchTST-ICEEMDAN
2014-07-16,NEM,0.09202798020458582,0.14061588,PatchTST-ICEEMDAN
2014-07-16,PFE,-0.06631151347394139,-0.0012664432,PatchTST-ICEEMDAN
2014-07-16,PG,0.010660185930682995,0.00592624,PatchTST-ICEEMDAN
2014-07-16,UNH,-0.028899686729460698,0.013129255,PatchTST-ICEEMDAN
2014-07-16,VZ,-0.03593698676368689,-0.011322649,PatchTST-ICEEMDAN
2014-07-16,WFC,-0.0198729391260975,0.023851661,PatchTST-ICEEMDAN
2014-07-16,XOM,-0.025818124315027897,-0.02466629,PatchTST-ICEEMDAN
2014-08-14,AAPL,0.04445195188499204,0.04169456,PatchTST-ICEEMDAN
2014-08-14,CAT,-0.0013321158015335973,-0.032097314,PatchTST-ICEEMDAN
2014-08-14,CVX,-0.031020534845698697,0.0060836924,PatchTST-ICEEMDAN
2014-08-14,DUK,0.029587630268598692,0.031652708,PatchTST-ICEEMDAN
2014-08-14,GS,0.06386826126215109,0.029264301,PatchTST-ICEEMDAN
2014-08-14,HD,0.07159103333620831,-0.0060559493,PatchTST-ICEEMDAN
2014-08-14,INTC,0.015133949340252197,0.10963028,PatchTST-ICEEMDAN
2014-08-14,JNJ,0.0342728108720268,-0.027112544,PatchTST-ICEEMDAN
2014-08-14,JPM,0.056717762687939995,0.07524395,PatchTST-ICEEMDAN
2014-08-14,KO,0.04460992529320609,-0.044200744,PatchTST-ICEEMDAN
2014-08-14,MCD,0.0019740629029421004,-0.06053433,PatchTST-ICEEMDAN
2014-08-14,MMM,0.020923550633830397,-0.0098240925,PatchTST-ICEEMDAN
2014-08-14,MSFT,0.06396448886850951,0.020666953,PatchTST-ICEEMDAN
2014-08-14,NEM,-0.07178393495092399,0.054311443,PatchTST-ICEEMDAN
2014-08-14,PFE,0.0423382118512082,0.052453045,PatchTST-ICEEMDAN
2014-08-14,PG,0.021610804524790098,-0.0066025183,PatchTST-ICEEMDAN
2014-08-14,UNH,0.05995542253343129,0.021747103,PatchTST-ICEEMDAN
2014-08-14,VZ,-0.0106866454203557,-0.022719871,PatchTST-ICEEMDAN
2014-08-14,WFC,0.0336346520015519,-0.010838538,PatchTST-ICEEMDAN
2014-08-14,XOM,-0.0339749507493965,-0.054876477,PatchTST-ICEEMDAN
2014-09-15,AAPL,-0.0183658204883037,0.055337362,PatchTST-ICEEMDAN
2014-09-15,CAT,-0.1358465882963468,-0.0370835,PatchTST-ICEEMDAN
2014-09-15,CVX,-0.09064943221852119,-0.02517095,PatchTST-ICEEMDAN
2014-09-15,DUK,0.05783487876105949,0.033780687,PatchTST-ICEEMDAN
2014-09-15,GS,-0.024314502744544907,0.082756825,PatchTST-ICEEMDAN
2014-09-15,HD,0.019617504680589693,0.052950922,PatchTST-ICEEMDAN
2014-09-15,INTC,-0.0953967962961495,0.054803103,PatchTST-ICEEMDAN
2014-09-15,JNJ,-0.0536209295912336,0.009184454,PatchTST-ICEEMDAN
2014-09-15,JPM,-0.024931739536908897,0.036178194,PatchTST-ICEEMDAN
2014-09-15,KO,0.06104979939179111,-0.041184515,PatchTST-ICEEMDAN
2014-09-15,MCD,-0.028360465904087098,-0.017001323,PatchTST-ICEEMDAN
2014-09-15,MMM,-0.0797992165417524,0.01314706,PatchTST-ICEEMDAN
2014-09-15,MSFT,-0.0675409284519667,0.048165236,PatchTST-ICEEMDAN
2014-09-15,NEM,-0.11124907172349272,-0.014837598,PatchTST-ICEEMDAN
2014-09-15,PFE,-0.0331640595666403,0.0150962025,PatchTST-ICEEMDAN
2014-09-15,PG,0.0013201729873668008,0.0031637535,PatchTST-ICEEMDAN
2014-09-15,UNH,-0.026216645965173906,0.011026809,PatchTST-ICEEMDAN
2014-09-15,VZ,0.010512474376081507,0.04061686,PatchTST-ICEEMDAN
2014-09-15,WFC,-0.0294431645137041,0.018665161,PatchTST-ICEEMDAN
2014-09-15,XOM,-0.052954222821097005,-0.016475178,PatchTST-ICEEMDAN
2014-10-14,AAPL,0.09880811632340362,-0.042011134,PatchTST-ICEEMDAN
2014-10-14,CAT,0.1194403127825529,-0.19211024,PatchTST-ICEEMDAN
2014-10-14,CVX,0.05563977388813445,-0.12676312,PatchTST-ICEEMDAN
2014-10-14,DUK,0.06561972154133681,0.003625245,PatchTST-ICEEMDAN
2014-10-14,GS,0.07077009047125689,-0.010821868,PatchTST-ICEEMDAN
2014-10-14,HD,0.0799409268048273,0.031973638,PatchTST-ICEEMDAN
2014-10-14,INTC,0.06335844068298939,-0.032159105,PatchTST-ICEEMDAN
2014-10-14,JNJ,0.0941907063036178,0.008139323,PatchTST-ICEEMDAN
2014-10-14,JPM,0.0537234001475436,0.030673513,PatchTST-ICEEMDAN
2014-10-14,KO,-0.03603958123494989,0.037486225,PatchTST-ICEEMDAN
2014-10-14,MCD,0.04746145282690759,-0.008704489,PatchTST-ICEEMDAN
2014-10-14,MMM,0.167348961148333,-0.009659404,PatchTST-ICEEMDAN
2014-10-14,MSFT,0.11296061158939547,0.020956,PatchTST-ICEEMDAN
2014-10-14,NEM,-0.18588053624161283,-0.026935922,PatchTST-ICEEMDAN
2014-10-14,PFE,0.0715807579181277,-0.0455187,PatchTST-ICEEMDAN
2014-10-14,PG,0.08048819050792969,0.005277444,PatchTST-ICEEMDAN
2014-10-14,UNH,0.13089226798182987,0.04276221,PatchTST-ICEEMDAN
2014-10-14,VZ,0.0452696171520674,0.005327744,PatchTST-ICEEMDAN
2014-10-14,WFC,0.0717533979071975,0.0088476045,PatchTST-ICEEMDAN
2014-10-14,XOM,0.0667043864590083,-0.03443156,PatchTST-ICEEMDAN
2014-11-12,AAPL,0.017350864391703403,0.17032048,PatchTST-ICEEMDAN
2014-11-12,CAT,-0.10089508833582052,0.037246045,PatchTST-ICEEMDAN
2014-11-12,CVX,-0.11207259991115179,-0.021825453,PatchTST-ICEEMDAN
2014-11-12,DUK,0.012442993221265998,0.07379287,PatchTST-ICEEMDAN
2014-11-12,GS,0.011801577961878001,0.051958516,PatchTST-ICEEMDAN
2014-11-12,HD,0.026236051700672395,0.0029639825,PatchTST-ICEEMDAN
2014-11-12,INTC,0.09691907603183152,0.12330413,PatchTST-ICEEMDAN
2014-11-12,JNJ,-0.013821757711054216,0.037256185,PatchTST-ICEEMDAN
2014-11-12,JPM,-0.003754701466523502,0.02115491,PatchTST-ICEEMDAN
2014-11-12,KO,-0.016435209930503396,0.023452995,PatchTST-ICEEMDAN
2014-11-12,MCD,-0.0360181783341882,0.0062733935,PatchTST-ICEEMDAN
2014-11-12,MMM,0.018254026917067998,0.03272997,PatchTST-ICEEMDAN
2014-11-12,MSFT,-0.0291182162059853,0.07049779,PatchTST-ICEEMDAN
2014-11-12,NEM,0.0467785671592958,-0.15324116,PatchTST-ICEEMDAN
2014-11-12,PFE,0.0429302590298099,0.07948155,PatchTST-ICEEMDAN
2014-11-12,PG,0.0082188096809784,0.010388747,PatchTST-ICEEMDAN
2014-11-12,UNH,0.04511613481955861,0.08314303,PatchTST-ICEEMDAN
2014-11-12,VZ,-0.0877123498390987,0.02925375,PatchTST-ICEEMDAN
2014-11-12,WFC,0.0157394095896754,0.08107204,PatchTST-ICEEMDAN
2014-11-12,XOM,-0.07772889367828452,-0.005032651,PatchTST-ICEEMDAN
2014-12-12,AAPL,-0.01262207838036367,0.009601064,PatchTST-ICEEMDAN
2014-12-12,CAT,-0.07062016235965961,0.010160087,PatchTST-ICEEMDAN
2014-12-12,CVX,-0.006790971309686911,0.03231102,PatchTST-ICEEMDAN
2014-12-12,DUK,0.030650857476702598,0.10631453,PatchTST-ICEEMDAN
2014-12-12,GS,-0.04550664024489079,0.0038438877,PatchTST-ICEEMDAN
2014-12-12,HD,0.0339247630851504,0.050217558,PatchTST-ICEEMDAN
2014-12-12,INTC,-0.005464643312338907,-0.009348828,PatchTST-ICEEMDAN
2014-12-12,JNJ,-0.018536158681941202,-0.0036322111,PatchTST-ICEEMDAN
2014-12-12,JPM,-0.03193228431542901,0.02119596,PatchTST-ICEEMDAN
2014-12-12,KO,0.02614231946812429,0.041968603,PatchTST-ICEEMDAN
2014-12-12,MCD,0.020240201075338506,0.007330644,PatchTST-ICEEMDAN
2014-12-12,MMM,0.009194166016717102,0.074412435,PatchTST-ICEEMDAN
2014-12-12,MSFT,-0.0173212886079774,0.037154138,PatchTST-ICEEMDAN
2014-12-12,NEM,0.03957471895010659,-0.21113425,PatchTST-ICEEMDAN
2014-12-12,PFE,0.024653992314322203,0.06120321,PatchTST-ICEEMDAN
2014-12-12,PG,-0.001217469271409503,0.031326286,PatchTST-ICEEMDAN
2014-12-12,UNH,0.0329416950659375,0.038778536,PatchTST-ICEEMDAN
2014-12-12,VZ,0.029294262866939504,0.0065744272,PatchTST-ICEEMDAN
2014-12-12,WFC,-0.0485606394527178,0.036278564,PatchTST-ICEEMDAN
2014-12-12,XOM,0.008928363264974194,0.008648204,PatchTST-ICEEMDAN
2015-01-14,AAPL,0.14138646913695951,0.08168767,PatchTST-ICEEMDAN
2015-01-14,CAT,-0.025268571188985085,0.008623161,PatchTST-ICEEMDAN
2015-01-14,CVX,0.0717329057343778,0.048051506,PatchTST-ICEEMDAN
2015-01-14,DUK,-0.0434871021788411,-0.022006437,PatchTST-ICEEMDAN
2015-01-14,GS,0.025888072996322113,-0.008886783,PatchTST-ICEEMDAN
2015-01-14,HD,0.0781351697716103,0.012613692,PatchTST-ICEEMDAN
2015-01-14,INTC,-0.05998782823549698,0.092576995,PatchTST-ICEEMDAN
2015-01-14,JNJ,-0.062225030085349596,0.02094345,PatchTST-ICEEMDAN
2015-01-14,JPM,0.012330236498650496,0.040644985,PatchTST-ICEEMDAN
2015-01-14,KO,-0.010849601436902799,0.01832511,PatchTST-ICEEMDAN
2015-01-14,MCD,0.024054015319445503,-0.049249332,PatchTST-ICEEMDAN
2015-01-14,MMM,0.038604515159264594,-0.007098046,PatchTST-ICEEMDAN
2015-01-14,MSFT,-0.0731457822663675,0.0016561775,PatchTST-ICEEMDAN
2015-01-14,NEM,0.1855089090840313,-0.008553282,PatchTST-ICEEMDAN
2015-01-14,PFE,0.08101780342209161,0.09047425,PatchTST-ICEEMDAN
2015-01-14,PG,-0.041354247697401404,0.00863123,PatchTST-ICEEMDAN
2015-01-14,UNH,0.06361675303549504,0.083318904,PatchTST-ICEEMDAN
2015-01-14,VZ,0.04840616123460309,-0.014158953,PatchTST-ICEEMDAN
2015-01-14,WFC,0.06299950679919031,-0.013565857,PatchTST-ICEEMDAN
2015-01-14,XOM,0.033491523066281295,0.011302544,PatchTST-ICEEMDAN
2015-02-13,AAPL,-0.012012301604084397,-0.053083908,PatchTST-ICEEMDAN
2015-02-13,CAT,-0.0435541665715925,-0.13473837,PatchTST-ICEEMDAN
2015-02-13,CVX,-0.072277931914352,0.0036179004,PatchTST-ICEEMDAN
2015-02-13,DUK,-0.0682790948263715,0.05466217,PatchTST-ICEEMDAN
2015-02-13,GS,0.014243370042006102,0.030775612,PatchTST-ICEEMDAN
2015-02-13,HD,0.043097253796896724,0.030815117,PatchTST-ICEEMDAN
2015-02-13,INTC,-0.10168878471198389,-0.020752998,PatchTST-ICEEMDAN
2015-02-13,JNJ,0.0332429712380295,-0.0047431625,PatchTST-ICEEMDAN
2015-02-13,JPM,0.03755969418117509,0.0061846105,PatchTST-ICEEMDAN
2015-02-13,KO,-0.0373416784877367,-0.046090536,PatchTST-ICEEMDAN
2015-02-13,MCD,0.030085236186938195,-0.012036936,PatchTST-ICEEMDAN
2015-02-13,MMM,0.0018068575851732,-0.02038411,PatchTST-ICEEMDAN
2015-02-13,MSFT,-0.029061476926170803,-0.1273683,PatchTST-ICEEMDAN
2015-02-13,NEM,-0.09337900722489581,-0.018906554,PatchTST-ICEEMDAN
2015-02-13,PFE,-0.012408314360713692,0.0965864,PatchTST-ICEEMDAN
2015-02-13,PG,-0.0291312023428864,-0.009666899,PatchTST-ICEEMDAN
2015-02-13,UNH,0.07939699053086094,0.096726425,PatchTST-ICEEMDAN
2015-02-13,VZ,-0.0050611043047424035,0.032885246,PatchTST-ICEEMDAN
2015-02-13,WFC,0.015733471381043106,0.070719644,PatchTST-ICEEMDAN
2015-02-13,XOM,-0.085978509034739,0.009552008,PatchTST-ICEEMDAN
2015-03-17,AAPL,0.01453978809848129,0.021251898,PatchTST-ICEEMDAN
2015-03-17,CAT,0.06288067869386099,-0.026431015,PatchTST-ICEEMDAN
2015-03-17,CVX,0.0682104161053023,0.02252005,PatchTST-ICEEMDAN
2015-03-17,DUK,0.030055044237864204,0.032983825,PatchTST-ICEEMDAN
2015-03-17,GS,0.04682745381228459,0.04301169,PatchTST-ICEEMDAN
2015-03-17,HD,-0.026529251382969295,0.055392243,PatchTST-ICEEMDAN
2015-03-17,INTC,0.0628544370372936,-0.18986218,PatchTST-ICEEMDAN
2015-03-17,JNJ,-0.004562231327597099,-0.019107671,PatchTST-ICEEMDAN
2015-03-17,JPM,0.0440718959331298,0.002079033,PatchTST-ICEEMDAN
2015-03-17,KO,0.002726353051865497,0.067648225,PatchTST-ICEEMDAN
2015-03-17,MCD,-0.007335472731481694,-0.035094127,PatchTST-ICEEMDAN
2015-03-17,MMM,0.0013829047393207994,-0.002402532,PatchTST-ICEEMDAN
2015-03-17,MSFT,0.016702723350604496,-0.07631585,PatchTST-ICEEMDAN
2015-03-17,NEM,0.05453901701543578,-0.058482397,PatchTST-ICEEMDAN
2015-03-17,PFE,0.022111328039333297,0.004095529,PatchTST-ICEEMDAN
2015-03-17,PG,-0.0005980283992122997,-0.04615102,PatchTST-ICEEMDAN
2015-03-17,UNH,-0.010176554792895306,0.078973986,PatchTST-ICEEMDAN
2015-03-17,VZ,0.013658163457642501,0.064565755,PatchTST-ICEEMDAN
2015-03-17,WFC,-0.016645816560047894,0.019322746,PatchTST-ICEEMDAN
2015-03-17,XOM,0.038421753194217395,0.017683236,PatchTST-ICEEMDAN
2015-04-16,AAPL,0.02113975338724579,0.11681027,PatchTST-ICEEMDAN
2015-04-16,CAT,0.0494323995391781,-0.006713519,PatchTST-ICEEMDAN
2015-04-16,CVX,-0.017911446763120894,-0.059474554,PatchTST-ICEEMDAN
2015-04-16,DUK,-0.022490619826650404,-0.027726643,PatchTST-ICEEMDAN
2015-04-16,GS,0.007530316202747001,0.01638132,PatchTST-ICEEMDAN
2015-04-16,HD,-0.013399002780128302,0.04633783,PatchTST-ICEEMDAN
2015-04-16,INTC,0.011460508742256507,-0.024763975,PatchTST-ICEEMDAN
2015-04-16,JNJ,0.012152774582271,0.026288033,PatchTST-ICEEMDAN
2015-04-16,JPM,0.0282528954264328,0.05072511,PatchTST-ICEEMDAN
2015-04-16,KO,0.026863321240647102,0.011964504,PatchTST-ICEEMDAN
2015-04-16,MCD,0.013083041556380301,0.05689232,PatchTST-ICEEMDAN
2015-04-16,MMM,-0.019965038734507203,-0.008168037,PatchTST-ICEEMDAN
2015-04-16,MSFT,0.1422485919623253,0.005823303,PatchTST-ICEEMDAN
2015-04-16,NEM,0.14409128063630527,-0.08008551,PatchTST-ICEEMDAN
2015-04-16,PFE,-0.028495742193580892,0.0408477,PatchTST-ICEEMDAN
2015-04-16,PG,-0.027829154103573107,-0.036814403,PatchTST-ICEEMDAN
2015-04-16,UNH,0.010260970449669496,-0.008856744,PatchTST-ICEEMDAN
2015-04-16,VZ,0.0116753360057884,-0.01517817,PatchTST-ICEEMDAN
2015-04-16,WFC,0.0289460255714123,0.011512944,PatchTST-ICEEMDAN
2015-04-16,XOM,-0.004444922387184802,-0.06582346,PatchTST-ICEEMDAN
2015-05-15,AAPL,-0.01586775601777447,0.003286025,PatchTST-ICEEMDAN
2015-05-15,CAT,-0.0183097153962243,0.060295694,PatchTST-ICEEMDAN
2015-05-15,CVX,-0.07832909114927789,0.02268323,PatchTST-ICEEMDAN
2015-05-15,DUK,-0.04041381573615681,0.04566808,PatchTST-ICEEMDAN
2015-05-15,GS,0.047235167388762704,0.0156403,PatchTST-ICEEMDAN
2015-05-15,HD,-0.0120944368042041,-0.004887711,PatchTST-ICEEMDAN
2015-05-15,INTC,-0.04910884078196929,-0.011128236,PatchTST-ICEEMDAN
2015-05-15,JNJ,-0.0362898373058652,0.002829883,PatchTST-ICEEMDAN
2015-05-15,JPM,0.028948665996818196,0.01829991,PatchTST-ICEEMDAN
2015-05-15,KO,-0.0389003316236326,-0.0053644003,PatchTST-ICEEMDAN
2015-05-15,MCD,-0.0268699310129195,-0.051760767,PatchTST-ICEEMDAN
2015-05-15,MMM,-0.0393440890639426,-0.00075035077,PatchTST-ICEEMDAN
2015-05-15,MSFT,-0.062338930804401685,0.03659367,PatchTST-ICEEMDAN
2015-05-15,NEM,-0.12294568335117859,-0.002179151,PatchTST-ICEEMDAN
2015-05-15,PFE,0.0029421774091411036,-0.007038037,PatchTST-ICEEMDAN
2015-05-15,PG,-0.03088004502121381,-0.013559356,PatchTST-ICEEMDAN
2015-05-15,UNH,0.008015712198385806,0.02118483,PatchTST-ICEEMDAN
2015-05-15,VZ,-0.0612749935294861,0.016249426,PatchTST-ICEEMDAN
2015-05-15,WFC,0.0166346191937347,0.04254513,PatchTST-ICEEMDAN
2015-05-15,XOM,-0.038085985779165894,0.0005992234,PatchTST-ICEEMDAN
2015-06-16,AAPL,-0.0007883670797716007,0.043635767,PatchTST-ICEEMDAN
2015-06-16,CAT,-0.0346810330258107,0.02573326,PatchTST-ICEEMDAN
2015-06-16,CVX,-0.0522003193296463,-0.024617061,PatchTST-ICEEMDAN
2015-06-16,DUK,0.020748402527173103,0.009123735,PatchTST-ICEEMDAN
2015-06-16,GS,0.005650690512052593,0.043380372,PatchTST-ICEEMDAN
2015-06-16,HD,0.049391675311659396,0.006622757,PatchTST-ICEEMDAN
2015-06-16,INTC,-0.0556791162877657,0.097529575,PatchTST-ICEEMDAN
2015-06-16,JNJ,0.0296117097917352,-0.00036113162,PatchTST-ICEEMDAN
2015-06-16,JPM,0.024010696120300396,0.0107702,PatchTST-ICEEMDAN
2015-06-16,KO,0.0381611606427435,-0.046846293,PatchTST-ICEEMDAN
2015-06-16,MCD,0.0493456902726817,0.0057792887,PatchTST-ICEEMDAN
2015-06-16,MMM,0.0008337233130398976,0.024166115,PatchTST-ICEEMDAN
2015-06-16,MSFT,0.006137622609553898,0.05848317,PatchTST-ICEEMDAN
2015-06-16,NEM,-0.09739315324202821,-0.13828361,PatchTST-ICEEMDAN
2015-06-16,PFE,0.0272403236639148,-0.016105285,PatchTST-ICEEMDAN
2015-06-16,PG,0.05030034628752871,-0.006384843,PatchTST-ICEEMDAN
2015-06-16,UNH,0.0562150266915309,0.0402613,PatchTST-ICEEMDAN
2015-06-16,VZ,0.018704750800647194,0.059402227,PatchTST-ICEEMDAN
2015-06-16,WFC,0.0139426379654693,0.015039615,PatchTST-ICEEMDAN
2015-06-16,XOM,-0.011532646185160807,0.0042246147,PatchTST-ICEEMDAN
2015-07-16,AAPL,-0.0920168288441744,0.053307764,PatchTST-ICEEMDAN
2015-07-16,CAT,-0.06990148681970192,-0.11088292,PatchTST-ICEEMDAN
2015-07-16,CVX,-0.09324312218150771,-0.06669185,PatchTST-ICEEMDAN
2015-07-16,DUK,0.0318744090978345,0.03231076,PatchTST-ICEEMDAN
2015-07-16,GS,-0.0590933764703798,-0.053582005,PatchTST-ICEEMDAN
2015-07-16,HD,0.029328580940211603,0.017502125,PatchTST-ICEEMDAN
2015-07-16,INTC,-0.019734083918134707,0.02885403,PatchTST-ICEEMDAN
2015-07-16,JNJ,-0.019507770888119995,-0.02050022,PatchTST-ICEEMDAN
2015-07-16,JPM,-0.023988455688880105,0.006009942,PatchTST-ICEEMDAN
2015-07-16,KO,-0.0007296419903276966,0.0033364643,PatchTST-ICEEMDAN
2015-07-16,MCD,0.003023563029136705,-0.05087266,PatchTST-ICEEMDAN
2015-07-16,MMM,-0.056705944375935805,-0.030869674,PatchTST-ICEEMDAN
2015-07-16,MSFT,0.020976156290435394,0.06738478,PatchTST-ICEEMDAN
2015-07-16,NEM,-0.22028092850226855,-0.12086063,PatchTST-ICEEMDAN
2015-07-16,PFE,0.01858899019959789,-0.031021273,PatchTST-ICEEMDAN
2015-07-16,PG,-0.07255701384936,0.09920433,PatchTST-ICEEMDAN
2015-07-16,UNH,-0.043354795143946495,0.045533527,PatchTST-ICEEMDAN
2015-07-16,VZ,0.0069483624663251985,-0.045754034,PatchTST-ICEEMDAN
2015-07-16,WFC,-0.0090164807189206,-0.033644203,PatchTST-ICEEMDAN
2015-07-16,XOM,-0.04162419100711199,-0.0028784834,PatchTST-ICEEMDAN
2015-08-14,AAPL,0.0013884472555153078,-0.0697685,PatchTST-ICEEMDAN
2015-08-14,CAT,-0.06632359873535841,-0.040789735,PatchTST-ICEEMDAN
2015-08-14,CVX,-0.1123773924431845,-0.082689285,PatchTST-ICEEMDAN
2015-08-14,DUK,-0.10113530986320532,-0.016369943,PatchTST-ICEEMDAN
2015-08-14,GS,-0.0839600736891758,-0.031992577,PatchTST-ICEEMDAN
2015-08-14,HD,-0.03163101919939101,0.024332888,PatchTST-ICEEMDAN
2015-08-14,INTC,0.01785148606852859,-0.050141953,PatchTST-ICEEMDAN
2015-08-14,JNJ,-0.04619803118935169,0.022354964,PatchTST-ICEEMDAN
2015-08-14,JPM,-0.0796235830247425,-0.016333815,PatchTST-ICEEMDAN
2015-08-14,KO,-0.0671677237266321,-0.024234464,PatchTST-ICEEMDAN
2015-08-14,MCD,-0.015677195452197302,-0.0075113317,PatchTST-ICEEMDAN
2015-08-14,MMM,-0.03880344760097741,-0.047779404,PatchTST-ICEEMDAN
2015-08-14,MSFT,-0.07568375615036749,0.060729496,PatchTST-ICEEMDAN
2015-08-14,NEM,-0.09434565797892111,-0.048015863,PatchTST-ICEEMDAN
2015-08-14,PFE,-0.07790056024070498,0.038775403,PatchTST-ICEEMDAN
2015-08-14,PG,-0.10744453992816051,-0.040254913,PatchTST-ICEEMDAN
2015-08-14,UNH,-0.018510918341336016,0.048290204,PatchTST-ICEEMDAN
2015-08-14,VZ,-0.043088842966213806,0.033894703,PatchTST-ICEEMDAN
2015-08-14,WFC,-0.0751767700482156,0.009361678,PatchTST-ICEEMDAN
2015-08-14,XOM,-0.08155901854585042,-0.03207811,PatchTST-ICEEMDAN
2015-09-15,AAPL,-0.0310019716183077,-0.036217943,PatchTST-ICEEMDAN
2015-09-15,CAT,-0.03638266398797011,-0.019699402,PatchTST-ICEEMDAN
2015-09-15,CVX,0.1539429952515358,-0.054907262,PatchTST-ICEEMDAN
2015-09-15,DUK,0.059944210902535204,-0.10172848,PatchTST-ICEEMDAN
2015-09-15,GS,-0.016278165906950005,0.015558609,PatchTST-ICEEMDAN
2015-09-15,HD,0.058237642510731304,0.014336645,PatchTST-ICEEMDAN
2015-09-15,INTC,0.0863307378080632,0.023492081,PatchTST-ICEEMDAN
2015-09-15,JNJ,0.022567952655929195,-0.00892506,PatchTST-ICEEMDAN
2015-09-15,JPM,-0.006205168705029898,-0.11176127,PatchTST-ICEEMDAN
2015-09-15,KO,0.08908758269354289,-0.044735026,PatchTST-ICEEMDAN
2015-09-15,MCD,0.06400966605252699,0.016656617,PatchTST-ICEEMDAN
2015-09-15,MMM,0.0572728278065594,-0.031152846,PatchTST-ICEEMDAN
2015-09-15,MSFT,0.08567458118561161,-0.09419274,PatchTST-ICEEMDAN
2015-09-15,NEM,0.1450292419275499,0.2685782,PatchTST-ICEEMDAN
2015-09-15,PFE,0.008220704326115102,-0.009895281,PatchTST-ICEEMDAN
2015-09-15,PG,0.08516046792555541,-0.120664954,PatchTST-ICEEMDAN
2015-09-15,UNH,0.0512126172056972,-0.008621281,PatchTST-ICEEMDAN
2015-09-15,VZ,-0.015759070038448605,-0.01160962,PatchTST-ICEEMDAN
2015-09-15,WFC,-0.017395139862046195,-0.19344017,PatchTST-ICEEMDAN
2015-09-15,XOM,0.08802262379810541,-0.08831205,PatchTST-ICEEMDAN
2015-10-14,AAPL,0.04218736334498478,-0.037192293,PatchTST-ICEEMDAN
2015-10-14,CAT,0.03560829635202601,0.0436503,PatchTST-ICEEMDAN
2015-10-14,CVX,0.04220577228037511,0.07552005,PatchTST-ICEEMDAN
2015-10-14,DUK,-0.0489037540867213,-0.07046573,PatchTST-ICEEMDAN
2015-10-14,GS,0.0868501480431602,0.057131086,PatchTST-ICEEMDAN
2015-10-14,HD,0.025172033611896835,0.030119967,PatchTST-ICEEMDAN
2015-10-14,INTC,0.03229061152780659,0.018735468,PatchTST-ICEEMDAN
2015-10-14,JNJ,0.06499687913509179,0.007247078,PatchTST-ICEEMDAN
2015-10-14,JPM,0.09005316422696813,-0.052309126,PatchTST-ICEEMDAN
2015-10-14,KO,0.009319886107727698,0.001446872,PatchTST-ICEEMDAN
2015-10-14,MCD,0.09647028986819961,0.07012961,PatchTST-ICEEMDAN
2015-10-14,MMM,0.06453447901517569,0.030993413,PatchTST-ICEEMDAN
2015-10-14,MSFT,0.1346768408625601,-0.115482226,PatchTST-ICEEMDAN
2015-10-14,NEM,-0.03208244852495738,0.17041364,PatchTST-ICEEMDAN
2015-10-14,PFE,0.030821861916714995,0.038526934,PatchTST-ICEEMDAN
2015-10-14,PG,0.03360410867089659,-0.032280367,PatchTST-ICEEMDAN
2015-10-14,UNH,-0.0792768995201137,0.016504075,PatchTST-ICEEMDAN
2015-10-14,VZ,0.021410164187716605,0.009448586,PatchTST-ICEEMDAN
2015-10-14,WFC,0.08007645043236129,-0.00545694,PatchTST-ICEEMDAN
2015-10-14,XOM,0.0392829759162149,-0.03059634,PatchTST-ICEEMDAN
2015-11-12,AAPL,-0.0255586774322335,-0.046500407,PatchTST-ICEEMDAN
2015-11-12,CAT,-0.09443463793113739,-0.100670695,PatchTST-ICEEMDAN
2015-11-12,CVX,-0.05226191488434481,0.12637095,PatchTST-ICEEMDAN
2015-11-12,DUK,-0.005732972217625499,-0.022023687,PatchTST-ICEEMDAN
2015-11-12,GS,-0.108102413544317,0.089311734,PatchTST-ICEEMDAN
2015-11-12,HD,0.04933872628933099,0.042751633,PatchTST-ICEEMDAN
2015-11-12,INTC,0.04201409925443981,-0.08653844,PatchTST-ICEEMDAN
2015-11-12,JNJ,0.005575983351136302,0.043827172,PatchTST-ICEEMDAN
2015-11-12,JPM,-0.0499266718375182,0.10652898,PatchTST-ICEEMDAN
2015-11-12,KO,0.013095977135992606,0.034053862,PatchTST-ICEEMDAN
2015-11-12,MCD,0.0272080186007903,0.08263018,PatchTST-ICEEMDAN
2015-11-12,MMM,-0.020342223818976605,0.039388604,PatchTST-ICEEMDAN
2015-11-12,MSFT,0.014330417589852498,-0.038342826,PatchTST-ICEEMDAN
2015-11-12,NEM,0.07391175649811278,0.035576876,PatchTST-ICEEMDAN
2015-11-12,PFE,-0.051075039057876415,-0.08136946,PatchTST-ICEEMDAN
2015-11-12,PG,0.023677907634539096,-0.043505255,PatchTST-ICEEMDAN
2015-11-12,UNH,0.016803732712688098,-0.05128058,PatchTST-ICEEMDAN
2015-11-12,VZ,-0.011093897667719003,0.029470801,PatchTST-ICEEMDAN
2015-11-12,WFC,-0.045649927379012106,0.0035789907,PatchTST-ICEEMDAN
2015-11-12,XOM,-0.09342548236723211,0.048167855,PatchTST-ICEEMDAN
2015-12-14,AAPL,-0.15025575226310278,0.0045204917,PatchTST-ICEEMDAN
2015-12-14,CAT,-0.07191201997640942,-0.016144263,PatchTST-ICEEMDAN
2015-12-14,CVX,-0.0609353969707987,0.13670513,PatchTST-ICEEMDAN
2015-12-14,DUK,0.05533906271766109,0.013193762,PatchTST-ICEEMDAN
2015-12-14,GS,-0.10481910296366338,-0.026496015,PatchTST-ICEEMDAN
2015-12-14,HD,-0.0718221120584753,0.011076363,PatchTST-ICEEMDAN
2015-12-14,INTC,-0.0713509457379102,0.05715876,PatchTST-ICEEMDAN
2015-12-14,JNJ,-0.046913739165326096,0.03473716,PatchTST-ICEEMDAN
2015-12-14,JPM,-0.10429196578832141,0.008631704,PatchTST-ICEEMDAN
2015-12-14,KO,-0.009985834872688708,-1.4691148e-05,PatchTST-ICEEMDAN
2015-12-14,MCD,-0.008304782322154595,0.099394925,PatchTST-ICEEMDAN
2015-12-14,MMM,-0.10987020427624677,0.010559211,PatchTST-ICEEMDAN
2015-12-14,MSFT,-0.04579771603154629,0.15512924,PatchTST-ICEEMDAN
2015-12-14,NEM,-0.09020017342983902,0.1140517,PatchTST-ICEEMDAN
2015-12-14,PFE,-0.054153713839711806,0.026166257,PatchTST-ICEEMDAN
2015-12-14,PG,-0.025127333129077806,0.06333225,PatchTST-ICEEMDAN
2015-12-14,UNH,-0.059961882762543973,-0.0132275,PatchTST-ICEEMDAN
2015-12-14,VZ,-0.0028367617512902003,0.014533297,PatchTST-ICEEMDAN
2015-12-14,WFC,-0.06951554866202012,-0.016553665,PatchTST-ICEEMDAN
2015-12-14,XOM,0.017468170155941105,-0.026355576,PatchTST-ICEEMDAN
2016-01-14,AAPL,-0.030123716529461407,-0.018717596,PatchTST-ICEEMDAN
2016-01-14,CAT,0.048886501114843696,-0.025430266,PatchTST-ICEEMDAN
2016-01-14,CVX,0.049182256322504996,0.08981232,PatchTST-ICEEMDAN
2016-01-14,DUK,0.071902654546484,-0.08301027,PatchTST-ICEEMDAN
2016-01-14,GS,-0.08434476897177093,-0.23821451,PatchTST-ICEEMDAN
2016-01-14,HD,-0.0427464933174275,0.001573843,PatchTST-ICEEMDAN
2016-01-14,INTC,-0.09935202187293661,-0.06340274,PatchTST-ICEEMDAN
2016-01-14,JNJ,0.0482894483226776,0.009216906,PatchTST-ICEEMDAN
2016-01-14,JPM,0.0026125265224915123,-0.11415429,PatchTST-ICEEMDAN
2016-01-14,KO,0.0296631213388035,0.010627473,PatchTST-ICEEMDAN
2016-01-14,MCD,0.024116309977081078,0.102466576,PatchTST-ICEEMDAN
2016-01-14,MMM,0.11143445206143131,-0.08095919,PatchTST-ICEEMDAN
2016-01-14,MSFT,-0.022323308783158084,-0.07100406,PatchTST-ICEEMDAN
2016-01-14,NEM,0.38854130074681653,-0.07124853,PatchTST-ICEEMDAN
2016-01-14,PFE,-0.023818783535964692,0.00850915,PatchTST-ICEEMDAN
2016-01-14,PG,0.0742463381682851,-0.0030242973,PatchTST-ICEEMDAN
2016-01-14,UNH,0.02343466016665799,0.009698333,PatchTST-ICEEMDAN
2016-01-14,VZ,0.1266276557605441,-0.0012089135,PatchTST-ICEEMDAN
2016-01-14,WFC,-0.042177047935399,-0.053210925,PatchTST-ICEEMDAN
2016-01-14,XOM,0.0777372772758814,-0.051327467,PatchTST-ICEEMDAN
2016-02-16,AAPL,0.1067638836406619,-0.14380947,PatchTST-ICEEMDAN
2016-02-16,CAT,0.13724578277376898,0.0051026987,PatchTST-ICEEMDAN
2016-02-16,CVX,0.11106977381620689,-0.17441647,PatchTST-ICEEMDAN
2016-02-16,DUK,0.023463455653825988,0.030850377,PatchTST-ICEEMDAN
2016-02-16,GS,0.0439167567162837,-0.10877317,PatchTST-ICEEMDAN
2016-02-16,HD,0.1144404951587806,-0.14934665,PatchTST-ICEEMDAN
2016-02-16,INTC,0.09993398921186199,0.010011225,PatchTST-ICEEMDAN
2016-02-16,JNJ,0.06392102632019948,0.0106712505,PatchTST-ICEEMDAN
2016-02-16,JPM,0.029310566140059703,-0.115598954,PatchTST-ICEEMDAN
2016-02-16,KO,0.0559951157169587,0.004242599,PatchTST-ICEEMDAN
2016-02-16,MCD,0.05313015283672741,0.02178849,PatchTST-ICEEMDAN
2016-02-16,MMM,0.0534310574331226,-0.0012864443,PatchTST-ICEEMDAN
2016-02-16,MSFT,0.06654330820956801,-0.11300708,PatchTST-ICEEMDAN
2016-02-16,NEM,0.0235711301656027,-0.040889733,PatchTST-ICEEMDAN
2016-02-16,PFE,0.006112378828134594,-0.045819715,PatchTST-ICEEMDAN
2016-02-16,PG,0.003943364577900803,0.039373428,PatchTST-ICEEMDAN
2016-02-16,UNH,0.11434081039755371,0.036919914,PatchTST-ICEEMDAN
2016-02-16,VZ,0.049825320478102605,0.050424866,PatchTST-ICEEMDAN
2016-02-16,WFC,0.0549008886988726,-0.051949475,PatchTST-ICEEMDAN
2016-02-16,XOM,0.021850349781844504,-0.031181546,PatchTST-ICEEMDAN
2016-03-16,AAPL,0.06943887554953182,0.0014462001,PatchTST-ICEEMDAN
2016-03-16,CAT,0.08732261014054642,-0.0062139733,PatchTST-ICEEMDAN
2016-03-16,CVX,0.0386004645132626,-0.09336112,PatchTST-ICEEMDAN
2016-03-16,DUK,0.017778161494014,0.03463699,PatchTST-ICEEMDAN
2016-03-16,GS,0.0567673083344521,-0.038141493,PatchTST-ICEEMDAN
2016-03-16,HD,0.03529565004689935,-0.05142371,PatchTST-ICEEMDAN
2016-03-16,INTC,0.004727998934301401,0.028472077,PatchTST-ICEEMDAN
2016-03-16,JNJ,0.019118162569791004,0.04260838,PatchTST-ICEEMDAN
2016-03-16,JPM,0.06306048000243511,-0.019490544,PatchTST-ICEEMDAN
2016-03-16,KO,0.012957172402824296,-0.018050918,PatchTST-ICEEMDAN
2016-03-16,MCD,0.03252068304466438,0.0007229538,PatchTST-ICEEMDAN
2016-03-16,MMM,0.03479215474922551,0.087557994,PatchTST-ICEEMDAN
2016-03-16,MSFT,0.03249523718431469,0.042833712,PatchTST-ICEEMDAN
2016-03-16,NEM,0.0839727710873781,-0.10130783,PatchTST-ICEEMDAN
2016-03-16,PFE,0.10009947008009762,-0.0067849765,PatchTST-ICEEMDAN
2016-03-16,PG,0.0167306604179956,-0.00067657814,PatchTST-ICEEMDAN
2016-03-16,UNH,0.0247609994362149,0.020125417,PatchTST-ICEEMDAN
2016-03-16,VZ,-0.014685784901038203,0.08576709,PatchTST-ICEEMDAN
2016-03-16,WFC,-0.024097460934139697,0.042676143,PatchTST-ICEEMDAN
2016-03-16,XOM,0.031027858837634505,-0.026384402,PatchTST-ICEEMDAN
2016-04-15,AAPL,-0.2077503215903225,-0.04252223,PatchTST-ICEEMDAN
2016-04-15,CAT,-0.11088318626923241,0.04067187,PatchTST-ICEEMDAN
2016-04-15,CVX,0.02777949947934711,0.07284073,PatchTST-ICEEMDAN
2016-04-15,DUK,0.0164777865012908,0.030510146,PatchTST-ICEEMDAN
2016-04-15,GS,-0.0352285474108162,0.054077186,PatchTST-ICEEMDAN
2016-04-15,HD,-0.009271126441137438,0.0637676,PatchTST-ICEEMDAN
2016-04-15,INTC,-0.052672657211955604,-0.01575445,PatchTST-ICEEMDAN
2016-04-15,JNJ,0.033306847650269755,-0.015768362,PatchTST-ICEEMDAN
2016-04-15,JPM,-0.022458366659245603,0.00850323,PatchTST-ICEEMDAN
2016-04-15,KO,-0.010529108670307196,0.009998932,PatchTST-ICEEMDAN
2016-04-15,MCD,0.01029901609947085,0.079617724,PatchTST-ICEEMDAN
2016-04-15,MMM,0.0009510254830035012,0.045446176,PatchTST-ICEEMDAN
2016-04-15,MSFT,-0.0804642699881314,0.02485631,PatchTST-ICEEMDAN
2016-04-15,NEM,0.1722174400029656,0.048058555,PatchTST-ICEEMDAN
2016-04-15,PFE,0.025319081514468402,0.10922366,PatchTST-ICEEMDAN
2016-04-15,PG,-0.009556687860738699,0.013636464,PatchTST-ICEEMDAN
2016-04-15,UNH,0.007938452046309805,0.028464135,PatchTST-ICEEMDAN
2016-04-15,VZ,-0.008211277718181299,0.058635853,PatchTST-ICEEMDAN
2016-04-15,WFC,-0.003707661641750102,0.0097028995,PatchTST-ICEEMDAN
2016-04-15,XOM,0.04548048968243389,-0.04930601,PatchTST-ICEEMDAN
2016-05-16,AAPL,0.0738712609762273,-0.026581105,PatchTST-ICEEMDAN
2016-05-16,CAT,0.0661250526627227,0.023779022,PatchTST-ICEEMDAN
2016-05-16,CVX,0.015861715079423404,-0.046314757,PatchTST-ICEEMDAN
2016-05-16,DUK,0.03053162186577,-0.018744547,PatchTST-ICEEMDAN
2016-05-16,GS,-0.056619088577958096,-0.00817487,PatchTST-ICEEMDAN
2016-05-16,HD,-0.055929288356554696,0.07816508,PatchTST-ICEEMDAN
2016-05-16,INTC,0.0719085673868924,0.01749381,PatchTST-ICEEMDAN
2016-05-16,JNJ,0.03798180506208378,0.037576247,PatchTST-ICEEMDAN
2016-05-16,JPM,0.01427667269714919,0.011405133,PatchTST-ICEEMDAN
2016-05-16,KO,0.0007804100238975029,-0.0079886895,PatchTST-ICEEMDAN
2016-05-16,MCD,-0.0429774809328758,-0.006035952,PatchTST-ICEEMDAN
2016-05-16,MMM,0.002409380948562391,0.10453627,PatchTST-ICEEMDAN
2016-05-16,MSFT,-0.0178061671653685,-0.047462318,PatchTST-ICEEMDAN
2016-05-16,NEM,0.03191288281281951,0.06292018,PatchTST-ICEEMDAN
2016-05-16,PFE,0.052813730435880196,0.04491061,PatchTST-ICEEMDAN
2016-05-16,PG,0.025763959896012406,-0.010172553,PatchTST-ICEEMDAN
2016-05-16,UNH,0.06649867701366322,0.050373185,PatchTST-ICEEMDAN
2016-05-16,VZ,0.039455009066199795,0.007543248,PatchTST-ICEEMDAN
2016-05-16,WFC,-0.02859765018467869,0.035537913,PatchTST-ICEEMDAN
2016-05-16,XOM,0.0197670426062632,0.003525165,PatchTST-ICEEMDAN
2016-06-15,AAPL,0.013554625973735007,-0.021922989,PatchTST-ICEEMDAN
2016-06-15,CAT,0.0671562729137046,-0.069400854,PatchTST-ICEEMDAN
2016-06-15,CVX,0.052132008950621395,-0.029928204,PatchTST-ICEEMDAN
2016-06-15,DUK,0.027998530841449987,0.012364949,PatchTST-ICEEMDAN
2016-06-15,GS,0.10601713298481491,-0.10076798,PatchTST-ICEEMDAN
2016-06-15,HD,0.0716299469111459,-0.0727669,PatchTST-ICEEMDAN
2016-06-15,INTC,0.09094457532804912,-0.0020222845,PatchTST-ICEEMDAN
2016-06-15,JNJ,0.050447637544399355,-0.020416586,PatchTST-ICEEMDAN
2016-06-15,JPM,0.04008671136384128,-0.06917143,PatchTST-ICEEMDAN
2016-06-15,KO,0.014328409881858907,-0.018579487,PatchTST-ICEEMDAN
2016-06-15,MCD,0.011524095557042197,0.053465426,PatchTST-ICEEMDAN
2016-06-15,MMM,0.07630465287109942,0.0006568488,PatchTST-ICEEMDAN
2016-06-15,MSFT,0.07554054434049111,0.067356266,PatchTST-ICEEMDAN
2016-06-15,NEM,0.1689563175579745,0.14143547,PatchTST-ICEEMDAN
2016-06-15,PFE,0.0536908302616437,-0.023881607,PatchTST-ICEEMDAN
2016-06-15,PG,0.0297862754615728,0.00031375978,PatchTST-ICEEMDAN
2016-06-15,UNH,0.025856413709147395,-0.00736412,PatchTST-ICEEMDAN
2016-06-15,VZ,0.06243228677217621,-0.02816102,PatchTST-ICEEMDAN
2016-06-15,WFC,0.0430041288954805,-0.043920353,PatchTST-ICEEMDAN
2016-06-15,XOM,0.04877466014140411,0.07197704,PatchTST-ICEEMDAN
2016-07-15,AAPL,0.09620241987274879,-0.13096754,PatchTST-ICEEMDAN
2016-07-15,CAT,0.0456520890718742,0.06011962,PatchTST-ICEEMDAN
2016-07-15,CVX,-0.0434811870107597,0.05022327,PatchTST-ICEEMDAN
2016-07-15,DUK,-0.0048363474418987,0.036622092,PatchTST-ICEEMDAN
2016-07-15,GS,0.004358916937082698,0.014275826,PatchTST-ICEEMDAN
2016-07-15,HD,0.0149755988865371,0.13468912,PatchTST-ICEEMDAN
2016-07-15,INTC,-0.010508188524409599,0.070938,PatchTST-ICEEMDAN
2016-07-15,JNJ,0.00032475576063599985,0.045524493,PatchTST-ICEEMDAN
2016-07-15,JPM,0.018541839888441502,-0.08988227,PatchTST-ICEEMDAN
2016-07-15,KO,-0.0370082449353125,0.039599158,PatchTST-ICEEMDAN
2016-07-15,MCD,-0.036233076693977205,-0.06064823,PatchTST-ICEEMDAN
2016-07-15,MMM,-0.003488522255668227,0.029969493,PatchTST-ICEEMDAN
2016-07-15,MSFT,0.0752505720551759,0.0030384636,PatchTST-ICEEMDAN
2016-07-15,NEM,0.0818524124456217,0.12193177,PatchTST-ICEEMDAN
2016-07-15,PFE,-0.0456985409500625,0.04547467,PatchTST-ICEEMDAN
2016-07-15,PG,0.0213384335914975,0.056198593,PatchTST-ICEEMDAN
2016-07-15,UNH,0.014381050645328498,0.01744622,PatchTST-ICEEMDAN
2016-07-15,VZ,-0.040009028416193304,0.0016344313,PatchTST-ICEEMDAN
2016-07-15,WFC,-0.013481137012133,-0.020601507,PatchTST-ICEEMDAN
2016-07-15,XOM,-0.06922838081428451,0.087989576,PatchTST-ICEEMDAN
2016-08-15,AAPL,-0.002128549635816799,0.22367652,PatchTST-ICEEMDAN
2016-08-15,CAT,-0.03394366858479479,-0.025585826,PatchTST-ICEEMDAN
2016-08-15,CVX,-0.016604630569170296,-0.028877426,PatchTST-ICEEMDAN
2016-08-15,DUK,-0.057940571347594914,0.08730382,PatchTST-ICEEMDAN
2016-08-15,GS,0.026613955240211297,0.044105027,PatchTST-ICEEMDAN
2016-08-15,HD,-0.0776649825994613,0.012733267,PatchTST-ICEEMDAN
2016-08-15,INTC,0.0296401160021589,0.012336072,PatchTST-ICEEMDAN
2016-08-15,JNJ,-0.03994830613829817,0.01846086,PatchTST-ICEEMDAN
2016-08-15,JPM,0.018354895439091003,0.028606568,PatchTST-ICEEMDAN
2016-08-15,KO,-0.032419932597587,0.026944654,PatchTST-ICEEMDAN
2016-08-15,MCD,-0.0331606620509117,-0.02696761,PatchTST-ICEEMDAN
2016-08-15,MMM,-0.017362873554733704,-0.0053160386,PatchTST-ICEEMDAN
2016-08-15,MSFT,-0.018423413216350402,0.105106324,PatchTST-ICEEMDAN
2016-08-15,NEM,-0.1457390620398664,-0.18870097,PatchTST-ICEEMDAN
2016-08-15,PFE,-0.0272402678074636,0.044757307,PatchTST-ICEEMDAN
2016-08-15,PG,0.00011531135865400222,0.004872234,PatchTST-ICEEMDAN
2016-08-15,UNH,-0.05993132114682259,0.04276069,PatchTST-ICEEMDAN
2016-08-15,VZ,-0.041871095697553,0.019836117,PatchTST-ICEEMDAN
2016-08-15,WFC,-0.019819505772331103,-0.005199746,PatchTST-ICEEMDAN
2016-08-15,XOM,-0.030511894902311897,-0.039979838,PatchTST-ICEEMDAN
2016-09-14,AAPL,0.08340766475578902,0.015230954,PatchTST-ICEEMDAN
2016-09-14,CAT,0.087655383089404,0.09635939,PatchTST-ICEEMDAN
2016-09-14,CVX,0.026988494904198093,0.06979132,PatchTST-ICEEMDAN
2016-09-14,DUK,-0.027537028255366303,-0.014041152,PatchTST-ICEEMDAN
2016-09-14,GS,0.013678074441769,0.091758534,PatchTST-ICEEMDAN
2016-09-14,HD,0.007685952463553504,-0.07117171,PatchTST-ICEEMDAN
2016-09-14,INTC,0.04179879755159592,-0.01319585,PatchTST-ICEEMDAN
2016-09-14,JNJ,0.0030561140036760807,0.04197476,PatchTST-ICEEMDAN
2016-09-14,JPM,0.031007608890525607,0.048760086,PatchTST-ICEEMDAN
2016-09-14,KO,-0.0118966088396963,-0.024884872,PatchTST-ICEEMDAN
2016-09-14,MCD,-0.0001743426510980011,0.012451126,PatchTST-ICEEMDAN
2016-09-14,MMM,-0.0367313927281023,0.003343483,PatchTST-ICEEMDAN
2016-09-14,MSFT,0.010207897656127191,-0.018724754,PatchTST-ICEEMDAN
2016-09-14,NEM,-0.12253542922673284,-0.064942636,PatchTST-ICEEMDAN
2016-09-14,PFE,-0.028909709698112296,-0.076825164,PatchTST-ICEEMDAN
2016-09-14,PG,0.017310207428297898,0.036185607,PatchTST-ICEEMDAN
2016-09-14,UNH,0.008548632152512803,-0.022619335,PatchTST-ICEEMDAN
2016-09-14,VZ,-0.011265565111097503,-0.035352137,PatchTST-ICEEMDAN
2016-09-14,WFC,-0.035547865971444007,0.007989525,PatchTST-ICEEMDAN
2016-09-14,XOM,0.022282302910753903,-0.046556443,PatchTST-ICEEMDAN
2016-10-13,AAPL,-0.0797696185945835,0.08553762,PatchTST-ICEEMDAN
2016-10-13,CAT,0.0736623914381979,-0.024702793,PatchTST-ICEEMDAN
2016-10-13,CVX,0.0537425827435565,0.020682635,PatchTST-ICEEMDAN
2016-10-13,DUK,-0.01963011445084931,-0.0005589656,PatchTST-ICEEMDAN
2016-10-13,GS,0.1709859668954939,0.01051734,PatchTST-ICEEMDAN
2016-10-13,HD,0.018301570691113794,-0.011000801,PatchTST-ICEEMDAN
2016-10-13,INTC,-0.06592299646091149,-0.017107777,PatchTST-ICEEMDAN
2016-10-13,JNJ,0.0132210369263312,0.031296507,PatchTST-ICEEMDAN
2016-10-13,JPM,0.1178317557584682,0.09583601,PatchTST-ICEEMDAN
2016-10-13,KO,-0.020309941570158807,0.0096571045,PatchTST-ICEEMDAN
2016-10-13,MCD,-0.0017449341119383944,-0.071461454,PatchTST-ICEEMDAN
2016-10-13,MMM,0.02651330849222502,-0.06464252,PatchTST-ICEEMDAN
2016-10-13,MSFT,0.027460508763225797,0.056588918,PatchTST-ICEEMDAN
2016-10-13,NEM,0.004624301821831184,-0.16052875,PatchTST-ICEEMDAN
2016-10-13,PFE,0.022544467914182006,-0.011507481,PatchTST-ICEEMDAN
2016-10-13,PG,-0.0577436861948806,0.024410177,PatchTST-ICEEMDAN
2016-10-13,UNH,0.0784814481768013,-0.025671031,PatchTST-ICEEMDAN
2016-10-13,VZ,-0.07447497331162001,-0.051313344,PatchTST-ICEEMDAN
2016-10-13,WFC,0.1386515029873548,-0.047303684,PatchTST-ICEEMDAN
2016-10-13,XOM,0.007897357948048706,-0.012359246,PatchTST-ICEEMDAN
2016-11-11,AAPL,0.04985438707773861,-0.0030938569,PatchTST-ICEEMDAN
2016-11-11,CAT,0.0172924844816106,0.06455745,PatchTST-ICEEMDAN
2016-11-11,CVX,0.0932316441543051,0.036002427,PatchTST-ICEEMDAN
2016-11-11,DUK,0.028734411802072896,0.01557187,PatchTST-ICEEMDAN
2016-11-11,GS,0.16921406972470043,0.050042745,PatchTST-ICEEMDAN
2016-11-11,HD,0.047409658717930306,0.044559482,PatchTST-ICEEMDAN
2016-11-11,INTC,0.041725906051441795,-0.028390154,PatchTST-ICEEMDAN
2016-11-11,JNJ,-0.028707175662328003,-0.0052914596,PatchTST-ICEEMDAN
2016-11-11,JPM,0.1002203155368808,0.005596306,PatchTST-ICEEMDAN
2016-11-11,KO,0.0315964387792513,0.01152173,PatchTST-ICEEMDAN
2016-11-11,MCD,0.0689715661084009,0.0061198934,PatchTST-ICEEMDAN
2016-11-11,MMM,0.0366826694776048,0.016060987,PatchTST-ICEEMDAN
2016-11-11,MSFT,0.06416548139694819,0.01954223,PatchTST-ICEEMDAN
2016-11-11,NEM,-0.06035652836370067,0.047840916,PatchTST-ICEEMDAN
2016-11-11,PFE,-0.033088451380465005,-0.08049505,PatchTST-ICEEMDAN
2016-11-11,PG,0.025821179019449497,-0.030656919,PatchTST-ICEEMDAN
2016-11-11,UNH,0.09145872784232299,0.038625468,PatchTST-ICEEMDAN
2016-11-11,VZ,0.1030875814638846,-0.06095982,PatchTST-ICEEMDAN
2016-11-11,WFC,0.07731262113302599,-0.04557947,PatchTST-ICEEMDAN
2016-11-11,XOM,0.0441567887715428,-0.057710353,PatchTST-ICEEMDAN
2016-12-13,AAPL,0.05118285650888249,-0.0855316,PatchTST-ICEEMDAN
2016-12-13,CAT,-0.011530337712494508,0.121507525,PatchTST-ICEEMDAN
2016-12-13,CVX,-0.0084867019080305,0.035218704,PatchTST-ICEEMDAN
2016-12-13,DUK,0.013764761305323298,0.048673045,PatchTST-ICEEMDAN
2016-12-13,GS,0.0277350617852068,-0.048153754,PatchTST-ICEEMDAN
2016-12-13,HD,0.003634545489747303,-0.04024765,PatchTST-ICEEMDAN
2016-12-13,INTC,0.020363792522103095,0.06672417,PatchTST-ICEEMDAN
2016-12-13,JNJ,-0.006435234745936801,0.038324874,PatchTST-ICEEMDAN
2016-12-13,JPM,0.0231824749621308,0.057287246,PatchTST-ICEEMDAN
2016-12-13,KO,-0.022934071840765003,-0.023031149,PatchTST-ICEEMDAN
2016-12-13,MCD,0.0029526729113186993,0.057450987,PatchTST-ICEEMDAN
2016-12-13,MMM,-0.012322699487076698,0.027530782,PatchTST-ICEEMDAN
2016-12-13,MSFT,0.007052631437066402,0.032879267,PatchTST-ICEEMDAN
2016-12-13,NEM,0.0557773975011368,-0.10351678,PatchTST-ICEEMDAN
2016-12-13,PFE,0.006153730113513593,0.0053394865,PatchTST-ICEEMDAN
2016-12-13,PG,-0.015269523494472597,-0.028397022,PatchTST-ICEEMDAN
2016-12-13,UNH,0.0178346457646053,0.08387251,PatchTST-ICEEMDAN
2016-12-13,VZ,0.028252692646223897,0.050033636,PatchTST-ICEEMDAN
2016-12-13,WFC,-0.0232148610154799,-0.012976104,PatchTST-ICEEMDAN
2016-12-13,XOM,-0.0523464048501334,0.010093998,PatchTST-ICEEMDAN
2017-01-13,AAPL,0.11563136639671215,0.07397625,PatchTST-ICEEMDAN
2017-01-13,CAT,0.0551312950494524,0.03968238,PatchTST-ICEEMDAN
2017-01-13,CVX,-0.0195599240330388,-0.0017432957,PatchTST-ICEEMDAN
2017-01-13,DUK,0.014722065640649103,0.0029392727,PatchTST-ICEEMDAN
2017-01-13,GS,0.00991604981276359,0.045996502,PatchTST-ICEEMDAN
2017-01-13,HD,0.03492030499114806,-0.042305753,PatchTST-ICEEMDAN
2017-01-13,INTC,-0.017987486464324402,-0.03163734,PatchTST-ICEEMDAN
2017-01-13,JNJ,0.010932707899647098,0.058136396,PatchTST-ICEEMDAN
2017-01-13,JPM,0.021905804657067894,0.03332136,PatchTST-ICEEMDAN
2017-01-13,KO,-0.008091212311394199,-0.10373968,PatchTST-ICEEMDAN
2017-01-13,MCD,0.027784148625307103,0.011727919,PatchTST-ICEEMDAN
2017-01-13,MMM,0.0199750344098849,0.008894112,PatchTST-ICEEMDAN
2017-01-13,MSFT,0.03314506893250049,0.018302806,PatchTST-ICEEMDAN
2017-01-13,NEM,0.0810460748216199,0.12481383,PatchTST-ICEEMDAN
2017-01-13,PFE,0.010443196435268597,0.010003371,PatchTST-ICEEMDAN
2017-01-13,PG,0.059837010806758795,0.0036369367,PatchTST-ICEEMDAN
2017-01-13,UNH,-0.0022816307871054552,0.045363016,PatchTST-ICEEMDAN
2017-01-13,VZ,-0.08164153474466031,0.0521019,PatchTST-ICEEMDAN
2017-01-13,WFC,0.05302217851815688,0.028311526,PatchTST-ICEEMDAN
2017-01-13,XOM,-0.030350048207132604,0.106804706,PatchTST-ICEEMDAN
2017-02-14,AAPL,0.05239556322971829,0.1570666,PatchTST-ICEEMDAN
2017-02-14,CAT,-0.05359388815196299,0.021793038,PatchTST-ICEEMDAN
2017-02-14,CVX,-0.0356354576370077,0.04752529,PatchTST-ICEEMDAN
2017-02-14,DUK,0.0522193503739372,0.011377447,PatchTST-ICEEMDAN
2017-02-14,GS,0.004679475368274008,0.06255719,PatchTST-ICEEMDAN
2017-02-14,HD,0.06222824651134,0.06782302,PatchTST-ICEEMDAN
2017-02-14,INTC,-0.0197468028105098,0.008793893,PatchTST-ICEEMDAN
2017-02-14,JNJ,0.11354228667175109,-0.02191959,PatchTST-ICEEMDAN
2017-02-14,JPM,0.0398093726733929,-0.0010960302,PatchTST-ICEEMDAN
2017-02-14,KO,0.04504966188416391,-0.014656528,PatchTST-ICEEMDAN
2017-02-14,MCD,0.0258012143768225,0.01036239,PatchTST-ICEEMDAN
2017-02-14,MMM,0.06120407396850232,0.032809652,PatchTST-ICEEMDAN
2017-02-14,MSFT,0.006507615369225599,-0.009024064,PatchTST-ICEEMDAN
2017-02-14,NEM,-0.0903224620015721,0.011771565,PatchTST-ICEEMDAN
2017-02-14,PFE,0.060100913482830795,0.014328508,PatchTST-ICEEMDAN
2017-02-14,PG,0.034392607686575594,0.0070571173,PatchTST-ICEEMDAN
2017-02-14,UNH,0.0624007779099945,0.0035027706,PatchTST-ICEEMDAN
2017-02-14,VZ,0.0322247391146966,-0.027101142,PatchTST-ICEEMDAN
2017-02-14,WFC,0.028156036061203097,0.02431671,PatchTST-ICEEMDAN
2017-02-14,XOM,-0.012120784419029099,-0.0049925474,PatchTST-ICEEMDAN
2017-03-16,AAPL,0.004191502285058402,0.06339493,PatchTST-ICEEMDAN
2017-03-16,CAT,-0.0027887862448634955,-0.035641946,PatchTST-ICEEMDAN
2017-03-16,CVX,-0.0258643976655253,0.0464513,PatchTST-ICEEMDAN
2017-03-16,DUK,0.007169452199277601,0.055072084,PatchTST-ICEEMDAN
2017-03-16,GS,-0.09989161835529312,0.07802683,PatchTST-ICEEMDAN
2017-03-16,HD,-0.013884343002306003,0.00013370102,PatchTST-ICEEMDAN
2017-03-16,INTC,0.004264355757490705,0.0007103281,PatchTST-ICEEMDAN
2017-03-16,JNJ,-0.031268349024072925,0.07642096,PatchTST-ICEEMDAN
2017-03-16,JPM,-0.07755255829109971,0.04004521,PatchTST-ICEEMDAN
2017-03-16,KO,0.0157818388521132,0.04712165,PatchTST-ICEEMDAN
2017-03-16,MCD,0.02227133378166,0.001946422,PatchTST-ICEEMDAN
2017-03-16,MMM,-0.013426672072868396,0.029079003,PatchTST-ICEEMDAN
2017-03-16,MSFT,0.003084311473776002,-0.0066837925,PatchTST-ICEEMDAN
2017-03-16,NEM,0.011661786226501904,-0.04353704,PatchTST-ICEEMDAN
2017-03-16,PFE,-0.021895134808944297,0.03995409,PatchTST-ICEEMDAN
2017-03-16,PG,-0.015102972719839599,0.06814423,PatchTST-ICEEMDAN
2017-03-16,UNH,-0.0405118863294163,0.01401411,PatchTST-ICEEMDAN
2017-03-16,VZ,-0.018922521126038504,-0.010834512,PatchTST-ICEEMDAN
2017-03-16,WFC,-0.13394510279278038,0.03380397,PatchTST-ICEEMDAN
2017-03-16,XOM,-0.003787635988567602,0.026620742,PatchTST-ICEEMDAN
2017-04-17,AAPL,0.1029357868215362,-0.043300543,PatchTST-ICEEMDAN
2017-04-17,CAT,0.1036799589981743,-0.0017281978,PatchTST-ICEEMDAN
2017-04-17,CVX,0.007043626610906085,-0.024236735,PatchTST-ICEEMDAN
2017-04-17,DUK,0.011915553369532702,-0.026831925,PatchTST-ICEEMDAN
2017-04-17,GS,0.008027829294895903,-0.10111171,PatchTST-ICEEMDAN
2017-04-17,HD,0.0753558160178508,-0.012546942,PatchTST-ICEEMDAN
2017-04-17,INTC,0.018134283874876506,-0.02446053,PatchTST-ICEEMDAN
2017-04-17,JNJ,0.0158744143216357,0.06862116,PatchTST-ICEEMDAN
2017-04-17,JPM,0.0342407416090596,0.04343237,PatchTST-ICEEMDAN
2017-04-17,KO,0.021729947913841502,0.018078431,PatchTST-ICEEMDAN
2017-04-17,MCD,0.11215870436789488,0.015661236,PatchTST-ICEEMDAN
2017-04-17,MMM,0.04650305768125079,0.00020564673,PatchTST-ICEEMDAN
2017-04-17,MSFT,0.0521930330998389,0.01562572,PatchTST-ICEEMDAN
2017-04-17,NEM,-0.018429394138727396,0.15445271,PatchTST-ICEEMDAN
2017-04-17,PFE,-0.0130548372804824,-0.0017513847,PatchTST-ICEEMDAN
2017-04-17,PG,-0.03433762527034951,0.05302248,PatchTST-ICEEMDAN
2017-04-17,UNH,0.039055483484463804,-0.007503587,PatchTST-ICEEMDAN
2017-04-17,VZ,-0.0689637052684673,0.014792478,PatchTST-ICEEMDAN
2017-04-17,WFC,0.0446383218819005,0.001686452,PatchTST-ICEEMDAN
2017-04-17,XOM,0.0228951657789262,-0.007061625,PatchTST-ICEEMDAN
2017-05-16,AAPL,-0.07009441569154229,0.08928883,PatchTST-ICEEMDAN
2017-05-16,CAT,0.022112665284020304,0.035872273,PatchTST-ICEEMDAN
2017-05-16,CVX,0.007778737904666806,-0.029862802,PatchTST-ICEEMDAN
2017-05-16,DUK,0.04259668597957401,-0.009854865,PatchTST-ICEEMDAN
2017-05-16,GS,0.009516389421690988,-0.08320141,PatchTST-ICEEMDAN
2017-05-16,HD,0.0021325792521845015,-0.021669246,PatchTST-ICEEMDAN
2017-05-16,INTC,-0.0028107340701079026,-0.04744996,PatchTST-ICEEMDAN
2017-05-16,JNJ,0.05111949327195985,0.06850583,PatchTST-ICEEMDAN
2017-05-16,JPM,-0.002866288986845602,-0.079873376,PatchTST-ICEEMDAN
2017-05-16,KO,0.0434687347504647,0.0019657314,PatchTST-ICEEMDAN
2017-05-16,MCD,0.03588506359207559,0.10887708,PatchTST-ICEEMDAN
2017-05-16,MMM,0.0667133436647735,0.06072657,PatchTST-ICEEMDAN
2017-05-16,MSFT,0.0322498568207731,0.048569717,PatchTST-ICEEMDAN
2017-05-16,NEM,-0.0029599968365700974,0.09840478,PatchTST-ICEEMDAN
2017-05-16,PFE,-0.013067954978149,-0.04390862,PatchTST-ICEEMDAN
2017-05-16,PG,0.024147434886318698,-0.061488505,PatchTST-ICEEMDAN
2017-05-16,UNH,0.0612241652566131,0.07128808,PatchTST-ICEEMDAN
2017-05-16,VZ,0.028458514500493793,-0.06200403,PatchTST-ICEEMDAN
2017-05-16,WFC,0.022439500691180506,-0.0015134695,PatchTST-ICEEMDAN
2017-05-16,XOM,-0.008855373851836898,-0.0011321106,PatchTST-ICEEMDAN
2017-06-15,AAPL,0.0263780025499108,-0.055961117,PatchTST-ICEEMDAN
2017-06-15,CAT,0.0380411557215815,0.03896983,PatchTST-ICEEMDAN
2017-06-15,CVX,-0.020471074195202704,0.043970555,PatchTST-ICEEMDAN
2017-06-15,DUK,-0.029151023984817705,-0.013051093,PatchTST-ICEEMDAN
2017-06-15,GS,0.009184515475603004,-0.03780281,PatchTST-ICEEMDAN
2017-06-15,HD,-0.025062776203908583,0.022780921,PatchTST-ICEEMDAN
2017-06-15,INTC,-0.024214134222442993,-0.005540639,PatchTST-ICEEMDAN
2017-06-15,JNJ,-0.0012809821570111991,-0.02502631,PatchTST-ICEEMDAN
2017-06-15,JPM,0.0630459198762809,0.06112053,PatchTST-ICEEMDAN
2017-06-15,KO,-0.013781131324352401,0.01136743,PatchTST-ICEEMDAN
2017-06-15,MCD,0.030071992178981204,0.009224771,PatchTST-ICEEMDAN
2017-06-15,MMM,0.008345814574633799,0.0383538,PatchTST-ICEEMDAN
2017-06-15,MSFT,0.035095759668145,0.017179366,PatchTST-ICEEMDAN
2017-06-15,NEM,-0.012533649328427402,-0.06060265,PatchTST-ICEEMDAN
2017-06-15,PFE,0.0223844283507279,-0.118404925,PatchTST-ICEEMDAN
2017-06-15,PG,-0.0152677556211482,0.001315796,PatchTST-ICEEMDAN
2017-06-15,UNH,0.028712130136424797,0.05136771,PatchTST-ICEEMDAN
2017-06-15,VZ,-0.05636111114847978,-0.048267525,PatchTST-ICEEMDAN
2017-06-15,WFC,0.008400378228524007,-0.038053982,PatchTST-ICEEMDAN
2017-06-15,XOM,-0.0096730639034442,-0.027241528,PatchTST-ICEEMDAN
2017-07-17,AAPL,0.0739408745796252,-0.08707856,PatchTST-ICEEMDAN
2017-07-17,CAT,0.051607812464679534,0.061247487,PatchTST-ICEEMDAN
2017-07-17,CVX,0.040071160783029,-0.02865986,PatchTST-ICEEMDAN
2017-07-17,DUK,0.026831624205318802,0.010000566,PatchTST-ICEEMDAN
2017-07-17,GS,-0.005439252331549793,0.046966963,PatchTST-ICEEMDAN
2017-07-17,HD,0.008986096883968397,0.0053328266,PatchTST-ICEEMDAN
2017-07-17,INTC,0.0542344850243457,-0.043133125,PatchTST-ICEEMDAN
2017-07-17,JNJ,0.006614431451257249,0.038283866,PatchTST-ICEEMDAN
2017-07-17,JPM,0.002598347671382298,0.11908331,PatchTST-ICEEMDAN
2017-07-17,KO,0.024758009192562998,0.0053030844,PatchTST-ICEEMDAN
2017-07-17,MCD,0.012670314268314106,0.052163288,PatchTST-ICEEMDAN
2017-07-17,MMM,-0.020996370985484993,0.044290703,PatchTST-ICEEMDAN
2017-07-17,MSFT,0.0110685451570695,-0.016965916,PatchTST-ICEEMDAN
2017-07-17,NEM,0.07851678983208761,-0.10202605,PatchTST-ICEEMDAN
2017-07-17,PFE,0.0061243490667244015,-0.0022793813,PatchTST-ICEEMDAN
2017-07-17,PG,0.058735090100740406,0.012539641,PatchTST-ICEEMDAN
2017-07-17,UNH,0.035788646782816805,-0.05173084,PatchTST-ICEEMDAN
2017-07-17,VZ,0.1131813837559852,-0.011434247,PatchTST-ICEEMDAN
2017-07-17,WFC,-0.0326452131079535,0.020131428,PatchTST-ICEEMDAN
2017-07-17,XOM,-0.028600428359451705,-0.052202415,PatchTST-ICEEMDAN
2017-08-15,AAPL,-0.001252220419113403,-0.034003194,PatchTST-ICEEMDAN
2017-08-15,CAT,0.05075237625435071,-0.009427432,PatchTST-ICEEMDAN
2017-08-15,CVX,0.05908983169255479,0.041973807,PatchTST-ICEEMDAN
2017-08-15,DUK,0.017814579618985298,-0.0043507023,PatchTST-ICEEMDAN
2017-08-15,GS,-0.00011503367165999982,0.02916606,PatchTST-ICEEMDAN
2017-08-15,HD,0.042555439359659206,0.038436487,PatchTST-ICEEMDAN
2017-08-15,INTC,-0.0002748112199775976,0.0533676,PatchTST-ICEEMDAN
2017-08-15,JNJ,-0.0014053870599132015,0.004419038,PatchTST-ICEEMDAN
2017-08-15,JPM,-0.014594164839876994,0.006105677,PatchTST-ICEEMDAN
2017-08-15,KO,0.023093869061348603,0.0077404105,PatchTST-ICEEMDAN
2017-08-15,MCD,0.004261146016663701,0.007663878,PatchTST-ICEEMDAN
2017-08-15,MMM,0.01590676275940727,-0.051832747,PatchTST-ICEEMDAN
2017-08-15,MSFT,0.0270886450350105,0.030885862,PatchTST-ICEEMDAN
2017-08-15,NEM,0.05230640763289381,0.039068498,PatchTST-ICEEMDAN
2017-08-15,PFE,0.05120342885575,-0.00056465494,PatchTST-ICEEMDAN
2017-08-15,PG,0.0205190527118118,0.035280302,PatchTST-ICEEMDAN
2017-08-15,UNH,0.0273579170026008,-0.03377916,PatchTST-ICEEMDAN
2017-08-15,VZ,-0.031868320463807796,0.100176424,PatchTST-ICEEMDAN
2017-08-15,WFC,-0.026463559654936186,0.010296122,PatchTST-ICEEMDAN
2017-08-15,XOM,0.019494706219458303,-0.022553053,PatchTST-ICEEMDAN
2017-09-14,AAPL,-0.023127898849356905,0.10726327,PatchTST-ICEEMDAN
2017-09-14,CAT,0.08305390908760839,0.01644288,PatchTST-ICEEMDAN
2017-09-14,CVX,0.042523018121196,0.018716691,PatchTST-ICEEMDAN
2017-09-14,DUK,0.002302210377519703,0.07812183,PatchTST-ICEEMDAN
2017-09-14,GS,0.05679534804210021,0.009167883,PatchTST-ICEEMDAN
2017-09-14,HD,0.0281589042905162,0.017490838,PatchTST-ICEEMDAN
2017-09-14,INTC,0.0757775279230332,0.0022866083,PatchTST-ICEEMDAN
2017-09-14,JNJ,0.0325342809057753,-0.01251952,PatchTST-ICEEMDAN
2017-09-14,JPM,0.057565957127067205,0.016868936,PatchTST-ICEEMDAN
2017-09-14,KO,-0.008422535834073,0.0036642768,PatchTST-ICEEMDAN
2017-09-14,MCD,0.0430712855739709,0.034939926,PatchTST-ICEEMDAN
2017-09-14,MMM,0.03793665248300679,-0.009024568,PatchTST-ICEEMDAN
2017-09-14,MSFT,0.025078406371987997,0.030251179,PatchTST-ICEEMDAN
2017-09-14,NEM,0.013373677947308395,0.026002929,PatchTST-ICEEMDAN
2017-09-14,PFE,0.036133492107208,0.053768158,PatchTST-ICEEMDAN
2017-09-14,PG,-0.015078519161089597,0.005365231,PatchTST-ICEEMDAN
2017-09-14,UNH,-0.027656783207098315,0.01846752,PatchTST-ICEEMDAN
2017-09-14,VZ,0.0349392422141902,0.079285234,PatchTST-ICEEMDAN
2017-09-14,WFC,0.0703390896743971,-0.029346392,PatchTST-ICEEMDAN
2017-09-14,XOM,0.032801525337917706,-0.018854454,PatchTST-ICEEMDAN
2017-10-13,AAPL,0.1166308172033996,0.026130168,PatchTST-ICEEMDAN
2017-10-13,CAT,0.05466761841082439,-0.014635479,PatchTST-ICEEMDAN
2017-10-13,CVX,-0.01658817915473969,0.03692052,PatchTST-ICEEMDAN
2017-10-13,DUK,0.0218362207613456,0.0078587625,PatchTST-ICEEMDAN
2017-10-13,GS,0.0014584252888609943,0.009981801,PatchTST-ICEEMDAN
2017-10-13,HD,-0.0029207229544534015,0.04718544,PatchTST-ICEEMDAN
2017-10-13,INTC,0.15695610040525737,0.06634031,PatchTST-ICEEMDAN
2017-10-13,JNJ,0.019755349079932302,0.040132385,PatchTST-ICEEMDAN
2017-10-13,JPM,0.0157108909339556,0.03513901,PatchTST-ICEEMDAN
2017-10-13,KO,0.009282181548368598,0.024414556,PatchTST-ICEEMDAN
2017-10-13,MCD,0.010197399364219907,0.01643091,PatchTST-ICEEMDAN
2017-10-13,MMM,0.044317848930633084,-0.0118820835,PatchTST-ICEEMDAN
2017-10-13,MSFT,0.0839049359936764,-0.0010941968,PatchTST-ICEEMDAN
2017-10-13,NEM,-0.077701170545419,-0.018696427,PatchTST-ICEEMDAN
2017-10-13,PFE,-0.0236204357002682,0.04114881,PatchTST-ICEEMDAN
2017-10-13,PG,-0.036798486940555514,0.012801196,PatchTST-ICEEMDAN
2017-10-13,UNH,0.0899141447521951,0.029308751,PatchTST-ICEEMDAN
2017-10-13,VZ,-0.07447387550459299,0.02741094,PatchTST-ICEEMDAN
2017-10-13,WFC,-0.018722447531443802,0.056959584,PatchTST-ICEEMDAN
2017-10-13,XOM,0.015380267859211798,0.05655018,PatchTST-ICEEMDAN
2017-11-13,AAPL,-0.017149691414095874,0.07515282,PatchTST-ICEEMDAN
2017-11-13,CAT,0.049599259677462294,0.12660961,PatchTST-ICEEMDAN
2017-11-13,CVX,0.03042798758768792,-0.03835722,PatchTST-ICEEMDAN
2017-11-13,DUK,-0.010123710147391099,0.03695578,PatchTST-ICEEMDAN
2017-11-13,GS,0.0735922038416322,0.017671805,PatchTST-ICEEMDAN
2017-11-13,HD,0.10742367658347049,-0.020051342,PatchTST-ICEEMDAN
2017-11-13,INTC,-0.0506236984956631,0.21727884,PatchTST-ICEEMDAN
2017-11-13,JNJ,0.027653914588019496,0.057634328,PatchTST-ICEEMDAN
2017-11-13,JPM,0.0914711192591585,0.010176809,PatchTST-ICEEMDAN
2017-11-13,KO,-0.0190604049383389,0.022839505,PatchTST-ICEEMDAN
2017-11-13,MCD,0.045259767471269696,0.03635382,PatchTST-ICEEMDAN
2017-11-13,MMM,0.0443880307312314,0.0096560065,PatchTST-ICEEMDAN
2017-11-13,MSFT,0.025193426763800895,0.07272441,PatchTST-ICEEMDAN
2017-11-13,NEM,-0.024435634212267802,-0.06756432,PatchTST-ICEEMDAN
2017-11-13,PFE,0.039023740064277404,-0.004999908,PatchTST-ICEEMDAN
2017-11-13,PG,0.018988201980644808,-0.014578471,PatchTST-ICEEMDAN
2017-11-13,UNH,0.05606324427062359,0.07987699,PatchTST-ICEEMDAN
2017-11-13,VZ,0.1698780453630672,-0.07785391,PatchTST-ICEEMDAN
2017-11-13,WFC,0.1143705812872061,0.031440128,PatchTST-ICEEMDAN
2017-11-13,XOM,-0.002172544533779501,0.054673385,PatchTST-ICEEMDAN
2017-12-13,AAPL,0.030909233117132902,0.050013643,PatchTST-ICEEMDAN
2017-12-13,CAT,0.17178431466750646,0.102665596,PatchTST-ICEEMDAN
2017-12-13,CVX,0.1100286681594995,-0.026868794,PatchTST-ICEEMDAN
2017-12-13,DUK,-0.0992202516359898,0.0040010163,PatchTST-ICEEMDAN
2017-12-13,GS,-0.0025254212686173956,0.0597741,PatchTST-ICEEMDAN
2017-12-13,HD,0.0773477302132636,0.015462806,PatchTST-ICEEMDAN
2017-12-13,INTC,-0.0020791173013105044,-0.10238483,PatchTST-ICEEMDAN
2017-12-13,JNJ,0.02191767156824921,0.019185143,PatchTST-ICEEMDAN
2017-12-13,JPM,0.058233341337820196,0.050680965,PatchTST-ICEEMDAN
2017-12-13,KO,0.018810564374766404,0.016591929,PatchTST-ICEEMDAN
2017-12-13,MCD,0.0077500693749938,0.035397857,PatchTST-ICEEMDAN
2017-12-13,MMM,0.03280609591972025,0.027952753,PatchTST-ICEEMDAN
2017-12-13,MSFT,0.045903811526326596,0.017702773,PatchTST-ICEEMDAN
2017-12-13,NEM,0.1400511670711129,-0.026662726,PatchTST-ICEEMDAN
2017-12-13,PFE,-0.0010938845436008963,-0.005909265,PatchTST-ICEEMDAN
2017-12-13,PG,-0.002674728285009899,0.024624046,PatchTST-ICEEMDAN
2017-12-13,UNH,0.0272665083246679,-0.0125375185,PatchTST-ICEEMDAN
2017-12-13,VZ,-0.013997170110023296,0.046126984,PatchTST-ICEEMDAN
2017-12-13,WFC,0.0361363949432052,0.063912876,PatchTST-ICEEMDAN
2017-12-13,XOM,0.055922366936059995,0.0039495006,PatchTST-ICEEMDAN
2018-01-16,AAPL,-0.0706519796117478,0.018275287,PatchTST-ICEEMDAN
2018-01-16,CAT,-0.09617312447660678,0.02692394,PatchTST-ICEEMDAN
2018-01-16,CVX,-0.1648990310719993,0.040539857,PatchTST-ICEEMDAN
2018-01-16,DUK,-0.023337222915123402,0.0073227044,PatchTST-ICEEMDAN
2018-01-16,GS,-0.005853108413572013,0.050174125,PatchTST-ICEEMDAN
2018-01-16,HD,-0.0668424398652493,0.019118046,PatchTST-ICEEMDAN
2018-01-16,INTC,0.03458475858876201,-0.014944087,PatchTST-ICEEMDAN
2018-01-16,JNJ,-0.11473450383252501,0.028336849,PatchTST-ICEEMDAN
2018-01-16,JPM,-0.0021326117035682986,0.021061176,PatchTST-ICEEMDAN
2018-01-16,KO,-0.04339859622459811,0.00302452,PatchTST-ICEEMDAN
2018-01-16,MCD,-0.06651862848132718,0.047582407,PatchTST-ICEEMDAN
2018-01-16,MMM,-0.055117859943947495,0.043824732,PatchTST-ICEEMDAN
2018-01-16,MSFT,0.0025637164544872,-0.023025345,PatchTST-ICEEMDAN
2018-01-16,NEM,-0.07215728554460431,0.13022381,PatchTST-ICEEMDAN
2018-01-16,PFE,-0.035553803183985405,0.009053623,PatchTST-ICEEMDAN
2018-01-16,PG,-0.0872695565913116,0.0380195,PatchTST-ICEEMDAN
2018-01-16,UNH,-0.008786007224984408,0.06336206,PatchTST-ICEEMDAN
2018-01-16,VZ,-0.034925766350536305,0.0715891,PatchTST-ICEEMDAN
2018-01-16,WFC,-0.06957638285052371,0.02897454,PatchTST-ICEEMDAN
2018-01-16,XOM,-0.1270204280025484,-0.0002914687,PatchTST-ICEEMDAN
2018-02-14,AAPL,0.08349131348047009,-0.0049776053,PatchTST-ICEEMDAN
2018-02-14,CAT,0.0038894721948635833,-0.008954698,PatchTST-ICEEMDAN
2018-02-14,CVX,0.029917350166836606,-0.13852093,PatchTST-ICEEMDAN
2018-02-14,DUK,0.007440385184108297,-0.0028765332,PatchTST-ICEEMDAN
2018-02-14,GS,0.04525027020565281,0.016541507,PatchTST-ICEEMDAN
2018-02-14,HD,-0.025549110846670997,0.02858761,PatchTST-ICEEMDAN
2018-02-14,INTC,0.1348804965288684,-0.07412341,PatchTST-ICEEMDAN
2018-02-14,JNJ,0.029956299971921996,-0.13341732,PatchTST-ICEEMDAN
2018-02-14,JPM,0.02468608266546536,-0.037380476,PatchTST-ICEEMDAN
2018-02-14,KO,-0.003048040323359404,-0.009298668,PatchTST-ICEEMDAN
2018-02-14,MCD,0.0014304235395468032,-0.0538249,PatchTST-ICEEMDAN
2018-02-14,MMM,0.0251855194631065,-0.118934415,PatchTST-ICEEMDAN
2018-02-14,MSFT,0.0519752421480419,-0.020757364,PatchTST-ICEEMDAN
2018-02-14,NEM,0.011413071406515606,-0.0627748,PatchTST-ICEEMDAN
2018-02-14,PFE,0.04586958538680662,-0.037750922,PatchTST-ICEEMDAN
2018-02-14,PG,-0.035340690940038194,-0.03035296,PatchTST-ICEEMDAN
2018-02-14,UNH,0.0157585685395788,-0.07105307,PatchTST-ICEEMDAN
2018-02-14,VZ,-0.0363974208139383,-0.09492798,PatchTST-ICEEMDAN
2018-02-14,WFC,-0.020378780067695695,-0.082971364,PatchTST-ICEEMDAN
2018-02-14,XOM,-0.024948351263704406,-0.16392435,PatchTST-ICEEMDAN
2018-03-16,AAPL,-0.015967685129493994,0.121444434,PatchTST-ICEEMDAN
2018-03-16,CAT,-0.015846236628203593,-0.12087875,PatchTST-ICEEMDAN
2018-03-16,CVX,0.0433451302765107,-0.013736399,PatchTST-ICEEMDAN
2018-03-16,DUK,0.0157728996465143,0.0031451695,PatchTST-ICEEMDAN
2018-03-16,GS,-0.0332926450475477,0.022349894,PatchTST-ICEEMDAN
2018-03-16,HD,-0.02065347500320901,0.02646843,PatchTST-ICEEMDAN
2018-03-16,INTC,0.0294365823692543,0.1495565,PatchTST-ICEEMDAN
2018-03-16,JNJ,-0.0098180260248096,-0.066549286,PatchTST-ICEEMDAN
2018-03-16,JPM,-0.0395708750905702,-0.000464909,PatchTST-ICEEMDAN
2018-03-16,KO,0.022864697338915302,-0.0087634325,PatchTST-ICEEMDAN
2018-03-16,MCD,0.000123485918206396,-0.014778426,PatchTST-ICEEMDAN
2018-03-16,MMM,-0.08016320316386179,-0.098597914,PatchTST-ICEEMDAN
2018-03-16,MSFT,-0.00010634617056178367,0.048458103,PatchTST-ICEEMDAN
2018-03-16,NEM,0.10450224266945121,0.10101243,PatchTST-ICEEMDAN
2018-03-16,PFE,-0.001368033663099997,0.0054536196,PatchTST-ICEEMDAN
2018-03-16,PG,-0.0007632006328404974,0.008549223,PatchTST-ICEEMDAN
2018-03-16,UNH,0.0036539682444578954,-0.0054717483,PatchTST-ICEEMDAN
2018-03-16,VZ,0.014572533851542304,0.08985196,PatchTST-ICEEMDAN
2018-03-16,WFC,-0.11216798910481712,0.039925504,PatchTST-ICEEMDAN
2018-03-16,XOM,0.0538833824956466,-0.027836591,PatchTST-ICEEMDAN
2018-04-17,AAPL,0.0624974294240006,0.014708505,PatchTST-ICEEMDAN
2018-04-17,CAT,0.007975847304440797,0.06360833,PatchTST-ICEEMDAN
2018-04-17,CVX,0.0722245536295763,0.048620313,PatchTST-ICEEMDAN
2018-04-17,DUK,-0.013300083645539501,0.046316076,PatchTST-ICEEMDAN
2018-04-17,GS,-0.06537620483679699,-0.120452195,PatchTST-ICEEMDAN
2018-04-17,HD,0.0748121357644989,-0.026296332,PatchTST-ICEEMDAN
2018-04-17,INTC,0.0343495424336927,0.010783996,PatchTST-ICEEMDAN
2018-04-17,JNJ,-0.0516288937699663,-0.10271946,PatchTST-ICEEMDAN
2018-04-17,JPM,0.025265375265416806,-0.039663423,PatchTST-ICEEMDAN
2018-04-17,KO,-0.06854572688685019,-0.07797101,PatchTST-ICEEMDAN
2018-04-17,MCD,0.008808632170006998,-0.07575322,PatchTST-ICEEMDAN
2018-04-17,MMM,-0.07282217249453041,0.011254359,PatchTST-ICEEMDAN
2018-04-17,MSFT,0.03290294763762209,0.020859633,PatchTST-ICEEMDAN
2018-04-17,NEM,-0.04721006328523679,0.044619016,PatchTST-ICEEMDAN
2018-04-17,PFE,-0.013548647992989507,-0.018139862,PatchTST-ICEEMDAN
2018-04-17,PG,-0.06551362359668528,-0.06270929,PatchTST-ICEEMDAN
2018-04-17,UNH,0.039083675984265806,-0.0612249,PatchTST-ICEEMDAN
2018-04-17,VZ,-0.012476346695066596,-0.06562048,PatchTST-ICEEMDAN
2018-04-17,WFC,0.08238167961590391,-0.1078216,PatchTST-ICEEMDAN
2018-04-17,XOM,0.05063176018842369,-0.011048308,PatchTST-ICEEMDAN
2018-05-16,AAPL,0.023116050752353293,-0.033876583,PatchTST-ICEEMDAN
2018-05-16,CAT,0.0035975218498577963,0.010564569,PatchTST-ICEEMDAN
2018-05-16,CVX,-0.016528938729596196,0.120294206,PatchTST-ICEEMDAN
2018-05-16,DUK,-0.034380047543133604,-0.01784019,PatchTST-ICEEMDAN
2018-05-16,GS,-0.029763648430645086,-0.11257006,PatchTST-ICEEMDAN
2018-05-16,HD,0.0659135365643889,0.07296284,PatchTST-ICEEMDAN
2018-05-16,INTC,0.029602202943823895,0.10518727,PatchTST-ICEEMDAN
2018-05-16,JNJ,-0.0145878546005217,-0.03726254,PatchTST-ICEEMDAN
2018-05-16,JPM,-0.045244173345957,0.006861557,PatchTST-ICEEMDAN
2018-05-16,KO,0.05248447435147689,0.03377998,PatchTST-ICEEMDAN
2018-05-16,MCD,0.030506707213121903,0.043968838,PatchTST-ICEEMDAN
2018-05-16,MMM,0.012825256834762997,-0.1675941,PatchTST-ICEEMDAN
2018-05-16,MSFT,0.0455905950074689,-0.020916352,PatchTST-ICEEMDAN
2018-05-16,NEM,-0.0052597786451564,0.030460948,PatchTST-ICEEMDAN
2018-05-16,PFE,0.0130827495649771,0.014692436,PatchTST-ICEEMDAN
2018-05-16,PG,0.040827632190838195,-0.076610714,PatchTST-ICEEMDAN
2018-05-16,UNH,0.06400340748852519,-0.005754004,PatchTST-ICEEMDAN
2018-05-16,VZ,0.0006275311590912044,0.052938074,PatchTST-ICEEMDAN
2018-05-16,WFC,-0.0001827997469946033,0.055297602,PatchTST-ICEEMDAN
2018-05-16,XOM,0.00122186046595559,0.02341545,PatchTST-ICEEMDAN
2018-06-15,AAPL,0.0005764555174171977,0.016975453,PatchTST-ICEEMDAN
2018-06-15,CAT,-0.1035190226405277,-0.12766448,PatchTST-ICEEMDAN
2018-06-15,CVX,-0.028299765715763,0.048210543,PatchTST-ICEEMDAN
2018-06-15,DUK,0.09498864872262071,-0.033205535,PatchTST-ICEEMDAN
2018-06-15,GS,-0.009503784133157788,-0.026944729,PatchTST-ICEEMDAN
2018-06-15,HD,-0.003964134738275197,0.09127736,PatchTST-ICEEMDAN
2018-06-15,INTC,-0.06566771056841039,0.048390288,PatchTST-ICEEMDAN
2018-06-15,JNJ,0.018454418595111193,-0.053074606,PatchTST-ICEEMDAN
2018-06-15,JPM,0.028749867610827966,-0.012521927,PatchTST-ICEEMDAN
2018-06-15,KO,0.026046001017732894,0.0008122735,PatchTST-ICEEMDAN
2018-06-15,MCD,-0.0507734452686415,-0.0016324613,PatchTST-ICEEMDAN
2018-06-15,MMM,-0.012452650178913905,-0.16937245,PatchTST-ICEEMDAN
2018-06-15,MSFT,0.033832715019041504,0.040743273,PatchTST-ICEEMDAN
2018-06-15,NEM,-0.07034337830909128,0.035293616,PatchTST-ICEEMDAN
2018-06-15,PFE,0.033182602055345595,0.04647032,PatchTST-ICEEMDAN
2018-06-15,PG,0.04553216044726931,-0.008596374,PatchTST-ICEEMDAN
2018-06-15,UNH,0.009972416370159998,0.05207371,PatchTST-ICEEMDAN
2018-06-15,VZ,0.0874109179066402,-0.07573709,PatchTST-ICEEMDAN
2018-06-15,WFC,0.04028141962485379,-0.030288644,PatchTST-ICEEMDAN
2018-06-15,XOM,0.007300629435466603,0.07302734,PatchTST-ICEEMDAN
2018-07-17,AAPL,0.09761482666261069,0.059099007,PatchTST-ICEEMDAN
2018-07-17,CAT,-0.0170384422442875,0.05745937,PatchTST-ICEEMDAN
2018-07-17,CVX,-0.0032578330541744027,-0.022756368,PatchTST-ICEEMDAN
2018-07-17,DUK,0.0054322308971162005,0.0071865423,PatchTST-ICEEMDAN
2018-07-17,GS,-0.008156461538644601,0.066415004,PatchTST-ICEEMDAN
2018-07-17,HD,-0.0294934722623926,0.08977974,PatchTST-ICEEMDAN
2018-07-17,INTC,-0.07167492176755161,-0.022471119,PatchTST-ICEEMDAN
2018-07-17,JNJ,0.03785029570886979,0.010033722,PatchTST-ICEEMDAN
2018-07-17,JPM,0.03614458163564491,-0.0288888,PatchTST-ICEEMDAN
2018-07-17,KO,0.025602678501946204,0.019615863,PatchTST-ICEEMDAN
2018-07-17,MCD,0.011397326912980902,0.014661813,PatchTST-ICEEMDAN
2018-07-17,MMM,-0.002938250743170304,-0.0531086,PatchTST-ICEEMDAN
2018-07-17,MSFT,0.0433695940846055,0.0043241247,PatchTST-ICEEMDAN
2018-07-17,NEM,-0.07271798895099629,0.01292612,PatchTST-ICEEMDAN
2018-07-17,PFE,0.0938164526396963,-0.046465352,PatchTST-ICEEMDAN
2018-07-17,PG,0.031169759649521293,0.04457436,PatchTST-ICEEMDAN
2018-07-17,UNH,0.024979147436423592,0.029158331,PatchTST-ICEEMDAN
2018-07-17,VZ,0.024508259781473397,0.053422477,PatchTST-ICEEMDAN
2018-07-17,WFC,0.026064409546122394,0.06348989,PatchTST-ICEEMDAN
2018-07-17,XOM,-0.041740332223291994,0.053132426,PatchTST-ICEEMDAN
2018-08-15,AAPL,0.07643153936546743,0.04210392,PatchTST-ICEEMDAN
2018-08-15,CAT,0.0757686363741662,-0.018683113,PatchTST-ICEEMDAN
2018-08-15,CVX,-0.043049073957209104,-0.053039476,PatchTST-ICEEMDAN
2018-08-15,DUK,0.02278615059953781,-0.039842855,PatchTST-ICEEMDAN
2018-08-15,GS,-0.0020659403909995995,-0.027925827,PatchTST-ICEEMDAN
2018-08-15,HD,0.08638955458243282,0.033973012,PatchTST-ICEEMDAN
2018-08-15,INTC,-0.05444826727988031,-0.014839484,PatchTST-ICEEMDAN
2018-08-15,JNJ,0.083817852223671,0.057205793,PatchTST-ICEEMDAN
2018-08-15,JPM,-0.0099049576495552,-0.0017748056,PatchTST-ICEEMDAN
2018-08-15,KO,0.007161972893931099,0.05615426,PatchTST-ICEEMDAN
2018-08-15,MCD,0.017368781325689,0.019975586,PatchTST-ICEEMDAN
2018-08-15,MMM,0.048340045830826316,-0.048410572,PatchTST-ICEEMDAN
2018-08-15,MSFT,0.03395964240800391,0.028796604,PatchTST-ICEEMDAN
2018-08-15,NEM,-0.1113542122071773,-0.12087905,PatchTST-ICEEMDAN
2018-08-15,PFE,0.051232115120510395,0.037788503,PatchTST-ICEEMDAN
2018-08-15,PG,0.025978562404524605,0.08508555,PatchTST-ICEEMDAN
2018-08-15,UNH,0.0109682576140279,0.06690187,PatchTST-ICEEMDAN
2018-08-15,VZ,0.0384055465670098,-0.0063976655,PatchTST-ICEEMDAN
2018-08-15,WFC,-0.0543159949115877,0.010614524,PatchTST-ICEEMDAN
2018-08-15,XOM,0.049938403873914294,0.00016690372,PatchTST-ICEEMDAN
2018-09-14,AAPL,-0.019174895001124,0.04169017,PatchTST-ICEEMDAN
2018-09-14,CAT,-0.02413064636175969,0.010130689,PatchTST-ICEEMDAN
2018-09-14,CVX,0.012560557662755788,-0.023889847,PatchTST-ICEEMDAN
2018-09-14,DUK,-0.026645290395328702,0.016218247,PatchTST-ICEEMDAN
2018-09-14,GS,-0.06542389613900121,0.0038552638,PatchTST-ICEEMDAN
2018-09-14,HD,-0.08454489778171582,0.036667176,PatchTST-ICEEMDAN
2018-09-14,INTC,-0.015257038186674302,0.06469683,PatchTST-ICEEMDAN
2018-09-14,JNJ,-0.0439874665839373,0.0787271,PatchTST-ICEEMDAN
2018-09-14,JPM,-0.0526394297560459,0.035337918,PatchTST-ICEEMDAN
2018-09-14,KO,-0.025412823466157197,-0.024425784,PatchTST-ICEEMDAN
2018-09-14,MCD,0.008705885819649595,0.023884987,PatchTST-ICEEMDAN
2018-09-14,MMM,-0.05314572482935899,0.05282414,PatchTST-ICEEMDAN
2018-09-14,MSFT,-0.030027947247847797,0.045120627,PatchTST-ICEEMDAN
2018-09-14,NEM,0.058481119127210796,-0.14519298,PatchTST-ICEEMDAN
2018-09-14,PFE,0.021471183029561497,0.09526223,PatchTST-ICEEMDAN
2018-09-14,PG,-0.054040661239267006,0.021801028,PatchTST-ICEEMDAN
2018-09-14,UNH,-0.022396841480236705,0.0139955245,PatchTST-ICEEMDAN
2018-09-14,VZ,-0.0112501558861706,0.06429132,PatchTST-ICEEMDAN
2018-09-14,WFC,-0.053976127422523196,-0.0064115827,PatchTST-ICEEMDAN
2018-09-14,XOM,-0.011484240819396417,0.03430078,PatchTST-ICEEMDAN
2018-10-15,AAPL,-0.13095542910935826,0.059304148,PatchTST-ICEEMDAN
2018-10-15,CAT,-0.12165328861602831,0.06946686,PatchTST-ICEEMDAN
2018-10-15,CVX,-0.0032320270843111017,0.019479843,PatchTST-ICEEMDAN
2018-10-15,DUK,0.071515274204867,0.015760722,PatchTST-ICEEMDAN
2018-10-15,GS,-0.03724932343181852,0.020356297,PatchTST-ICEEMDAN
2018-10-15,HD,-0.0701550574313766,-0.02953144,PatchTST-ICEEMDAN
2018-10-15,INTC,0.0449540002571861,-0.024446595,PatchTST-ICEEMDAN
2018-10-15,JNJ,0.0841312842081594,-0.028674515,PatchTST-ICEEMDAN
2018-10-15,JPM,0.018527681362741903,0.078856684,PatchTST-ICEEMDAN
2018-10-15,KO,0.10989339585376581,0.06356488,PatchTST-ICEEMDAN
2018-10-15,MCD,0.1181761174802342,0.059643723,PatchTST-ICEEMDAN
2018-10-15,MMM,-0.006020780297930101,0.07112481,PatchTST-ICEEMDAN
2018-10-15,MSFT,-0.024950186358385893,-0.002662957,PatchTST-ICEEMDAN
2018-10-15,NEM,-0.016045705368298316,0.03787027,PatchTST-ICEEMDAN
2018-10-15,PFE,0.015196718920932998,0.1275091,PatchTST-ICEEMDAN
2018-10-15,PG,0.16795905000502542,-0.05635545,PatchTST-ICEEMDAN
2018-10-15,UNH,0.04801778821188211,0.0037902277,PatchTST-ICEEMDAN
2018-10-15,VZ,0.08880882837542399,0.07789271,PatchTST-ICEEMDAN
2018-10-15,WFC,0.012652806763329104,-0.03139554,PatchTST-ICEEMDAN
2018-10-15,XOM,-0.009143674103987092,-0.0060348045,PatchTST-ICEEMDAN
2018-11-13,AAPL,-0.1273629835717889,-0.14810936,PatchTST-ICEEMDAN
2018-11-13,CAT,0.007174228316448384,-0.09285116,PatchTST-ICEEMDAN
2018-11-13,CVX,-0.002703178130888808,0.019655302,PatchTST-ICEEMDAN
2018-11-13,DUK,0.0671396009215412,0.017584793,PatchTST-ICEEMDAN
2018-11-13,GS,-0.15404791208895058,0.039884195,PatchTST-ICEEMDAN
2018-11-13,HD,-0.025513282882381815,0.021300355,PatchTST-ICEEMDAN
2018-11-13,INTC,0.0345515722576035,0.019956615,PatchTST-ICEEMDAN
2018-11-13,JNJ,0.021478160043316003,0.024848979,PatchTST-ICEEMDAN
2018-11-13,JPM,-0.0745808263935032,-0.022094458,PatchTST-ICEEMDAN
2018-11-13,KO,-0.00017652173060879808,-0.0021089027,PatchTST-ICEEMDAN
2018-11-13,MCD,0.01725929140816469,0.08974256,PatchTST-ICEEMDAN
2018-11-13,MMM,0.0323100727891164,0.06740107,PatchTST-ICEEMDAN
2018-11-13,MSFT,0.0281655256771767,0.025425758,PatchTST-ICEEMDAN
2018-11-13,NEM,0.0807489690792887,-0.08385464,PatchTST-ICEEMDAN
2018-11-13,PFE,0.010374507920136996,0.04515762,PatchTST-ICEEMDAN
2018-11-13,PG,0.040070602645593395,0.25835022,PatchTST-ICEEMDAN
2018-11-13,UNH,0.0023455900091570734,0.054541446,PatchTST-ICEEMDAN
2018-11-13,VZ,-0.028151481982298898,0.04365034,PatchTST-ICEEMDAN
2018-11-13,WFC,-0.10716624655117192,-0.017395271,PatchTST-ICEEMDAN
2018-11-13,XOM,-0.036353936966392816,0.09147148,PatchTST-ICEEMDAN
2018-12-14,AAPL,-0.1104755171011536,-0.15631984,PatchTST-ICEEMDAN
2018-12-14,CAT,0.037340095966507794,0.14160852,PatchTST-ICEEMDAN
2018-12-14,CVX,-0.03350319538873418,0.0112031475,PatchTST-ICEEMDAN
2018-12-14,DUK,-0.065463098618014,-0.033057965,PatchTST-ICEEMDAN
2018-12-14,GS,0.022427480791327496,-0.10832469,PatchTST-ICEEMDAN
2018-12-14,HD,0.014843196490593888,0.03354652,PatchTST-ICEEMDAN
2018-12-14,INTC,0.006398932527207412,0.031178296,PatchTST-ICEEMDAN
2018-12-14,JNJ,-0.1335313208288629,0.0459879,PatchTST-ICEEMDAN
2018-12-14,JPM,0.01361063811248798,-0.06011409,PatchTST-ICEEMDAN
2018-12-14,KO,-0.039164196033671515,-0.04051009,PatchTST-ICEEMDAN
2018-12-14,MCD,-0.02944822216098791,0.030004261,PatchTST-ICEEMDAN
2018-12-14,MMM,-0.06748141932861379,-0.023892634,PatchTST-ICEEMDAN
2018-12-14,MSFT,-0.041412108254788,0.07895908,PatchTST-ICEEMDAN
2018-12-14,NEM,-0.0929042171207959,-0.025863793,PatchTST-ICEEMDAN
2018-12-14,PFE,-0.042159750343961896,0.03159191,PatchTST-ICEEMDAN
2018-12-14,PG,-0.04754193145220739,0.17169644,PatchTST-ICEEMDAN
2018-12-14,UNH,-0.0577832665831982,0.09680553,PatchTST-ICEEMDAN
2018-12-14,VZ,0.02791929229130191,0.07799494,PatchTST-ICEEMDAN
2018-12-14,WFC,0.013516506745006002,0.0018261619,PatchTST-ICEEMDAN
2018-12-14,XOM,-0.07147330083788359,0.00309648,PatchTST-ICEEMDAN
2019-01-16,AAPL,0.11387746122492039,0.05244994,PatchTST-ICEEMDAN
2019-01-16,CAT,0.021072273130664284,-0.10155835,PatchTST-ICEEMDAN
2019-01-16,CVX,0.0624722994979902,0.026642712,PatchTST-ICEEMDAN
2019-01-16,DUK,0.041404510471169796,-0.032100283,PatchTST-ICEEMDAN
2019-01-16,GS,0.0677949175821072,-0.0014696012,PatchTST-ICEEMDAN
2019-01-16,HD,0.061747115421685594,-0.0145960525,PatchTST-ICEEMDAN
2019-01-16,INTC,0.050788282256042996,0.1330325,PatchTST-ICEEMDAN
2019-01-16,JNJ,0.0375512615083242,-0.019445729,PatchTST-ICEEMDAN
2019-01-16,JPM,0.007251359452253099,-0.03184728,PatchTST-ICEEMDAN
2019-01-16,KO,-0.0425142134405917,0.00490061,PatchTST-ICEEMDAN
2019-01-16,MCD,-0.028862477475673002,-0.0028376444,PatchTST-ICEEMDAN
2019-01-16,MMM,0.08812869634112187,0.06408326,PatchTST-ICEEMDAN
2019-01-16,MSFT,0.017838071129619687,0.016368695,PatchTST-ICEEMDAN
2019-01-16,NEM,0.0652030222603659,-0.23983338,PatchTST-ICEEMDAN
2019-01-16,PFE,-0.009250496408752393,0.0070710015,PatchTST-ICEEMDAN
2019-01-16,PG,0.0756310617139613,-0.013481965,PatchTST-ICEEMDAN
2019-01-16,UNH,0.03240416183901029,-0.02388679,PatchTST-ICEEMDAN
2019-01-16,VZ,-0.07262618036848409,0.08560571,PatchTST-ICEEMDAN
2019-01-16,WFC,0.0266982783783557,0.02098167,PatchTST-ICEEMDAN
2019-01-16,XOM,0.07324835616562748,-0.059309274,PatchTST-ICEEMDAN
2019-02-15,AAPL,0.0960548266831279,0.059402205,PatchTST-ICEEMDAN
2019-02-15,CAT,0.011098367198176695,-0.07049413,PatchTST-ICEEMDAN
2019-02-15,CVX,0.06328929504716191,0.06343014,PatchTST-ICEEMDAN
2019-02-15,DUK,0.025187099011412903,0.010790957,PatchTST-ICEEMDAN
2019-02-15,GS,0.0543701762807207,-0.053725757,PatchTST-ICEEMDAN
2019-02-15,HD,-0.015700837061553594,0.00839511,PatchTST-ICEEMDAN
2019-02-15,INTC,0.062741095875047,0.049921017,PatchTST-ICEEMDAN
2019-02-15,JNJ,0.027680950922878197,-0.077982746,PatchTST-ICEEMDAN
2019-02-15,JPM,0.0455210732694298,0.005500196,PatchTST-ICEEMDAN
2019-02-15,KO,0.004736096801477994,-0.052795116,PatchTST-ICEEMDAN
2019-02-15,MCD,0.0512652964485744,0.010507071,PatchTST-ICEEMDAN
2019-02-15,MMM,0.0172225181206094,0.009845159,PatchTST-ICEEMDAN
2019-02-15,MSFT,0.0994018549208906,-0.0009652609,PatchTST-ICEEMDAN
2019-02-15,NEM,0.0007383909577907835,-0.06744849,PatchTST-ICEEMDAN
2019-02-15,PFE,-0.0038196341113252005,-0.020117473,PatchTST-ICEEMDAN
2019-02-15,PG,0.030507168096063603,-0.0955012,PatchTST-ICEEMDAN
2019-02-15,UNH,-0.0359011586518488,-0.03238049,PatchTST-ICEEMDAN
2019-02-15,VZ,0.0721096973317108,-0.0024152258,PatchTST-ICEEMDAN
2019-02-15,WFC,0.0640616001736902,-0.065280385,PatchTST-ICEEMDAN
2019-02-15,XOM,0.0611564058031361,0.055962335,PatchTST-ICEEMDAN
2019-03-19,AAPL,0.0580119168281142,0.10527462,PatchTST-ICEEMDAN
2019-03-19,CAT,0.0574523609306028,0.03666468,PatchTST-ICEEMDAN
2019-03-19,CVX,-0.03813443747646641,-0.030733429,PatchTST-ICEEMDAN
2019-03-19,DUK,-0.0108291014816973,0.05528808,PatchTST-ICEEMDAN
2019-03-19,GS,-0.0031167149209589025,0.009272819,PatchTST-ICEEMDAN
2019-03-19,HD,0.1086428375936739,0.061261337,PatchTST-ICEEMDAN
2019-03-19,INTC,0.047116227900118206,0.06866605,PatchTST-ICEEMDAN
2019-03-19,JNJ,0.00617763716369849,-0.04948354,PatchTST-ICEEMDAN
2019-03-19,JPM,0.0434504882039574,0.07497763,PatchTST-ICEEMDAN
2019-03-19,KO,0.033350970930787,-0.0056339386,PatchTST-ICEEMDAN
2019-03-19,MCD,0.041267763134269005,0.027849017,PatchTST-ICEEMDAN
2019-03-19,MMM,0.03954524701707151,0.04405495,PatchTST-ICEEMDAN
2019-03-19,MSFT,0.026853959417703792,0.053028192,PatchTST-ICEEMDAN
2019-03-19,NEM,0.0774530730615374,0.12204953,PatchTST-ICEEMDAN
2019-03-19,PFE,-0.021516624159137805,-0.004177944,PatchTST-ICEEMDAN
2019-03-19,PG,0.047236090490125525,-0.019725837,PatchTST-ICEEMDAN
2019-03-19,UNH,-0.1432818337995796,0.09672763,PatchTST-ICEEMDAN
2019-03-19,VZ,0.022572972311823397,0.004849614,PatchTST-ICEEMDAN
2019-03-19,WFC,-0.08215504217925729,0.082065195,PatchTST-ICEEMDAN
2019-03-19,XOM,0.0014788000037581003,0.041764364,PatchTST-ICEEMDAN
2019-04-17,AAPL,-0.04327160140858669,0.08684131,PatchTST-ICEEMDAN
2019-04-17,CAT,-0.10888381688751357,0.07784283,PatchTST-ICEEMDAN
2019-04-17,CVX,0.006732420295069897,-0.048736952,PatchTST-ICEEMDAN
2019-04-17,DUK,-0.021762846403739197,-0.0121976,PatchTST-ICEEMDAN
2019-04-17,GS,-0.013466979630652203,0.013562335,PatchTST-ICEEMDAN
2019-04-17,HD,-0.060948720146724915,-0.0015096185,PatchTST-ICEEMDAN
2019-04-17,INTC,-0.213473617253382,0.038209382,PatchTST-ICEEMDAN
2019-04-17,JNJ,0.0013753772405610976,0.047430445,PatchTST-ICEEMDAN
2019-04-17,JPM,0.0018883059166215702,0.07275549,PatchTST-ICEEMDAN
2019-04-17,KO,0.054504337594937495,-0.0140173705,PatchTST-ICEEMDAN
2019-04-17,MCD,0.042335795002499954,0.018223831,PatchTST-ICEEMDAN
2019-04-17,MMM,-0.2330468508838432,0.05194902,PatchTST-ICEEMDAN
2019-04-17,MSFT,0.06907636864934005,0.030629557,PatchTST-ICEEMDAN
2019-04-17,NEM,-0.12996548312941664,0.13163435,PatchTST-ICEEMDAN
2019-04-17,PFE,0.026272345025762707,0.031272832,PatchTST-ICEEMDAN
2019-04-17,PG,0.022790630984850103,0.026097335,PatchTST-ICEEMDAN
2019-04-17,UNH,0.0691919568033859,-0.028392937,PatchTST-ICEEMDAN
2019-04-17,VZ,-0.0242758283102896,0.05095376,PatchTST-ICEEMDAN
2019-04-17,WFC,-0.02779673027681531,0.026349796,PatchTST-ICEEMDAN
2019-04-17,XOM,-0.05005890455865339,-0.062257826,PatchTST-ICEEMDAN
2019-05-17,AAPL,0.01984607293336671,-0.22869144,PatchTST-ICEEMDAN
2019-05-17,CAT,0.0055921396800683,-0.11123827,PatchTST-ICEEMDAN
2019-05-17,CVX,0.004872304474335099,-0.032372266,PatchTST-ICEEMDAN
2019-05-17,DUK,0.0196343303069818,0.038179997,PatchTST-ICEEMDAN
2019-05-17,GS,-0.03812814581002891,0.07304753,PatchTST-ICEEMDAN
2019-05-17,HD,0.08013932859738382,0.006595051,PatchTST-ICEEMDAN
2019-05-17,INTC,0.013092022126941204,-0.18662587,PatchTST-ICEEMDAN
2019-05-17,JNJ,0.015679428352724088,0.07409954,PatchTST-ICEEMDAN
2019-05-17,JPM,-0.018954851668050703,0.11338749,PatchTST-ICEEMDAN
2019-05-17,KO,0.03346172981662641,0.026196517,PatchTST-ICEEMDAN
2019-05-17,MCD,0.024759796508687898,0.03934103,PatchTST-ICEEMDAN
2019-05-17,MMM,-0.02119435439577459,-0.018759664,PatchTST-ICEEMDAN
2019-05-17,MSFT,0.029951380718920388,0.032638043,PatchTST-ICEEMDAN
2019-05-17,NEM,0.1743297356140222,-0.05955115,PatchTST-ICEEMDAN
2019-05-17,PFE,0.0293444247031208,-0.010796587,PatchTST-ICEEMDAN
2019-05-17,PG,0.026290701238705305,0.007035708,PatchTST-ICEEMDAN
2019-05-17,UNH,0.042454501696883695,0.09605087,PatchTST-ICEEMDAN
2019-05-17,VZ,0.004347488427687302,0.02006851,PatchTST-ICEEMDAN
2019-05-17,WFC,-0.013820595979271998,0.020646391,PatchTST-ICEEMDAN
2019-05-17,XOM,-0.016771517290506098,-0.030181296,PatchTST-ICEEMDAN
2019-06-18,AAPL,0.0476378434402529,-0.05013299,PatchTST-ICEEMDAN
2019-06-18,CAT,0.06396412173202,-0.062087543,PatchTST-ICEEMDAN
2019-06-18,CVX,0.022401418262610155,-0.037231468,PatchTST-ICEEMDAN
2019-06-18,DUK,0.01343957494766059,0.029352723,PatchTST-ICEEMDAN
2019-06-18,GS,0.11131671700436249,-0.017001688,PatchTST-ICEEMDAN
2019-06-18,HD,0.04084909676048619,0.019820716,PatchTST-ICEEMDAN
2019-06-18,INTC,0.06828444082105059,-0.27063897,PatchTST-ICEEMDAN
2019-06-18,JNJ,-0.05589355280346891,-0.0033667604,PatchTST-ICEEMDAN
2019-06-18,JPM,0.04980103635297469,-0.047258634,PatchTST-ICEEMDAN
2019-06-18,KO,0.025425855479911105,0.052756097,PatchTST-ICEEMDAN
2019-06-18,MCD,0.0474320600608213,0.024870666,PatchTST-ICEEMDAN
2019-06-18,MMM,0.04622319791426559,-0.18152985,PatchTST-ICEEMDAN
2019-06-18,MSFT,0.025417340323791303,-0.0057118465,PatchTST-ICEEMDAN
2019-06-18,NEM,0.0754872783605083,-0.00846006,PatchTST-ICEEMDAN
2019-06-18,PFE,-0.0032704642079371964,-0.029796505,PatchTST-ICEEMDAN
2019-06-18,PG,0.0436327318473085,0.013660563,PatchTST-ICEEMDAN
2019-06-18,UNH,0.08072751131772302,0.052451655,PatchTST-ICEEMDAN
2019-06-18,VZ,0.0033310438275240026,-0.05132472,PatchTST-ICEEMDAN
2019-06-18,WFC,-0.0013262831948719013,-0.038093098,PatchTST-ICEEMDAN
2019-06-18,XOM,0.00518026420102451,-0.004313543,PatchTST-ICEEMDAN
2019-07-18,AAPL,-0.004156701914160898,0.038659327,PatchTST-ICEEMDAN
2019-07-18,CAT,-0.15589881339350312,0.14715101,PatchTST-ICEEMDAN
2019-07-18,CVX,-0.059663528491997284,0.042837057,PatchTST-ICEEMDAN
2019-07-18,DUK,0.012267025906143404,0.0497662,PatchTST-ICEEMDAN
2019-07-18,GS,-0.08366736247930759,0.051474392,PatchTST-ICEEMDAN
2019-07-18,HD,-0.06624374617260229,-0.04053599,PatchTST-ICEEMDAN
2019-07-18,INTC,-0.07092054939305532,-0.019833915,PatchTST-ICEEMDAN
2019-07-18,JNJ,-0.010061039524214303,0.08629206,PatchTST-ICEEMDAN
2019-07-18,JPM,-0.08024741472889943,0.0428854,PatchTST-ICEEMDAN
2019-07-18,KO,0.03187447161897359,0.04930823,PatchTST-ICEEMDAN
2019-07-18,MCD,0.0211125460418993,-0.04965291,PatchTST-ICEEMDAN
2019-07-18,MMM,-0.0985634365626472,-0.04253958,PatchTST-ICEEMDAN
2019-07-18,MSFT,-0.015865050592197998,0.012911019,PatchTST-ICEEMDAN
2019-07-18,NEM,-0.013921311674095797,0.08578008,PatchTST-ICEEMDAN
2019-07-18,PFE,-0.2054438390516001,0.032146472,PatchTST-ICEEMDAN
2019-07-18,PG,0.018884158266704407,0.001760364,PatchTST-ICEEMDAN
2019-07-18,UNH,-0.08774477057509791,0.109684795,PatchTST-ICEEMDAN
2019-07-18,VZ,-0.01620911628900859,0.0019623323,PatchTST-ICEEMDAN
2019-07-18,WFC,-0.0301243828975239,-0.091941364,PatchTST-ICEEMDAN
2019-07-18,XOM,-0.10309322547487139,0.02479941,PatchTST-ICEEMDAN
2019-08-16,AAPL,0.08619301398586297,0.10130875,PatchTST-ICEEMDAN
2019-08-16,CAT,0.1443726638965814,-0.10026225,PatchTST-ICEEMDAN
2019-08-16,CVX,0.06972971010921619,0.037348896,PatchTST-ICEEMDAN
2019-08-16,DUK,0.0421115497952186,0.018267147,PatchTST-ICEEMDAN
2019-08-16,GS,0.10813496453664018,0.08878281,PatchTST-ICEEMDAN
2019-08-16,HD,0.1412348915847523,0.011807932,PatchTST-ICEEMDAN
2019-08-16,INTC,0.1329841003790931,0.013425578,PatchTST-ICEEMDAN
2019-08-16,JNJ,-0.00022493836404610494,-0.041420937,PatchTST-ICEEMDAN
2019-08-16,JPM,0.12460425324550187,-0.035108022,PatchTST-ICEEMDAN
2019-08-16,KO,0.008953965589911397,-0.032854702,PatchTST-ICEEMDAN
2019-08-16,MCD,-0.0458096922036394,-0.0022680718,PatchTST-ICEEMDAN
2019-08-16,MMM,0.0786291531234257,0.075310536,PatchTST-ICEEMDAN
2019-08-16,MSFT,0.0196293454014813,0.03409179,PatchTST-ICEEMDAN
2019-08-16,NEM,0.0026364338735162998,0.13356034,PatchTST-ICEEMDAN
2019-08-16,PFE,0.0659333911323669,-0.06515111,PatchTST-ICEEMDAN
2019-08-16,PG,0.019904400189883105,0.11691612,PatchTST-ICEEMDAN
2019-08-16,UNH,-0.03633073921701121,0.07447396,PatchTST-ICEEMDAN
2019-08-16,VZ,0.05528192181897479,0.015700798,PatchTST-ICEEMDAN
2019-08-16,WFC,0.12141340155154359,-0.010269672,PatchTST-ICEEMDAN
2019-08-16,XOM,0.0919925542500165,-0.018887108,PatchTST-ICEEMDAN
2019-09-17,AAPL,0.0677732080147279,0.027912177,PatchTST-ICEEMDAN
2019-09-17,CAT,-0.016050070251571204,-0.011248346,PatchTST-ICEEMDAN
2019-09-17,CVX,-0.06498970982942781,0.044293668,PatchTST-ICEEMDAN
2019-09-17,DUK,0.0199878095094872,0.0057915957,PatchTST-ICEEMDAN
2019-09-17,GS,-0.05080408550328692,0.06848954,PatchTST-ICEEMDAN
2019-09-17,HD,0.019846090117266194,-0.055432394,PatchTST-ICEEMDAN
2019-09-17,INTC,0.008583807770447606,0.09366271,PatchTST-ICEEMDAN
2019-09-17,JNJ,0.025155810844026596,0.07658849,PatchTST-ICEEMDAN
2019-09-17,JPM,0.014669827689507597,0.0018992103,PatchTST-ICEEMDAN
2019-09-17,KO,-0.008374304742629197,0.023490317,PatchTST-ICEEMDAN
2019-09-17,MCD,-0.0008682558170596934,-0.026807722,PatchTST-ICEEMDAN
2019-09-17,MMM,-0.04022788638053962,-0.060328502,PatchTST-ICEEMDAN
2019-09-17,MSFT,0.0377163033633407,0.0005774442,PatchTST-ICEEMDAN
2019-09-17,NEM,-0.0207436190984445,0.10866917,PatchTST-ICEEMDAN
2019-09-17,PFE,-0.009000301177238896,-0.056879446,PatchTST-ICEEMDAN
2019-09-17,PG,-0.021524386180106297,0.05037945,PatchTST-ICEEMDAN
2019-09-17,UNH,0.017589732416247894,-0.036605723,PatchTST-ICEEMDAN
2019-09-17,VZ,0.027844592396431795,-0.004439803,PatchTST-ICEEMDAN
2019-09-17,WFC,0.0228086802223742,0.0060599577,PatchTST-ICEEMDAN
2019-09-17,XOM,-0.06023471368148281,-0.037055217,PatchTST-ICEEMDAN
2019-10-16,AAPL,0.11977957670379101,-0.04063305,PatchTST-ICEEMDAN
2019-10-16,CAT,0.10561345054031591,0.095403865,PatchTST-ICEEMDAN
2019-10-16,CVX,0.050054434222590295,0.021358939,PatchTST-ICEEMDAN
2019-10-16,DUK,-0.07053554476360069,0.06308298,PatchTST-ICEEMDAN
2019-10-16,GS,0.06042524769641129,-0.11899125,PatchTST-ICEEMDAN
2019-10-16,HD,-0.0034863812240451975,-0.0061505074,PatchTST-ICEEMDAN
2019-10-16,INTC,0.1003669525174581,0.08781027,PatchTST-ICEEMDAN
2019-10-16,JNJ,-0.011889058382027397,0.032618016,PatchTST-ICEEMDAN
2019-10-16,JPM,0.06861493823326321,0.020379094,PatchTST-ICEEMDAN
2019-10-16,KO,-0.02077121021277,-0.017513778,PatchTST-ICEEMDAN
2019-10-16,MCD,-0.06078149485123822,0.0025668486,PatchTST-ICEEMDAN
2019-10-16,MMM,0.04540067350461271,-0.068884924,PatchTST-ICEEMDAN
2019-10-16,MSFT,0.03974475165155301,0.0111864135,PatchTST-ICEEMDAN
2019-10-16,NEM,-0.008526628196432101,0.026760042,PatchTST-ICEEMDAN
2019-10-16,PFE,0.012353980584977603,-0.07420201,PatchTST-ICEEMDAN
2019-10-16,PG,0.03537936732948121,-0.07201477,PatchTST-ICEEMDAN
2019-10-16,UNH,0.060893302764432285,-0.002317192,PatchTST-ICEEMDAN
2019-10-16,VZ,-0.0190068094661352,0.030103164,PatchTST-ICEEMDAN
2019-10-16,WFC,0.0710528597723403,-0.03015944,PatchTST-ICEEMDAN
2019-10-16,XOM,0.0030165355529689856,-0.02811579,PatchTST-ICEEMDAN
2019-11-14,AAPL,0.039588266752017605,0.10016051,PatchTST-ICEEMDAN
2019-11-14,CAT,0.007171820568935507,0.046960674,PatchTST-ICEEMDAN
2019-11-14,CVX,-0.026162696882892307,0.0067047444,PatchTST-ICEEMDAN
2019-11-14,DUK,0.028310768556502695,-0.08117779,PatchTST-ICEEMDAN
2019-11-14,GS,0.031190828058697002,0.0009443322,PatchTST-ICEEMDAN
2019-11-14,HD,-0.0860089806816928,-0.02910206,PatchTST-ICEEMDAN
2019-11-14,INTC,-0.0017286453478062899,0.120573014,PatchTST-ICEEMDAN
2019-11-14,JNJ,0.0810993778917172,-0.003038105,PatchTST-ICEEMDAN
2019-11-14,JPM,0.06281969162278339,0.06405802,PatchTST-ICEEMDAN
2019-11-14,KO,0.04507615632189991,-0.025001276,PatchTST-ICEEMDAN
2019-11-14,MCD,0.017201286468368795,-0.06082758,PatchTST-ICEEMDAN
2019-11-14,MMM,-0.0017524597904767995,0.053068843,PatchTST-ICEEMDAN
2019-11-14,MSFT,0.05124589476322461,0.036071226,PatchTST-ICEEMDAN
2019-11-14,NEM,0.10331352057758698,-0.06302165,PatchTST-ICEEMDAN
2019-11-14,PFE,0.04618463794000501,-0.05843864,PatchTST-ICEEMDAN
2019-11-14,PG,0.039172957621929294,-0.0035584592,PatchTST-ICEEMDAN
2019-11-14,UNH,0.1223689894689217,0.038914792,PatchTST-ICEEMDAN
2019-11-14,VZ,0.023291688141066403,0.003184091,PatchTST-ICEEMDAN
2019-11-14,WFC,0.009338793771559295,0.043216266,PatchTST-ICEEMDAN
2019-11-14,XOM,0.006230457837243405,-0.027762046,PatchTST-ICEEMDAN
2019-12-16,AAPL,0.12356921317406562,-0.029612212,PatchTST-ICEEMDAN
2019-12-16,CAT,0.0002749886748188981,0.08779633,PatchTST-ICEEMDAN
2019-12-16,CVX,-0.01563537169607075,0.00053400965,PatchTST-ICEEMDAN
2019-12-16,DUK,0.02618029983381,-0.010611408,PatchTST-ICEEMDAN
2019-12-16,GS,0.08601458710625841,0.02982896,PatchTST-ICEEMDAN
2019-12-16,HD,0.047926991358617985,-0.120540455,PatchTST-ICEEMDAN
2019-12-16,INTC,0.019704051158978095,0.00464382,PatchTST-ICEEMDAN
2019-12-16,JNJ,0.0390494912618699,-0.03544105,PatchTST-ICEEMDAN
2019-12-16,JPM,0.005741485647860898,0.10551768,PatchTST-ICEEMDAN
2019-12-16,KO,0.041042542292880596,0.02835317,PatchTST-ICEEMDAN
2019-12-16,MCD,0.06219915482016711,0.016311508,PatchTST-ICEEMDAN
2019-12-16,MMM,0.06307841863475148,0.05497883,PatchTST-ICEEMDAN
2019-12-16,MSFT,0.0544659320374307,0.03965967,PatchTST-ICEEMDAN
2019-12-16,NEM,0.0526002823587591,0.03902932,PatchTST-ICEEMDAN
2019-12-16,PFE,0.059258019857573695,0.061319172,PatchTST-ICEEMDAN
2019-12-16,PG,0.0038977795878135987,-0.010508886,PatchTST-ICEEMDAN
2019-12-16,UNH,0.0375718657259115,-0.059957556,PatchTST-ICEEMDAN
2019-12-16,VZ,-0.018170211087697598,0.010758042,PatchTST-ICEEMDAN
2019-12-16,WFC,-0.107241903998972,0.01696415,PatchTST-ICEEMDAN
2019-12-16,XOM,-0.002024214887085398,0.0013687699,PatchTST-ICEEMDAN
2020-01-16,AAPL,0.045156338607613485,0.0029637397,PatchTST-ICEEMDAN
2020-01-16,CAT,-0.04648592366858833,0.10781559,PatchTST-ICEEMDAN
2020-01-16,CVX,-0.0418825640941584,-0.0128017105,PatchTST-ICEEMDAN
2020-01-16,DUK,0.10048602771200991,-0.009364339,PatchTST-ICEEMDAN
2020-01-16,GS,-0.03371727209650129,0.012148548,PatchTST-ICEEMDAN
2020-01-16,HD,0.0871039645830816,-0.0085720075,PatchTST-ICEEMDAN
2020-01-16,INTC,0.1371069513306911,-0.029194092,PatchTST-ICEEMDAN
2020-01-16,JNJ,0.0210009309590797,0.067293994,PatchTST-ICEEMDAN
2020-01-16,JPM,0.005398008163134597,0.010923338,PatchTST-ICEEMDAN
2020-01-16,KO,0.05573670709661839,0.02033386,PatchTST-ICEEMDAN
2020-01-16,MCD,0.034300111597322894,0.025400115,PatchTST-ICEEMDAN
2020-01-16,MMM,-0.10125263743837312,-0.11941561,PatchTST-ICEEMDAN
2020-01-16,MSFT,0.1273918638484224,0.05641407,PatchTST-ICEEMDAN
2020-01-16,NEM,0.012558750714585199,0.0328259,PatchTST-ICEEMDAN
2020-01-16,PFE,-0.0977415989786929,0.05856714,PatchTST-ICEEMDAN
2020-01-16,PG,0.007351583783276201,-0.025364973,PatchTST-ICEEMDAN
2020-01-16,UNH,0.007964188622433295,0.059707634,PatchTST-ICEEMDAN
2020-01-16,VZ,-0.010033359165097601,0.03181188,PatchTST-ICEEMDAN
2020-01-16,WFC,0.008541318721283291,-0.117557086,PatchTST-ICEEMDAN
2020-01-16,XOM,-0.11603600992704072,0.015162611,PatchTST-ICEEMDAN
2020-02-18,AAPL,-0.25083531417423394,0.049893685,PatchTST-ICEEMDAN
2020-02-18,CAT,-0.32001312739456333,0.045988683,PatchTST-ICEEMDAN
2020-02-18,CVX,-0.44290332103779273,0.016518012,PatchTST-ICEEMDAN
2020-02-18,DUK,-0.16354161103724502,0.03073398,PatchTST-ICEEMDAN
2020-02-18,GS,-0.39547554921432915,0.037283003,PatchTST-ICEEMDAN
2020-02-18,HD,-0.3377282583750208,-0.013217863,PatchTST-ICEEMDAN
2020-02-18,INTC,-0.2950927952635767,-0.1257509,PatchTST-ICEEMDAN
2020-02-18,JNJ,-0.08816158148479138,0.01438096,PatchTST-ICEEMDAN
2020-02-18,JPM,-0.38259456278661186,0.04498545,PatchTST-ICEEMDAN
2020-02-18,KO,-0.230809041671176,0.056365766,PatchTST-ICEEMDAN
2020-02-18,MCD,-0.37943192094117817,0.049749013,PatchTST-ICEEMDAN
2020-02-18,MMM,-0.18034837190388908,0.041468967,PatchTST-ICEEMDAN
2020-02-18,MSFT,-0.23201488434879633,0.07474906,PatchTST-ICEEMDAN
2020-02-18,NEM,0.04132399466411499,0.084295526,PatchTST-ICEEMDAN
2020-02-18,PFE,-0.12686238890641288,-0.022536494,PatchTST-ICEEMDAN
2020-02-18,PG,-0.0646757810278557,0.011240575,PatchTST-ICEEMDAN
2020-02-18,UNH,-0.1973160228343841,0.022698753,PatchTST-ICEEMDAN
2020-02-18,VZ,-0.0744891012352472,0.02480143,PatchTST-ICEEMDAN
2020-02-18,WFC,-0.4869865324732716,-0.047817778,PatchTST-ICEEMDAN
2020-02-18,XOM,-0.49935018574915285,-0.063516274,PatchTST-ICEEMDAN
2020-03-18,AAPL,0.1255655860942326,0.020052934,PatchTST-ICEEMDAN
2020-03-18,CAT,0.12216460060039921,-0.18762234,PatchTST-ICEEMDAN
2020-03-18,CVX,0.12359726158897105,-0.2581853,PatchTST-ICEEMDAN
2020-03-18,DUK,0.018319376652544617,-0.7033484,PatchTST-ICEEMDAN
2020-03-18,GS,0.10954917757889059,-0.21237975,PatchTST-ICEEMDAN
2020-03-18,HD,0.140582796069041,-0.24692367,PatchTST-ICEEMDAN
2020-03-18,INTC,0.19380361613185582,-0.00038180314,PatchTST-ICEEMDAN
2020-03-18,JNJ,0.09144886604229559,0.114047974,PatchTST-ICEEMDAN
2020-03-18,JPM,-0.060706824902307346,0.01583609,PatchTST-ICEEMDAN
2020-03-18,KO,-0.001697092472514818,0.043905564,PatchTST-ICEEMDAN
2020-03-18,MCD,0.19553354653406532,-0.19114119,PatchTST-ICEEMDAN
2020-03-18,MMM,0.07492582163476938,0.0076972805,PatchTST-ICEEMDAN
2020-03-18,MSFT,0.18887254472249745,-0.1874256,PatchTST-ICEEMDAN
2020-03-18,NEM,0.2683923512056383,0.02339646,PatchTST-ICEEMDAN
2020-03-18,PFE,0.10945641231588851,-0.0007617641,PatchTST-ICEEMDAN
2020-03-18,PG,0.027197800431486903,0.251365,PatchTST-ICEEMDAN
2020-03-18,UNH,0.2004657882953202,0.17207195,PatchTST-ICEEMDAN
2020-03-18,VZ,0.0705524340050244,0.04784418,PatchTST-ICEEMDAN
2020-03-18,WFC,-0.09703316347477911,-0.5567419,PatchTST-ICEEMDAN
2020-03-18,XOM,0.061630999790591626,-0.45871982,PatchTST-ICEEMDAN
2020-04-17,AAPL,0.0734595503215537,-0.0027122307,PatchTST-ICEEMDAN
2020-04-17,CAT,-0.038803498237345815,-0.03979585,PatchTST-ICEEMDAN
2020-04-17,CVX,0.1085310033574721,0.0041304715,PatchTST-ICEEMDAN
2020-04-17,DUK,-0.06426752680387308,-0.012389573,PatchTST-ICEEMDAN
2020-04-17,GS,-0.029637465937705405,-0.21056269,PatchTST-ICEEMDAN
2020-04-17,HD,0.1802764613405538,0.017593853,PatchTST-ICEEMDAN
2020-04-17,INTC,-0.0365333413030761,0.022564562,PatchTST-ICEEMDAN
2020-04-17,JNJ,0.0051317677475446345,0.25211012,PatchTST-ICEEMDAN
2020-04-17,JPM,-0.016510158163236914,-0.15098624,PatchTST-ICEEMDAN
2020-04-17,KO,-0.08504455131597949,-0.1477315,PatchTST-ICEEMDAN
2020-04-17,MCD,-0.0322123769973933,-0.089834966,PatchTST-ICEEMDAN
2020-04-17,MMM,-0.0438026807388385,0.090418935,PatchTST-ICEEMDAN
2020-04-17,MSFT,0.03398434714840539,0.0053041056,PatchTST-ICEEMDAN
2020-04-17,NEM,0.1253595447140568,0.29886627,PatchTST-ICEEMDAN
2020-04-17,PFE,0.060986731899833495,-0.09945747,PatchTST-ICEEMDAN
2020-04-17,PG,-0.0517323149788624,0.11763059,PatchTST-ICEEMDAN
2020-04-17,UNH,-0.025349529752291385,0.10262489,PatchTST-ICEEMDAN
2020-04-17,VZ,-0.0525170874860892,0.022905145,PatchTST-ICEEMDAN
2020-04-17,WFC,-0.1206141360734102,0.06298655,PatchTST-ICEEMDAN
2020-04-17,XOM,0.0894728486527444,0.12444124,PatchTST-ICEEMDAN
2020-05-18,AAPL,0.1347006771115527,0.15965526,PatchTST-ICEEMDAN
2020-05-18,CAT,0.18698990692841008,0.04337112,PatchTST-ICEEMDAN
2020-05-18,CVX,0.0677553289450626,0.3066759,PatchTST-ICEEMDAN
2020-05-18,DUK,0.06854125476339488,-0.007492773,PatchTST-ICEEMDAN
2020-05-18,GS,0.2046465494520813,0.22221695,PatchTST-ICEEMDAN
2020-05-18,HD,0.04937076343436347,0.3528893,PatchTST-ICEEMDAN
2020-05-18,INTC,0.03573010241275997,0.024223724,PatchTST-ICEEMDAN
2020-05-18,JNJ,-0.0336537485746621,0.0872387,PatchTST-ICEEMDAN
2020-05-18,JPM,0.17237728816290906,-0.0805111,PatchTST-ICEEMDAN
2020-05-18,KO,0.0870576199198975,-0.08779795,PatchTST-ICEEMDAN
2020-05-18,MCD,0.0973893284963569,0.04339174,PatchTST-ICEEMDAN
2020-05-18,MMM,0.15073745578732617,0.11440993,PatchTST-ICEEMDAN
2020-05-18,MSFT,0.05806019720914789,0.06849216,PatchTST-ICEEMDAN
2020-05-18,NEM,-0.189292822501249,0.25739652,PatchTST-ICEEMDAN
2020-05-18,PFE,-0.12269423746011561,0.07086055,PatchTST-ICEEMDAN
2020-05-18,PG,0.03025047021500401,0.1319744,PatchTST-ICEEMDAN
2020-05-18,UNH,0.006986796483779614,0.19505915,PatchTST-ICEEMDAN
2020-05-18,VZ,0.0396001111651906,0.03216762,PatchTST-ICEEMDAN
2020-05-18,WFC,0.1995803537263908,-0.04669145,PatchTST-ICEEMDAN
2020-05-18,XOM,0.1376895111227707,-0.20107397,PatchTST-ICEEMDAN
2020-06-17,AAPL,0.0922118876497946,-0.01670075,PatchTST-ICEEMDAN
2020-06-17,CAT,0.0629232993061808,0.025557414,PatchTST-ICEEMDAN
2020-06-17,CVX,-0.0621942149085108,-0.16682878,PatchTST-ICEEMDAN
2020-06-17,DUK,-0.07002039169647499,-0.06963548,PatchTST-ICEEMDAN
2020-06-17,GS,0.023948771552832693,0.032030556,PatchTST-ICEEMDAN
2020-06-17,HD,0.03200865192548576,0.09324084,PatchTST-ICEEMDAN
2020-06-17,INTC,-0.021081522806824595,0.12707937,PatchTST-ICEEMDAN
2020-06-17,JNJ,0.0326200394007753,0.01339287,PatchTST-ICEEMDAN
2020-06-17,JPM,-0.010593587759763002,-0.10970292,PatchTST-ICEEMDAN
2020-06-17,KO,-0.013345224965609309,0.0028273845,PatchTST-ICEEMDAN
2020-06-17,MCD,0.003147376144614097,-0.043530192,PatchTST-ICEEMDAN
2020-06-17,MMM,0.0051845831482492605,0.014964756,PatchTST-ICEEMDAN
2020-06-17,MSFT,0.05208843069231962,0.03511819,PatchTST-ICEEMDAN
2020-06-17,NEM,0.0953915627201417,0.1417974,PatchTST-ICEEMDAN
2020-06-17,PFE,0.06378967610332938,-0.09104646,PatchTST-ICEEMDAN
2020-06-17,PG,0.05460621457261909,0.029722279,PatchTST-ICEEMDAN
2020-06-17,UNH,0.05146120583080881,-0.16485327,PatchTST-ICEEMDAN
2020-06-17,VZ,-0.009064155883248095,-0.047357883,PatchTST-ICEEMDAN
2020-06-17,WFC,-0.11349693706902332,-0.10257358,PatchTST-ICEEMDAN
2020-06-17,XOM,-0.0848261017659365,-0.24768765,PatchTST-ICEEMDAN
2020-07-17,AAPL,0.17615286670150804,0.1725457,PatchTST-ICEEMDAN
2020-07-17,CAT,0.017514467536370495,0.12015389,PatchTST-ICEEMDAN
2020-07-17,CVX,0.022271634203800076,0.042011857,PatchTST-ICEEMDAN
2020-07-17,DUK,0.024744251249928774,0.007695416,PatchTST-ICEEMDAN
2020-07-17,GS,-0.031707997938225894,0.030662868,PatchTST-ICEEMDAN
2020-07-17,HD,0.0834823656581663,0.23948422,PatchTST-ICEEMDAN
2020-07-17,INTC,-0.18356618984454362,-0.10962284,PatchTST-ICEEMDAN
2020-07-17,JNJ,-0.006789868181707502,0.022398192,PatchTST-ICEEMDAN
2020-07-17,JPM,0.023714296199575397,-0.09138732,PatchTST-ICEEMDAN
2020-07-17,KO,0.0486354635170113,0.009799263,PatchTST-ICEEMDAN
2020-07-17,MCD,0.0810094759357322,-0.17511109,PatchTST-ICEEMDAN
2020-07-17,MMM,0.0342961972787438,0.10296145,PatchTST-ICEEMDAN
2020-07-17,MSFT,0.024127960885188312,0.03463693,PatchTST-ICEEMDAN
2020-07-17,NEM,0.03668668855406861,-0.19229166,PatchTST-ICEEMDAN
2020-07-17,PFE,0.07654433882543979,0.13072495,PatchTST-ICEEMDAN
2020-07-17,PG,0.0859139495041744,0.079488054,PatchTST-ICEEMDAN
2020-07-17,UNH,0.0524809412587122,0.016758718,PatchTST-ICEEMDAN
2020-07-17,VZ,0.05255634538258401,0.0359244,PatchTST-ICEEMDAN
2020-07-17,WFC,-0.0021974128919122968,-0.023769282,PatchTST-ICEEMDAN
2020-07-17,XOM,-0.005156481538535097,-0.15630633,PatchTST-ICEEMDAN
2020-08-17,AAPL,0.005489390296927587,0.07523664,PatchTST-ICEEMDAN
2020-08-17,CAT,0.059901351342584196,0.12923755,PatchTST-ICEEMDAN
2020-08-17,CVX,-0.15404914131809996,-0.015053241,PatchTST-ICEEMDAN
2020-08-17,DUK,0.027612869303474896,0.011909823,PatchTST-ICEEMDAN
2020-08-17,GS,-0.0430908458262476,-0.056804396,PatchTST-ICEEMDAN
2020-08-17,HD,0.0230300140141921,0.098080225,PatchTST-ICEEMDAN
2020-08-17,INTC,0.0224500760491716,-0.061431434,PatchTST-ICEEMDAN
2020-08-17,JNJ,0.011008533211220296,-0.026090745,PatchTST-ICEEMDAN
2020-08-17,JPM,-0.031040338881672305,-0.030075736,PatchTST-ICEEMDAN
2020-08-17,KO,0.060335371146122696,0.05914262,PatchTST-ICEEMDAN
2020-08-17,MCD,0.07731227919118551,0.11830507,PatchTST-ICEEMDAN
2020-08-17,MMM,0.011886568710185402,0.12791026,PatchTST-ICEEMDAN
2020-08-17,MSFT,0.001839683898860401,0.078891434,PatchTST-ICEEMDAN
2020-08-17,NEM,0.06013986763513531,0.10699033,PatchTST-ICEEMDAN
2020-08-17,PFE,-0.029327704123371295,-0.14324644,PatchTST-ICEEMDAN
2020-08-17,PG,0.0257931125172821,0.035377666,PatchTST-ICEEMDAN
2020-08-17,UNH,-0.0481085004825779,-0.13221765,PatchTST-ICEEMDAN
2020-08-17,VZ,0.03032323366084659,-0.02202239,PatchTST-ICEEMDAN
2020-08-17,WFC,-0.016740242760591183,-0.1498946,PatchTST-ICEEMDAN
2020-08-17,XOM,-0.1748496314619471,0.07003257,PatchTST-ICEEMDAN
2020-09-16,AAPL,0.04774275996486941,0.05952335,PatchTST-ICEEMDAN
2020-09-16,CAT,0.09622776358616361,-0.02086668,PatchTST-ICEEMDAN
2020-09-16,CVX,-0.045553922541759405,-0.10092767,PatchTST-ICEEMDAN
2020-09-16,DUK,0.09288515766309151,0.067399085,PatchTST-ICEEMDAN
2020-09-16,GS,0.06468040262362271,-0.08787294,PatchTST-ICEEMDAN
2020-09-16,HD,0.005273454277654998,-0.059363216,PatchTST-ICEEMDAN
2020-09-16,INTC,0.0685928711551242,0.012798078,PatchTST-ICEEMDAN
2020-09-16,JNJ,-0.005319748751403997,-0.11377737,PatchTST-ICEEMDAN
2020-09-16,JPM,0.01866015972329521,-0.14800799,PatchTST-ICEEMDAN
2020-09-16,KO,-0.018385521504157492,-0.046248205,PatchTST-ICEEMDAN
2020-09-16,MCD,0.023334883848509604,0.12882218,PatchTST-ICEEMDAN
2020-09-16,MMM,0.010926473858321586,0.012685502,PatchTST-ICEEMDAN
2020-09-16,MSFT,0.0562482522604604,-0.0010119714,PatchTST-ICEEMDAN
2020-09-16,NEM,-0.05398494417135568,0.16140988,PatchTST-ICEEMDAN
2020-09-16,PFE,-0.002709211890144901,-0.14924288,PatchTST-ICEEMDAN
2020-09-16,PG,0.0382825130448122,-0.017067168,PatchTST-ICEEMDAN
2020-09-16,UNH,0.046489250524136785,0.026449103,PatchTST-ICEEMDAN
2020-09-16,VZ,-0.0258743877200785,0.03895369,PatchTST-ICEEMDAN
2020-09-16,WFC,-0.06775902441174289,-0.28256392,PatchTST-ICEEMDAN
2020-09-16,XOM,-0.060228530171548514,-0.14485273,PatchTST-ICEEMDAN
2020-10-15,AAPL,-0.014749194559142894,0.04185447,PatchTST-ICEEMDAN
2020-10-15,CAT,0.03927153337021114,-0.0064432034,PatchTST-ICEEMDAN
2020-10-15,CVX,0.100592472444673,-0.046782777,PatchTST-ICEEMDAN
2020-10-15,DUK,0.026872113215409,0.019139925,PatchTST-ICEEMDAN
2020-10-15,GS,0.015408852470197788,-0.09740774,PatchTST-ICEEMDAN
2020-10-15,HD,-0.03852548509174501,0.028401712,PatchTST-ICEEMDAN
2020-10-15,INTC,-0.1678178412923154,0.19398962,PatchTST-ICEEMDAN
2020-10-15,JNJ,0.0013492666165197133,-0.00078766793,PatchTST-ICEEMDAN
2020-10-15,JPM,0.1232891726876651,-0.08066581,PatchTST-ICEEMDAN
2020-10-15,KO,0.056060413250562,-0.064958416,PatchTST-ICEEMDAN
2020-10-15,MCD,-0.06605691250725679,-0.0120632965,PatchTST-ICEEMDAN
2020-10-15,MMM,-0.008048681253350098,-0.029219436,PatchTST-ICEEMDAN
2020-10-15,MSFT,-0.024846827179802397,0.07486899,PatchTST-ICEEMDAN
2020-10-15,NEM,0.01581164458040081,-0.10713173,PatchTST-ICEEMDAN
2020-10-15,PFE,0.028778082222036806,0.09291942,PatchTST-ICEEMDAN
2020-10-15,PG,-0.007670707359135594,-0.015240736,PatchTST-ICEEMDAN
2020-10-15,UNH,0.0963686012890986,-0.046595514,PatchTST-ICEEMDAN
2020-10-15,VZ,0.039595640199191304,-0.009288371,PatchTST-ICEEMDAN
2020-10-15,WFC,0.028381249094637597,-0.13546023,PatchTST-ICEEMDAN
2020-10-15,XOM,0.054975551468501395,-0.21532905,PatchTST-ICEEMDAN
2020-11-13,AAPL,0.021329345333858107,0.0027922038,PatchTST-ICEEMDAN
2020-11-13,CAT,0.051396572802069995,-0.0148674,PatchTST-ICEEMDAN
2020-11-13,CVX,0.11780813157723374,-0.00784448,PatchTST-ICEEMDAN
2020-11-13,DUK,-0.033663640970562805,-0.051142734,PatchTST-ICEEMDAN
2020-11-13,GS,0.10846740924304292,-0.0696616,PatchTST-ICEEMDAN
2020-11-13,HD,-0.03391630462744579,0.04113618,PatchTST-ICEEMDAN
2020-11-13,INTC,0.11582841255173712,-0.2149803,PatchTST-ICEEMDAN
2020-11-13,JNJ,0.0121038770472928,0.096364245,PatchTST-ICEEMDAN
2020-11-13,JPM,0.04256689759546371,0.19147958,PatchTST-ICEEMDAN
2020-11-13,KO,0.012703018973856596,-0.015848707,PatchTST-ICEEMDAN
2020-11-13,MCD,0.0005144241925107984,0.060450763,PatchTST-ICEEMDAN
2020-11-13,MMM,0.044073960532911405,-0.0013328046,PatchTST-ICEEMDAN
2020-11-13,MSFT,-0.0031576312208334116,-0.028327376,PatchTST-ICEEMDAN
2020-11-13,NEM,-0.11517575261777618,-0.049557455,PatchTST-ICEEMDAN
2020-11-13,PFE,0.09585088813301593,-0.07405436,PatchTST-ICEEMDAN
2020-11-13,PG,-0.045331758497397505,-0.010316335,PatchTST-ICEEMDAN
2020-11-13,UNH,-0.0493649471360908,0.047938637,PatchTST-ICEEMDAN
2020-11-13,VZ,-0.0134139825836651,-0.014327016,PatchTST-ICEEMDAN
2020-11-13,WFC,0.18469885316905044,-0.12012927,PatchTST-ICEEMDAN
2020-11-13,XOM,0.18099591366150497,-0.2614806,PatchTST-ICEEMDAN
2020-12-15,AAPL,0.056898515017085316,-0.036177635,PatchTST-ICEEMDAN
2020-12-15,CAT,0.10316771907019351,-0.031039495,PatchTST-ICEEMDAN
2020-12-15,CVX,0.06545379504747459,0.20243694,PatchTST-ICEEMDAN
2020-12-15,DUK,0.005799104539938106,0.014509752,PatchTST-ICEEMDAN
2020-12-15,GS,0.2582898150954069,-0.061943207,PatchTST-ICEEMDAN
2020-12-15,HD,0.010338904963142194,-0.028387535,PatchTST-ICEEMDAN
2020-12-15,INTC,0.16038655552859019,-0.03346859,PatchTST-ICEEMDAN
2020-12-15,JNJ,0.07481195045020729,-0.07303443,PatchTST-ICEEMDAN
2020-12-15,JPM,0.18391690122461463,0.19683212,PatchTST-ICEEMDAN
2020-12-15,KO,-0.0788699904804453,0.080685824,PatchTST-ICEEMDAN
2020-12-15,MCD,-0.016270011762506503,-0.023110006,PatchTST-ICEEMDAN
2020-12-15,MMM,-0.039299373338642196,0.027234603,PatchTST-ICEEMDAN
2020-12-15,MSFT,-0.0055239817625787006,0.04901556,PatchTST-ICEEMDAN
2020-12-15,NEM,0.09553129780910391,-0.045290466,PatchTST-ICEEMDAN
2020-12-15,PFE,-0.0647936425849848,0.028857706,PatchTST-ICEEMDAN
2020-12-15,PG,-0.00036836561671600015,-0.045370113,PatchTST-ICEEMDAN
2020-12-15,UNH,0.04194817453288111,0.03906348,PatchTST-ICEEMDAN
2020-12-15,VZ,-0.039609815362485604,-0.032939155,PatchTST-ICEEMDAN
2020-12-15,WFC,0.19337546342552642,0.0421837,PatchTST-ICEEMDAN
2020-12-15,XOM,0.1753097979340953,-0.06922757,PatchTST-ICEEMDAN
2021-01-15,AAPL,0.0341553548667371,0.27518094,PatchTST-ICEEMDAN
2021-01-15,CAT,0.030221513181956004,0.020813093,PatchTST-ICEEMDAN
2021-01-15,CVX,-0.010988693559541997,-0.09204058,PatchTST-ICEEMDAN
2021-01-15,DUK,-0.026088161310484095,0.033407163,PatchTST-ICEEMDAN
2021-01-15,GS,0.01319738311123115,0.045205887,PatchTST-ICEEMDAN
2021-01-15,HD,0.025933283987869503,0.014527056,PatchTST-ICEEMDAN
2021-01-15,INTC,0.058972247101235914,-0.27951074,PatchTST-ICEEMDAN
2021-01-15,JNJ,0.027141464467662496,0.09308811,PatchTST-ICEEMDAN
2021-01-15,JPM,0.0243522118076241,0.22170332,PatchTST-ICEEMDAN
2021-01-15,KO,0.020905243156979305,-0.0606468,PatchTST-ICEEMDAN
2021-01-15,MCD,0.03083845043674091,-0.07614257,PatchTST-ICEEMDAN
2021-01-15,MMM,0.0678090585693144,-0.06994115,PatchTST-ICEEMDAN
2021-01-15,MSFT,0.13455174547799167,0.086870566,PatchTST-ICEEMDAN
2021-01-15,NEM,-0.09137026231048259,-0.11012128,PatchTST-ICEEMDAN
2021-01-15,PFE,-0.046866719839748,0.02751987,PatchTST-ICEEMDAN
2021-01-15,PG,-0.053764221850107305,-0.06563244,PatchTST-ICEEMDAN
2021-01-15,UNH,-0.07679097146631428,-0.069687314,PatchTST-ICEEMDAN
2021-01-15,VZ,-0.0519949506732537,-0.033949375,PatchTST-ICEEMDAN
2021-01-15,WFC,0.004309800668773706,0.006592501,PatchTST-ICEEMDAN
2021-01-15,XOM,0.05064881009179542,-0.22998834,PatchTST-ICEEMDAN
2021-02-17,AAPL,-0.06538461882573869,0.14468065,PatchTST-ICEEMDAN
2021-02-17,CAT,0.1435915904581307,0.14586815,PatchTST-ICEEMDAN
2021-02-17,CVX,0.148412357052231,0.03862115,PatchTST-ICEEMDAN
2021-02-17,DUK,0.0385109275734782,-0.01770125,PatchTST-ICEEMDAN
2021-02-17,GS,0.1044446699817927,-0.014656866,PatchTST-ICEEMDAN
2021-02-17,HD,0.022955074867885002,0.064442866,PatchTST-ICEEMDAN
2021-02-17,INTC,0.0516293966527199,0.08691985,PatchTST-ICEEMDAN
2021-02-17,JNJ,-0.02017857163322504,0.0043452308,PatchTST-ICEEMDAN
2021-02-17,JPM,0.0696886120714248,0.35926673,PatchTST-ICEEMDAN
2021-02-17,KO,0.027401064805146414,-0.020150056,PatchTST-ICEEMDAN
2021-02-17,MCD,0.047493542294426205,-0.12390028,PatchTST-ICEEMDAN
2021-02-17,MMM,0.0639796583081786,-0.11771399,PatchTST-ICEEMDAN
2021-02-17,MSFT,-0.025408487231159314,0.03292731,PatchTST-ICEEMDAN
2021-02-17,NEM,0.0953997970896785,-0.049434267,PatchTST-ICEEMDAN
2021-02-17,PFE,0.0312170031968628,-0.13717434,PatchTST-ICEEMDAN
2021-02-17,PG,0.003901062543932996,0.011750988,PatchTST-ICEEMDAN
2021-02-17,UNH,0.0850335760493517,0.12533344,PatchTST-ICEEMDAN
2021-02-17,VZ,0.029119248366600202,0.012115899,PatchTST-ICEEMDAN
2021-02-17,WFC,0.13554109498746683,0.035858035,PatchTST-ICEEMDAN
2021-02-17,XOM,0.13177602800170282,0.13713747,PatchTST-ICEEMDAN
2021-03-18,AAPL,0.07264131793887972,0.061060812,PatchTST-ICEEMDAN
2021-03-18,CAT,-0.0011564312030173038,0.08412424,PatchTST-ICEEMDAN
2021-03-18,CVX,-0.0480683041904917,-0.04742396,PatchTST-ICEEMDAN
2021-03-18,DUK,0.0916912005911583,0.066803224,PatchTST-ICEEMDAN
2021-03-18,GS,-0.007682777048985991,0.12699178,PatchTST-ICEEMDAN
2021-03-18,HD,0.158360933416865,0.031671803,PatchTST-ICEEMDAN
2021-03-18,INTC,-0.015782141943932498,0.1304363,PatchTST-ICEEMDAN
2021-03-18,JNJ,0.009102067761439098,-0.029585097,PatchTST-ICEEMDAN
2021-03-18,JPM,-0.005736328318304098,0.09767163,PatchTST-ICEEMDAN
2021-03-18,KO,0.046519933717981306,0.04392271,PatchTST-ICEEMDAN
2021-03-18,MCD,0.0392447762113782,0.031937577,PatchTST-ICEEMDAN
2021-03-18,MMM,0.053155567274438494,0.027109385,PatchTST-ICEEMDAN
2021-03-18,MSFT,0.09529479740418573,0.06961159,PatchTST-ICEEMDAN
2021-03-18,NEM,0.0380167932694461,0.02928785,PatchTST-ICEEMDAN
2021-03-18,PFE,0.0748061304719683,-0.22067408,PatchTST-ICEEMDAN
2021-03-18,PG,0.0664978857845523,-0.070501074,PatchTST-ICEEMDAN
2021-03-18,UNH,0.10459086036893163,0.062403597,PatchTST-ICEEMDAN
2021-03-18,VZ,0.0550826567563206,0.05627604,PatchTST-ICEEMDAN
2021-03-18,WFC,0.09567542059934561,-0.020158706,PatchTST-ICEEMDAN
2021-03-18,XOM,-0.0467204918172992,0.10350676,PatchTST-ICEEMDAN
2021-04-19,AAPL,-0.05891392273548887,0.06551839,PatchTST-ICEEMDAN
2021-04-19,CAT,0.052328545410339405,0.07729529,PatchTST-ICEEMDAN
2021-04-19,CVX,0.07347653733909568,0.051860772,PatchTST-ICEEMDAN
2021-04-19,DUK,0.02710641292325981,0.054649733,PatchTST-ICEEMDAN
2021-04-19,GS,0.0757574535143197,-0.05787683,PatchTST-ICEEMDAN
2021-04-19,HD,-0.024905127245117904,0.109380014,PatchTST-ICEEMDAN
2021-04-19,INTC,-0.1510781849617962,0.022561928,PatchTST-ICEEMDAN
2021-04-19,JNJ,0.049013125931377494,0.023952091,PatchTST-ICEEMDAN
2021-04-19,JPM,0.07154681499599451,0.022352062,PatchTST-ICEEMDAN
2021-04-19,KO,0.017725578914670297,-0.032144,PatchTST-ICEEMDAN
2021-04-19,MCD,-0.006024834039601591,0.04403947,PatchTST-ICEEMDAN
2021-04-19,MMM,0.03235450692094382,0.037898384,PatchTST-ICEEMDAN
2021-04-19,MSFT,-0.061530865975315,0.046203617,PatchTST-ICEEMDAN
2021-04-19,NEM,0.12338985598826782,0.0073125837,PatchTST-ICEEMDAN
2021-04-19,PFE,0.048956208466572504,0.029983198,PatchTST-ICEEMDAN
2021-04-19,PG,0.009868745648647547,0.037960302,PatchTST-ICEEMDAN
2021-04-19,UNH,0.044076773038260915,0.049138684,PatchTST-ICEEMDAN
2021-04-19,VZ,-0.005850807585324396,0.007469522,PatchTST-ICEEMDAN
2021-04-19,WFC,0.09074801933023038,0.021111602,PatchTST-ICEEMDAN
2021-04-19,XOM,0.10758856827270559,-0.21356228,PatchTST-ICEEMDAN
2021-05-18,AAPL,0.03026551277320945,0.029095814,PatchTST-ICEEMDAN
2021-05-18,CAT,-0.11976644650021218,0.034981083,PatchTST-ICEEMDAN
2021-05-18,CVX,0.0018251908599856998,0.08352811,PatchTST-ICEEMDAN
2021-05-18,DUK,-0.006266417752228106,0.009776217,PatchTST-ICEEMDAN
2021-05-18,GS,0.008099670711030904,0.065726034,PatchTST-ICEEMDAN
2021-05-18,HD,-0.0501158410984795,-0.10497749,PatchTST-ICEEMDAN
2021-05-18,INTC,0.0335881998492566,-0.056128114,PatchTST-ICEEMDAN
2021-05-18,JNJ,-0.029385451073262302,0.0065860217,PatchTST-ICEEMDAN
2021-05-18,JPM,-0.0523584752675794,0.023790779,PatchTST-ICEEMDAN
2021-05-18,KO,0.008055793871693492,0.11892839,PatchTST-ICEEMDAN
2021-05-18,MCD,0.022201297133762503,6.238744e-05,PatchTST-ICEEMDAN
2021-05-18,MMM,-0.0334679043726468,0.028707141,PatchTST-ICEEMDAN
2021-05-18,MSFT,0.0508672097631172,0.0011841021,PatchTST-ICEEMDAN
2021-05-18,NEM,-0.07049629444310701,0.13734093,PatchTST-ICEEMDAN
2021-05-18,PFE,-0.0204010892032092,-0.0068238378,PatchTST-ICEEMDAN
2021-05-18,PG,-0.036601439258124105,0.04745368,PatchTST-ICEEMDAN
2021-05-18,UNH,-0.028244138055512,-0.00904718,PatchTST-ICEEMDAN
2021-05-18,VZ,-0.022692547953975996,-0.011565389,PatchTST-ICEEMDAN
2021-05-18,WFC,-0.04986592242947059,0.13037944,PatchTST-ICEEMDAN
2021-05-18,XOM,0.030250259664526803,0.18743125,PatchTST-ICEEMDAN
2021-06-17,AAPL,0.11758648841564556,0.03495887,PatchTST-ICEEMDAN
2021-06-17,CAT,-0.043336590242271704,0.061502665,PatchTST-ICEEMDAN
2021-06-17,CVX,-0.1062018056447921,-0.0300995,PatchTST-ICEEMDAN
2021-06-17,DUK,0.0285636533163494,0.037628986,PatchTST-ICEEMDAN
2021-06-17,GS,-0.016852910483269583,0.044865325,PatchTST-ICEEMDAN
2021-06-17,HD,0.0601156288600374,0.049632505,PatchTST-ICEEMDAN
2021-06-17,INTC,-0.0401157965454611,0.09730855,PatchTST-ICEEMDAN
2021-06-17,JNJ,0.02207397269611163,-0.0060705408,PatchTST-ICEEMDAN
2021-06-17,JPM,-0.0225509272435082,0.022504214,PatchTST-ICEEMDAN
2021-06-17,KO,0.031154070211963304,0.011732028,PatchTST-ICEEMDAN
2021-06-17,MCD,-0.0035295152733352004,-0.014847276,PatchTST-ICEEMDAN
2021-06-17,MMM,0.012415750327594902,-0.001191983,PatchTST-ICEEMDAN
2021-06-17,MSFT,0.08691109472772966,0.021669295,PatchTST-ICEEMDAN
2021-06-17,NEM,-0.10333347546672891,0.10244599,PatchTST-ICEEMDAN
2021-06-17,PFE,0.0263669570250167,0.0050234366,PatchTST-ICEEMDAN
2021-06-17,PG,0.0565849779129393,0.014101792,PatchTST-ICEEMDAN
2021-06-17,UNH,0.0586300296615989,0.02694806,PatchTST-ICEEMDAN
2021-06-17,VZ,0.007988508084907,0.0077796713,PatchTST-ICEEMDAN
2021-06-17,WFC,-0.02871638634881571,0.09217664,PatchTST-ICEEMDAN
2021-06-17,XOM,-0.1117947288580048,0.044817653,PatchTST-ICEEMDAN
2021-07-19,AAPL,0.0332969833890462,0.03337028,PatchTST-ICEEMDAN
2021-07-19,CAT,0.051218423186156395,-0.008916818,PatchTST-ICEEMDAN
2021-07-19,CVX,0.0230542380298105,0.071220234,PatchTST-ICEEMDAN
2021-07-19,DUK,0.03793443518090821,0.013635522,PatchTST-ICEEMDAN
2021-07-19,GS,0.11277526069343102,0.07030464,PatchTST-ICEEMDAN
2021-07-19,HD,0.0411576836142752,0.0063097803,PatchTST-ICEEMDAN
2021-07-19,INTC,-0.02118948726798329,-0.14282817,PatchTST-ICEEMDAN
2021-07-19,JNJ,0.056325251506933294,0.014575987,PatchTST-ICEEMDAN
2021-07-19,JPM,0.0451753901705283,-0.02424879,PatchTST-ICEEMDAN
2021-07-19,KO,0.0189679102997366,-0.002622177,PatchTST-ICEEMDAN
2021-07-19,MCD,0.0261515415179712,0.035826832,PatchTST-ICEEMDAN
2021-07-19,MMM,0.014688054529388997,0.0030256761,PatchTST-ICEEMDAN
2021-07-19,MSFT,0.048153769111758095,0.04244899,PatchTST-ICEEMDAN
2021-07-19,NEM,-0.0472685702965753,-0.028684357,PatchTST-ICEEMDAN
2021-07-19,PFE,0.201406641712699,-0.075331196,PatchTST-ICEEMDAN
2021-07-19,PG,0.035238603677602204,0.054831304,PatchTST-ICEEMDAN
2021-07-19,UNH,-0.0059503745850916015,-0.010812264,PatchTST-ICEEMDAN
2021-07-19,VZ,-0.008538170932377097,-0.025238857,PatchTST-ICEEMDAN
2021-07-19,WFC,0.1139626619838063,0.0076971394,PatchTST-ICEEMDAN
2021-07-19,XOM,-0.009347910566199508,0.07239247,PatchTST-ICEEMDAN
2021-08-17,AAPL,-0.013926547807162005,0.16997218,PatchTST-ICEEMDAN
2021-08-17,CAT,-0.05659945140917489,0.087359555,PatchTST-ICEEMDAN
2021-08-17,CVX,-0.013522602924299496,0.061532512,PatchTST-ICEEMDAN
2021-08-17,DUK,-0.0551034493814689,0.054945387,PatchTST-ICEEMDAN
2021-08-17,GS,-0.010949414295274804,-0.0011994382,PatchTST-ICEEMDAN
2021-08-17,HD,4.475003293420276e-05,0.016057046,PatchTST-ICEEMDAN
2021-08-17,INTC,0.030391680406133197,-0.03796681,PatchTST-ICEEMDAN
2021-08-17,JNJ,-0.06647163707523501,-0.0149366595,PatchTST-ICEEMDAN
2021-08-17,JPM,-0.004856336323723201,-0.019159783,PatchTST-ICEEMDAN
2021-08-17,KO,-0.020711635686265197,0.036588773,PatchTST-ICEEMDAN
2021-08-17,MCD,0.00550874335052027,0.029191054,PatchTST-ICEEMDAN
2021-08-17,MMM,-0.08627828130970719,0.02093393,PatchTST-ICEEMDAN
2021-08-17,MSFT,0.036015629878094466,0.03365882,PatchTST-ICEEMDAN
2021-08-17,NEM,-0.010588928022850816,-0.087642565,PatchTST-ICEEMDAN
2021-08-17,PFE,-0.0884434677074069,-0.0048240637,PatchTST-ICEEMDAN
2021-08-17,PG,0.003313368551288299,0.012355691,PatchTST-ICEEMDAN
2021-08-17,UNH,0.0042466260642994936,0.016512597,PatchTST-ICEEMDAN
2021-08-17,VZ,-0.025510217723483303,-0.006227726,PatchTST-ICEEMDAN
2021-08-17,WFC,-0.057694219738719715,0.11542379,PatchTST-ICEEMDAN
2021-08-17,XOM,0.0085443671001572,-0.009656648,PatchTST-ICEEMDAN
2021-09-16,AAPL,-0.036002335071275204,0.1007433,PatchTST-ICEEMDAN
2021-09-16,CAT,-0.057006817197976595,0.05118631,PatchTST-ICEEMDAN
2021-09-16,CVX,0.10218960621061618,0.081856064,PatchTST-ICEEMDAN
2021-09-16,DUK,-0.0037314232468135047,0.017231878,PatchTST-ICEEMDAN
2021-09-16,GS,-0.0271088752186542,0.06669938,PatchTST-ICEEMDAN
2021-09-16,HD,0.03153378134543635,0.021325264,PatchTST-ICEEMDAN
2021-09-16,INTC,-0.0223820124259585,-0.045712233,PatchTST-ICEEMDAN
2021-09-16,JNJ,-0.032626485280161203,-0.01131298,PatchTST-ICEEMDAN
2021-09-16,JPM,0.0390301723965899,-0.05561275,PatchTST-ICEEMDAN
2021-09-16,KO,-0.022989520027449604,-0.029084714,PatchTST-ICEEMDAN
2021-09-16,MCD,0.014705923297504598,0.014031992,PatchTST-ICEEMDAN
2021-09-16,MMM,-0.021234700483807892,-0.01784866,PatchTST-ICEEMDAN
2021-09-16,MSFT,-0.0068141535524460055,0.023520527,PatchTST-ICEEMDAN
2021-09-16,NEM,0.0010390701521499,0.025046619,PatchTST-ICEEMDAN
2021-09-16,PFE,-0.07175702551803051,-0.0038820663,PatchTST-ICEEMDAN
2021-09-16,PG,-0.0074004468632515984,-0.022464942,PatchTST-ICEEMDAN
2021-09-16,UNH,0.006779022775449506,0.053617332,PatchTST-ICEEMDAN
2021-09-16,VZ,-0.0379742884196964,0.007764002,PatchTST-ICEEMDAN
2021-09-16,WFC,-0.028930861994771594,0.07373581,PatchTST-ICEEMDAN
2021-09-16,XOM,0.094310444108485,0.107598506,PatchTST-ICEEMDAN
2021-10-15,AAPL,0.043881836893653006,0.022220466,PatchTST-ICEEMDAN
2021-10-15,CAT,0.07957386340501112,0.0017416365,PatchTST-ICEEMDAN
2021-10-15,CVX,0.04861092149653297,-0.006367578,PatchTST-ICEEMDAN
2021-10-15,DUK,-0.007858401906286498,0.011194968,PatchTST-ICEEMDAN
2021-10-15,GS,0.034445827056289305,0.024998538,PatchTST-ICEEMDAN
2021-10-15,HD,0.0797989298953892,0.0010421331,PatchTST-ICEEMDAN
2021-10-15,INTC,-0.061996517802646894,-0.13150503,PatchTST-ICEEMDAN
2021-10-15,JNJ,0.030144856609173595,-0.0751635,PatchTST-ICEEMDAN
2021-10-15,JPM,0.02052551475966653,0.012637421,PatchTST-ICEEMDAN
2021-10-15,KO,0.0359685400929323,0.051367603,PatchTST-ICEEMDAN
2021-10-15,MCD,0.024717570549447114,0.002884162,PatchTST-ICEEMDAN
2021-10-15,MMM,0.018353254707187402,-0.026094548,PatchTST-ICEEMDAN
2021-10-15,MSFT,0.1063442835679584,0.031358637,PatchTST-ICEEMDAN
2021-10-15,NEM,0.016480907510398404,0.0021301871,PatchTST-ICEEMDAN
2021-10-15,PFE,0.18556678859412806,0.05487659,PatchTST-ICEEMDAN
2021-10-15,PG,0.0234543697868465,0.016329551,PatchTST-ICEEMDAN
2021-10-15,UNH,0.0879170291873724,0.053877924,PatchTST-ICEEMDAN
2021-10-15,VZ,0.008057052661850798,-0.034882613,PatchTST-ICEEMDAN
2021-10-15,WFC,0.12136683117583859,0.014152527,PatchTST-ICEEMDAN
2021-10-15,XOM,0.04228201616745259,-0.2472355,PatchTST-ICEEMDAN
2021-11-15,AAPL,0.15038137578865865,0.030090932,PatchTST-ICEEMDAN
2021-11-15,CAT,-0.0371409679173869,0.050689507,PatchTST-ICEEMDAN
2021-11-15,CVX,0.02876253428919731,0.09270251,PatchTST-ICEEMDAN
2021-11-15,DUK,0.02852406766847939,0.013909991,PatchTST-ICEEMDAN
2021-11-15,GS,-0.035284737109425215,0.08622179,PatchTST-ICEEMDAN
2021-11-15,HD,0.08049078169087422,0.0018095698,PatchTST-ICEEMDAN
2021-11-15,INTC,-0.012198918915517595,0.044234656,PatchTST-ICEEMDAN
2021-11-15,JNJ,0.038025555695287004,-0.019176675,PatchTST-ICEEMDAN
2021-11-15,JPM,-0.04743369384903171,0.046935715,PatchTST-ICEEMDAN
2021-11-15,KO,0.028527930098944294,0.0045181965,PatchTST-ICEEMDAN
2021-11-15,MCD,0.0517185521623875,0.010188519,PatchTST-ICEEMDAN
2021-11-15,MMM,-0.0417963599284367,-0.019639257,PatchTST-ICEEMDAN
2021-11-15,MSFT,-0.023374219520389206,0.024745906,PatchTST-ICEEMDAN
2021-11-15,NEM,-0.0347663192249341,0.047892135,PatchTST-ICEEMDAN
2021-11-15,PFE,0.11049497031548518,0.32639596,PatchTST-ICEEMDAN
2021-11-15,PG,0.07674120517319398,0.019684479,PatchTST-ICEEMDAN
2021-11-15,UNH,0.04688818543870251,0.043993343,PatchTST-ICEEMDAN
2021-11-15,VZ,-0.032821787173455214,-0.009339043,PatchTST-ICEEMDAN
2021-11-15,WFC,-0.04146796469323951,0.08151293,PatchTST-ICEEMDAN
2021-11-15,XOM,-0.03637918830631761,-0.00029085018,PatchTST-ICEEMDAN
2021-12-15,AAPL,-0.0123514957632852,0.029303953,PatchTST-ICEEMDAN
2021-12-15,CAT,0.1184658889116197,0.013381883,PatchTST-ICEEMDAN
2021-12-15,CVX,0.08712599642927002,-0.007198169,PatchTST-ICEEMDAN
2021-12-15,DUK,0.0133385898041002,-0.0014586799,PatchTST-ICEEMDAN
2021-12-15,GS,0.0050791984799675146,0.038610894,PatchTST-ICEEMDAN
2021-12-15,HD,-0.038576265270850396,0.031842887,PatchTST-ICEEMDAN
2021-12-15,INTC,0.10023675244501609,0.0013361671,PatchTST-ICEEMDAN
2021-12-15,JNJ,-0.0090253208793043,0.02259686,PatchTST-ICEEMDAN
2021-12-15,JPM,0.06158663631041461,0.007853626,PatchTST-ICEEMDAN
2021-12-15,KO,0.0522443699747117,0.0126784425,PatchTST-ICEEMDAN
2021-12-15,MCD,-0.004237231455708103,0.011987482,PatchTST-ICEEMDAN
2021-12-15,MMM,0.035422725915601,0.070781514,PatchTST-ICEEMDAN
2021-12-15,MSFT,-0.07439378856670772,0.07834515,PatchTST-ICEEMDAN
2021-12-15,NEM,0.08772322496358269,-0.016870126,PatchTST-ICEEMDAN
2021-12-15,PFE,2.8449465006019636e-16,0.13797605,PatchTST-ICEEMDAN
2021-12-15,PG,0.000252770915281207,0.06646013,PatchTST-ICEEMDAN
2021-12-15,UNH,-0.025410876175663705,0.04184734,PatchTST-ICEEMDAN
2021-12-15,VZ,0.06709251541338429,-0.018689208,PatchTST-ICEEMDAN
2021-12-15,WFC,0.135778807404542,0.0014119055,PatchTST-ICEEMDAN
2021-12-15,XOM,0.13776768763697483,-0.13835846,PatchTST-ICEEMDAN
2022-01-14,AAPL,-0.0181369656038889,0.020135976,PatchTST-ICEEMDAN
2022-01-14,CAT,-0.12234239124648277,0.037163902,PatchTST-ICEEMDAN
2022-01-14,CVX,0.07495799769425861,-0.060937908,PatchTST-ICEEMDAN
2022-01-14,DUK,-0.041162077345555194,0.026532227,PatchTST-ICEEMDAN
2022-01-14,GS,-0.08142536479674628,0.02094366,PatchTST-ICEEMDAN
2022-01-14,HD,-0.0959928735613549,0.034354802,PatchTST-ICEEMDAN
2022-01-14,INTC,-0.13624037742319278,0.013295859,PatchTST-ICEEMDAN
2022-01-14,JNJ,-0.01890252273410636,0.019019194,PatchTST-ICEEMDAN
2022-01-14,JPM,-0.0982327446498761,0.043996543,PatchTST-ICEEMDAN
2022-01-14,KO,-0.0036190228410194003,0.022159519,PatchTST-ICEEMDAN
2022-01-14,MCD,-0.0311603264042982,0.010670682,PatchTST-ICEEMDAN
2022-01-14,MMM,-0.1359492682447998,0.023600645,PatchTST-ICEEMDAN
2022-01-14,MSFT,-0.032680639070352006,0.037044033,PatchTST-ICEEMDAN
2022-01-14,NEM,0.0482309361962326,0.004146156,PatchTST-ICEEMDAN
2022-01-14,PFE,-0.1015141472318392,0.01383427,PatchTST-ICEEMDAN
2022-01-14,PG,-0.004455649211596809,-0.014251169,PatchTST-ICEEMDAN
2022-01-14,UNH,0.014801358237817685,0.053291254,PatchTST-ICEEMDAN
2022-01-14,VZ,-0.004682000912773795,0.042012524,PatchTST-ICEEMDAN
2022-01-14,WFC,0.03698159414398581,0.007615569,PatchTST-ICEEMDAN
2022-01-14,XOM,0.12276457171560101,0.0018161568,PatchTST-ICEEMDAN
2022-02-15,AAPL,-0.056580199789069,0.021894243,PatchTST-ICEEMDAN
2022-02-15,CAT,0.0778814867824558,-0.015265459,PatchTST-ICEEMDAN
2022-02-15,CVX,0.15363341033638017,0.080155715,PatchTST-ICEEMDAN
2022-02-15,DUK,0.0684338884438894,-0.013282292,PatchTST-ICEEMDAN
2022-02-15,GS,-0.0497149725767021,0.008183449,PatchTST-ICEEMDAN
2022-02-15,HD,-0.05451702241840058,-0.017299855,PatchTST-ICEEMDAN
2022-02-15,INTC,-0.020168503560905694,-0.12450331,PatchTST-ICEEMDAN
2022-02-15,JNJ,0.0588628791353664,-0.023860447,PatchTST-ICEEMDAN
2022-02-15,JPM,-0.09695092912423683,-0.03415406,PatchTST-ICEEMDAN
2022-02-15,KO,-0.012684562688077296,0.03196155,PatchTST-ICEEMDAN
2022-02-15,MCD,-0.05652354083740092,-0.012038439,PatchTST-ICEEMDAN
2022-02-15,MMM,-0.0727933149174692,-0.085915096,PatchTST-ICEEMDAN
2022-02-15,MSFT,-3.95587488808552e-06,0.039941747,PatchTST-ICEEMDAN
2022-02-15,NEM,0.1278776733771188,0.111369245,PatchTST-ICEEMDAN
2022-02-15,PFE,0.06076632873847012,0.023570335,PatchTST-ICEEMDAN
2022-02-15,PG,-0.04555438886308861,0.026987007,PatchTST-ICEEMDAN
2022-02-15,UNH,0.05202595414900831,0.022555577,PatchTST-ICEEMDAN
2022-02-15,VZ,-0.014750750302838494,0.02325842,PatchTST-ICEEMDAN
2022-02-15,WFC,-0.11433176312609002,0.008619012,PatchTST-ICEEMDAN
2022-02-15,XOM,-0.026298900173770616,0.016016962,PatchTST-ICEEMDAN
2022-03-17,AAPL,0.03509327977349459,-0.04382841,PatchTST-ICEEMDAN
2022-03-17,CAT,0.0528634297164489,0.051048577,PatchTST-ICEEMDAN
2022-03-17,CVX,0.0843496337103463,0.046761923,PatchTST-ICEEMDAN
2022-03-17,DUK,0.08047078736473258,0.026253164,PatchTST-ICEEMDAN
2022-03-17,GS,-0.057745281538665594,-0.017769165,PatchTST-ICEEMDAN
2022-03-17,HD,-0.08310963468760929,0.0026403335,PatchTST-ICEEMDAN
2022-03-17,INTC,-0.020802524584671,-0.039915167,PatchTST-ICEEMDAN
2022-03-17,JNJ,0.030361707906716995,0.003546878,PatchTST-ICEEMDAN
2022-03-17,JPM,-0.08552920543174279,-0.035340246,PatchTST-ICEEMDAN
2022-03-17,KO,0.0893910645797869,0.024232082,PatchTST-ICEEMDAN
2022-03-17,MCD,0.050640125004839706,-0.011487738,PatchTST-ICEEMDAN
2022-03-17,MMM,0.012769485855548096,-0.094714515,PatchTST-ICEEMDAN
2022-03-17,MSFT,-0.0507232077026962,0.03193394,PatchTST-ICEEMDAN
2022-03-17,NEM,0.1548389095198235,0.055914436,PatchTST-ICEEMDAN
2022-03-17,PFE,0.003772115266717904,0.06483841,PatchTST-ICEEMDAN
2022-03-17,PG,0.05716240026984022,0.042436052,PatchTST-ICEEMDAN
2022-03-17,UNH,0.0708082458060563,0.061176296,PatchTST-ICEEMDAN
2022-03-17,VZ,0.03731139445429031,-0.017621994,PatchTST-ICEEMDAN
2022-03-17,WFC,-0.10730033618159841,0.049592152,PatchTST-ICEEMDAN
2022-03-17,XOM,0.13250730772218514,0.10652005,PatchTST-ICEEMDAN
2022-04-18,AAPL,-0.1257822077456742,0.054401703,PatchTST-ICEEMDAN
2022-04-18,CAT,-0.0900915592312192,0.07888593,PatchTST-ICEEMDAN
2022-04-18,CVX,0.008241454603683009,0.017202556,PatchTST-ICEEMDAN
2022-04-18,DUK,-0.0338716385188911,0.0057224855,PatchTST-ICEEMDAN
2022-04-18,GS,-0.058248938619277185,0.035462826,PatchTST-ICEEMDAN
2022-04-18,HD,-0.028411320087262406,-0.028974483,PatchTST-ICEEMDAN
2022-04-18,INTC,-0.05050895382975101,-0.085726984,PatchTST-ICEEMDAN
2022-04-18,JNJ,-0.0101681545061519,-0.021226203,PatchTST-ICEEMDAN
2022-04-18,JPM,-0.0643483240590098,-0.035447214,PatchTST-ICEEMDAN
2022-04-18,KO,0.014353609233300098,-0.016524613,PatchTST-ICEEMDAN
2022-04-18,MCD,-0.0261667537502215,0.004065873,PatchTST-ICEEMDAN
2022-04-18,MMM,0.020949017868956792,-0.086624965,PatchTST-ICEEMDAN
2022-04-18,MSFT,-0.0677480809547391,-0.005461784,PatchTST-ICEEMDAN
2022-04-18,NEM,-0.25865521286157284,0.07602328,PatchTST-ICEEMDAN
2022-04-18,PFE,-0.039097485739047394,0.106396906,PatchTST-ICEEMDAN
2022-04-18,PG,-0.01640287142064971,-0.01368457,PatchTST-ICEEMDAN
2022-04-18,UNH,-0.08911792347749033,0.03106656,PatchTST-ICEEMDAN
2022-04-18,VZ,-0.0931946536715546,0.0134242745,PatchTST-ICEEMDAN
2022-04-18,WFC,-0.08811224871636339,-0.09859625,PatchTST-ICEEMDAN
2022-04-18,XOM,0.04509800966458791,0.018992327,PatchTST-ICEEMDAN
2022-05-17,AAPL,-0.07199617365996511,-0.06714054,PatchTST-ICEEMDAN
2022-05-17,CAT,-0.005760099587275098,-0.1349821,PatchTST-ICEEMDAN
2022-05-17,CVX,-0.04370560303076611,0.05077967,PatchTST-ICEEMDAN
2022-05-17,DUK,-0.0937846494323489,0.0051654144,PatchTST-ICEEMDAN
2022-05-17,GS,-0.038956368355795995,0.0024233374,PatchTST-ICEEMDAN
2022-05-17,HD,-0.05020490639432551,-0.0227553,PatchTST-ICEEMDAN
2022-05-17,INTC,-0.10851214640572991,-0.054301705,PatchTST-ICEEMDAN
2022-05-17,JNJ,-0.04008786820592201,0.03851973,PatchTST-ICEEMDAN
2022-05-17,JPM,-0.024394657959410003,-0.088624805,PatchTST-ICEEMDAN
2022-05-17,KO,-0.09302010705846299,0.0074965768,PatchTST-ICEEMDAN
2022-05-17,MCD,-0.015760111785484206,0.0036551817,PatchTST-ICEEMDAN
2022-05-17,MMM,-0.1036086912814103,0.012460608,PatchTST-ICEEMDAN
2022-05-17,MSFT,-0.035631609881209406,0.010458207,PatchTST-ICEEMDAN
2022-05-17,NEM,-0.035104803193977394,-0.055667005,PatchTST-ICEEMDAN
2022-05-17,PFE,-0.0435641259115558,-0.009244822,PatchTST-ICEEMDAN
2022-05-17,PG,-0.15754065610484477,0.00096402096,PatchTST-ICEEMDAN
2022-05-17,UNH,-0.0522169853065457,-0.009492368,PatchTST-ICEEMDAN
2022-05-17,VZ,0.002240387034159504,-0.034926396,PatchTST-ICEEMDAN
2022-05-17,WFC,-0.10060751594867559,-0.06843261,PatchTST-ICEEMDAN
2022-05-17,XOM,0.04240838238509201,-0.16217394,PatchTST-ICEEMDAN
2022-06-16,AAPL,0.0824537172844862,0.011342097,PatchTST-ICEEMDAN
2022-06-16,CAT,-0.171756230018245,-0.09922741,PatchTST-ICEEMDAN
2022-06-16,CVX,-0.16281285129333758,0.0022846893,PatchTST-ICEEMDAN
2022-06-16,DUK,0.05107862559641131,0.0052409577,PatchTST-ICEEMDAN
2022-06-16,GS,0.03785168653195122,-0.1242691,PatchTST-ICEEMDAN
2022-06-16,HD,0.046518156757912606,0.033936135,PatchTST-ICEEMDAN
2022-06-16,INTC,0.0015511790262418973,-0.11572854,PatchTST-ICEEMDAN
2022-06-16,JNJ,0.02463667924059101,0.0033618337,PatchTST-ICEEMDAN
2022-06-16,JPM,-0.02306210371860909,0.036663134,PatchTST-ICEEMDAN
2022-06-16,KO,0.032643890143876086,-0.00019676331,PatchTST-ICEEMDAN
2022-06-16,MCD,0.05504916997807971,0.0185375,PatchTST-ICEEMDAN
2022-06-16,MMM,-0.04118494500177999,-0.08004559,PatchTST-ICEEMDAN
2022-06-16,MSFT,0.0098418026369173,0.037398487,PatchTST-ICEEMDAN
2022-06-16,NEM,-0.1341696853600831,-0.015586164,PatchTST-ICEEMDAN
2022-06-16,PFE,0.04514174046621609,-0.034654073,PatchTST-ICEEMDAN
2022-06-16,PG,0.0783517037068967,-0.08168795,PatchTST-ICEEMDAN
2022-06-16,UNH,0.11558105294557859,-0.08697478,PatchTST-ICEEMDAN
2022-06-16,VZ,0.0352331474115126,0.07553596,PatchTST-ICEEMDAN
2022-06-16,WFC,0.07614584259881971,-0.04864402,PatchTST-ICEEMDAN
2022-06-16,XOM,-0.097208688737878,-0.020447658,PatchTST-ICEEMDAN
2022-07-19,AAPL,0.1639445112790116,-0.017226746,PatchTST-ICEEMDAN
2022-07-19,CAT,0.13666075714975148,0.022265695,PatchTST-ICEEMDAN
2022-07-19,CVX,0.11384297263969738,0.019704904,PatchTST-ICEEMDAN
2022-07-19,DUK,0.0706068529584584,-0.011275269,PatchTST-ICEEMDAN
2022-07-19,GS,0.1640594521098158,0.046462536,PatchTST-ICEEMDAN
2022-07-19,HD,0.11077834398067832,0.030027952,PatchTST-ICEEMDAN
2022-07-19,INTC,-0.057270347299978284,-0.08879613,PatchTST-ICEEMDAN
2022-07-19,JNJ,-0.0389750574333102,-0.030856114,PatchTST-ICEEMDAN
2022-07-19,JPM,0.1006709996952526,-0.043638185,PatchTST-ICEEMDAN
2022-07-19,KO,0.053375389492690606,-0.052175052,PatchTST-ICEEMDAN
2022-07-19,MCD,0.05349174026905909,-0.005187521,PatchTST-ICEEMDAN
2022-07-19,MMM,0.1532526875087198,0.009595061,PatchTST-ICEEMDAN
2022-07-19,MSFT,0.1408641791806618,-0.0412444,PatchTST-ICEEMDAN
2022-07-19,NEM,-0.1741448802230453,-0.23558356,PatchTST-ICEEMDAN
2022-07-19,PFE,-0.009963139640758699,0.0016092858,PatchTST-ICEEMDAN
2022-07-19,PG,0.051629393605340995,-0.077949725,PatchTST-ICEEMDAN
2022-07-19,UNH,0.05022228477893109,0.020670082,PatchTST-ICEEMDAN
2022-07-19,VZ,-0.09332307902225412,0.02407604,PatchTST-ICEEMDAN
2022-07-19,WFC,0.11860818518805649,-0.033980962,PatchTST-ICEEMDAN
2022-07-19,XOM,0.07006128559342549,0.07066748,PatchTST-ICEEMDAN
2022-08-17,AAPL,-0.1271532150220507,0.04785059,PatchTST-ICEEMDAN
2022-08-17,CAT,-0.0791444206690303,0.08952853,PatchTST-ICEEMDAN
2022-08-17,CVX,0.0356056595699584,0.055613346,PatchTST-ICEEMDAN
2022-08-17,DUK,-0.0534034488989873,0.0050253207,PatchTST-ICEEMDAN
2022-08-17,GS,-0.06052193655806219,0.06229276,PatchTST-ICEEMDAN
2022-08-17,HD,-0.1805088146474439,-0.005314585,PatchTST-ICEEMDAN
2022-08-17,INTC,-0.2270195333604973,-0.08374706,PatchTST-ICEEMDAN
2022-08-17,JNJ,-0.008274608500975413,-0.021864494,PatchTST-ICEEMDAN
2022-08-17,JPM,-0.047710805375450485,-0.0024576995,PatchTST-ICEEMDAN
2022-08-17,KO,-0.0811039434293046,0.036867898,PatchTST-ICEEMDAN
2022-08-17,MCD,-0.0438817325012641,0.010721443,PatchTST-ICEEMDAN
2022-08-17,MMM,-0.24495273500751055,-0.02605728,PatchTST-ICEEMDAN
2022-08-17,MSFT,-0.1742538954197534,0.034635328,PatchTST-ICEEMDAN
2022-08-17,NEM,-0.06930571030499569,-0.07978795,PatchTST-ICEEMDAN
2022-08-17,PFE,-0.08188280497851971,0.057432882,PatchTST-ICEEMDAN
2022-08-17,PG,-0.0869811626712678,0.004527267,PatchTST-ICEEMDAN
2022-08-17,UNH,-0.040296579130498306,0.018173113,PatchTST-ICEEMDAN
2022-08-17,VZ,-0.10998072059400141,0.0060190214,PatchTST-ICEEMDAN
2022-08-17,WFC,-0.0425786248496709,0.15838613,PatchTST-ICEEMDAN
2022-08-17,XOM,0.0361842862167316,0.04907109,PatchTST-ICEEMDAN
2022-09-16,AAPL,-0.09630806873801831,-0.11133451,PatchTST-ICEEMDAN
2022-09-16,CAT,-0.0238449346230384,0.019372975,PatchTST-ICEEMDAN
2022-09-16,CVX,-0.0029927374716805025,0.0581475,PatchTST-ICEEMDAN
2022-09-16,DUK,-0.20224014166681326,0.0074786367,PatchTST-ICEEMDAN
2022-09-16,GS,-0.10024103567625672,-0.003861982,PatchTST-ICEEMDAN
2022-09-16,HD,0.01784848523018281,-0.018394582,PatchTST-ICEEMDAN
2022-09-16,INTC,-0.10713432409370136,-0.062088966,PatchTST-ICEEMDAN
2022-09-16,JNJ,-0.0037625966148093007,-0.022992516,PatchTST-ICEEMDAN
2022-09-16,JPM,-0.0494347180487751,-0.004691206,PatchTST-ICEEMDAN
2022-09-16,KO,-0.0795110322470929,-0.007783175,PatchTST-ICEEMDAN
2022-09-16,MCD,-0.041525730632332086,0.020935263,PatchTST-ICEEMDAN
2022-09-16,MMM,-0.024256799956120217,0.044328887,PatchTST-ICEEMDAN
2022-09-16,MSFT,-0.07100911764167459,-0.017075764,PatchTST-ICEEMDAN
2022-09-16,NEM,-0.039937687110321404,-0.0814953,PatchTST-ICEEMDAN
2022-09-16,PFE,-0.06939723869442452,0.019492423,PatchTST-ICEEMDAN
2022-09-16,PG,-0.09423375512456578,-0.05589599,PatchTST-ICEEMDAN
2022-09-16,UNH,-0.018879992894265108,0.026219837,PatchTST-ICEEMDAN
2022-09-16,VZ,-0.10357170794594112,-0.05215419,PatchTST-ICEEMDAN
2022-09-16,WFC,-0.022220444605629986,0.03988175,PatchTST-ICEEMDAN
2022-09-16,XOM,0.04495139971906789,-0.050252672,PatchTST-ICEEMDAN
2022-10-17,AAPL,0.07075614885904108,-0.06896674,PatchTST-ICEEMDAN
2022-10-17,CAT,0.2897666042909578,0.007159283,PatchTST-ICEEMDAN
2022-10-17,CVX,0.1526507119502337,0.006805,PatchTST-ICEEMDAN
2022-10-17,DUK,0.0947656867879584,0.021166958,PatchTST-ICEEMDAN
2022-10-17,GS,0.2426137400677913,-0.03822355,PatchTST-ICEEMDAN
2022-10-17,HD,0.10462941679897922,-0.03517966,PatchTST-ICEEMDAN
2022-10-17,INTC,0.1715831882704052,-0.19132699,PatchTST-ICEEMDAN
2022-10-17,JNJ,0.04430386864814221,0.0119010415,PatchTST-ICEEMDAN
2022-10-17,JPM,0.1859273435765506,-0.0728563,PatchTST-ICEEMDAN
2022-10-17,KO,0.09946854713442349,0.08792803,PatchTST-ICEEMDAN
2022-10-17,MCD,0.1130744917755834,-0.023900054,PatchTST-ICEEMDAN
2022-10-17,MMM,0.14247867913590903,-0.039596584,PatchTST-ICEEMDAN
2022-10-17,MSFT,0.055277701188474,-0.15514815,PatchTST-ICEEMDAN
2022-10-17,NEM,0.12771552300277764,-0.17169248,PatchTST-ICEEMDAN
2022-10-17,PFE,0.1473016457807266,-0.027708694,PatchTST-ICEEMDAN
2022-10-17,PG,0.126736430101695,-0.008754622,PatchTST-ICEEMDAN
2022-10-17,UNH,0.0012073805277027054,0.041315004,PatchTST-ICEEMDAN
2022-10-17,VZ,0.05169164142314038,-0.020158133,PatchTST-ICEEMDAN
2022-10-17,WFC,0.0886518764385753,-0.07357497,PatchTST-ICEEMDAN
2022-10-17,XOM,0.1416376665009639,0.05629899,PatchTST-ICEEMDAN
2022-11-15,AAPL,-0.0347902546521984,-0.063098416,PatchTST-ICEEMDAN
2022-11-15,CAT,-0.008577969910668993,-0.03424312,PatchTST-ICEEMDAN
2022-11-15,CVX,-0.07158219963950022,-0.023519374,PatchTST-ICEEMDAN
2022-11-15,DUK,0.08934912941215419,0.006190398,PatchTST-ICEEMDAN
2022-11-15,GS,-0.0526669020512642,0.024145843,PatchTST-ICEEMDAN
2022-11-15,HD,0.0888773752952924,-0.0680092,PatchTST-ICEEMDAN
2022-11-15,INTC,-0.0713491482977658,0.088548064,PatchTST-ICEEMDAN
2022-11-15,JNJ,0.0510850310763969,-0.007300462,PatchTST-ICEEMDAN
2022-11-15,JPM,-0.003740653818505999,0.096015215,PatchTST-ICEEMDAN
2022-11-15,KO,0.059356144308225,0.016680826,PatchTST-ICEEMDAN
2022-11-15,MCD,0.013882447261810473,0.04162738,PatchTST-ICEEMDAN
2022-11-15,MMM,-0.026789093292149894,-0.06719458,PatchTST-ICEEMDAN
2022-11-15,MSFT,0.0656693220079373,0.057273507,PatchTST-ICEEMDAN
2022-11-15,NEM,0.02930026283587129,0.13018812,PatchTST-ICEEMDAN
2022-11-15,PFE,0.1011273072776601,-0.010839576,PatchTST-ICEEMDAN
2022-11-15,PG,0.0807735066729393,0.031518187,PatchTST-ICEEMDAN
2022-11-15,UNH,0.049868690784258506,0.012991207,PatchTST-ICEEMDAN
2022-11-15,VZ,-0.022704468228701903,-0.020322377,PatchTST-ICEEMDAN
2022-11-15,WFC,-0.10543162425804961,-0.04351262,PatchTST-ICEEMDAN
2022-11-15,XOM,-0.0628876611359177,0.048075728,PatchTST-ICEEMDAN
2022-12-15,AAPL,-0.05209849652805421,-0.045030575,PatchTST-ICEEMDAN
2022-12-15,CAT,0.08882238646256359,0.18243414,PatchTST-ICEEMDAN
2022-12-15,CVX,0.0462640919792598,0.14760062,PatchTST-ICEEMDAN
2022-12-15,DUK,0.008866694421193193,0.009117072,PatchTST-ICEEMDAN
2022-12-15,GS,-0.0294543750167831,-0.019536052,PatchTST-ICEEMDAN
2022-12-15,HD,-0.017853195444041407,-0.013672175,PatchTST-ICEEMDAN
2022-12-15,INTC,0.046327022617176986,0.08082004,PatchTST-ICEEMDAN
2022-12-15,JNJ,-0.0420370893745039,0.036755376,PatchTST-ICEEMDAN
2022-12-15,JPM,0.06127285054948119,0.08243397,PatchTST-ICEEMDAN
2022-12-15,KO,-0.0367671463497427,0.013808634,PatchTST-ICEEMDAN
2022-12-15,MCD,-0.0015310620725398003,-0.0010485811,PatchTST-ICEEMDAN
2022-12-15,MMM,0.004036655456622507,0.06687931,PatchTST-ICEEMDAN
2022-12-15,MSFT,-0.0678356236124904,-0.0053759217,PatchTST-ICEEMDAN
2022-12-15,NEM,0.1077562620410043,0.24902673,PatchTST-ICEEMDAN
2022-12-15,PFE,-0.1674545634134141,-0.0028864217,PatchTST-ICEEMDAN
2022-12-15,PG,-0.015827079161221343,0.029076532,PatchTST-ICEEMDAN
2022-12-15,UNH,-0.10421379202579703,0.055170484,PatchTST-ICEEMDAN
2022-12-15,VZ,0.1024987719123249,-0.060070567,PatchTST-ICEEMDAN
2022-12-15,WFC,0.044966912297423306,-0.08859638,PatchTST-ICEEMDAN
2022-12-15,XOM,0.0589990078275137,0.048415832,PatchTST-ICEEMDAN
2023-01-18,AAPL,0.1348636440011982,0.02243742,PatchTST-ICEEMDAN
2023-01-18,CAT,-0.025187563741168102,0.028683303,PatchTST-ICEEMDAN
2023-01-18,CVX,-0.0569163387841907,0.032776214,PatchTST-ICEEMDAN
2023-01-18,DUK,-0.048761380866357194,-0.081498414,PatchTST-ICEEMDAN
2023-01-18,GS,0.0674597385467724,-0.05845178,PatchTST-ICEEMDAN
2023-01-18,HD,-0.02110473006848451,-0.042476244,PatchTST-ICEEMDAN
2023-01-18,INTC,-0.013553174173135216,-0.010827787,PatchTST-ICEEMDAN
2023-01-18,JNJ,-0.0783569105405669,-0.018737826,PatchTST-ICEEMDAN
2023-01-18,JPM,0.021083027940728603,0.032978933,PatchTST-ICEEMDAN
2023-01-18,KO,-0.0344718872985912,0.0055096936,PatchTST-ICEEMDAN
2023-01-18,MCD,-0.027930027351567105,0.026826918,PatchTST-ICEEMDAN
2023-01-18,MMM,-0.0979281566972484,0.0133329425,PatchTST-ICEEMDAN
2023-01-18,MSFT,0.1163057134503647,-0.073501885,PatchTST-ICEEMDAN
2023-01-18,NEM,-0.1250995745612322,0.12500775,PatchTST-ICEEMDAN
2023-01-18,PFE,-0.052626035989402395,0.034974497,PatchTST-ICEEMDAN
2023-01-18,PG,-0.0731227701592117,0.0007382459,PatchTST-ICEEMDAN
2023-01-18,UNH,0.012639339907046148,-0.056634776,PatchTST-ICEEMDAN
2023-01-18,VZ,-0.011572052142769797,0.030455498,PatchTST-ICEEMDAN
2023-01-18,WFC,0.090021343442469,0.0028560697,PatchTST-ICEEMDAN
2023-01-18,XOM,0.035090658624704,-0.084000215,PatchTST-ICEEMDAN
2023-02-16,AAPL,-0.0021264712217112947,0.06592213,PatchTST-ICEEMDAN
2023-02-16,CAT,-0.14556285664533852,-0.111900434,PatchTST-ICEEMDAN
2023-02-16,CVX,-0.10384287992402282,0.030485336,PatchTST-ICEEMDAN
2023-02-16,DUK,-0.01916374619977311,0.016304377,PatchTST-ICEEMDAN
2023-02-16,GS,-0.2025162111548504,0.011601918,PatchTST-ICEEMDAN
2023-02-16,HD,-0.0989458882884514,-0.017425554,PatchTST-ICEEMDAN
2023-02-16,INTC,0.03273393652695779,-0.10563639,PatchTST-ICEEMDAN
2023-02-16,JNJ,-0.0376844160147015,-0.029592542,PatchTST-ICEEMDAN
2023-02-16,JPM,-0.1336506475788893,0.013977459,PatchTST-ICEEMDAN
2023-02-16,KO,0.014831161327020795,-0.034343194,PatchTST-ICEEMDAN
2023-02-16,MCD,0.008155224526213999,-0.009337739,PatchTST-ICEEMDAN
2023-02-16,MMM,-0.09502769095620392,0.018513422,PatchTST-ICEEMDAN
2023-02-16,MSFT,0.036851645525886906,0.022151725,PatchTST-ICEEMDAN
2023-02-16,NEM,0.049050626628607596,0.044183757,PatchTST-ICEEMDAN
2023-02-16,PFE,-0.07723829783675959,0.029526556,PatchTST-ICEEMDAN
2023-02-16,PG,0.028168769521500398,0.035252348,PatchTST-ICEEMDAN
2023-02-16,UNH,-0.04172941501191199,0.0127207,PatchTST-ICEEMDAN
2023-02-16,VZ,-0.0931083324725207,0.013916068,PatchTST-ICEEMDAN
2023-02-16,WFC,-0.2393255578211911,-0.05626738,PatchTST-ICEEMDAN
2023-02-16,XOM,-0.15062455312882256,0.07938208,PatchTST-ICEEMDAN
2023-03-20,AAPL,0.07139019489663823,-0.06180624,PatchTST-ICEEMDAN
2023-03-20,CAT,0.04630438631143771,-0.17231464,PatchTST-ICEEMDAN
2023-03-20,CVX,0.11273784262450758,-0.0072385147,PatchTST-ICEEMDAN
2023-03-20,DUK,0.010526601900077908,0.008353941,PatchTST-ICEEMDAN
2023-03-20,GS,0.0953581155625506,-0.104571074,PatchTST-ICEEMDAN
2023-03-20,HD,0.035962688394701896,-0.16387941,PatchTST-ICEEMDAN
2023-03-20,INTC,0.06556537644237552,0.007867034,PatchTST-ICEEMDAN
2023-03-20,JNJ,0.055089011077340995,-0.041623704,PatchTST-ICEEMDAN
2023-03-20,JPM,0.12463711750578739,-0.014001539,PatchTST-ICEEMDAN
2023-03-20,KO,0.0573065765060153,-0.0045847907,PatchTST-ICEEMDAN
2023-03-20,MCD,0.08501686471535759,-0.045227952,PatchTST-ICEEMDAN
2023-03-20,MMM,0.031059769637491103,-0.111336194,PatchTST-ICEEMDAN
2023-03-20,MSFT,0.031492557116014105,0.074478045,PatchTST-ICEEMDAN
2023-03-20,NEM,0.0142226905285046,0.056722008,PatchTST-ICEEMDAN
2023-03-20,PFE,0.011159629562927596,-0.145729,PatchTST-ICEEMDAN
2023-03-20,PG,0.05631450354084961,-0.01177607,PatchTST-ICEEMDAN
2023-03-20,UNH,0.07185996145746112,-0.044340458,PatchTST-ICEEMDAN
2023-03-20,VZ,0.0732100370388411,-0.004751184,PatchTST-ICEEMDAN
2023-03-20,WFC,0.10331931786814623,0.021043396,PatchTST-ICEEMDAN
2023-03-20,XOM,0.15809207333824501,-0.06722477,PatchTST-ICEEMDAN
2023-04-19,AAPL,0.03806493970874079,0.019095564,PatchTST-ICEEMDAN
2023-04-19,CAT,-0.05451751180809649,-0.014886711,PatchTST-ICEEMDAN
2023-04-19,CVX,-0.090857425235073,0.0039415946,PatchTST-ICEEMDAN
2023-04-19,DUK,-0.0359255652201421,0.02945124,PatchTST-ICEEMDAN
2023-04-19,GS,-0.011233710600058289,0.061652407,PatchTST-ICEEMDAN
2023-04-19,HD,-0.022187804893224305,-0.049623776,PatchTST-ICEEMDAN
2023-04-19,INTC,-0.09351955379727284,0.025959725,PatchTST-ICEEMDAN
2023-04-19,JNJ,-0.012625156888508897,0.027777683,PatchTST-ICEEMDAN
2023-04-19,JPM,-0.0210831640383113,0.004036148,PatchTST-ICEEMDAN
2023-04-19,KO,-0.006471502038028999,0.053545307,PatchTST-ICEEMDAN
2023-04-19,MCD,0.008727056766731894,0.037216194,PatchTST-ICEEMDAN
2023-04-19,MMM,-0.0590143286574325,-0.021888874,PatchTST-ICEEMDAN
2023-04-19,MSFT,0.0873322908929243,0.05985885,PatchTST-ICEEMDAN
2023-04-19,NEM,-0.0878675932944392,0.002403981,PatchTST-ICEEMDAN
2023-04-19,PFE,-0.08763504431570411,-0.018463535,PatchTST-ICEEMDAN
2023-04-19,PG,0.0315127675237052,-0.024213273,PatchTST-ICEEMDAN
2023-04-19,UNH,-0.039771206867949105,-0.068116955,PatchTST-ICEEMDAN
2023-04-19,VZ,-0.0735158188178441,0.0048569767,PatchTST-ICEEMDAN
2023-04-19,WFC,-0.02646352435011802,0.06736439,PatchTST-ICEEMDAN
2023-04-19,XOM,-0.10077647829795129,-0.048396464,PatchTST-ICEEMDAN
2023-05-18,AAPL,0.06842524649523081,0.21372639,PatchTST-ICEEMDAN
2023-05-18,CAT,0.14530174742114618,-0.0027775755,PatchTST-ICEEMDAN
2023-05-18,CVX,0.019650031067326303,0.062707864,PatchTST-ICEEMDAN
2023-05-18,DUK,-0.009071334638413094,-0.044915862,PatchTST-ICEEMDAN
2023-05-18,GS,0.031910383658742617,0.09203295,PatchTST-ICEEMDAN
2023-05-18,HD,0.0341334221855304,0.046980105,PatchTST-ICEEMDAN
2023-05-18,INTC,0.23094118575136308,0.06033191,PatchTST-ICEEMDAN
2023-05-18,JNJ,0.03994302725272849,-0.018534504,PatchTST-ICEEMDAN
2023-05-18,JPM,0.0341515147087382,0.024161372,PatchTST-ICEEMDAN
2023-05-18,KO,-0.016128201001173292,0.031365793,PatchTST-ICEEMDAN
2023-05-18,MCD,0.006111655495075263,0.015286063,PatchTST-ICEEMDAN
2023-05-18,MMM,0.057687438057481194,-0.060464174,PatchTST-ICEEMDAN
2023-05-18,MSFT,0.0863819747293238,0.023456695,PatchTST-ICEEMDAN
2023-05-18,NEM,-0.010822432008257322,0.032825045,PatchTST-ICEEMDAN
2023-05-18,PFE,0.08624033403688859,0.019308569,PatchTST-ICEEMDAN
2023-05-18,PG,-0.03637731669785638,-0.028812319,PatchTST-ICEEMDAN
2023-05-18,UNH,-0.05172199373229781,0.037282176,PatchTST-ICEEMDAN
2023-05-18,VZ,0.007709365544762403,0.014233995,PatchTST-ICEEMDAN
2023-05-18,WFC,0.0416324796523985,-0.0936272,PatchTST-ICEEMDAN
2023-05-18,XOM,0.0029530716315747975,0.04856424,PatchTST-ICEEMDAN
2023-06-20,AAPL,0.05358893543565771,0.05059547,PatchTST-ICEEMDAN
2023-06-20,CAT,0.0737834688897629,0.19372183,PatchTST-ICEEMDAN
2023-06-20,CVX,-0.016477379543500602,0.015041629,PatchTST-ICEEMDAN
2023-06-20,DUK,-0.005766245706706197,-0.011604471,PatchTST-ICEEMDAN
2023-06-20,GS,0.006599037037682009,-0.0010425341,PatchTST-ICEEMDAN
2023-06-20,HD,0.061646130908980995,0.055816192,PatchTST-ICEEMDAN
2023-06-20,INTC,-0.05394510874145191,-0.12129065,PatchTST-ICEEMDAN
2023-06-20,JNJ,-0.03399994812493229,-0.0066494155,PatchTST-ICEEMDAN
2023-06-20,JPM,0.0807579350860656,-0.021998221,PatchTST-ICEEMDAN
2023-06-20,KO,-0.0004865710879906997,-0.0021262649,PatchTST-ICEEMDAN
2023-06-20,MCD,0.0014628134365998983,0.009737417,PatchTST-ICEEMDAN
2023-06-20,MMM,-0.010191272061845696,0.11196284,PatchTST-ICEEMDAN
2023-06-20,MSFT,0.0365681558749609,0.05237504,PatchTST-ICEEMDAN
2023-06-20,NEM,0.030335841704912308,-0.17055823,PatchTST-ICEEMDAN
2023-06-20,PFE,-0.0947112608202569,0.07600078,PatchTST-ICEEMDAN
2023-06-20,PG,0.005003111371533104,-0.013616693,PatchTST-ICEEMDAN
2023-06-20,UNH,0.09404239733012959,0.014400769,PatchTST-ICEEMDAN
2023-06-20,VZ,-0.0529944521638523,-0.01387893,PatchTST-ICEEMDAN
2023-06-20,WFC,0.092331404700681,0.12121448,PatchTST-ICEEMDAN
2023-06-20,XOM,-0.033957243496696696,-0.017658005,PatchTST-ICEEMDAN
2023-07-20,AAPL,-0.11310727862879469,-0.016079398,PatchTST-ICEEMDAN
2023-07-20,CAT,0.046185954462696216,0.0900788,PatchTST-ICEEMDAN
2023-07-20,CVX,0.041751552146246595,-0.014302789,PatchTST-ICEEMDAN
2023-07-20,DUK,0.0008210159603591974,-0.025677001,PatchTST-ICEEMDAN
2023-07-20,GS,-0.03901261451296759,-0.013361247,PatchTST-ICEEMDAN
2023-07-20,HD,0.024121357107947956,0.042172596,PatchTST-ICEEMDAN
2023-07-20,INTC,-0.05250925201909119,0.041035477,PatchTST-ICEEMDAN
2023-07-20,JNJ,0.0918450694663228,0.02285452,PatchTST-ICEEMDAN
2023-07-20,JPM,-0.037114907009823096,0.07726494,PatchTST-ICEEMDAN
2023-07-20,KO,-0.016851125120354003,-0.015486764,PatchTST-ICEEMDAN
2023-07-20,MCD,-0.0426114584924453,0.0029101882,PatchTST-ICEEMDAN
2023-07-20,MMM,-0.016368467460298804,0.08143665,PatchTST-ICEEMDAN
2023-07-20,MSFT,-0.1117048575093951,0.024844568,PatchTST-ICEEMDAN
2023-07-20,NEM,-0.1558490053879717,-0.12612844,PatchTST-ICEEMDAN
2023-07-20,PFE,0.012998679071821999,-0.062019743,PatchTST-ICEEMDAN
2023-07-20,PG,0.018318161899304304,0.042362254,PatchTST-ICEEMDAN
2023-07-20,UNH,-0.0195263949774897,0.02014049,PatchTST-ICEEMDAN
2023-07-20,VZ,-0.027153721004336905,-0.10099879,PatchTST-ICEEMDAN
2023-07-20,WFC,-0.07768891329619651,0.050811328,PatchTST-ICEEMDAN
2023-07-20,XOM,0.0727518031362458,0.0012668965,PatchTST-ICEEMDAN
2023-08-18,AAPL,0.022559373596938298,-0.09586774,PatchTST-ICEEMDAN
2023-08-18,CAT,0.020752219262876098,0.20686574,PatchTST-ICEEMDAN
2023-08-18,CVX,0.04570037423149915,0.06813012,PatchTST-ICEEMDAN
2023-08-18,DUK,0.045898475574154295,-0.036177855,PatchTST-ICEEMDAN
2023-08-18,GS,0.0554176136839499,0.020615585,PatchTST-ICEEMDAN
2023-08-18,HD,-0.024728825696534392,-0.04588716,PatchTST-ICEEMDAN
2023-08-18,INTC,0.15362427575219137,-0.019642187,PatchTST-ICEEMDAN
2023-08-18,JNJ,-0.06138527775871321,-0.01600422,PatchTST-ICEEMDAN
2023-08-18,JPM,0.0032915022488875004,0.018639047,PatchTST-ICEEMDAN
2023-08-18,KO,-0.030955377632971594,-0.023619086,PatchTST-ICEEMDAN
2023-08-18,MCD,-0.009434908015096206,-0.013453759,PatchTST-ICEEMDAN
2023-08-18,MMM,0.007350886138445007,0.030179983,PatchTST-ICEEMDAN
2023-08-18,MSFT,0.03771681468381722,-0.092521414,PatchTST-ICEEMDAN
2023-08-18,NEM,0.056107678797174404,-0.06896056,PatchTST-ICEEMDAN
2023-08-18,PFE,-0.0818703090479489,-0.025676046,PatchTST-ICEEMDAN
2023-08-18,PG,0.012673207358847702,-0.057637025,PatchTST-ICEEMDAN
2023-08-18,UNH,-0.012237093595325899,0.014098416,PatchTST-ICEEMDAN
2023-08-18,VZ,0.014116400005916994,-0.06677739,PatchTST-ICEEMDAN
2023-08-18,WFC,0.022352487975664095,0.05206358,PatchTST-ICEEMDAN
2023-08-18,XOM,0.08180105106264127,0.05845672,PatchTST-ICEEMDAN
2023-09-19,AAPL,-0.004618191177424404,-0.024539914,PatchTST-ICEEMDAN
2023-09-19,CAT,-0.029952115975988108,0.05122541,PatchTST-ICEEMDAN
2023-09-19,CVX,0.0022100645048651942,-0.0010045241,PatchTST-ICEEMDAN
2023-09-19,DUK,-0.06526892610496379,0.011660513,PatchTST-ICEEMDAN
2023-09-19,GS,-0.10415744212622344,-0.03808788,PatchTST-ICEEMDAN
2023-09-19,HD,-0.06956486697557851,0.019530945,PatchTST-ICEEMDAN
2023-09-19,INTC,-0.0521387205745651,0.0027842596,PatchTST-ICEEMDAN
2023-09-19,JNJ,-0.0400605287617481,0.01194459,PatchTST-ICEEMDAN
2023-09-19,JPM,-0.0033679732429004955,0.007667017,PatchTST-ICEEMDAN
2023-09-19,KO,-0.07532261915776779,0.016759804,PatchTST-ICEEMDAN
2023-09-19,MCD,-0.1006028364134351,-0.017847199,PatchTST-ICEEMDAN
2023-09-19,MMM,-0.10961425848185367,-0.0021500918,PatchTST-ICEEMDAN
2023-09-19,MSFT,0.009075510243980405,-0.018093547,PatchTST-ICEEMDAN
2023-09-19,NEM,1.0234868508263162e-16,-0.002042616,PatchTST-ICEEMDAN
2023-09-19,PFE,-0.026812825947357604,-0.13115959,PatchTST-ICEEMDAN
2023-09-19,PG,-0.05189148638186961,-0.02286759,PatchTST-ICEEMDAN
2023-09-19,UNH,0.0990140709759473,-0.026626432,PatchTST-ICEEMDAN
2023-09-19,VZ,-0.0410153080585099,0.06191277,PatchTST-ICEEMDAN
2023-09-19,WFC,-0.03395701123372799,-0.025007756,PatchTST-ICEEMDAN
2023-09-19,XOM,-0.05459171164878912,0.0106674265,PatchTST-ICEEMDAN
2023-10-18,AAPL,0.06081503066333141,0.00393898,PatchTST-ICEEMDAN
2023-10-18,CAT,-0.07722382007198238,-0.03262967,PatchTST-ICEEMDAN
2023-10-18,CVX,-0.14093207001675973,0.019219719,PatchTST-ICEEMDAN
2023-10-18,DUK,0.0072801182089358004,-0.0052741244,PatchTST-ICEEMDAN
2023-10-18,GS,0.08735618333229671,0.038249895,PatchTST-ICEEMDAN
2023-10-18,HD,0.0405594697544203,-0.0068636397,PatchTST-ICEEMDAN
2023-10-18,INTC,0.12211295544178431,0.1451953,PatchTST-ICEEMDAN
2023-10-18,JNJ,-0.04782955357239339,-0.045252677,PatchTST-ICEEMDAN
2023-10-18,JPM,0.0148688886081301,0.033440635,PatchTST-ICEEMDAN
2023-10-18,KO,0.0564493220461592,-0.048714228,PatchTST-ICEEMDAN
2023-10-18,MCD,0.0738549623058845,-0.023264198,PatchTST-ICEEMDAN
2023-10-18,MMM,0.06695139157837769,-0.075027294,PatchTST-ICEEMDAN
2023-10-18,MSFT,0.1093225980314651,-0.06619673,PatchTST-ICEEMDAN
2023-10-18,NEM,-0.10681704929802309,-0.009159861,PatchTST-ICEEMDAN
2023-10-18,PFE,-0.06799993796234219,0.05790616,PatchTST-ICEEMDAN
2023-10-18,PG,0.0409636412851353,0.0035158554,PatchTST-ICEEMDAN
2023-10-18,UNH,0.003274151639144602,0.00553357,PatchTST-ICEEMDAN
2023-10-18,VZ,0.13321403877504057,0.11742406,PatchTST-ICEEMDAN
2023-10-18,WFC,0.0291541988354203,-0.00034662383,PatchTST-ICEEMDAN
2023-10-18,XOM,-0.06281852003970442,0.041030437,PatchTST-ICEEMDAN
2023-11-16,AAPL,0.0495978264674823,0.03764242,PatchTST-ICEEMDAN
2023-11-16,CAT,0.1292707347413968,-0.07812691,PatchTST-ICEEMDAN
2023-11-16,CVX,0.0361319362452892,-0.05662523,PatchTST-ICEEMDAN
2023-11-16,DUK,0.08692665546136569,0.008241502,PatchTST-ICEEMDAN
2023-11-16,GS,0.12782861277381233,0.02561117,PatchTST-ICEEMDAN
2023-11-16,HD,0.14527301051941519,-0.0016274835,PatchTST-ICEEMDAN
2023-11-16,INTC,0.12809923298763912,-0.063156754,PatchTST-ICEEMDAN
2023-11-16,JNJ,0.04982992915273253,-0.0048691593,PatchTST-ICEEMDAN
2023-11-16,JPM,0.09843784201885189,0.064939,PatchTST-ICEEMDAN
2023-11-16,KO,0.0319369528281747,0.026265286,PatchTST-ICEEMDAN
2023-11-16,MCD,0.0665310039349831,0.03654776,PatchTST-ICEEMDAN
2023-11-16,MMM,0.11540206817132029,-0.02197878,PatchTST-ICEEMDAN
2023-11-16,MSFT,0.0028634188130296813,-0.008443118,PatchTST-ICEEMDAN
2023-11-16,NEM,0.12656063086441138,-0.037021097,PatchTST-ICEEMDAN
2023-11-16,PFE,-0.1254723633263637,0.03347547,PatchTST-ICEEMDAN
2023-11-16,PG,-0.05052207248166131,0.09088019,PatchTST-ICEEMDAN
2023-11-16,UNH,-0.010226472509597805,0.015492724,PatchTST-ICEEMDAN
2023-11-16,VZ,0.03734924893438051,-0.027811656,PatchTST-ICEEMDAN
2023-11-16,WFC,0.16073170228513872,0.06076063,PatchTST-ICEEMDAN
2023-11-16,XOM,-0.02698629634743409,0.022324475,PatchTST-ICEEMDAN
2023-12-18,AAPL,-0.0463054880640032,0.14661074,PatchTST-ICEEMDAN
2023-12-18,CAT,-0.013529829583773694,0.14842062,PatchTST-ICEEMDAN
2023-12-18,CVX,-0.0517336376217037,0.03501186,PatchTST-ICEEMDAN
2023-12-18,DUK,-0.008000421913399702,0.02561501,PatchTST-ICEEMDAN
2023-12-18,GS,-0.009506000523879,-0.025857754,PatchTST-ICEEMDAN
2023-12-18,HD,0.01095665061375829,-0.013038613,PatchTST-ICEEMDAN
2023-12-18,INTC,0.012486695443509898,0.055969816,PatchTST-ICEEMDAN
2023-12-18,JNJ,0.0382510803184262,-0.0013158501,PatchTST-ICEEMDAN
2023-12-18,JPM,0.0193146674060271,0.04634019,PatchTST-ICEEMDAN
2023-12-18,KO,0.026272995640872605,0.012790487,PatchTST-ICEEMDAN
2023-12-18,MCD,0.024380949040804498,0.03540034,PatchTST-ICEEMDAN
2023-12-18,MMM,-0.005060255747543905,0.020827662,PatchTST-ICEEMDAN
2023-12-18,MSFT,0.060546853262766716,0.065705016,PatchTST-ICEEMDAN
2023-12-18,NEM,-0.16596479655601112,-0.067525424,PatchTST-ICEEMDAN
2023-12-18,PFE,0.053375197777192726,-0.1428472,PatchTST-ICEEMDAN
2023-12-18,PG,0.0349178922631981,-0.021132844,PatchTST-ICEEMDAN
2023-12-18,UNH,-0.0282226835995026,0.013282795,PatchTST-ICEEMDAN
2023-12-18,VZ,0.057876370447661,0.10671966,PatchTST-ICEEMDAN
2023-12-18,WFC,-0.0800428004458755,0.006527013,PatchTST-ICEEMDAN
2023-12-18,XOM,-0.0414828281480175,0.0015754532,PatchTST-ICEEMDAN
2024-01-19,AAPL,-0.0328038107027014,0.030034585,PatchTST-ICEEMDAN
2024-01-19,CAT,0.13734172317151008,0.29187748,PatchTST-ICEEMDAN
2024-01-19,CVX,0.0973289571552242,-0.045996152,PatchTST-ICEEMDAN
2024-01-19,DUK,-0.031120230347879804,-0.017624673,PatchTST-ICEEMDAN
2024-01-19,GS,0.0197812858295622,0.050334115,PatchTST-ICEEMDAN
2024-01-19,HD,0.012357047945954694,0.037789192,PatchTST-ICEEMDAN
2024-01-19,INTC,-0.06868263344425288,0.11079761,PatchTST-ICEEMDAN
2024-01-19,JNJ,-0.02176868636621811,0.012137163,PatchTST-ICEEMDAN
2024-01-19,JPM,0.0670478706901374,0.010815147,PatchTST-ICEEMDAN
2024-01-19,KO,-0.012881779621542598,0.0018680692,PatchTST-ICEEMDAN
2024-01-19,MCD,-0.007981151979351994,0.065670475,PatchTST-ICEEMDAN
2024-01-19,MMM,-0.13750508365751726,-0.006690387,PatchTST-ICEEMDAN
2024-01-19,MSFT,0.027389988324480606,0.053383414,PatchTST-ICEEMDAN
2024-01-19,NEM,-0.03497770213693429,-0.00015349058,PatchTST-ICEEMDAN
2024-01-19,PFE,-0.0019370339297830972,0.008157464,PatchTST-ICEEMDAN
2024-01-19,PG,0.0613311735667163,-0.06371371,PatchTST-ICEEMDAN
2024-01-19,UNH,0.010039651356266402,-0.036416754,PatchTST-ICEEMDAN
2024-01-19,VZ,0.039032952691367195,0.02904757,PatchTST-ICEEMDAN
2024-01-19,WFC,0.11834973321781961,0.11798102,PatchTST-ICEEMDAN
2024-01-19,XOM,0.0783950002285746,-0.0715169,PatchTST-ICEEMDAN
2024-02-20,AAPL,-0.034770134846341096,-0.002212416,PatchTST-ICEEMDAN
2024-02-20,CAT,0.0947425412903187,0.1422017,PatchTST-ICEEMDAN
2024-02-20,CVX,0.012787446170212952,0.022356683,PatchTST-ICEEMDAN
2024-02-20,DUK,0.034866162585488705,-0.02674048,PatchTST-ICEEMDAN
2024-02-20,GS,0.0179787619287573,-0.0141072385,PatchTST-ICEEMDAN
2024-02-20,HD,0.051969790282152095,-0.031464152,PatchTST-ICEEMDAN
2024-02-20,INTC,-0.034131486830563496,-0.04461499,PatchTST-ICEEMDAN
2024-02-20,JNJ,-0.0021739792593487048,0.047098532,PatchTST-ICEEMDAN
2024-02-20,JPM,0.07922151295900359,0.043179613,PatchTST-ICEEMDAN
2024-02-20,KO,0.022011539206381096,0.006736968,PatchTST-ICEEMDAN
2024-02-20,MCD,-0.02616161679695881,0.026698632,PatchTST-ICEEMDAN
2024-02-20,MMM,0.14340040674319476,-0.20454034,PatchTST-ICEEMDAN
2024-02-20,MSFT,0.0420428785920404,0.06045228,PatchTST-ICEEMDAN
2024-02-20,NEM,0.011738959174764106,0.07336143,PatchTST-ICEEMDAN
2024-02-20,PFE,0.00036185201890910536,-0.009344276,PatchTST-ICEEMDAN
2024-02-20,PG,0.027057314685241494,0.07300678,PatchTST-ICEEMDAN
2024-02-20,UNH,-0.051712674923593806,0.020316254,PatchTST-ICEEMDAN
2024-02-20,VZ,-0.0129256775104972,-0.03371063,PatchTST-ICEEMDAN
2024-02-20,WFC,0.0937151513839037,0.076023445,PatchTST-ICEEMDAN
2024-02-20,XOM,0.08639259960330299,0.009803703,PatchTST-ICEEMDAN
2024-03-20,AAPL,-0.0527049854508197,-0.021048637,PatchTST-ICEEMDAN
2024-03-20,CAT,0.011322881407266899,0.010850969,PatchTST-ICEEMDAN
2024-03-20,CVX,0.0060472226961183085,0.029172825,PatchTST-ICEEMDAN
2024-03-20,DUK,0.0082692025470346,-0.0096610375,PatchTST-ICEEMDAN
2024-03-20,GS,0.0365045950823465,-4.96601e-05,PatchTST-ICEEMDAN
2024-03-20,HD,-0.13080522261881722,-0.0043275305,PatchTST-ICEEMDAN
2024-03-20,INTC,-0.1823690400920797,0.0544257,PatchTST-ICEEMDAN
2024-03-20,JNJ,-0.06937719010942231,0.0019477182,PatchTST-ICEEMDAN
2024-03-20,JPM,-0.0610814313077594,0.023533208,PatchTST-ICEEMDAN
2024-03-20,KO,-0.022159631314491807,0.024343306,PatchTST-ICEEMDAN
2024-03-20,MCD,-0.04294207817794461,0.010512884,PatchTST-ICEEMDAN
2024-03-20,MMM,0.03809958678298669,0.028012013,PatchTST-ICEEMDAN
2024-03-20,MSFT,-0.0415232679051301,0.06824701,PatchTST-ICEEMDAN
2024-03-20,NEM,0.13862125366032732,-0.058039743,PatchTST-ICEEMDAN
2024-03-20,PFE,-0.0845467102764303,-0.014022612,PatchTST-ICEEMDAN
2024-03-20,PG,-0.02201869807767203,0.05040286,PatchTST-ICEEMDAN
2024-03-20,UNH,-0.00028385618494610257,0.0048619146,PatchTST-ICEEMDAN
2024-03-20,VZ,0.020059039535814296,0.026003536,PatchTST-ICEEMDAN
2024-03-20,WFC,0.029894194937860705,0.048750713,PatchTST-ICEEMDAN
2024-03-20,XOM,0.04689771953308819,0.046681803,PatchTST-ICEEMDAN
2024-04-19,AAPL,0.1294616358453115,0.035913084,PatchTST-ICEEMDAN
2024-04-19,CAT,-0.001009915471079103,0.035942245,PatchTST-ICEEMDAN
2024-04-19,CVX,0.0419010048958033,-0.00773033,PatchTST-ICEEMDAN
2024-04-19,DUK,0.08968124470843691,-0.00544329,PatchTST-ICEEMDAN
2024-04-19,GS,0.14866022231608086,0.040158298,PatchTST-ICEEMDAN
2024-04-19,HD,0.033439635501105396,-0.08115728,PatchTST-ICEEMDAN
2024-04-19,INTC,-0.09202753196813061,-0.0742262,PatchTST-ICEEMDAN
2024-04-19,JNJ,0.0592757221078831,-0.049414836,PatchTST-ICEEMDAN
2024-04-19,JPM,0.1221076455752849,0.015191751,PatchTST-ICEEMDAN
2024-04-19,KO,0.06759985547308141,-0.036845364,PatchTST-ICEEMDAN
2024-04-19,MCD,0.005152907822248097,-0.03690814,PatchTST-ICEEMDAN
2024-04-19,MMM,0.14031319165074663,0.0066683562,PatchTST-ICEEMDAN
2024-04-19,MSFT,0.04047364270842688,0.053780887,PatchTST-ICEEMDAN
2024-04-19,NEM,0.12630703048870773,-0.06939316,PatchTST-ICEEMDAN
2024-04-19,PFE,0.1354171569033857,-0.20036732,PatchTST-ICEEMDAN
2024-04-19,PG,0.0637276971261587,0.053948093,PatchTST-ICEEMDAN
2024-04-19,UNH,0.0618189358459742,0.11931538,PatchTST-ICEEMDAN
2024-04-19,VZ,-0.00174570835074629,-0.17400314,PatchTST-ICEEMDAN
2024-04-19,WFC,0.0447961737112064,0.072020665,PatchTST-ICEEMDAN
2024-04-19,XOM,0.017495202788426607,0.005209958,PatchTST-ICEEMDAN
2024-05-20,AAPL,0.12099071431811335,0.26969242,PatchTST-ICEEMDAN
2024-05-20,CAT,-0.09143289419266387,-0.08032859,PatchTST-ICEEMDAN
2024-05-20,CVX,-0.0591311970651659,0.048182417,PatchTST-ICEEMDAN
2024-05-20,DUK,-0.0378625692883822,-0.0054459265,PatchTST-ICEEMDAN
2024-05-20,GS,-0.016212541897377693,0.025791889,PatchTST-ICEEMDAN
2024-05-20,HD,0.0346055455455242,0.048557382,PatchTST-ICEEMDAN
2024-05-20,INTC,-0.03842933816815581,-0.048054136,PatchTST-ICEEMDAN
2024-05-20,JNJ,-0.051842531775648806,0.013577594,PatchTST-ICEEMDAN
2024-05-20,JPM,-0.03878117719967251,-0.0006761643,PatchTST-ICEEMDAN
2024-05-20,KO,0.001363099608681999,0.027270282,PatchTST-ICEEMDAN
2024-05-20,MCD,-0.0761106858360068,0.045325425,PatchTST-ICEEMDAN
2024-05-20,MMM,-0.036671767802217495,-0.016156554,PatchTST-ICEEMDAN
2024-05-20,MSFT,0.06032649321216169,-0.0331431,PatchTST-ICEEMDAN
2024-05-20,NEM,-0.0396200049410562,0.079482175,PatchTST-ICEEMDAN
2024-05-20,PFE,-0.043896478212299396,0.07986902,PatchTST-ICEEMDAN
2024-05-20,PG,0.005472808208127801,0.0612221,PatchTST-ICEEMDAN
2024-05-20,UNH,-0.0824886339572593,0.042330887,PatchTST-ICEEMDAN
2024-05-20,VZ,0.0004990238150737007,0.0055537727,PatchTST-ICEEMDAN
2024-05-20,WFC,-0.033799899058851515,0.058026183,PatchTST-ICEEMDAN
2024-05-20,XOM,-0.0896592347033682,0.03791481,PatchTST-ICEEMDAN
2024-06-20,AAPL,0.04569873477896082,0.16626908,PatchTST-ICEEMDAN
2024-06-20,CAT,0.066882811275908,-0.008823216,PatchTST-ICEEMDAN
2024-06-20,CVX,0.03725482577712161,0.036194656,PatchTST-ICEEMDAN
2024-06-20,DUK,0.06661074044500878,0.025747841,PatchTST-ICEEMDAN
2024-06-20,GS,0.0583806727452001,0.004710855,PatchTST-ICEEMDAN
2024-06-20,HD,0.026464411034233904,0.016533194,PatchTST-ICEEMDAN
2024-06-20,INTC,0.07392138127589998,-0.16010398,PatchTST-ICEEMDAN
2024-06-20,JNJ,0.060216606208187605,-0.00905508,PatchTST-ICEEMDAN
2024-06-20,JPM,0.068381282584622,-0.016333187,PatchTST-ICEEMDAN
2024-06-20,KO,0.0415944738318711,0.014156796,PatchTST-ICEEMDAN
2024-06-20,MCD,0.025549012438034688,-0.009516804,PatchTST-ICEEMDAN
2024-06-20,MMM,0.030780596676816704,0.037855048,PatchTST-ICEEMDAN
2024-06-20,MSFT,-0.020896111389598505,0.0074177347,PatchTST-ICEEMDAN
2024-06-20,NEM,0.11749047074474182,0.05963204,PatchTST-ICEEMDAN
2024-06-20,PFE,0.0892889646002597,0.043585718,PatchTST-ICEEMDAN
2024-06-20,PG,0.002430534536352301,-0.0051785205,PatchTST-ICEEMDAN
2024-06-20,UNH,0.16143842803155609,-0.015081519,PatchTST-ICEEMDAN
2024-06-20,VZ,0.0539360808108118,0.09352014,PatchTST-ICEEMDAN
2024-06-20,WFC,0.003043583046808493,-0.049304407,PatchTST-ICEEMDAN
2024-06-20,XOM,0.0593654149239874,0.07811576,PatchTST-ICEEMDAN
2024-07-22,AAPL,0.008176010809867986,0.01322956,PatchTST-ICEEMDAN
2024-07-22,CAT,-0.004544991010252606,0.14225245,PatchTST-ICEEMDAN
2024-07-22,CVX,-0.0694418080180326,-0.020885494,PatchTST-ICEEMDAN
2024-07-22,DUK,0.062107722680007506,0.03091832,PatchTST-ICEEMDAN
2024-07-22,GS,0.03992010750972668,0.038717404,PatchTST-ICEEMDAN
2024-07-22,HD,-0.0007983974644765065,0.026642254,PatchTST-ICEEMDAN
2024-07-22,INTC,-0.42059497538496005,-0.017416341,PatchTST-ICEEMDAN
2024-07-22,JNJ,0.031435621650562004,0.052616645,PatchTST-ICEEMDAN
2024-07-22,JPM,0.02666945608969399,0.0073131565,PatchTST-ICEEMDAN
2024-07-22,KO,0.05497777268156461,0.012997629,PatchTST-ICEEMDAN
2024-07-22,MCD,0.1112317924347428,0.02385155,PatchTST-ICEEMDAN
2024-07-22,MMM,0.2011955337766916,0.036727317,PatchTST-ICEEMDAN
2024-07-22,MSFT,-0.034493175356973105,-0.0043863175,PatchTST-ICEEMDAN
2024-07-22,NEM,0.08539664325610338,-0.112995945,PatchTST-ICEEMDAN
2024-07-22,PFE,-0.025807184279464497,0.056516528,PatchTST-ICEEMDAN
2024-07-22,PG,0.002734809622954393,0.02720374,PatchTST-ICEEMDAN
2024-07-22,UNH,0.023512850762492193,0.15762831,PatchTST-ICEEMDAN
2024-07-22,VZ,-0.02137033806467189,0.04672951,PatchTST-ICEEMDAN
2024-07-22,WFC,-0.04046255758564361,0.032929838,PatchTST-ICEEMDAN
2024-07-22,XOM,0.028991235161187796,-0.03320647,PatchTST-ICEEMDAN
2024-08-20,AAPL,-0.0232891525203793,-0.02979088,PatchTST-ICEEMDAN
2024-08-20,CAT,0.029926342415106097,0.047119368,PatchTST-ICEEMDAN
2024-08-20,CVX,-0.0197399389148683,-0.036076006,PatchTST-ICEEMDAN
2024-08-20,DUK,0.027648241010630306,-0.0014951841,PatchTST-ICEEMDAN
2024-08-20,GS,-0.03474348178819219,0.053039975,PatchTST-ICEEMDAN
2024-08-20,HD,0.0621284376374787,0.025068006,PatchTST-ICEEMDAN
2024-08-20,INTC,-0.03547309663745159,-1.655276,PatchTST-ICEEMDAN
2024-08-20,JNJ,0.0475937375693535,0.008428268,PatchTST-ICEEMDAN
2024-08-20,JPM,-0.037452892370226795,-0.07074415,PatchTST-ICEEMDAN
2024-08-20,KO,0.046203403564651094,0.04457531,PatchTST-ICEEMDAN
2024-08-20,MCD,0.021262046692635053,0.1104819,PatchTST-ICEEMDAN
2024-08-20,MMM,0.053611694020357294,0.20859516,PatchTST-ICEEMDAN
2024-08-20,MSFT,0.021776117555940704,0.025935233,PatchTST-ICEEMDAN
2024-08-20,NEM,0.040734935687045004,0.018518545,PatchTST-ICEEMDAN
2024-08-20,PFE,0.03245383679021649,0.0075898645,PatchTST-ICEEMDAN
2024-08-20,PG,0.03213464606971252,-0.076834515,PatchTST-ICEEMDAN
2024-08-20,UNH,0.006765439919807797,0.12045464,PatchTST-ICEEMDAN
2024-08-20,VZ,0.0742482053313628,-0.011158716,PatchTST-ICEEMDAN
2024-08-20,WFC,-0.03956809610395111,-0.039448082,PatchTST-ICEEMDAN
2024-08-20,XOM,-0.033892733728557105,-0.0076031457,PatchTST-ICEEMDAN
2024-09-19,AAPL,0.050624685599373394,-0.01687038,PatchTST-ICEEMDAN
2024-09-19,CAT,0.10513796953745369,0.06460222,PatchTST-ICEEMDAN
2024-09-19,CVX,0.0490679000627877,0.03142267,PatchTST-ICEEMDAN
2024-09-19,DUK,0.0397583420870521,0.03002134,PatchTST-ICEEMDAN
2024-09-19,GS,0.08770573669522741,0.007049937,PatchTST-ICEEMDAN
2024-09-19,HD,0.07905467160056771,0.07028678,PatchTST-ICEEMDAN
2024-09-19,INTC,0.077335444526177,-0.31537822,PatchTST-ICEEMDAN
2024-09-19,JNJ,-0.010162623992502945,0.025756795,PatchTST-ICEEMDAN
2024-09-19,JPM,0.08435274954174429,0.040153082,PatchTST-ICEEMDAN
2024-09-19,KO,-0.026122298421627096,0.036010392,PatchTST-ICEEMDAN
2024-09-19,MCD,0.07476324842481812,0.05679143,PatchTST-ICEEMDAN
2024-09-19,MMM,0.017246970156406794,0.26657078,PatchTST-ICEEMDAN
2024-09-19,MSFT,-0.0332525809760456,0.041982137,PatchTST-ICEEMDAN
2024-09-19,NEM,0.0628172780395838,0.114398606,PatchTST-ICEEMDAN
2024-09-19,PFE,-0.016266147630082703,-0.05498255,PatchTST-ICEEMDAN
2024-09-19,PG,-0.0094744963497839,-0.02359706,PatchTST-ICEEMDAN
2024-09-19,UNH,-0.025501116291688594,0.062125452,PatchTST-ICEEMDAN
2024-09-19,VZ,0.0148059367476762,0.17887552,PatchTST-ICEEMDAN
2024-09-19,WFC,0.1710158479144961,0.01793062,PatchTST-ICEEMDAN
2024-09-19,XOM,0.04913084187860921,-0.017262151,PatchTST-ICEEMDAN
2024-10-18,AAPL,-0.0301836703695101,-0.015399958,PatchTST-ICEEMDAN
2024-10-18,CAT,-0.023182507110442202,0.044388883,PatchTST-ICEEMDAN
2024-10-18,CVX,0.06540609884351269,-0.043200757,PatchTST-ICEEMDAN
2024-10-18,DUK,-0.06281141196984528,0.04109048,PatchTST-ICEEMDAN
2024-10-18,GS,0.11511624881233583,-0.080135725,PatchTST-ICEEMDAN
2024-10-18,HD,-0.018015037657845394,0.06842841,PatchTST-ICEEMDAN
2024-10-18,INTC,0.0816867607408526,-0.14889225,PatchTST-ICEEMDAN
2024-10-18,JNJ,-0.06577565037342589,-3.604393e-05,PatchTST-ICEEMDAN
2024-10-18,JPM,0.08900340182929978,0.015452193,PatchTST-ICEEMDAN
2024-10-18,KO,-0.1241335357059315,-0.09951027,PatchTST-ICEEMDAN
2024-10-18,MCD,-0.0727108576458032,0.002591081,PatchTST-ICEEMDAN
2024-10-18,MMM,-0.039077186779801404,0.01666531,PatchTST-ICEEMDAN
2024-10-18,MSFT,-0.0041359780164192915,0.027406571,PatchTST-ICEEMDAN
2024-10-18,NEM,-0.32237734337865875,0.06761099,PatchTST-ICEEMDAN
2024-10-18,PFE,-0.1503062966080026,0.013597542,PatchTST-ICEEMDAN
2024-10-18,PG,-0.010169851527971795,-0.00074949535,PatchTST-ICEEMDAN
2024-10-18,UNH,0.0452478964406746,0.046899635,PatchTST-ICEEMDAN
2024-10-18,VZ,-0.05147322403821121,0.08638767,PatchTST-ICEEMDAN
2024-10-18,WFC,0.149591589685087,-0.09071579,PatchTST-ICEEMDAN
2024-10-18,XOM,-0.0004954828056295043,0.025085254,PatchTST-ICEEMDAN
2024-11-18,AAPL,0.11918447500408422,0.07126951,PatchTST-ICEEMDAN
2024-11-18,CAT,-0.021767754856399694,0.060815778,PatchTST-ICEEMDAN
2024-11-18,CVX,-0.07590508587438119,0.055296604,PatchTST-ICEEMDAN
2024-11-18,DUK,-0.0389034252688846,0.09172077,PatchTST-ICEEMDAN
2024-11-18,GS,-0.027349480869473197,0.35492402,PatchTST-ICEEMDAN
2024-11-18,HD,0.005962377959999903,-0.016208518,PatchTST-ICEEMDAN
2024-11-18,INTC,-0.17503807373113972,0.08459354,PatchTST-ICEEMDAN
2024-11-18,JNJ,-0.0425498848322457,-0.010207571,PatchTST-ICEEMDAN
2024-11-18,JPM,-0.0287405656516493,0.11448741,PatchTST-ICEEMDAN
2024-11-18,KO,0.0340878300672083,0.04890984,PatchTST-ICEEMDAN
2024-11-18,MCD,0.017718144847607798,0.024775421,PatchTST-ICEEMDAN
2024-11-18,MMM,-0.013496875276769902,0.12161253,PatchTST-ICEEMDAN
2024-11-18,MSFT,0.092831008679519,-0.0042509446,PatchTST-ICEEMDAN
2024-11-18,NEM,-0.022061824160346796,-0.08265385,PatchTST-ICEEMDAN
2024-11-18,PFE,0.0636560919117911,-0.20803186,PatchTST-ICEEMDAN
2024-11-18,PG,0.0046489210678745205,-0.017104782,PatchTST-ICEEMDAN
2024-11-18,UNH,-0.1948464037464333,-0.00027622934,PatchTST-ICEEMDAN
2024-11-18,VZ,-0.0211096261059075,0.0027491841,PatchTST-ICEEMDAN
2024-11-18,WFC,-0.04864895592070059,0.12177479,PatchTST-ICEEMDAN
2024-11-18,XOM,-0.0995012486045995,-0.011198823,PatchTST-ICEEMDAN
2024-12-18,AAPL,-0.12972885619122643,0.037750617,PatchTST-ICEEMDAN
2024-12-18,CAT,0.06195841641775329,0.022384178,PatchTST-ICEEMDAN
2024-12-18,CVX,0.066157646991182,0.02179913,PatchTST-ICEEMDAN
2024-12-18,DUK,0.026343868655296906,-0.0011736491,PatchTST-ICEEMDAN
2024-12-18,GS,0.09940225151817209,-0.07885619,PatchTST-ICEEMDAN
2024-12-18,HD,0.024091110177069584,0.08160073,PatchTST-ICEEMDAN
2024-12-18,INTC,0.06303910481015891,-0.064351484,PatchTST-ICEEMDAN
2024-12-18,JNJ,0.0118142947256951,-0.013270388,PatchTST-ICEEMDAN
2024-12-18,JPM,0.10363728903896949,0.004345838,PatchTST-ICEEMDAN
2024-12-18,KO,-0.0155781938483139,-0.054433964,PatchTST-ICEEMDAN
2024-12-18,MCD,-0.0465618905576687,0.011653367,PatchTST-ICEEMDAN
2024-12-18,MMM,0.13726307734363036,-0.1141987,PatchTST-ICEEMDAN
2024-12-18,MSFT,-0.05881908495981821,0.06971199,PatchTST-ICEEMDAN
2024-12-18,NEM,0.062101551501890506,-0.0669899,PatchTST-ICEEMDAN
2024-12-18,PFE,0.0079141104103829,-0.058989618,PatchTST-ICEEMDAN
2024-12-18,PG,-0.051871281946377995,0.012465039,PatchTST-ICEEMDAN
2024-12-18,UNH,0.07815870583947611,-0.098575115,PatchTST-ICEEMDAN
2024-12-18,VZ,-0.026552693408751094,0.047067642,PatchTST-ICEEMDAN
2024-12-18,WFC,0.0947837806130656,0.26746276,PatchTST-ICEEMDAN
2024-12-18,XOM,0.03153160966096207,-0.038563706,PatchTST-ICEEMDAN
2025-01-22,AAPL,0.1001831388525226,-0.15313236,PatchTST-ICEEMDAN
2025-01-22,CAT,-0.1318544984996258,0.08592478,PatchTST-ICEEMDAN
2025-01-22,CVX,0.014500189198730404,0.02479523,PatchTST-ICEEMDAN
2025-01-22,DUK,0.030559818635447607,-0.028964927,PatchTST-ICEEMDAN
2025-01-22,GS,0.011777688347990027,0.07091344,PatchTST-ICEEMDAN
2025-01-22,HD,-0.058535556656398195,0.039092105,PatchTST-ICEEMDAN
2025-01-22,INTC,0.1810192087234313,0.12085426,PatchTST-ICEEMDAN
2025-01-22,JNJ,0.08291926014141851,0.052117094,PatchTST-ICEEMDAN
2025-01-22,JPM,0.014231195990113112,0.012725962,PatchTST-ICEEMDAN
2025-01-22,KO,0.11518081969367021,-0.0026789785,PatchTST-ICEEMDAN
2025-01-22,MCD,0.06982999011595194,-0.023627626,PatchTST-ICEEMDAN
2025-01-22,MMM,0.0197198194244035,0.085671626,PatchTST-ICEEMDAN
2025-01-22,MSFT,-0.027289923869471308,-0.028968155,PatchTST-ICEEMDAN
2025-01-22,NEM,0.1271059795290977,-0.21555053,PatchTST-ICEEMDAN
2025-01-22,PFE,-0.011773997250825206,0.016799467,PatchTST-ICEEMDAN
2025-01-22,PG,0.039463279733173,0.028786719,PatchTST-ICEEMDAN
2025-01-22,UNH,-0.043942715492808204,0.10166058,PatchTST-ICEEMDAN
2025-01-22,VZ,0.0851945525433034,0.0012997668,PatchTST-ICEEMDAN
2025-01-22,WFC,0.014894130030382893,0.070481375,PatchTST-ICEEMDAN
2025-01-22,XOM,0.013648376868734598,-0.032406554,PatchTST-ICEEMDAN
2025-02-21,AAPL,-0.11890740382803187,-0.004317081,PatchTST-ICEEMDAN
2025-02-21,CAT,-0.039045557540266,-0.054902174,PatchTST-ICEEMDAN
2025-02-21,CVX,0.0368466554939779,-0.006500785,PatchTST-ICEEMDAN
2025-02-21,DUK,0.05116060634469719,0.04378757,PatchTST-ICEEMDAN
2025-02-21,GS,-0.12297329337869792,0.06437129,PatchTST-ICEEMDAN
2025-02-21,HD,-0.11043447205268069,0.047543835,PatchTST-ICEEMDAN
2025-02-21,INTC,-0.0727231920467168,0.044306926,PatchTST-ICEEMDAN
2025-02-21,JNJ,0.02443615826219641,0.04948783,PatchTST-ICEEMDAN
2025-02-21,JPM,-0.0990916577360654,-0.06395306,PatchTST-ICEEMDAN
2025-02-21,KO,-0.012401759764242893,0.1471323,PatchTST-ICEEMDAN
2025-02-21,MCD,0.013612614888872101,-0.025083752,PatchTST-ICEEMDAN
2025-02-21,MMM,0.008549366556767801,0.075139135,PatchTST-ICEEMDAN
2025-02-21,MSFT,-0.06162543762354689,-0.073662564,PatchTST-ICEEMDAN
2025-02-21,NEM,-0.009376990920224999,0.025688162,PatchTST-ICEEMDAN
2025-02-21,PFE,0.014565403987098999,-0.10002987,PatchTST-ICEEMDAN
2025-02-21,PG,-0.003114661756335294,-0.03267662,PatchTST-ICEEMDAN
2025-02-21,UNH,0.032580750829521096,-0.06472371,PatchTST-ICEEMDAN
2025-02-21,VZ,0.034693469586741084,-0.0209677,PatchTST-ICEEMDAN
2025-02-21,WFC,-0.08089091063533639,0.11268485,PatchTST-ICEEMDAN
2025-02-21,XOM,0.03077156322093401,0.030021211,PatchTST-ICEEMDAN
2025-03-24,AAPL,-0.08871632810508055,-0.02662589,PatchTST-ICEEMDAN
2025-03-24,CAT,-0.13774543411761,0.026018549,PatchTST-ICEEMDAN
2025-03-24,CVX,-0.18226096340291525,0.043860868,PatchTST-ICEEMDAN
2025-03-24,DUK,0.028392485053649108,0.012741856,PatchTST-ICEEMDAN
2025-03-24,GS,-0.08326395504340849,0.05845185,PatchTST-ICEEMDAN
2025-03-24,HD,0.009297285148257584,-0.072659306,PatchTST-ICEEMDAN
2025-03-24,INTC,-0.21790174658390551,0.059311613,PatchTST-ICEEMDAN
2025-03-24,JNJ,-0.03659636308734191,0.05241694,PatchTST-ICEEMDAN
2025-03-24,JPM,-0.019173986914073172,-0.0058520455,PatchTST-ICEEMDAN
2025-03-24,KO,0.0734006048886675,0.055569768,PatchTST-ICEEMDAN
2025-03-24,MCD,0.04368851341651219,0.13348633,PatchTST-ICEEMDAN
2025-03-24,MMM,-0.0979540385694852,0.061810493,PatchTST-ICEEMDAN
2025-03-24,MSFT,-0.0645009917779588,-0.048143264,PatchTST-ICEEMDAN
2025-03-24,NEM,0.14115636208751037,0.09183657,PatchTST-ICEEMDAN
2025-03-24,PFE,-0.15396062357743093,-0.014295585,PatchTST-ICEEMDAN
2025-03-24,PG,0.01332768717001251,-0.034248255,PatchTST-ICEEMDAN
2025-03-24,UNH,-0.1905472026301552,-0.07663993,PatchTST-ICEEMDAN
2025-03-24,VZ,-0.0024191566461206912,0.106739365,PatchTST-ICEEMDAN
2025-03-24,WFC,-0.09072870340389358,-0.018920392,PatchTST-ICEEMDAN
2025-03-24,XOM,-0.064365284580733,0.023273146,PatchTST-ICEEMDAN
2025-04-23,AAPL,0.013007012738884605,-0.08178997,PatchTST-ICEEMDAN
2025-04-23,CAT,0.16239360011903087,-0.050078183,PatchTST-ICEEMDAN
2025-04-23,CVX,-0.0006471454468612997,-0.0916228,PatchTST-ICEEMDAN
2025-04-23,DUK,-0.041925612356666406,-0.01897671,PatchTST-ICEEMDAN
2025-04-23,GS,0.13216030659548839,0.0075050085,PatchTST-ICEEMDAN
2025-04-23,HD,0.045259900651204193,-0.033041533,PatchTST-ICEEMDAN
2025-04-23,INTC,0.05872335120327211,0.06930934,PatchTST-ICEEMDAN
2025-04-23,JNJ,-0.029397790228946112,0.017224908,PatchTST-ICEEMDAN
2025-04-23,JPM,0.10258071590820378,0.06425001,PatchTST-ICEEMDAN
2025-04-23,KO,-0.028132283344043905,0.003280135,PatchTST-ICEEMDAN
2025-04-23,MCD,-0.008308122855907995,0.010283644,PatchTST-ICEEMDAN
2025-04-23,MMM,0.09154872042749654,0.12245927,PatchTST-ICEEMDAN
2025-04-23,MSFT,0.21190533570217454,-0.01218621,PatchTST-ICEEMDAN
2025-04-23,NEM,-0.03545812776985651,0.26480827,PatchTST-ICEEMDAN
2025-04-23,PFE,0.0412817454366705,-0.20387855,PatchTST-ICEEMDAN
2025-04-23,PG,-0.014701413564658202,0.080626056,PatchTST-ICEEMDAN
2025-04-23,UNH,-0.34353858243926394,0.035334863,PatchTST-ICEEMDAN
2025-04-23,VZ,0.012882591503124602,-0.012248445,PatchTST-ICEEMDAN
2025-04-23,WFC,0.10539644756026981,-0.028077757,PatchTST-ICEEMDAN
2025-04-23,XOM,-0.034620869283331704,-0.16460891,PatchTST-ICEEMDAN
2025-05-22,AAPL,-0.002923685341579601,0.02715878,PatchTST-ICEEMDAN
2025-05-22,CAT,0.0669606952498064,-0.23969996,PatchTST-ICEEMDAN
2025-05-22,CVX,0.0800654943060698,-0.060317814,PatchTST-ICEEMDAN
2025-05-22,DUK,0.004541354502311705,-0.028328756,PatchTST-ICEEMDAN
2025-05-22,GS,0.09116309807794011,-0.2240818,PatchTST-ICEEMDAN
2025-05-22,HD,-0.031951662394162,0.055920076,PatchTST-ICEEMDAN
2025-05-22,INTC,0.023878879913686403,-0.0728778,PatchTST-ICEEMDAN
2025-05-22,JNJ,-0.0036805038071978,-0.007707234,PatchTST-ICEEMDAN
2025-05-22,JPM,0.0639180731597273,0.024363464,PatchTST-ICEEMDAN
2025-05-22,KO,-0.022721716377655306,0.0836859,PatchTST-ICEEMDAN
2025-05-22,MCD,-0.08325369856241449,-0.069881335,PatchTST-ICEEMDAN
2025-05-22,MMM,-0.007235458124645596,-0.21308471,PatchTST-ICEEMDAN
2025-05-22,MSFT,0.0712661517662413,0.006046052,PatchTST-ICEEMDAN
2025-05-22,NEM,0.12649828862898901,0.0973517,PatchTST-ICEEMDAN
2025-05-22,PFE,0.0420711365796541,-0.11701275,PatchTST-ICEEMDAN
2025-05-22,PG,-0.026957476432972003,0.035831206,PatchTST-ICEEMDAN
2025-05-22,UNH,-0.0005465564280799362,-0.20743474,PatchTST-ICEEMDAN
2025-05-22,VZ,-0.0322871354043823,-0.037252065,PatchTST-ICEEMDAN
2025-05-22,WFC,0.050876442999812005,-0.062266663,PatchTST-ICEEMDAN
2025-05-22,XOM,0.07505840011255349,-0.10451065,PatchTST-ICEEMDAN
2025-06-24,AAPL,0.06088727589959111,0.1172274,PatchTST-ICEEMDAN
2025-06-24,CAT,0.15855972957558753,0.09433791,PatchTST-ICEEMDAN
2025-06-24,CVX,0.0417420471254522,-0.020940417,PatchTST-ICEEMDAN
2025-06-24,DUK,0.021482610101082197,0.061519694,PatchTST-ICEEMDAN
2025-06-24,GS,0.10363999691323551,0.04041781,PatchTST-ICEEMDAN
2025-06-24,HD,0.052895815503682504,0.0330764,PatchTST-ICEEMDAN
2025-06-24,INTC,0.1030453914435301,-0.048983626,PatchTST-ICEEMDAN
2025-06-24,JNJ,0.11109340901194739,-0.0893682,PatchTST-ICEEMDAN
2025-06-24,JPM,0.0691379601017248,0.08060124,PatchTST-ICEEMDAN
2025-06-24,KO,-0.008351271668651995,0.044053234,PatchTST-ICEEMDAN
2025-06-24,MCD,0.029271660978365293,-0.02593129,PatchTST-ICEEMDAN
2025-06-24,MMM,0.021581198672386503,0.06449051,PatchTST-ICEEMDAN
2025-06-24,MSFT,0.040071020555166384,0.15305085,PatchTST-ICEEMDAN
2025-06-24,NEM,0.03243169082104372,0.04557399,PatchTST-ICEEMDAN
2025-06-24,PFE,0.053870092569271694,-0.0009860485,PatchTST-ICEEMDAN
2025-06-24,PG,-0.010409651690414305,0.008992027,PatchTST-ICEEMDAN
2025-06-24,UNH,-0.0275476776187283,-0.4693519,PatchTST-ICEEMDAN
2025-06-24,VZ,0.0273074709197089,0.08083735,PatchTST-ICEEMDAN
2025-06-24,WFC,0.083303688917512,0.03899743,PatchTST-ICEEMDAN
2025-06-24,XOM,-0.01633094669146041,-0.022210104,PatchTST-ICEEMDAN
2025-07-24,AAPL,0.0501134094932321,0.040305275,PatchTST-ICEEMDAN
2025-07-24,CAT,-0.022946538031843287,0.028839517,PatchTST-ICEEMDAN
2025-07-24,CVX,0.02681592969493989,0.024128633,PatchTST-ICEEMDAN
2025-07-24,DUK,0.0466175518137913,-0.013718798,PatchTST-ICEEMDAN
2025-07-24,GS,-0.002190429659615402,0.0034819045,PatchTST-ICEEMDAN
2025-07-24,HD,0.05517848833866781,0.03949798,PatchTST-ICEEMDAN
2025-07-24,INTC,0.0004256322230908947,0.24762072,PatchTST-ICEEMDAN
2025-07-24,JNJ,0.05650442482604969,0.06640416,PatchTST-ICEEMDAN
2025-07-24,JPM,-0.017986602946158513,-0.012612015,PatchTST-ICEEMDAN
2025-07-24,KO,0.021456892398845004,-0.0018705924,PatchTST-ICEEMDAN
2025-07-24,MCD,0.04940975368455229,-0.066394016,PatchTST-ICEEMDAN
2025-07-24,MMM,0.023329973170268307,0.046373777,PatchTST-ICEEMDAN
2025-07-24,MSFT,-0.0015847786561426938,0.05829999,PatchTST-ICEEMDAN
2025-07-24,NEM,0.1320446004305977,0.15829793,PatchTST-ICEEMDAN
2025-07-24,PFE,0.031981085250003496,0.002432452,PatchTST-ICEEMDAN
2025-07-24,PG,0.0028389380442235016,0.026258891,PatchTST-ICEEMDAN
2025-07-24,UNH,0.036388416625065784,0.2254192,PatchTST-ICEEMDAN
2025-07-24,VZ,0.0498566530045722,0.029139202,PatchTST-ICEEMDAN
2025-07-24,WFC,-0.0668544637365788,0.08305874,PatchTST-ICEEMDAN
2025-07-24,XOM,0.002874373891492695,-0.012802692,PatchTST-ICEEMDAN
2025-08-22,AAPL,0.1298340077204349,0.14636898,PatchTST-ICEEMDAN
2025-08-22,CAT,0.1219726026248609,-0.0870612,PatchTST-ICEEMDAN
2025-08-22,CVX,0.0032092379361784986,0.029151633,PatchTST-ICEEMDAN
2025-08-22,DUK,-0.020837487343224704,-0.015544775,PatchTST-ICEEMDAN
2025-08-22,GS,0.12326620131776989,0.06682106,PatchTST-ICEEMDAN
2025-08-22,HD,0.040982574463369045,0.06546381,PatchTST-ICEEMDAN
2025-08-22,INTC,0.2019851196610722,-0.0041868836,PatchTST-ICEEMDAN
2025-08-22,JNJ,-0.019419911465623704,0.0366213,PatchTST-ICEEMDAN
2025-08-22,JPM,0.06947529584167719,-0.059959617,PatchTST-ICEEMDAN
2025-08-22,KO,-0.057408215887918404,0.004052066,PatchTST-ICEEMDAN
2025-08-22,MCD,-0.027544859031544404,0.02595603,PatchTST-ICEEMDAN
2025-08-22,MMM,0.0012358948402697023,0.016686345,PatchTST-ICEEMDAN
2025-08-22,MSFT,0.020046067036933,0.027259136,PatchTST-ICEEMDAN
2025-08-22,NEM,0.18101811234631368,0.10409392,PatchTST-ICEEMDAN
2025-08-22,PFE,-0.0683270192768276,0.18738939,PatchTST-ICEEMDAN
2025-08-22,PG,-0.0363092204742195,0.03728391,PatchTST-ICEEMDAN
2025-08-22,UNH,0.12416361507329791,0.066992305,PatchTST-ICEEMDAN
2025-08-22,VZ,-0.0424147628058248,0.037824355,PatchTST-ICEEMDAN
2025-08-22,WFC,0.09000488598523171,0.009168429,PatchTST-ICEEMDAN
2025-08-22,XOM,0.025221601788734505,0.005825661,PatchTST-ICEEMDAN
2025-09-23,AAPL,0.025789216795147896,0.08072102,PatchTST-ICEEMDAN
2025-09-23,CAT,0.1084095005669812,-0.026077276,PatchTST-ICEEMDAN
2025-09-23,CVX,-0.014588487552468398,0.11676028,PatchTST-ICEEMDAN
2025-09-23,DUK,0.0540325869431032,0.042259604,PatchTST-ICEEMDAN
2025-09-23,GS,-0.059562263625302606,0.0784529,PatchTST-ICEEMDAN
2025-09-23,HD,-0.0525715245042292,0.017773625,PatchTST-ICEEMDAN
2025-09-23,INTC,0.2817535099550036,0.29258987,PatchTST-ICEEMDAN
2025-09-23,JNJ,0.09660870789273429,-0.037894145,PatchTST-ICEEMDAN
2025-09-23,JPM,-0.04552729597868296,0.016130254,PatchTST-ICEEMDAN
2025-09-23,KO,0.07294210605401999,-0.052702304,PatchTST-ICEEMDAN
2025-09-23,MCD,0.014710373480938099,-0.018199028,PatchTST-ICEEMDAN
2025-09-23,MMM,0.0797926437549843,0.04688792,PatchTST-ICEEMDAN
2025-09-23,MSFT,0.006220241046942902,-0.05958762,PatchTST-ICEEMDAN
2025-09-23,NEM,0.030583365011583694,0.106002,PatchTST-ICEEMDAN
2025-09-23,PFE,0.033138533862571096,0.05481445,PatchTST-ICEEMDAN
2025-09-23,PG,-0.0095180436636569,0.005436438,PatchTST-ICEEMDAN
2025-09-23,UNH,0.06814866696594601,0.47671497,PatchTST-ICEEMDAN
2025-09-23,VZ,-0.051518880081298,-0.021108028,PatchTST-ICEEMDAN
2025-09-23,WFC,-0.004708143388687287,-0.098702885,PatchTST-ICEEMDAN
2025-09-23,XOM,0.006140755833015051,-0.007944262,PatchTST-ICEEMDAN
2025-10-22,AAPL,0.02276420451351097,0.012982912,PatchTST-ICEEMDAN
2025-10-22,CAT,0.0528254985942794,0.2008097,PatchTST-ICEEMDAN
2025-10-22,CVX,-0.0025765899906547013,-0.04771987,PatchTST-ICEEMDAN
2025-10-22,DUK,-0.0400459607877712,0.02443139,PatchTST-ICEEMDAN
2025-10-22,GS,0.03496865865804491,-0.050955135,PatchTST-ICEEMDAN
2025-10-22,HD,-0.155814906831496,0.023072002,PatchTST-ICEEMDAN
2025-10-22,INTC,-0.08225304320186808,0.27625597,PatchTST-ICEEMDAN
2025-10-22,JNJ,0.053919058396336414,0.025976323,PatchTST-ICEEMDAN
2025-10-22,JPM,0.020588284890676704,-0.07404163,PatchTST-ICEEMDAN
2025-10-22,KO,-0.0015456653606954977,0.06664354,PatchTST-ICEEMDAN
2025-10-22,MCD,-0.015535810195510294,-0.009374763,PatchTST-ICEEMDAN
2025-10-22,MMM,0.003927649169361294,0.07291494,PatchTST-ICEEMDAN
2025-10-22,MSFT,-0.060808144567997525,-0.003586593,PatchTST-ICEEMDAN
2025-10-22,NEM,0.01369177951433205,0.11710848,PatchTST-ICEEMDAN
2025-10-22,PFE,0.01866178891051539,0.020414803,PatchTST-ICEEMDAN
2025-10-22,PG,-0.02404405776100702,-0.0021808203,PatchTST-ICEEMDAN
2025-10-22,UNH,-0.16727799443060612,0.25047407,PatchTST-ICEEMDAN
2025-10-22,VZ,0.021844006740799,0.011169909,PatchTST-ICEEMDAN
2025-10-22,WFC,-0.001860109442095699,-0.06706962,PatchTST-ICEEMDAN
2025-10-22,XOM,0.0490513238081684,-0.047529902,PatchTST-ICEEMDAN
2025-11-20,AAPL,0.018848706462477292,0.17665385,PatchTST-ICEEMDAN
2025-11-20,CAT,0.040932591201406396,-0.090217926,PatchTST-ICEEMDAN
2025-11-20,CVX,-0.026383209951219802,-0.013298655,PatchTST-ICEEMDAN
2025-11-20,DUK,-0.056114688781950695,0.027549502,PatchTST-ICEEMDAN
2025-11-20,GS,0.1331251180060979,-0.06464204,PatchTST-ICEEMDAN
2025-11-20,HD,0.037354482649299386,-0.006959413,PatchTST-ICEEMDAN
2025-11-20,INTC,0.04755515995229448,-0.050692774,PatchTST-ICEEMDAN
2025-11-20,JNJ,0.025210537742413594,0.033421997,PatchTST-ICEEMDAN
2025-11-20,JPM,0.044940547556828914,0.083162755,PatchTST-ICEEMDAN
2025-11-20,KO,-0.007876743859437603,0.04192606,PatchTST-ICEEMDAN
2025-11-20,MCD,0.04834429763958639,0.016635261,PatchTST-ICEEMDAN
2025-11-20,MMM,-0.0281262528814186,0.036276262,PatchTST-ICEEMDAN
2025-11-20,MSFT,-0.0005965828325178984,0.028545205,PatchTST-ICEEMDAN
2025-11-20,NEM,0.14913668830181248,-0.07380504,PatchTST-ICEEMDAN
2025-11-20,PFE,0.012382931259125887,-0.004211148,PatchTST-ICEEMDAN
2025-11-20,PG,-0.0173618871973157,-0.049138367,PatchTST-ICEEMDAN
2025-11-20,UNH,0.06431224827807422,0.36745802,PatchTST-ICEEMDAN
2025-11-20,VZ,-0.033826153308920796,-0.069281675,PatchTST-ICEEMDAN
2025-11-20,WFC,0.0999872447190698,0.02170965,PatchTST-ICEEMDAN
2025-11-20,XOM,-0.005640042554058997,0.021147074,PatchTST-ICEEMDAN
