date,ticker,actual,predicted,model
2005-01-10,AAPL,0.15549089979224387,0.09245679888556442,ARIMA
2005-01-10,CAT,-0.016171264388042606,0.0,ARIMA
2005-01-10,CVX,0.1012459213505597,-0.0023502468709697736,ARIMA
2005-01-10,DUK,0.09689313928586571,0.0,ARIMA
2005-01-10,GS,0.0650305530682746,-0.00033747278093826865,ARIMA
2005-01-10,HD,0.0150952203168258,0.0,ARIMA
2005-01-10,INTC,0.029952333197272408,-0.0018632809544655844,ARIMA
2005-01-10,JNJ,0.05771751320381959,-0.0005416216671325177,ARIMA
2005-01-10,JPM,-0.016806990666977,0.0,ARIMA
2005-01-10,KO,0.0355606583185259,0.0,ARIMA
2005-01-10,MCD,0.017110495338905497,0.0,ARIMA
2005-01-10,MMM,0.024485343385419002,0.031595330807740185,ARIMA
2005-01-10,MSFT,-0.0162545046016263,0.0,ARIMA
2005-01-10,NEM,-0.026863945134647703,0.00029523034608041157,ARIMA
2005-01-10,PFE,-0.0289311929478207,0.00013737103211364105,ARIMA
2005-01-10,PG,-0.0685881170776355,0.0,ARIMA
2005-01-10,UNH,0.0186266654535233,0.03121308440961327,ARIMA
2005-01-10,VZ,-0.07807866593091489,0.0,ARIMA
2005-01-10,WFC,-0.004014232982545102,0.011836897852398859,ARIMA
2005-01-10,XOM,0.11848658555961342,0.004154275548225013,ARIMA
2005-02-09,AAPL,-0.015446587883200366,0.10138873232030823,ARIMA
2005-02-09,CAT,0.07149730511269431,0.0,ARIMA
2005-02-09,CVX,0.03974855730398559,0.0,ARIMA
2005-02-09,DUK,0.0312842723144893,0.0,ARIMA
2005-02-09,GS,-0.0019738325792958934,0.0020785577475752612,ARIMA
2005-02-09,HD,-0.050222528504569194,0.0,ARIMA
2005-02-09,INTC,0.0596945637643185,-0.00526201669055887,ARIMA
2005-02-09,JNJ,0.029184257647464802,-0.0017959137964489115,ARIMA
2005-02-09,JPM,-0.037780685644784394,0.0,ARIMA
2005-02-09,KO,0.009799009898308394,-0.0001626983399478527,ARIMA
2005-02-09,MCD,0.010127529120826699,0.0,ARIMA
2005-02-09,MMM,0.03203019442376499,0.027626618201241022,ARIMA
2005-02-09,MSFT,-0.028275454207326807,0.0,ARIMA
2005-02-09,NEM,0.1263681037562356,0.0006011400760999564,ARIMA
2005-02-09,PFE,0.0533611085074048,-0.009875757361291957,ARIMA
2005-02-09,PG,0.024514058248960996,0.0,ARIMA
2005-02-09,UNH,0.0282893442178262,0.030877303134740366,ARIMA
2005-02-09,VZ,-0.007711173777421299,0.0,ARIMA
2005-02-09,WFC,-0.020222787333544906,0.012206098010039593,ARIMA
2005-02-09,XOM,0.07907727840179467,-0.02269736819934571,ARIMA
2005-03-11,AAPL,0.05114286226318039,0.10872899899298208,ARIMA
2005-03-11,CAT,-0.08592080828075091,0.018842586314920983,ARIMA
2005-03-11,CVX,-0.02808829295134439,0.0,ARIMA
2005-03-11,DUK,0.03190643305657841,0.0,ARIMA
2005-03-11,GS,0.006802565552313097,-0.00013360032309452758,ARIMA
2005-03-11,HD,-0.0554050325110691,0.0,ARIMA
2005-03-11,INTC,-0.07215971437572072,0.000811425509036689,ARIMA
2005-03-11,JNJ,0.013003768684027498,0.0011683131738513374,ARIMA
2005-03-11,JPM,-0.0390618862625842,0.0,ARIMA
2005-03-11,KO,-0.021735038579536497,0.0005166451693889939,ARIMA
2005-03-11,MCD,-0.061388481813133,0.0,ARIMA
2005-03-11,MMM,-0.025481122392370104,0.019474808993591355,ARIMA
2005-03-11,MSFT,-0.018254007883441198,0.0,ARIMA
2005-03-11,NEM,-0.08888070820230069,0.0009677283783843099,ARIMA
2005-03-11,PFE,-0.010900170441581095,0.00016861206426840947,ARIMA
2005-03-11,PG,0.03812285722497011,0.03276500508869255,ARIMA
2005-03-11,UNH,0.06173173079696579,0.0333440408445365,ARIMA
2005-03-11,VZ,-0.024356479081576704,0.0,ARIMA
2005-03-11,WFC,-0.0034933689013729,0.01728861778004063,ARIMA
2005-03-11,XOM,-0.0013259712450808024,0.017599536023559532,ARIMA
2005-04-12,AAPL,-0.1406457983122764,0.11594048801324207,ARIMA
2005-04-12,CAT,-0.0011158997084381754,0.0,ARIMA
2005-04-12,CVX,-0.07085292977227058,0.0,ARIMA
2005-04-12,DUK,-0.022583816110528794,0.0,ARIMA
2005-04-12,GS,-0.090869495821368,0.0006449913922013345,ARIMA
2005-04-12,HD,-0.03450466331825651,0.0,ARIMA
2005-04-12,INTC,0.06825274020318149,0.0005113322449887391,ARIMA
2005-04-12,JNJ,-0.0169821176730625,0.012072505216880327,ARIMA
2005-04-12,JPM,0.0149086650313058,0.0,ARIMA
2005-04-12,KO,0.05483385927590161,0.0006664403937590204,ARIMA
2005-04-12,MCD,-0.02298968635321049,0.0,ARIMA
2005-04-12,MMM,-0.0976687352601859,0.013045281522543915,ARIMA
2005-04-12,MSFT,-0.002807336647981007,-0.014215053555975896,ARIMA
2005-04-12,NEM,-0.10895140564796901,0.0003363849413303911,ARIMA
2005-04-12,PFE,0.044352706398762494,0.0026122173686727768,ARIMA
2005-04-12,PG,-0.003180091603028609,0.010770683551326755,ARIMA
2005-04-12,UNH,0.006664131101249606,0.02381937020593082,ARIMA
2005-04-12,VZ,-0.016467005548914098,0.0,ARIMA
2005-04-12,WFC,0.0033153759454283005,0.01093224419091635,ARIMA
2005-04-12,XOM,-0.0520883849327419,4.514326898177312e-07,ARIMA
2005-05-11,AAPL,0.03321582723529471,0.09949426894331971,ARIMA
2005-05-11,CAT,0.08342623469895769,0.0,ARIMA
2005-05-11,CVX,0.0645647853803909,0.0,ARIMA
2005-05-11,DUK,0.016975187753965303,0.0,ARIMA
2005-05-11,GS,-0.021381433354475104,0.0,ARIMA
2005-05-11,HD,0.08511900761438251,0.0,ARIMA
2005-05-11,INTC,0.1158443394095168,-0.0016646867849541506,ARIMA
2005-05-11,JNJ,-0.009984565889855097,0.0016271527285842955,ARIMA
2005-05-11,JPM,0.010192367676918092,0.0,ARIMA
2005-05-11,KO,-0.013200171975547001,0.0,ARIMA
2005-05-11,MCD,-0.0379187756901298,0.0,ARIMA
2005-05-11,MMM,-0.0001596691179720968,0.000664761308349133,ARIMA
2005-05-11,MSFT,0.0273698788410556,-0.0015851061091487991,ARIMA
2005-05-11,NEM,-0.014998865455478405,0.0018158431176880103,ARIMA
2005-05-11,PFE,0.0021820940876516003,0.00016105679047141242,ARIMA
2005-05-11,PG,0.005814130727390702,0.011801492408252906,ARIMA
2005-05-11,UNH,0.056033621509553,0.025043284726127175,ARIMA
2005-05-11,VZ,0.013884717539507398,0.0,ARIMA
2005-05-11,WFC,0.026602789756956506,0.0,ARIMA
2005-05-11,XOM,0.026002604312973698,0.0016532642168257262,ARIMA
2005-06-10,AAPL,0.011880969603068302,0.09207201605368015,ARIMA
2005-06-10,CAT,0.025530798053966006,0.0,ARIMA
2005-06-10,CVX,0.022770075014022194,0.0,ARIMA
2005-06-10,DUK,0.061166459151876205,0.0,ARIMA
2005-06-10,GS,0.0710520376410107,0.0007267098558988105,ARIMA
2005-06-10,HD,0.017522890666546498,0.0,ARIMA
2005-06-10,INTC,8.847089727481716e-17,-0.0033527078018175237,ARIMA
2005-06-10,JNJ,-0.029503406789441102,-0.0004584318954631457,ARIMA
2005-06-10,JPM,-0.005654983351210294,0.0,ARIMA
2005-06-10,KO,-0.013974580518274906,0.0,ARIMA
2005-06-10,MCD,-0.00034523730924830055,0.0,ARIMA
2005-06-10,MMM,-0.0006564915620494924,0.0,ARIMA
2005-06-10,MSFT,-0.008661507767041896,-0.0071058365093973124,ARIMA
2005-06-10,NEM,0.047407029331142096,-0.000255313677245261,ARIMA
2005-06-10,PFE,-0.015004698064977298,0.002629048640785269,ARIMA
2005-06-10,PG,-0.02383239185241141,0.029642538080308166,ARIMA
2005-06-10,UNH,0.013054649361718105,0.012587913085346581,ARIMA
2005-06-10,VZ,-0.0030932377758025003,0.0,ARIMA
2005-06-10,WFC,0.006500228231908599,0.0,ARIMA
2005-06-10,XOM,0.025843848800629503,0.001409768070585043,ARIMA
2005-07-12,AAPL,0.13987611412568057,0.09754374332078247,ARIMA
2005-07-12,CAT,0.08823034127267751,0.019245495668099567,ARIMA
2005-07-12,CVX,0.06617330398945181,0.0,ARIMA
2005-07-12,DUK,-0.0512928467084787,0.0,ARIMA
2005-07-12,GS,0.040435852482663306,-0.0011406507362598738,ARIMA
2005-07-12,HD,0.025962513407769797,0.0,ARIMA
2005-07-12,INTC,-0.0263988755765993,-0.005905411443080583,ARIMA
2005-07-12,JNJ,-0.011955832686965498,-0.001589954856717821,ARIMA
2005-07-12,JPM,0.0020004003371779993,0.0,ARIMA
2005-07-12,KO,0.03062270172500931,0.0,ARIMA
2005-07-12,MCD,0.11313094147573971,0.0,ARIMA
2005-07-12,MMM,-0.0557763752088122,0.0,ARIMA
2005-07-12,MSFT,0.07830732787948051,-0.0006655976576696945,ARIMA
2005-07-12,NEM,0.0151464473258205,-0.001393478416042748,ARIMA
2005-07-12,PFE,-0.015608146038635796,-0.001751843877776325,ARIMA
2005-07-12,PG,0.005856645445923797,0.011560952595191694,ARIMA
2005-07-12,UNH,-0.012475035662038801,0.025577775263870707,ARIMA
2005-07-12,VZ,-0.029587897085092997,0.0,ARIMA
2005-07-12,WFC,-0.012657590453300102,0.006999481593275486,ARIMA
2005-07-12,XOM,-0.008541088092923399,-0.0029163454120109313,ARIMA
2005-08-10,AAPL,0.127522854826183,0.10210230930737006,ARIMA
2005-08-10,CAT,0.0708558070151177,0.02086173092309447,ARIMA
2005-08-10,CVX,0.0210395034043922,0.0,ARIMA
2005-08-10,DUK,0.05194571874011511,0.0,ARIMA
2005-08-10,GS,0.0324775385053181,-0.001671079909758172,ARIMA
2005-08-10,HD,-0.001891456513731092,0.0,ARIMA
2005-08-10,INTC,-0.030574038123567192,5.0657733066375357e-05,ARIMA
2005-08-10,JNJ,0.0063983806312493,-0.0001601589789223815,ARIMA
2005-08-10,JPM,-0.011196246183016803,0.0,ARIMA
2005-08-10,KO,0.004073406538140494,0.0,ARIMA
2005-08-10,MCD,0.0282652415044977,0.0,ARIMA
2005-08-10,MMM,0.021313865012641202,0.04002604675151519,ARIMA
2005-08-10,MSFT,-0.024467673990714305,0.00185623824954162,ARIMA
2005-08-10,NEM,0.04606621906516821,-0.0005839161416945202,ARIMA
2005-08-10,PFE,3.641992836027341e-07,-0.002163544573051199,ARIMA
2005-08-10,PG,0.0401546515548605,0.012433597936376797,ARIMA
2005-08-10,UNH,0.038827068868059395,0.03391865564331845,ARIMA
2005-08-10,VZ,-0.024933349176093,0.0,ARIMA
2005-08-10,WFC,-0.010645764198834697,0.0,ARIMA
2005-08-10,XOM,0.03536578136168211,-0.002126224955050762,ARIMA
2005-09-09,AAPL,0.030077587725688196,0.11834968245453768,ARIMA
2005-09-09,CAT,-0.029753967474916005,0.020876829781950868,ARIMA
2005-09-09,CVX,-0.017227743776058492,0.0,ARIMA
2005-09-09,DUK,-0.0508583027041376,0.0,ARIMA
2005-09-09,GS,0.020711205054716197,-0.00025408084969108773,ARIMA
2005-09-09,HD,-0.08564405174055459,0.0,ARIMA
2005-09-09,INTC,-0.09102675187069352,-0.0034756061471432295,ARIMA
2005-09-09,JNJ,-0.044012333485148505,-0.002149550738303626,ARIMA
2005-09-09,JPM,-0.011578580455618602,0.0,ARIMA
2005-09-09,KO,-0.0417648436426874,0.0,ARIMA
2005-09-09,MCD,-0.0350698033376849,0.0,ARIMA
2005-09-09,MMM,-0.019192737660921305,0.05031968638773571,ARIMA
2005-09-09,MSFT,-0.07894738221272721,0.0,ARIMA
2005-09-09,NEM,0.14757922877224855,-0.001112874531587025,ARIMA
2005-09-09,PFE,-0.0833490492673879,-0.005282348906579959,ARIMA
2005-09-09,PG,-0.0019610578944485022,0.012191105038585063,ARIMA
2005-09-09,UNH,0.046106007967664404,0.0166456958430727,ARIMA
2005-09-09,VZ,-0.04730149146335311,0.0,ARIMA
2005-09-09,WFC,-0.02078294485477479,0.0,ARIMA
2005-09-09,XOM,-0.028124175863484095,-0.004407027358280715,ARIMA
2005-10-10,AAPL,0.16047960027558475,0.08792562061500084,ARIMA
2005-10-10,CAT,-0.0382389498219034,0.021283110049799357,ARIMA
2005-10-10,CVX,-0.06082932700971108,0.0,ARIMA
2005-10-10,DUK,-0.052056212654340905,0.0,ARIMA
2005-10-10,GS,0.09600524497246132,-0.00010716052585949633,ARIMA
2005-10-10,HD,0.09338471840539439,0.0,ARIMA
2005-10-10,INTC,0.03157625838180879,0.002949801600657165,ARIMA
2005-10-10,JNJ,0.001466818930132006,0.003925461172506455,ARIMA
2005-10-10,JPM,0.10571454779370401,0.0,ARIMA
2005-10-10,KO,0.0049637365342334976,0.0,ARIMA
2005-10-10,MCD,0.044911032007065796,0.0,ARIMA
2005-10-10,MMM,0.05584862661354401,0.0,ARIMA
2005-10-10,MSFT,0.09386753694010451,-0.006150818763332248,ARIMA
2005-10-10,NEM,-0.0997184585525885,-0.0012963781027959078,ARIMA
2005-10-10,PFE,-0.0909328013042863,0.0027561410718185677,ARIMA
2005-10-10,PG,-0.0031707282604468024,0.01439924012472327,ARIMA
2005-10-10,UNH,0.0370892814779714,0.012613811630651027,ARIMA
2005-10-10,VZ,-0.0013087025397335965,0.0,ARIMA
2005-10-10,WFC,0.03766388351825099,0.0,ARIMA
2005-10-10,XOM,-0.0428518797087379,0.012162696511284725,ARIMA
2005-11-08,AAPL,0.20521864087762,0.08857125286680521,ARIMA
2005-11-08,CAT,0.0630394949352108,0.019222694965177534,ARIMA
2005-11-08,CVX,0.040534305877968996,0.0,ARIMA
2005-11-08,DUK,0.013808875082114296,0.0,ARIMA
2005-11-08,GS,0.005713425846820606,0.0,ARIMA
2005-11-08,HD,0.0028853829961084966,0.0,ARIMA
2005-11-08,INTC,0.06517621362453171,-0.007157582434878319,ARIMA
2005-11-08,JNJ,-0.017663962306196594,2.3286675257902945e-06,ARIMA
2005-11-08,JPM,0.020748507961943094,0.0,ARIMA
2005-11-08,KO,0.0016028105716010006,0.0,ARIMA
2005-11-08,MCD,0.06555741802022327,0.0,ARIMA
2005-11-08,MMM,0.025286058910896796,0.0,ARIMA
2005-11-08,MSFT,0.029956028105042703,0.0,ARIMA
2005-11-08,NEM,0.144456039560477,0.01909291099029751,ARIMA
2005-11-08,PFE,-0.045399159969040793,0.00618560493685111,ARIMA
2005-11-08,PG,0.025929253638515507,0.0005118295533155052,ARIMA
2005-11-08,UNH,0.06789854535778861,0.012033634079243944,ARIMA
2005-11-08,VZ,0.0290345836093507,0.000352731634391669,ARIMA
2005-11-08,WFC,0.036000262241549494,0.0,ARIMA
2005-11-08,XOM,0.0381642776564479,0.0005612757512923975,ARIMA
2005-12-08,AAPL,0.02800170169288368,0.0933899948587827,ARIMA
2005-12-08,CAT,0.0632072735848469,0.020106919126954947,ARIMA
2005-12-08,CVX,-0.005919470533225892,0.0,ARIMA
2005-12-08,DUK,0.059166809403465685,0.0,ARIMA
2005-12-08,GS,0.0038421038545633033,0.0,ARIMA
2005-12-08,HD,-0.017003312077405713,0.0,ARIMA
2005-12-08,INTC,0.012162839794365499,0.005557301841601841,ARIMA
2005-12-08,JNJ,0.047964782004906996,0.003494102752394707,ARIMA
2005-12-08,JPM,0.0641082780383949,0.0,ARIMA
2005-12-08,KO,-0.014080174998543703,0.0,ARIMA
2005-12-08,MCD,-0.015721324837945003,0.0,ARIMA
2005-12-08,MMM,0.020972496912490302,0.004107674634649052,ARIMA
2005-12-08,MSFT,-0.0325977092100485,-0.028407899443891164,ARIMA
2005-12-08,NEM,0.16540873608385492,0.018273156899442505,ARIMA
2005-12-08,PFE,0.1635847764149767,0.0014391926126397464,ARIMA
2005-12-08,PG,0.0351399504248275,0.000575495986861484,ARIMA
2005-12-08,UNH,-0.0195149448119093,0.006225688215690715,ARIMA
2005-12-08,VZ,0.013840486957473402,0.0005288182823662254,ARIMA
2005-12-08,WFC,0.0135085826607442,-0.00011283564827726837,ARIMA
2005-12-08,XOM,0.006417969137430293,-0.00276410191887214,ARIMA
2006-01-10,AAPL,-0.1000416356126779,0.03874760382970013,ARIMA
2006-01-10,CAT,0.1154780248309599,0.019775217363735758,ARIMA
2006-01-10,CVX,-0.0181450585464386,0.0,ARIMA
2006-01-10,DUK,0.001076835286032804,0.0,ARIMA
2006-01-10,GS,0.08109250763725609,0.0,ARIMA
2006-01-10,HD,-0.038711245029295197,0.0,ARIMA
2006-01-10,INTC,-0.24260044267383163,0.0038205408675559224,ARIMA
2006-01-10,JNJ,-0.07224096274539658,-0.002510604330306223,ARIMA
2006-01-10,JPM,-0.02666146193138929,0.0,ARIMA
2006-01-10,KO,-0.009174516381312892,-4.204657695167048e-05,ARIMA
2006-01-10,MCD,0.0464414656044237,0.0,ARIMA
2006-01-10,MMM,-0.107021708019645,0.0012897265536488231,ARIMA
2006-01-10,MSFT,0.0018595863896180012,0.00016805796866174684,ARIMA
2006-01-10,NEM,-0.04921810587680619,0.019376487492535104,ARIMA
2006-01-10,PFE,0.0689465741947467,-0.0016179668471829832,ARIMA
2006-01-10,PG,0.011364663457054603,-0.0006003242954634241,ARIMA
2006-01-10,UNH,-0.0640607850690504,0.03471920857440316,ARIMA
2006-01-10,VZ,0.034653094987536305,-0.0019258630263861956,ARIMA
2006-01-10,WFC,-0.024031802981947407,0.005046454968528048,ARIMA
2006-01-10,XOM,0.02182813025404251,-0.006803537385728742,ARIMA
2006-02-09,AAPL,-0.08520307938072,0.08950428040266721,ARIMA
2006-02-09,CAT,0.030626325445362482,0.021025512504876886,ARIMA
2006-02-09,CVX,-0.0601005050241688,0.0,ARIMA
2006-02-09,DUK,0.019229973765194596,0.0,ARIMA
2006-02-09,GS,0.0027591279878663045,0.0,ARIMA
2006-02-09,HD,0.0527855578880551,0.0,ARIMA
2006-02-09,INTC,-0.0404790450262492,-0.0006899946956350847,ARIMA
2006-02-09,JNJ,0.013128218696665299,-0.00436131442421509,ARIMA
2006-02-09,JPM,0.0379081188868146,0.0,ARIMA
2006-02-09,KO,0.036671220107135895,0.0,ARIMA
2006-02-09,MCD,-0.048171374816437205,0.0,ARIMA
2006-02-09,MMM,0.0247253913216859,0.0,ARIMA
2006-02-09,MSFT,0.012998432715569802,0.0001857539113237782,ARIMA
2006-02-09,NEM,-0.1342707752304072,0.02266360605594335,ARIMA
2006-02-09,PFE,-0.011058720084444602,-0.005005205514756068,ARIMA
2006-02-09,PG,0.045686724289359,0.00957059727525488,ARIMA
2006-02-09,UNH,-0.024966249628751408,0.053019646202998746,ARIMA
2006-02-09,VZ,0.0479278124702337,-0.002551953692282359,ARIMA
2006-02-09,WFC,0.0465124614073061,-4.204030634525203e-05,ARIMA
2006-02-09,XOM,-0.020240019777980393,0.0073765389829041255,ARIMA
2006-03-13,AAPL,0.083166397718414,0.0304164247699676,ARIMA
2006-03-13,CAT,0.061494717235397796,0.021496899574698268,ARIMA
2006-03-13,CVX,0.0992023196674933,0.0,ARIMA
2006-03-13,DUK,0.0204233054637562,0.0,ARIMA
2006-03-13,GS,0.13792002288315783,0.0023236762356416947,ARIMA
2006-03-13,HD,0.013244922797543798,-0.0022875013263030874,ARIMA
2006-03-13,INTC,-0.024995270346769495,0.0,ARIMA
2006-03-13,JNJ,-0.0227847709062643,-0.0022561850436548106,ARIMA
2006-03-13,JPM,0.026213313258228406,0.0,ARIMA
2006-03-13,KO,-0.023351487167585804,0.0,ARIMA
2006-03-13,MCD,0.020000677097864503,0.0,ARIMA
2006-03-13,MMM,0.1131013553639757,0.01871243282533951,ARIMA
2006-03-13,MSFT,0.004407023899519396,-0.0005324539330251329,ARIMA
2006-03-13,NEM,0.084573464913804,-0.0009019576108725475,ARIMA
2006-03-13,PFE,-0.0563915536592053,0.00017897986614642136,ARIMA
2006-03-13,PG,-0.08547896211842138,0.01006583254006484,ARIMA
2006-03-13,UNH,-0.0683678932841929,0.04896030885526474,ARIMA
2006-03-13,VZ,-0.009155856162521401,-0.0004334334001579962,ARIMA
2006-03-13,WFC,0.002486933108090503,-6.662356867446231e-06,ARIMA
2006-03-13,XOM,0.0455824846649783,0.01468035512451558,ARIMA
2006-04-11,AAPL,0.027717868377969697,0.03191327556588251,ARIMA
2006-04-11,CAT,0.0737789826853663,0.022130622711661854,ARIMA
2006-04-11,CVX,0.051561084924898096,0.0,ARIMA
2006-04-11,DUK,0.010435501764951803,0.0,ARIMA
2006-04-11,GS,0.012061384034212905,-0.00042653228927020325,ARIMA
2006-04-11,HD,-0.014215153547859904,0.0,ARIMA
2006-04-11,INTC,0.0164175868161723,0.0003288441960540165,ARIMA
2006-04-11,JNJ,0.010514975831234903,0.002362313673778512,ARIMA
2006-04-11,JPM,0.09209170278243632,0.0,ARIMA
2006-04-11,KO,0.0493870925716328,0.00046119348099623946,ARIMA
2006-04-11,MCD,0.017108604030380597,0.0,ARIMA
2006-04-11,MMM,0.07914961084464509,-0.0005011769121073455,ARIMA
2006-04-11,MSFT,-0.1380963886326891,-2.7471293004810127e-05,ARIMA
2006-04-11,NEM,0.0971984881380346,0.019912929058848144,ARIMA
2006-04-11,PFE,0.0251500247118763,0.0020749439871788956,ARIMA
2006-04-11,PG,-0.008739658723688797,0.012522208884379979,ARIMA
2006-04-11,UNH,-0.12714867098702823,0.050910439783709106,ARIMA
2006-04-11,VZ,-0.03464333577849431,0.0015933296086345706,ARIMA
2006-04-11,WFC,0.0611918647379247,0.0,ARIMA
2006-04-11,XOM,0.03585761218799349,0.005722663387912246,ARIMA
2006-05-11,AAPL,-0.1754333885137158,0.08756113786930513,ARIMA
2006-05-11,CAT,-0.18165458920391234,0.021479048748848494,ARIMA
2006-05-11,CVX,-0.08036355515210239,0.0,ARIMA
2006-05-11,DUK,0.0086799202873985,-0.001062679880782245,ARIMA
2006-05-11,GS,-0.09051254222491621,0.0,ARIMA
2006-05-11,HD,-0.10510276675144109,0.0013432348208744012,ARIMA
2006-05-11,INTC,-0.13192765705289858,-0.00019375366976251039,ARIMA
2006-05-11,JNJ,0.05732677981602652,0.0008557590355409202,ARIMA
2006-05-11,JPM,-0.08685298423514809,0.0,ARIMA
2006-05-11,KO,-0.0006886784227129019,0.0,ARIMA
2006-05-11,MCD,-0.07445010425111942,0.0,ARIMA
2006-05-11,MMM,-0.07890993480812449,0.0,ARIMA
2006-05-11,MSFT,-0.0771329133166169,0.028250179137995025,ARIMA
2006-05-11,NEM,-0.1655710400920385,0.01920535735868902,ARIMA
2006-05-11,PFE,-0.0621980602266724,0.0008635113458893563,ARIMA
2006-05-11,PG,-0.034121800712825105,0.023578384388731086,ARIMA
2006-05-11,UNH,-0.008701489901601005,0.02975733664806085,ARIMA
2006-05-11,VZ,-0.02631747886638601,0.000787113067112772,ARIMA
2006-05-11,WFC,0.017072779670900106,-0.006431583308857378,ARIMA
2006-05-11,XOM,-0.0828642575419163,0.002707074981747843,ARIMA
2006-06-12,AAPL,-0.06251474898124328,0.029109056157650273,ARIMA
2006-06-12,CAT,0.083500277962014,0.01664161807550298,ARIMA
2006-06-12,CVX,0.1266857137905892,0.0,ARIMA
2006-06-12,DUK,0.0171353424335507,0.0,ARIMA
2006-06-12,GS,-0.008173058280247891,0.0,ARIMA
2006-06-12,HD,-0.0720911501119007,0.0,ARIMA
2006-06-12,INTC,0.08433624905019818,0.0025308595563321755,ARIMA
2006-06-12,JNJ,-0.009987492644022596,-0.0006655733822637284,ARIMA
2006-06-12,JPM,0.02625313983963551,0.0,ARIMA
2006-06-12,KO,0.013136301718501296,0.0,ARIMA
2006-06-12,MCD,0.0266052034628733,0.0,ARIMA
2006-06-12,MMM,-0.09743412344023208,0.0,ARIMA
2006-06-12,MSFT,0.052433427943012596,0.0008608502743194469,ARIMA
2006-06-12,NEM,0.11825607155531591,0.000720891035125633,ARIMA
2006-06-12,PFE,-0.0017014463798651052,0.0015843163699957087,ARIMA
2006-06-12,PG,0.050144588312982206,0.020492874904537446,ARIMA
2006-06-12,UNH,0.0494455535966281,0.02005881054274153,ARIMA
2006-06-12,VZ,0.049322298068945815,0.00025810853009019115,ARIMA
2006-06-12,WFC,-0.003914261658037906,3.853180123059106e-06,ARIMA
2006-06-12,XOM,0.0844283752500326,0.011172605073782335,ARIMA
2006-07-12,AAPL,0.13337408343317958,0.025681085384071694,ARIMA
2006-07-12,CAT,-0.0644533032487547,0.019206014981473608,ARIMA
2006-07-12,CVX,0.0328390360465617,0.0,ARIMA
2006-07-12,DUK,0.019746224492663292,0.0,ARIMA
2006-07-12,GS,0.011386308046706798,0.0,ARIMA
2006-07-12,HD,-0.0289188701259896,0.0,ARIMA
2006-07-12,INTC,-0.06474618440573081,-0.00012410857991194661,ARIMA
2006-07-12,JNJ,0.0411045922223604,-0.0008025875398513702,ARIMA
2006-07-12,JPM,0.03393973603860201,0.0,ARIMA
2006-07-12,KO,-0.0013708019174788963,0.0,ARIMA
2006-07-12,MCD,0.0023310293208280014,0.0,ARIMA
2006-07-12,MMM,-0.06778181887165562,0.0,ARIMA
2006-07-12,MSFT,0.0563881097499109,0.0017878355672241058,ARIMA
2006-07-12,NEM,-0.038198365250893096,0.017430958326897613,ARIMA
2006-07-12,PFE,0.1164909360971917,0.0005281610238386282,ARIMA
2006-07-12,PG,0.04479107719431231,0.005584773249618171,ARIMA
2006-07-12,UNH,0.0183379399728223,0.005273107212572548,ARIMA
2006-07-12,VZ,0.0342790063445665,0.0,ARIMA
2006-07-12,WFC,0.020450257425946007,0.0019493129744701675,ARIMA
2006-07-12,XOM,0.07973023932225931,-0.00663669554519743,ARIMA
2006-08-10,AAPL,0.13140642494393093,0.03098184205797981,ARIMA
2006-08-10,CAT,-0.0176683148590447,0.017206131021911264,ARIMA
2006-08-10,CVX,-0.0417088080156304,0.0,ARIMA
2006-08-10,DUK,0.018348819350330097,0.0,ARIMA
2006-08-10,GS,-0.0014003135615145035,0.0,ARIMA
2006-08-10,HD,0.030346432998520204,0.0,ARIMA
2006-08-10,INTC,0.11137687260701228,0.0003172428595150523,ARIMA
2006-08-10,JNJ,0.010041053421299309,0.0003258831177809963,ARIMA
2006-08-10,JPM,0.020311066012091702,0.0,ARIMA
2006-08-10,KO,0.0192423538481686,0.00020821702461698197,ARIMA
2006-08-10,MCD,0.08744737787527182,0.0,ARIMA
2006-08-10,MMM,0.0524010964355637,0.0,ARIMA
2006-08-10,MSFT,0.050047431021850705,0.0007901838624767485,ARIMA
2006-08-10,NEM,-0.1010787570347886,0.015957106723573297,ARIMA
2006-08-10,PFE,0.05360409717494491,-0.0013011373478596438,ARIMA
2006-08-10,PG,0.02651790199646001,0.010620062695907975,ARIMA
2006-08-10,UNH,0.038450714670797796,0.01963146899379676,ARIMA
2006-08-10,VZ,0.045363761534726404,0.0,ARIMA
2006-08-10,WFC,0.0032927543854119013,0.009217939401089696,ARIMA
2006-08-10,XOM,-0.0318196395832039,-0.012142118128910522,ARIMA
2006-09-11,AAPL,0.028679732351632604,0.03427564372877944,ARIMA
2006-09-11,CAT,0.023199149138509213,0.018378508607354783,ARIMA
2006-09-11,CVX,-0.015377404652437199,0.0,ARIMA
2006-09-11,DUK,0.016393959030927503,0.0,ARIMA
2006-09-11,GS,0.16938761858699913,0.0,ARIMA
2006-09-11,HD,0.09509774018780459,0.0,ARIMA
2006-09-11,INTC,0.058414291009973016,-0.0007347942767031482,ARIMA
2006-09-11,JNJ,0.019929201752172394,0.0015917339886343568,ARIMA
2006-09-11,JPM,0.047207664380247,0.0,ARIMA
2006-09-11,KO,0.0029025091417151996,0.0007722130930028853,ARIMA
2006-09-11,MCD,0.0786882799716639,0.0,ARIMA
2006-09-11,MMM,0.05826086350372431,0.0,ARIMA
2006-09-11,MSFT,0.0795613863584622,-0.0006751553888262457,ARIMA
2006-09-11,NEM,-0.15525796077314208,0.001515794488956714,ARIMA
2006-09-11,PFE,0.0021725952104635054,0.0007040262892368775,ARIMA
2006-09-11,PG,0.027585016067548308,0.0008273436740652224,ARIMA
2006-09-11,UNH,-0.0035425024943607983,0.0168680815080179,ARIMA
2006-09-11,VZ,0.04655869465344819,0.0,ARIMA
2006-09-11,WFC,0.04006739211431081,0.009440987133378992,ARIMA
2006-09-11,XOM,-0.0038984743065250994,0.012917647726908062,ARIMA
2006-10-10,AAPL,0.0758385126486816,0.03528646493464243,ARIMA
2006-10-10,CAT,-0.1352940779061618,0.019924573307029812,ARIMA
2006-10-10,CVX,0.0858646953305415,0.0003113035561907305,ARIMA
2006-10-10,DUK,-0.002930751201775392,0.0,ARIMA
2006-10-10,GS,0.06327866509345312,0.01502983611525672,ARIMA
2006-10-10,HD,-0.012545680906237892,0.0,ARIMA
2006-10-10,INTC,0.013538988049959792,0.0008715049289963351,ARIMA
2006-10-10,JNJ,0.05750943835119239,0.001464368008907888,ARIMA
2006-10-10,JPM,0.008034159480494102,0.0,ARIMA
2006-10-10,KO,0.0547540285949525,-0.00018772639579486925,ARIMA
2006-10-10,MCD,0.026752606955451994,0.0,ARIMA
2006-10-10,MMM,0.04665144754170451,0.0,ARIMA
2006-10-10,MSFT,0.04341608613631301,0.0006105468459356782,ARIMA
2006-10-10,NEM,0.10198648995611038,0.0004835131403501874,ARIMA
2006-10-10,PFE,-0.013106090421586105,0.001935481062734523,ARIMA
2006-10-10,PG,0.0248413765171027,0.011530557043012257,ARIMA
2006-10-10,UNH,-0.0229348805518045,0.01756689521169711,ARIMA
2006-10-10,VZ,0.004893824059303104,0.0,ARIMA
2006-10-10,WFC,0.007195908355948702,0.011711705514697674,ARIMA
2006-10-10,XOM,0.0860469772413671,0.011329101005003325,ARIMA
2006-11-08,AAPL,0.07798698184587038,0.03512550099674214,ARIMA
2006-11-08,CAT,0.050124529274513996,0.017138891705916134,ARIMA
2006-11-08,CVX,0.06944785006464291,0.000508243507774544,ARIMA
2006-11-08,DUK,0.06561854831421139,0.0,ARIMA
2006-11-08,GS,0.05926435107733399,0.0,ARIMA
2006-11-08,HD,0.05065378077576298,0.0,ARIMA
2006-11-08,INTC,-0.007237725241496896,-0.0012051613695790836,ARIMA
2006-11-08,JNJ,-0.033698818796275294,-0.0022313696864985485,ARIMA
2006-11-08,JPM,-0.018275145970843096,0.0,ARIMA
2006-11-08,KO,0.0443085193113104,0.0005409323007715403,ARIMA
2006-11-08,MCD,0.0620240695732088,0.0,ARIMA
2006-11-08,MMM,0.007430482415345805,0.0,ARIMA
2006-11-08,MSFT,-4.729093947570314e-05,-0.03394942308582969,ARIMA
2006-11-08,NEM,0.035689628681785504,0.0002833272032650436,ARIMA
2006-11-08,PFE,-0.0844265294785187,-0.0026628105296921316,ARIMA
2006-11-08,PG,-0.004847295857270998,0.009163971310651015,ARIMA
2006-11-08,UNH,-0.0016149458093265845,0.016607425451772802,ARIMA
2006-11-08,VZ,-0.017562030812177994,0.0,ARIMA
2006-11-08,WFC,-0.025042752752109407,0.01061968418092386,ARIMA
2006-11-08,XOM,0.0472356006795978,0.012453594919745972,ARIMA
2006-12-08,AAPL,0.1083431127625665,0.03389383827304922,ARIMA
2006-12-08,CAT,-0.043470551026049,0.017051733927547358,ARIMA
2006-12-08,CVX,-0.05480249631178791,0.016728231280533138,ARIMA
2006-12-08,DUK,-0.012473174968096898,0.0,ARIMA
2006-12-08,GS,0.038749707334418335,0.0,ARIMA
2006-12-08,HD,0.021599371618118597,0.0,ARIMA
2006-12-08,INTC,0.0412676813968023,0.0033463503872539417,ARIMA
2006-12-08,JNJ,0.0013613047020569014,0.0003016859911037869,ARIMA
2006-12-08,JPM,0.038102318856158494,0.0,ARIMA
2006-12-08,KO,-0.0008206993560406005,-0.0006387991867100797,ARIMA
2006-12-08,MCD,0.0223902770869629,0.0,ARIMA
2006-12-08,MMM,-0.021727831953447605,0.0,ARIMA
2006-12-08,MSFT,0.0276894262838119,0.0004930768360267123,ARIMA
2006-12-08,NEM,-0.10901211651613713,-0.0013280850483888083,ARIMA
2006-12-08,PFE,0.052499399600990995,0.0012455327111006336,ARIMA
2006-12-08,PG,0.0068727498107375995,0.010462785673376607,ARIMA
2006-12-08,UNH,0.06530826870059991,0.011832231566431296,ARIMA
2006-12-08,VZ,0.06254512436536061,6.892221246632764e-06,ARIMA
2006-12-08,WFC,-0.00028200281191190094,0.018014703226628133,ARIMA
2006-12-08,XOM,-0.0643709508560514,0.014363339094751335,ARIMA
2007-01-11,AAPL,-0.15262272670670007,0.03582441977307784,ARIMA
2007-01-11,CAT,0.0766617522912338,0.01605233700970646,ARIMA
2007-01-11,CVX,0.0548024963117877,0.0,ARIMA
2007-01-11,DUK,0.08053870817669329,0.0,ARIMA
2007-01-11,GS,0.026209738033697007,0.014264395646939425,ARIMA
2007-01-11,HD,0.030207772325704794,0.0,ARIMA
2007-01-11,INTC,-0.0176958228615037,-0.0010568401892439602,ARIMA
2007-01-11,JNJ,-0.008349391431358296,0.0011362563039911597,ARIMA
2007-01-11,JPM,0.04710598849139261,-0.00025768929865884664,ARIMA
2007-01-11,KO,-0.019079748209783202,-0.0005409414775922305,ARIMA
2007-01-11,MCD,0.006755688009927502,0.0,ARIMA
2007-01-11,MMM,-0.04344802957022251,0.0,ARIMA
2007-01-11,MSFT,-0.023193344731602915,0.0010175743178794329,ARIMA
2007-01-11,NEM,0.0780615541486082,0.0011379300294895088,ARIMA
2007-01-11,PFE,0.017714400782072603,-9.046690534960205e-05,ARIMA
2007-01-11,PG,0.007734108366082997,0.008936292254769643,ARIMA
2007-01-11,UNH,-0.037608814281682,0.01822130218478937,ARIMA
2007-01-11,VZ,0.025521513412066498,0.0,ARIMA
2007-01-11,WFC,0.0044419841827923,0.017071134541588408,ARIMA
2007-01-11,XOM,0.0621278225693908,0.01683957524647681,ARIMA
2007-02-12,AAPL,0.059783662777436394,0.03207930210057733,ARIMA
2007-02-12,CAT,-0.0227886130902768,0.018531609106836794,ARIMA
2007-02-12,CVX,-0.07051636202355971,0.01288109765238675,ARIMA
2007-02-12,DUK,-0.031171824592696705,0.0,ARIMA
2007-02-12,GS,-0.0691502272287841,0.017403675784055706,ARIMA
2007-02-12,HD,-0.0874036983785444,0.0,ARIMA
2007-02-12,INTC,-0.09521501259515333,-0.00022295816797642068,ARIMA
2007-02-12,JNJ,-0.07067394621823721,0.0013013828635571514,ARIMA
2007-02-12,JPM,-0.07664394552247311,-1.1035526295018585e-05,ARIMA
2007-02-12,KO,-0.0076492408637055965,-0.00034293368488927574,ARIMA
2007-02-12,MCD,-0.024535198099410398,0.0,ARIMA
2007-02-12,MMM,0.009368726903576,0.0,ARIMA
2007-02-12,MSFT,-0.07773209034524889,0.000949373405569089,ARIMA
2007-02-12,NEM,-0.0984169431322264,-0.0001602331545139684,ARIMA
2007-02-12,PFE,-0.056133191920483105,0.0005524884002061159,ARIMA
2007-02-12,PG,-0.0519226475149306,0.0095811742489452,ARIMA
2007-02-12,UNH,0.04082170537258882,0.022017847734332456,ARIMA
2007-02-12,VZ,-0.042536294126293395,0.0003629610391421666,ARIMA
2007-02-12,WFC,-0.0549314832281508,0.017104252209800386,ARIMA
2007-02-12,XOM,-0.07320868624443758,0.013348943859652967,ARIMA
2007-03-14,AAPL,0.04197986990224129,0.032562418958466635,ARIMA
2007-03-14,CAT,0.0507879463677204,0.0,ARIMA
2007-03-14,CVX,0.1288586106500828,0.0,ARIMA
2007-03-14,DUK,0.0489374571870844,0.0,ARIMA
2007-03-14,GS,0.039504542276587604,0.01385364854291361,ARIMA
2007-03-14,HD,0.0177794079594802,0.0,ARIMA
2007-03-14,INTC,0.0696897855727094,0.0023404815593896723,ARIMA
2007-03-14,JNJ,0.0187465743004582,0.004057759062910366,ARIMA
2007-03-14,JPM,0.059222262432042205,0.0062417766411855214,ARIMA
2007-03-14,KO,0.0539772252312664,-0.000839983475243141,ARIMA
2007-03-14,MCD,0.069943059964006,0.008228596366227785,ARIMA
2007-03-14,MMM,0.025615232906162196,0.0,ARIMA
2007-03-14,MSFT,0.0658942764881309,0.004383923121317566,ARIMA
2007-03-14,NEM,0.04531275688234511,0.002820467047243679,ARIMA
2007-03-14,PFE,0.0591613078935886,0.0028808504165298123,ARIMA
2007-03-14,PG,0.037698230926059,0.009804865993707798,ARIMA
2007-03-14,UNH,0.0028093416436108212,0.020939383995636728,ARIMA
2007-03-14,VZ,0.0444539987831371,0.002004725347662114,ARIMA
2007-03-14,WFC,0.025661222419893392,0.0016034841800987487,ARIMA
2007-03-14,XOM,0.10164847833293902,0.0008065795142038894,ARIMA
2007-04-13,AAPL,0.1651077901167214,0.033530280033343546,ARIMA
2007-04-13,CAT,0.1209154138654863,0.015222374121164811,ARIMA
2007-04-13,CVX,0.03651597637574169,0.011988700855383573,ARIMA
2007-04-13,DUK,0.008738118006529199,0.018088992776289146,ARIMA
2007-04-13,GS,0.0957875347316886,0.01569414534897398,ARIMA
2007-04-13,HD,0.0218533948928678,0.0,ARIMA
2007-04-13,INTC,0.0884306290123815,-0.0007028784294294773,ARIMA
2007-04-13,JNJ,0.005636912634767996,-0.0006789158316050309,ARIMA
2007-04-13,JPM,0.0582307113898845,-0.0006648423712723344,ARIMA
2007-04-13,KO,0.0590250616645936,-0.0006882318867312175,ARIMA
2007-04-13,MCD,0.08269452372543329,0.0,ARIMA
2007-04-13,MMM,0.10906874236801842,0.0,ARIMA
2007-04-13,MSFT,0.0791255290664189,-0.01314745444331355,ARIMA
2007-04-13,NEM,-0.05331105409630349,7.693966871567616e-07,ARIMA
2007-04-13,PFE,0.0323430081858799,-0.002137242437603736,ARIMA
2007-04-13,PG,-0.024374898659457796,-0.0008234959563494994,ARIMA
2007-04-13,UNH,0.008808913016014793,0.023892914536016656,ARIMA
2007-04-13,VZ,0.1012043214731014,-0.0007577835679016283,ARIMA
2007-04-13,WFC,0.0415842031284938,0.01442451579725962,ARIMA
2007-04-13,XOM,0.05273565624642049,0.004090880264675109,ARIMA
2007-05-14,AAPL,0.101693990303761,0.03660280149946393,ARIMA
2007-05-14,CAT,0.041847501148209794,0.01878976891765443,ARIMA
2007-05-14,CVX,0.0136864467695598,0.011766447292013605,ARIMA
2007-05-14,DUK,-0.10546941815850872,0.0,ARIMA
2007-05-14,GS,0.0015370600354347925,0.0184605341207785,ARIMA
2007-05-14,HD,-0.033696077391754405,0.0,ARIMA
2007-05-14,INTC,-0.003597035665263903,-0.0005069958620895817,ARIMA
2007-05-14,JNJ,-0.0005661345489931984,0.0038340998383844128,ARIMA
2007-05-14,JPM,-0.0551867089439821,0.0007590579630755793,ARIMA
2007-05-14,KO,-0.029859144749768803,-5.902064498269718e-05,ARIMA
2007-05-14,MCD,0.016254486378679097,0.011041936276324374,ARIMA
2007-05-14,MMM,-0.0003934927309115041,0.0,ARIMA
2007-05-14,MSFT,-0.0310136902648033,-0.0010012950957034013,ARIMA
2007-05-14,NEM,-0.0477377822154851,-0.0006086634216617625,ARIMA
2007-05-14,PFE,-0.034999195773475905,0.0008360875636914981,ARIMA
2007-05-14,PG,0.008238487530172998,-0.00019312003102061915,ARIMA
2007-05-14,UNH,-0.011259220798210002,0.014515318963346185,ARIMA
2007-05-14,VZ,0.040986346550752395,-0.0005336253037123426,ARIMA
2007-05-14,WFC,-0.009617941014638597,0.007326716745393398,ARIMA
2007-05-14,XOM,0.0094344114543658,0.012612783477532046,ARIMA
2007-06-13,AAPL,0.10770860489673581,0.04027797161988011,ARIMA
2007-06-13,CAT,0.0741535851573813,0.020550910303771503,ARIMA
2007-06-13,CVX,0.14681723022657872,0.013653144968015092,ARIMA
2007-06-13,DUK,-0.0005484988578599997,-0.004041108603947387,ARIMA
2007-06-13,GS,-0.033742222652816414,0.019333924603561897,ARIMA
2007-06-13,HD,0.091507119804858,0.0,ARIMA
2007-06-13,INTC,0.158004116768743,-0.000674273804459675,ARIMA
2007-06-13,JNJ,0.0244444340333467,0.0007553573864221909,ARIMA
2007-06-13,JPM,0.011401892075395405,0.0008701549819107463,ARIMA
2007-06-13,KO,0.03539032623884211,-0.0009345002701077803,ARIMA
2007-06-13,MCD,0.0032969116095817944,0.0,ARIMA
2007-06-13,MMM,0.0559100146099493,0.0,ARIMA
2007-06-13,MSFT,0.007343466960098296,0.0005311281908652614,ARIMA
2007-06-13,NEM,0.05064033813798681,0.0011794183215260482,ARIMA
2007-06-13,PFE,-0.004991217322932399,0.0014186286443548701,ARIMA
2007-06-13,PG,0.0123117204563144,0.0016928825572898175,ARIMA
2007-06-13,UNH,0.0018856546638293982,0.018987623309455318,ARIMA
2007-06-13,VZ,-0.029359692615993895,-0.00014169308036265585,ARIMA
2007-06-13,WFC,0.007363287624607201,0.01948458650041177,ARIMA
2007-06-13,XOM,0.08885972377554799,0.009562714860931933,ARIMA
2007-07-13,AAPL,-0.0700480882792919,0.045660777492135034,ARIMA
2007-07-13,CAT,-0.0767924191542505,0.02353436353988357,ARIMA
2007-07-13,CVX,-0.1119314268528549,0.01474272475425879,ARIMA
2007-07-13,DUK,0.0673103540952842,0.0,ARIMA
2007-07-13,GS,-0.1974192592765889,0.0010986901571997574,ARIMA
2007-07-13,HD,-0.1308133132865283,0.0,ARIMA
2007-07-13,INTC,-0.07621512643108079,-0.0022288571971976986,ARIMA
2007-07-13,JNJ,-0.035502959944082695,-0.006108579679666354,ARIMA
2007-07-13,JPM,-0.11272229974525902,-0.0018607320457132504,ARIMA
2007-07-13,KO,0.0436833847965043,0.0010479983309287745,ARIMA
2007-07-13,MCD,-0.04433719725306029,0.0,ARIMA
2007-07-13,MMM,-0.0450329055444168,0.0,ARIMA
2007-07-13,MSFT,-0.046282356802700084,0.00031089870323424475,ARIMA
2007-07-13,NEM,0.019273186151122293,-0.0014975954776284956,ARIMA
2007-07-13,PFE,-0.06770880916220899,-0.0003513486950531483,ARIMA
2007-07-13,PG,0.0439456323573284,0.005183161894631322,ARIMA
2007-07-13,UNH,-0.11168073952711571,0.010529273700495431,ARIMA
2007-07-13,VZ,-0.0024168182664996846,-0.00065592368301397,ARIMA
2007-07-13,WFC,-0.020859711147796698,0.013595647664718382,ARIMA
2007-07-13,XOM,-0.05471929388501408,0.0125007597194246,ARIMA
2007-08-13,AAPL,0.08058351962817112,0.04656014168992401,ARIMA
2007-08-13,CAT,-0.04834558530268268,0.02247075486431391,ARIMA
2007-08-13,CVX,0.06719029520620062,0.014404565585555822,ARIMA
2007-08-13,DUK,-0.03583502059890969,0.005604016285453037,ARIMA
2007-08-13,GS,0.016484141277459598,0.013053270513777351,ARIMA
2007-08-13,HD,-0.023264016210785495,-0.00019159193338198503,ARIMA
2007-08-13,INTC,0.06771291638218882,-0.0019547430678255218,ARIMA
2007-08-13,JNJ,0.021315078165978503,0.0009446762577960251,ARIMA
2007-08-13,JPM,0.006532095174397198,0.0012590607480200897,ARIMA
2007-08-13,KO,0.0122920386543773,-0.0003254383478565697,ARIMA
2007-08-13,MCD,0.046464689772369394,0.014645683033038221,ARIMA
2007-08-13,MMM,0.03150262307809791,0.0005534717202470589,ARIMA
2007-08-13,MSFT,0.01113241939606581,-0.002325542373020407,ARIMA
2007-08-13,NEM,0.07705688125505188,0.0,ARIMA
2007-08-13,PFE,0.008302643999289693,0.0015592267568349458,ARIMA
2007-08-13,PG,0.0241737872594488,0.005929669341347304,ARIMA
2007-08-13,UNH,0.0430775597215252,0.018064480207205743,ARIMA
2007-08-13,VZ,0.012981145196198496,0.0008125813820833288,ARIMA
2007-08-13,WFC,0.0487904616566414,0.007649749895668907,ARIMA
2007-08-13,XOM,0.028348248328193597,0.015562688132416,ARIMA
2007-09-12,AAPL,0.20783804256109734,0.04894837881259789,ARIMA
2007-09-12,CAT,0.09384519165580439,0.022208749574734198,ARIMA
2007-09-12,CVX,0.03863855745415481,0.016128946921596474,ARIMA
2007-09-12,DUK,0.029663268218413308,0.0009356233173188938,ARIMA
2007-09-12,GS,0.25136273729425723,0.016408038966475236,ARIMA
2007-09-12,HD,-0.03561318907593379,-0.0009648083253067666,ARIMA
2007-09-12,INTC,0.00853700041975759,0.0004746390610136331,ARIMA
2007-09-12,JNJ,0.0591343373039025,-0.0007050414847400037,ARIMA
2007-09-12,JPM,0.0599331963576818,0.014228886025602515,ARIMA
2007-09-12,KO,0.0450643276162359,-1.8665879698510236e-05,ARIMA
2007-09-12,MCD,0.0969599523954842,0.01516140106630241,ARIMA
2007-09-12,MMM,0.0824112618951066,-0.00024646420074072206,ARIMA
2007-09-12,MSFT,0.0439558329676817,-0.002416512412514706,ARIMA
2007-09-12,NEM,0.0232005565862559,0.0,ARIMA
2007-09-12,PFE,0.054306178634096494,0.0007126727801280499,ARIMA
2007-09-12,PG,0.0637548189823377,0.0033748895002861825,ARIMA
2007-09-12,UNH,-0.004853198454512191,0.012999329430790513,ARIMA
2007-09-12,VZ,0.09550842210772222,0.0,ARIMA
2007-09-12,WFC,0.013747448878300194,0.004240678858838978,ARIMA
2007-09-12,XOM,0.06877801395710449,0.014898321610069756,ARIMA
2007-10-11,AAPL,0.0507322426162854,0.053232445788712196,ARIMA
2007-10-11,CAT,-0.1091238225287939,0.026052601816454263,ARIMA
2007-10-11,CVX,-0.03200084038146389,0.019560815463938175,ARIMA
2007-10-11,DUK,0.0175899728220024,0.01414528328606459,ARIMA
2007-10-11,GS,-0.11519930279180879,0.024441212147923864,ARIMA
2007-10-11,HD,-0.1456188531392346,0.0,ARIMA
2007-10-11,INTC,0.006155923554203198,-0.00022630645787281644,ARIMA
2007-10-11,JNJ,-0.0190158449671522,0.0006535043020728747,ARIMA
2007-10-11,JPM,-0.096141720766305,0.02094612166419271,ARIMA
2007-10-11,KO,0.06035044293841341,-0.00010411359522002626,ARIMA
2007-10-11,MCD,0.0402112011393949,0.020463585236502668,ARIMA
2007-10-11,MMM,-0.1456813944058858,0.010833555119958885,ARIMA
2007-10-11,MSFT,0.1390570719035756,-0.00039501801150486354,ARIMA
2007-10-11,NEM,0.15668192468586636,0.0,ARIMA
2007-10-11,PFE,-0.08778782469539681,3.69070401301378e-05,ARIMA
2007-10-11,PG,-0.0029194909515870004,0.008035744737253558,ARIMA
2007-10-11,UNH,0.019273832646445895,0.008522709724716564,ARIMA
2007-10-11,VZ,-0.0656648133507374,0.0004319284809615871,ARIMA
2007-10-11,WFC,-0.1417893888704184,0.009471608068995243,ARIMA
2007-10-11,XOM,-0.0367715651411285,0.01878130512717576,ARIMA
2007-11-09,AAPL,0.10147198849617779,0.050242395540156984,ARIMA
2007-11-09,CAT,0.055715282593513396,0.021629893907596363,ARIMA
2007-11-09,CVX,0.0347855258711334,0.017737264993767116,ARIMA
2007-11-09,DUK,0.0661529311443511,0.0,ARIMA
2007-11-09,GS,0.0657609268252432,0.01757071007421017,ARIMA
2007-11-09,HD,0.02526045030692379,0.0,ARIMA
2007-11-09,INTC,0.06891577491950351,0.0,ARIMA
2007-11-09,JNJ,0.0545556114254226,-0.0007091550080163612,ARIMA
2007-11-09,JPM,0.10695466086862149,0.012317825684034295,ARIMA
2007-11-09,KO,0.0342755731541643,-3.9995695161292814e-05,ARIMA
2007-11-09,MCD,0.06768888283673391,0.02021502476660386,ARIMA
2007-11-09,MMM,0.05201750271704621,0.0,ARIMA
2007-11-09,MSFT,0.0038761160603879964,0.001842918879889935,ARIMA
2007-11-09,NEM,-0.05959174751077351,0.0,ARIMA
2007-11-09,PFE,0.0530872801955291,0.0013183085077629313,ARIMA
2007-11-09,PG,0.04809041126792651,0.0066315823542820295,ARIMA
2007-11-09,UNH,0.1403927582245842,0.00668485223633221,ARIMA
2007-11-09,VZ,0.05950927874841099,-0.0006201206416314602,ARIMA
2007-11-09,WFC,0.0361860802433568,0.01284566977871879,ARIMA
2007-11-09,XOM,0.0287697422452582,0.015620115834946166,ARIMA
2007-12-11,AAPL,-0.0870439232317081,0.05428961052822231,ARIMA
2007-12-11,CAT,-0.12754241747340958,0.021592457468759207,ARIMA
2007-12-11,CVX,0.0019606600023878993,0.018764695091386344,ARIMA
2007-12-11,DUK,-0.007797576509435198,0.014268979441667481,ARIMA
2007-12-11,GS,-0.1298364758347546,0.01911914948914981,ARIMA
2007-12-11,HD,-0.15742270438017503,-0.00018211547954668966,ARIMA
2007-12-11,INTC,-0.20902484655633818,0.009230218331982013,ARIMA
2007-12-11,JNJ,0.0017684287681822028,0.0003696685291235184,ARIMA
2007-12-11,JPM,-0.1287108792198925,0.014027343970972125,ARIMA
2007-12-11,KO,0.0355542306228253,0.0006669462961245928,ARIMA
2007-12-11,MCD,-0.06215056802750038,0.022350539761415426,ARIMA
2007-12-11,MMM,-0.0782669620921378,0.0,ARIMA
2007-12-11,MSFT,-0.0124477002842884,-0.00011282627647873618,ARIMA
2007-12-11,NEM,0.05901471344975341,-0.000992126828078824,ARIMA
2007-12-11,PFE,-0.011971057952921003,-0.00017744634002462472,ARIMA
2007-12-11,PG,-0.025203892358975497,0.010090254594250498,ARIMA
2007-12-11,UNH,-0.0312415790113717,0.017343370710362863,ARIMA
2007-12-11,VZ,-0.0328303024240008,0.0,ARIMA
2007-12-11,WFC,-0.1565534787883942,-0.0031957432823585667,ARIMA
2007-12-11,XOM,-0.004028063258014397,0.01741076838099123,ARIMA
2008-01-11,AAPL,-0.31860143053790235,0.05329087519078413,ARIMA
2008-01-11,CAT,0.0349987286389048,0.026144772964149434,ARIMA
2008-01-11,CVX,-0.13331353793533843,0.01972282314086812,ARIMA
2008-01-11,DUK,-0.0997226475977437,0.012859157387432754,ARIMA
2008-01-11,GS,-0.0559405802587208,0.01774713468507057,ARIMA
2008-01-11,HD,0.1265350015311787,-0.0398124316424935,ARIMA
2008-01-11,INTC,-0.0800686876913983,0.0,ARIMA
2008-01-11,JNJ,-0.09298604870322659,-0.0022553124908978547,ARIMA
2008-01-11,JPM,0.04771772630855452,-0.000708028785999452,ARIMA
2008-01-11,KO,-0.09698912802021639,0.0024599509136909218,ARIMA
2008-01-11,MCD,-0.0383754585447117,0.022397136402258322,ARIMA
2008-01-11,MMM,-0.011662207845095194,0.0,ARIMA
2008-01-11,MSFT,-0.1963429790067752,0.003081419144706335,ARIMA
2008-01-11,NEM,-0.05724564042483036,-0.0011102215450313965,ARIMA
2008-01-11,PFE,-0.0672535094206776,-0.0019868502570884526,ARIMA
2008-01-11,PG,-0.0886220524936597,0.011088647863365275,ARIMA
2008-01-11,UNH,-0.15118402169089945,0.016847468021445107,ARIMA
2008-01-11,VZ,-0.1663847110390357,0.0,ARIMA
2008-01-11,WFC,0.0669863065552955,0.007678156150310403,ARIMA
2008-01-11,XOM,-0.09229161888886858,0.017682659308867178,ARIMA
2008-02-12,AAPL,-0.02677466647854621,0.04844542345711505,ARIMA
2008-02-12,CAT,0.0806407706207357,0.029875971449161598,ARIMA
2008-02-12,CVX,0.0825886397554652,0.017353992312895725,ARIMA
2008-02-12,DUK,-0.042022458069746506,0.015763223723062665,ARIMA
2008-02-12,GS,-0.1312359126824282,0.018061180518378493,ARIMA
2008-02-12,HD,-0.08442397896780299,-0.03160544245894717,ARIMA
2008-02-12,INTC,0.021053592509440805,0.0,ARIMA
2008-02-12,JNJ,0.0173802237524578,0.00018300546542797638,ARIMA
2008-02-12,JPM,-0.11579544544451677,0.0244853126093648,ARIMA
2008-02-12,KO,0.0011864374785459984,0.009771010928880323,ARIMA
2008-02-12,MCD,-0.0347805734841016,0.025380388343992588,ARIMA
2008-02-12,MMM,-0.004625080362897691,0.0,ARIMA
2008-02-12,MSFT,0.018656454906929888,0.011243087398374485,ARIMA
2008-02-12,NEM,0.01098726861617871,0.0003479175236906371,ARIMA
2008-02-12,PFE,-0.0423249981536806,0.001915327373854957,ARIMA
2008-02-12,PG,0.015635518245857596,0.007621053602613659,ARIMA
2008-02-12,UNH,-0.2735421230559507,0.013768830676978356,ARIMA
2008-02-12,VZ,-0.06195107765097401,0.0,ARIMA
2008-02-12,WFC,6.938893903907228e-18,-0.00012474366304433723,ARIMA
2008-02-12,XOM,0.032511182220428106,0.015478494355416109,ARIMA
2008-03-13,AAPL,0.1548646786844794,0.047905255140253344,ARIMA
2008-03-13,CAT,-0.005997828259940401,0.023476426930023976,ARIMA
2008-03-13,CVX,0.023586480440988503,0.012680516443486403,ARIMA
2008-03-13,DUK,0.0364080081943047,0.019153812478353755,ARIMA
2008-03-13,GS,0.025976956348313904,0.01658653055568835,ARIMA
2008-03-13,HD,0.0751736634473503,-0.03699322040316133,ARIMA
2008-03-13,INTC,0.005665460041066703,0.0,ARIMA
2008-03-13,JNJ,0.0536885083936628,0.0,ARIMA
2008-03-13,JPM,0.10481649302323852,-0.023987854591637423,ARIMA
2008-03-13,KO,0.018413253304092006,0.009667083609921466,ARIMA
2008-03-13,MCD,0.031166133888143193,0.02618505027086063,ARIMA
2008-03-13,MMM,0.0006365536838414051,0.0,ARIMA
2008-03-13,MSFT,-0.012300020337907301,0.00022071729894397672,ARIMA
2008-03-13,NEM,-0.11147752212581818,0.0,ARIMA
2008-03-13,PFE,-0.0397849367300113,0.0036510304934651286,ARIMA
2008-03-13,PG,0.043204845550541195,0.00823741662823737,ARIMA
2008-03-13,UNH,-0.021457598432754816,-0.03266998293779489,ARIMA
2008-03-13,VZ,0.044993706541236404,0.0,ARIMA
2008-03-13,WFC,-0.05461280751600851,0.009915440619014353,ARIMA
2008-03-13,XOM,0.03035841550126089,0.017365190317648962,ARIMA
2008-04-14,AAPL,0.2459079916600954,0.05053323064420087,ARIMA
2008-04-14,CAT,0.11841967627468969,0.018585797273115184,ARIMA
2008-04-14,CVX,0.09202836871949088,0.02026332354348571,ARIMA
2008-04-14,DUK,0.0287358389471419,0.0182469653384939,ARIMA
2008-04-14,GS,0.13997923456091121,0.01588245791100061,ARIMA
2008-04-14,HD,0.0165465158028095,0.0,ARIMA
2008-04-14,INTC,0.11300886072238849,0.0,ARIMA
2008-04-14,JNJ,0.0106996243665591,0.0,ARIMA
2008-04-14,JPM,0.1050311491983609,0.017732040192020734,ARIMA
2008-04-14,KO,-0.0666969514912567,0.008189930181472177,ARIMA
2008-04-14,MCD,0.09416164952657502,0.024840852539617073,ARIMA
2008-04-14,MMM,-0.010246935891028007,0.0,ARIMA
2008-04-14,MSFT,0.05870877007315539,0.005039856092228957,ARIMA
2008-04-14,NEM,-0.015347776329424193,0.0,ARIMA
2008-04-14,PFE,-0.010965407222475698,-9.1027164743362e-05,ARIMA
2008-04-14,PG,-0.06302532729393139,0.01032988783681869,ARIMA
2008-04-14,UNH,-0.09008310057306201,-0.03128983211341728,ARIMA
2008-04-14,VZ,0.0670993511457571,-0.0024003831384815247,ARIMA
2008-04-14,WFC,0.0719957895524589,0.044114052712941346,ARIMA
2008-04-14,XOM,0.010869771077863896,0.01841910048415963,ARIMA
2008-05-13,AAPL,-0.03984565298946271,0.050392275454454905,ARIMA
2008-05-13,CAT,-0.06010969231672451,0.021879938815713946,ARIMA
2008-05-13,CVX,0.027611893561025204,0.020397325209884045,ARIMA
2008-05-13,DUK,-0.0303103886591241,0.014333593172930715,ARIMA
2008-05-13,GS,-0.16784910675186518,0.017030316339349896,ARIMA
2008-05-13,HD,-0.09185649829813722,0.0,ARIMA
2008-05-13,INTC,-0.0805710424561808,0.0,ARIMA
2008-05-13,JNJ,-0.015872320672739703,0.0,ARIMA
2008-05-13,JPM,-0.2408157014086719,-0.004585582075927047,ARIMA
2008-05-13,KO,0.0196075429191587,0.0,ARIMA
2008-05-13,MCD,-0.028960847450885997,0.02026399270405729,ARIMA
2008-05-13,MMM,-0.02491749936620089,0.0,ARIMA
2008-05-13,MSFT,-0.09691755195794607,-0.002178969903577174,ARIMA
2008-05-13,NEM,0.044100021713044515,0.0,ARIMA
2008-05-13,PFE,-0.1261687680851817,0.001473501979787018,ARIMA
2008-05-13,PG,0.012922972245137106,0.009421513945850358,ARIMA
2008-05-13,UNH,-0.02564616826766361,-0.03782752068595315,ARIMA
2008-05-13,VZ,-0.03720397792276541,0.0,ARIMA
2008-05-13,WFC,-0.15252756004558551,0.010418622324966225,ARIMA
2008-05-13,XOM,-0.006524563651401399,0.016858398629821587,ARIMA
2008-06-12,AAPL,-0.046586106375820904,0.050780788338307674,ARIMA
2008-06-12,CAT,-0.12278449893706639,0.018479774626177947,ARIMA
2008-06-12,CVX,-0.0748512578531792,0.01872879210349133,ARIMA
2008-06-12,DUK,-0.0305628990819061,0.012129030581769788,ARIMA
2008-06-12,GS,0.0004917940203946897,0.00028829737412422994,ARIMA
2008-06-12,HD,-0.1828617181624767,0.0,ARIMA
2008-06-12,INTC,-0.05513781784280751,0.0,ARIMA
2008-06-12,JNJ,0.016127379259552106,0.0,ARIMA
2008-06-12,JPM,-0.1019434987367347,0.04828818674273543,ARIMA
2008-06-12,KO,-0.1280957882893502,0.0,ARIMA
2008-06-12,MCD,-0.024641735494285597,0.01865871209211953,ARIMA
2008-06-12,MMM,-0.09104126353738701,0.0,ARIMA
2008-06-12,MSFT,-0.07144545714068001,-0.0031604467600092243,ARIMA
2008-06-12,NEM,0.08271192104751379,0.0,ARIMA
2008-06-12,PFE,0.014706453764368103,0.00047095157757997,ARIMA
2008-06-12,PG,-0.0424283309596664,0.008283854939545138,ARIMA
2008-06-12,UNH,-0.36588314610038936,-0.038247101976545544,ARIMA
2008-06-12,VZ,-0.03668880190992702,0.002856288007624205,ARIMA
2008-06-12,WFC,-0.10514310869567159,0.0287591891373261,ARIMA
2008-06-12,XOM,-0.0359622629814155,0.015487915356424182,ARIMA
2008-07-14,AAPL,0.005662751983805992,0.04782494982038518,ARIMA
2008-07-14,CAT,0.020054742467643605,0.017762172026006082,ARIMA
2008-07-14,CVX,-0.09273300731036119,0.02166099448618497,ARIMA
2008-07-14,DUK,0.06346086190139341,0.011997616524550914,ARIMA
2008-07-14,GS,0.09317218942274051,0.0010153333185050082,ARIMA
2008-07-14,HD,0.2427820378790222,0.0,ARIMA
2008-07-14,INTC,0.172768013922459,0.0,ARIMA
2008-07-14,JNJ,0.07834620507092199,0.0,ARIMA
2008-07-14,JPM,0.23370275511045058,0.0,ARIMA
2008-07-14,KO,0.09626799587451201,0.0,ARIMA
2008-07-14,MCD,0.14024744329362931,0.02149500367020207,ARIMA
2008-07-14,MMM,0.0791468170254126,0.0,ARIMA
2008-07-14,MSFT,0.09980026982267218,-0.002186066611077696,ARIMA
2008-07-14,NEM,-0.2114123690633608,-0.0020906321431741867,ARIMA
2008-07-14,PFE,0.12632315783736123,0.002313974944148072,ARIMA
2008-07-14,PG,0.09630233303499079,0.009004683733067481,ARIMA
2008-07-14,UNH,0.34373011596795777,-0.11989568683179695,ARIMA
2008-07-14,VZ,0.010822953549621098,0.0,ARIMA
2008-07-14,WFC,0.32881748839973923,0.019346063163787695,ARIMA
2008-07-14,XOM,-0.08443011274242532,0.016857273511165727,ARIMA
2008-08-12,AAPL,-0.1352121836638629,0.047868367268936764,ARIMA
2008-08-12,CAT,-0.1195860849562757,0.0,ARIMA
2008-08-12,CVX,-0.0278104344352667,0.016888881403714306,ARIMA
2008-08-12,DUK,-0.023838501246821107,0.012723054181797259,ARIMA
2008-08-12,GS,-0.12178675746450453,0.0005344055676342654,ARIMA
2008-08-12,HD,0.06452012538479418,0.0,ARIMA
2008-08-12,INTC,-0.1900624792909576,0.0,ARIMA
2008-08-12,JNJ,0.0004555184204819954,0.007268373360527418,ARIMA
2008-08-12,JPM,-0.06128164916240998,-0.023794860131165458,ARIMA
2008-08-12,KO,-0.028217360833730287,0.0,ARIMA
2008-08-12,MCD,-0.036533666300829305,0.01473135553462907,ARIMA
2008-08-12,MMM,-0.072692761558121,0.0,ARIMA
2008-08-12,MSFT,-0.049767789093258,0.0,ARIMA
2008-08-12,NEM,-0.09343556173215688,0.0,ARIMA
2008-08-12,PFE,-0.08829307434749831,-0.003311684760508376,ARIMA
2008-08-12,PG,0.04174967007520419,0.006870940019810328,ARIMA
2008-08-12,UNH,-0.06409054845423512,-0.039534465548194384,ARIMA
2008-08-12,VZ,-0.01656703313200781,0.0,ARIMA
2008-08-12,WFC,0.0028434137169988313,-0.028521193279078625,ARIMA
2008-08-12,XOM,-0.0379422876296715,0.014589752241233605,ARIMA
2008-09-11,AAPL,-0.5356003856049175,0.04344562254163806,ARIMA
2008-09-11,CAT,-0.3380649089510295,0.0,ARIMA
2008-09-11,CVX,-0.2375396245628777,0.013806214805389563,ARIMA
2008-09-11,DUK,-0.16512282998648461,0.014810754588453375,ARIMA
2008-09-11,GS,-0.4414168985936903,0.0,ARIMA
2008-09-11,HD,-0.3785121186140457,0.0,ARIMA
2008-09-11,INTC,-0.2564296039850208,-0.003518000867398696,ARIMA
2008-09-11,JNJ,-0.21273860595619948,0.007359155301977097,ARIMA
2008-09-11,JPM,-0.06384788438152132,-0.006560597908345851,ARIMA
2008-09-11,KO,-0.21021995682585878,0.0004492671364324121,ARIMA
2008-09-11,MCD,-0.1935234849642085,0.017252784566328404,ARIMA
2008-09-11,MMM,-0.2497765386954596,0.0,ARIMA
2008-09-11,MSFT,-0.17029159012036868,0.0,ARIMA
2008-09-11,NEM,-0.10356478475724859,0.034919021236682835,ARIMA
2008-09-11,PFE,-0.14967343710822947,0.003645677953384846,ARIMA
2008-09-11,PG,-0.1731640619041839,0.008461855621571774,ARIMA
2008-09-11,UNH,-0.49872992342882694,-0.04274913316611754,ARIMA
2008-09-11,VZ,-0.27586447656678226,0.0,ARIMA
2008-09-11,WFC,-0.1512629078765653,-0.015388061457403015,ARIMA
2008-09-11,XOM,-0.10130835283861542,0.011008240884225872,ARIMA
2008-10-10,AAPL,0.10170231138198751,-0.14082263572579054,ARIMA
2008-10-10,CAT,-0.14281318153829364,0.0,ARIMA
2008-10-10,CVX,0.13785786423622054,-0.04895764542842021,ARIMA
2008-10-10,DUK,0.07009230911016438,0.02237759701001337,ARIMA
2008-10-10,GS,-0.26164895656506465,-0.06405460530235613,ARIMA
2008-10-10,HD,0.055149369999743986,0.0,ARIMA
2008-10-10,INTC,-0.055548899071017996,0.0,ARIMA
2008-10-10,JNJ,0.044829107126596504,0.0,ARIMA
2008-10-10,JPM,0.028754115514449168,0.04424127959702215,ARIMA
2008-10-10,KO,0.06590904088901482,-0.017236006952126414,ARIMA
2008-10-10,MCD,0.06306113387297592,0.01486767343240257,ARIMA
2008-10-10,MMM,0.1920868230563137,0.0,ARIMA
2008-10-10,MSFT,-0.036533575219592385,0.0,ARIMA
2008-10-10,NEM,-0.2674955370336196,0.001578652668084728,ARIMA
2008-10-10,PFE,0.090730481054,0.006871348915281116,ARIMA
2008-10-10,PG,0.06397875862740797,0.010122389391071442,ARIMA
2008-10-10,UNH,0.23120128758838973,-0.07420635446211246,ARIMA
2008-10-10,VZ,0.14746221579461538,0.0,ARIMA
2008-10-10,WFC,0.08906770963733907,0.0756411426145765,ARIMA
2008-10-10,XOM,0.0896156480815876,0.026547699526734612,ARIMA
2008-11-10,AAPL,0.018356653976657394,0.04395819531727554,ARIMA
2008-11-10,CAT,0.09731733789005191,-0.0791891953663533,ARIMA
2008-11-10,CVX,0.03680881297076559,0.00787362912454087,ARIMA
2008-11-10,DUK,-0.09862822967010637,0.001482094194437494,ARIMA
2008-11-10,GS,-0.06658055967491013,-0.10530994609038757,ARIMA
2008-11-10,HD,0.10744180161925246,-0.0005638923401397353,ARIMA
2008-11-10,INTC,-0.022815128651916008,-0.022983541452318127,ARIMA
2008-11-10,JNJ,-0.03256624206156872,-0.004456501593379456,ARIMA
2008-11-10,JPM,-0.10580236000996235,0.023335196798930827,ARIMA
2008-11-10,KO,-0.022717074954056102,0.0,ARIMA
2008-11-10,MCD,0.0819950821644621,0.015437688199355652,ARIMA
2008-11-10,MMM,-0.13566660739928,0.0,ARIMA
2008-11-10,MSFT,-0.03601119709172718,-0.0077467891356086055,ARIMA
2008-11-10,NEM,0.21713698443890314,-0.0009345584455963886,ARIMA
2008-11-10,PFE,-0.0234031389612004,0.009366386709793947,ARIMA
2008-11-10,PG,-0.07567125685483311,-0.005590096646313887,ARIMA
2008-11-10,UNH,-0.0764093908599623,-0.062486984194261026,ARIMA
2008-11-10,VZ,0.10419485910013782,0.002448485937689291,ARIMA
2008-11-10,WFC,0.033336262248435014,0.03515708880687574,ARIMA
2008-11-10,XOM,0.055880365194066,0.0015351859533208776,ARIMA
2008-12-10,AAPL,-0.09953631804242209,-0.025129071058719143,ARIMA
2008-12-10,CAT,0.019163999345166795,0.006654829380352426,ARIMA
2008-12-10,CVX,-0.036937277720704695,0.01788354603691453,ARIMA
2008-12-10,DUK,0.05105225968555601,-0.010686038156563701,ARIMA
2008-12-10,GS,0.14256022864711515,-0.07931329204573143,ARIMA
2008-12-10,HD,0.02805089264304679,-0.006566349898146763,ARIMA
2008-12-10,INTC,-0.010545085933806996,0.017559547584018405,ARIMA
2008-12-10,JNJ,0.021222765616009696,0.010100814855418347,ARIMA
2008-12-10,JPM,-0.25611629080097537,0.01437431529068638,ARIMA
2008-12-10,KO,-0.005143339218583103,0.005556640808190934,ARIMA
2008-12-10,MCD,0.006513693113741291,0.022373507781523992,ARIMA
2008-12-10,MMM,0.027923497961885306,0.0041388209353130576,ARIMA
2008-12-10,MSFT,-0.05385064086856741,0.006027019682419835,ARIMA
2008-12-10,NEM,0.13910098025054482,-0.0028501415729110355,ARIMA
2008-12-10,PFE,0.05722590264390869,0.0008138119088822227,ARIMA
2008-12-10,PG,0.0011700384466760885,0.010723086821689529,ARIMA
2008-12-10,UNH,0.24126581701930142,-0.06410959671599896,ARIMA
2008-12-10,VZ,-0.021836704940358987,0.00029072926809441016,ARIMA
2008-12-10,WFC,-0.1932659060225746,-0.023895607621665035,ARIMA
2008-12-10,XOM,-0.008089132940241814,0.014871383946275428,ARIMA
2009-01-12,AAPL,0.07699760227605262,-0.03150704310791769,ARIMA
2009-01-12,CAT,-0.3237067996570735,-0.004808681050458542,ARIMA
2009-01-12,CVX,-0.023621324502679286,0.00182204298944148,ARIMA
2009-01-12,DUK,-0.003937409102113303,0.0024912237627107326,ARIMA
2009-01-12,GS,0.07438043744045696,0.019045537915365292,ARIMA
2009-01-12,HD,-0.07166066080602052,0.0012528940669154418,ARIMA
2009-01-12,INTC,0.005289601505164207,-0.002193517095536385,ARIMA
2009-01-12,JNJ,-0.04008167571073779,-0.0005536465121141988,ARIMA
2009-01-12,JPM,-0.05338258729270404,0.06290780088738275,ARIMA
2009-01-12,KO,-0.0922434979671277,0.0029762420911848414,ARIMA
2009-01-12,MCD,-0.04755887767333411,0.02006390088074436,ARIMA
2009-01-12,MMM,-0.12255736127990086,3.397888991849628e-05,ARIMA
2009-01-12,MSFT,-0.037582782042033774,0.002378115836281573,ARIMA
2009-01-12,NEM,0.06049713644258649,-0.003105883916528975,ARIMA
2009-01-12,PFE,-0.19344461161709478,0.0012542743984574486,ARIMA
2009-01-12,PG,-0.1444084289913524,0.001975243175829674,ARIMA
2009-01-12,UNH,0.0558764255277036,0.0032136950004138694,ARIMA
2009-01-12,VZ,-0.06952629127958951,-0.0009134873826808103,ARIMA
2009-01-12,WFC,-0.41171435153292,0.03242319512184958,ARIMA
2009-01-12,XOM,-0.013580480288329512,0.01628228774526013,ARIMA
2009-02-11,AAPL,-0.015243843269960526,-0.029325473912765306,ARIMA
2009-02-11,CAT,-0.13482561190678877,-0.04983668267281854,ARIMA
2009-02-11,CVX,-0.10574135502068008,0.01040407780788859,ARIMA
2009-02-11,DUK,-0.16905823406327478,0.0069959907220744485,ARIMA
2009-02-11,GS,0.07848517965893947,0.002883973834127713,ARIMA
2009-02-11,HD,-0.076026553181997,0.001678084284581287,ARIMA
2009-02-11,INTC,0.03077189877661959,-0.00037888936930843137,ARIMA
2009-02-11,JNJ,-0.13822416983302513,0.007515937279650038,ARIMA
2009-02-11,JPM,-0.0594066439830771,0.016068245124480077,ARIMA
2009-02-11,KO,0.014696163147876692,0.008425419979483293,ARIMA
2009-02-11,MCD,-0.0841917248351424,0.019093752411431394,ARIMA
2009-02-11,MMM,-0.05137895033847782,0.004212529664297626,ARIMA
2009-02-11,MSFT,-0.0932224559091612,0.0012916971954154085,ARIMA
2009-02-11,NEM,-0.04396905222477959,0.0023629272784093723,ARIMA
2009-02-11,PFE,-0.0035595516654262083,-0.005779973346404605,ARIMA
2009-02-11,PG,-0.11676380176762628,0.00709115348200474,ARIMA
2009-02-11,UNH,-0.31510761698847156,0.003664925300268643,ARIMA
2009-02-11,VZ,-0.0640053633361284,0.007932864204401379,ARIMA
2009-02-11,WFC,-0.15874779053834104,0.03906415679309304,ARIMA
2009-02-11,XOM,-0.12564449568874858,0.02630650481865431,ARIMA
2009-03-13,AAPL,0.22133604655778222,-0.028957544944567162,ARIMA
2009-03-13,CAT,0.204767686020315,-0.05128640502016423,ARIMA
2009-03-13,CVX,0.06974955463696089,-0.001354864238264709,ARIMA
2009-03-13,DUK,0.09566920661591662,-0.0232755500585936,ARIMA
2009-03-13,GS,0.29140259631469834,-0.023048389394792784,ARIMA
2009-03-13,HD,0.24445960375321202,0.0018813163078399415,ARIMA
2009-03-13,INTC,0.0958108138551341,-0.001377025411983956,ARIMA
2009-03-13,JNJ,0.04294271184783311,-0.005707419245050408,ARIMA
2009-03-13,JPM,0.37512389396377827,-0.06531392989807845,ARIMA
2009-03-13,KO,0.09098265872923329,-0.008441512056343144,ARIMA
2009-03-13,MCD,0.07280629546043191,0.01152935031034137,ARIMA
2009-03-13,MMM,0.1056733023702429,0.00020544291274381755,ARIMA
2009-03-13,MSFT,0.14121777568383212,0.004125492083425415,ARIMA
2009-03-13,NEM,0.1136332731107091,-0.005667681991709476,ARIMA
2009-03-13,PFE,-0.03927770385157182,-0.022894600094345647,ARIMA
2009-03-13,PG,0.0481866146410552,-0.0021273002424035577,ARIMA
2009-03-13,UNH,0.1787896255070047,0.0,ARIMA
2009-03-13,VZ,0.1344104888307157,-0.0066425033249819816,ARIMA
2009-03-13,WFC,0.3436152072114171,-0.07026051710479489,ARIMA
2009-03-13,XOM,0.012872921467336613,-0.0015375891148513338,ARIMA
2009-04-14,AAPL,0.03433880414118861,0.03597191236629561,ARIMA
2009-04-14,CAT,0.15062031007320476,0.0016764152903611085,ARIMA
2009-04-14,CVX,0.017642693021505798,0.002695608634156369,ARIMA
2009-04-14,DUK,0.0339016541357227,0.0015966059303670883,ARIMA
2009-04-14,GS,0.03961949651375667,0.05005119564346624,ARIMA
2009-04-14,HD,-0.0521859089608408,-4.100773828151726e-05,ARIMA
2009-04-14,INTC,-0.040945967379380305,0.004240888466341526,ARIMA
2009-04-14,JNJ,0.07257033316379631,0.0020713673401858146,ARIMA
2009-04-14,JPM,0.04808256624771372,-0.09884311315715805,ARIMA
2009-04-14,KO,-0.007404874747317394,-0.00039730001792151237,ARIMA
2009-04-14,MCD,-0.038885410303889784,0.012992659504638298,ARIMA
2009-04-14,MMM,0.1096063809155399,-0.0026654844232433844,ARIMA
2009-04-14,MSFT,0.015198154727679894,0.001021988464800967,ARIMA
2009-04-14,NEM,0.051863396385480896,0.0009543666197767925,ARIMA
2009-04-14,PFE,0.11343302969936542,-0.01244459178269768,ARIMA
2009-04-14,PG,0.067216844514833,0.00301374369846093,ARIMA
2009-04-14,UNH,0.11426595705164844,0.0,ARIMA
2009-04-14,VZ,-0.0431352037773278,0.00044382828079798833,ARIMA
2009-04-14,WFC,0.2695472527192502,-0.08197672379334188,ARIMA
2009-04-14,XOM,0.04628901805677231,0.0058741284078466065,ARIMA
2009-05-13,AAPL,0.11762333103249285,0.03787154883887156,ARIMA
2009-05-13,CAT,-0.011894262903587095,0.002859331340037491,ARIMA
2009-05-13,CVX,0.0480464059668094,0.0007890085410235146,ARIMA
2009-05-13,DUK,0.019291528005362806,-0.020852794264249068,ARIMA
2009-05-13,GS,0.0720287216465186,-0.003718055028501779,ARIMA
2009-05-13,HD,-0.007575646491161806,0.001634186820786828,ARIMA
2009-05-13,INTC,0.07227473714889159,0.0023239985515842976,ARIMA
2009-05-13,JNJ,0.027719641075664193,-0.0011037546541369995,ARIMA
2009-05-13,JPM,-0.01194836718966838,-0.005282498204952385,ARIMA
2009-05-13,KO,0.09847791657501029,-0.008669167794587434,ARIMA
2009-05-13,MCD,0.07454084885311099,0.016161746472401886,ARIMA
2009-05-13,MMM,0.026166268900082997,0.0009542224348282591,ARIMA
2009-05-13,MSFT,0.14418890717117483,-0.002313469895031763,ARIMA
2009-05-13,NEM,-0.0026862641615014917,-0.001932356759273878,ARIMA
2009-05-13,PFE,-0.02029863568857409,-0.005798479935065908,ARIMA
2009-05-13,PG,0.0207877620766265,0.0003567043397256315,ARIMA
2009-05-13,UNH,-0.12748384498989562,0.0,ARIMA
2009-05-13,VZ,-0.021613517549386792,-0.0023232755551365757,ARIMA
2009-05-13,WFC,-0.026815899101557315,-0.02125241436245032,ARIMA
2009-05-13,XOM,0.04459915283085011,-0.0034395975994654083,ARIMA
2009-06-12,AAPL,0.016932792056953694,0.03723790925930884,ARIMA
2009-06-12,CAT,-0.1678034930273577,-0.0008165183955473536,ARIMA
2009-06-12,CVX,-0.1410703308463996,-0.003461331856475466,ARIMA
2009-06-12,DUK,0.008962184558423306,-0.0037047485339641783,ARIMA
2009-06-12,GS,0.02912718004132789,0.03019286619273184,ARIMA
2009-06-12,HD,-0.0473265902346907,-0.009325084325119613,ARIMA
2009-06-12,INTC,0.008526338093310295,0.004012485499530676,ARIMA
2009-06-12,JNJ,0.029360215389148903,-0.0013403462358227056,ARIMA
2009-06-12,JPM,-0.005137603061443799,0.0025791433365578947,ARIMA
2009-06-12,KO,0.009628259326512102,0.0013780881097244617,ARIMA
2009-06-12,MCD,-0.0069603398332516,0.01955116563783634,ARIMA
2009-06-12,MMM,-0.001487225247358696,-0.0006807700459209832,ARIMA
2009-06-12,MSFT,0.017368802806149997,-0.0016449609138259537,ARIMA
2009-06-12,NEM,-0.1373279473275612,0.0006235755761118781,ARIMA
2009-06-12,PFE,0.008846388159684901,-0.004451347835591783,ARIMA
2009-06-12,PG,0.018478261601083602,0.00031790092422281604,ARIMA
2009-06-12,UNH,0.039140308814862496,0.0,ARIMA
2009-06-12,VZ,-0.008169627340746097,-0.0016536401613989325,ARIMA
2009-06-12,WFC,-0.008831219298500517,-0.0007557741186228924,ARIMA
2009-06-12,XOM,-0.1196414241033831,-0.0019087125385198645,ARIMA
2009-07-14,AAPL,0.1344882282655365,0.04064670029901125,ARIMA
2009-07-14,CAT,0.3877330084414486,0.0,ARIMA
2009-07-14,CVX,0.0844188631217038,-0.0014864684261343697,ARIMA
2009-07-14,DUK,0.06830628282278628,-0.0029469940643787732,ARIMA
2009-07-14,GS,0.0633922470396661,-0.0051297093356955465,ARIMA
2009-07-14,HD,0.1514891315192682,0.0034997170691475456,ARIMA
2009-07-14,INTC,0.1298284486624848,-0.001078454642919868,ARIMA
2009-07-14,JNJ,0.0424004964936513,-0.0020596797361543944,ARIMA
2009-07-14,JPM,0.17238052087416852,-0.018775233277809604,ARIMA
2009-07-14,KO,-0.00020397403231969813,-0.001431254793636335,ARIMA
2009-07-14,MCD,-0.022068224422852417,0.013837598359447385,ARIMA
2009-07-14,MMM,0.1649791705179472,-0.002534296430321757,ARIMA
2009-07-14,MSFT,-0.00431369410554671,-0.004384993318427559,ARIMA
2009-07-14,NEM,0.0445083705446826,-0.0012374092027051878,ARIMA
2009-07-14,PFE,0.07999299931129844,-0.0043479610929110565,ARIMA
2009-07-14,PG,-0.012056770230704995,-0.0026298714536690973,ARIMA
2009-07-14,UNH,0.10647969253561959,0.0,ARIMA
2009-07-14,VZ,0.051982048852903785,-0.0018067279588633869,ARIMA
2009-07-14,WFC,0.08279542612609289,-0.019892851895644645,ARIMA
2009-07-14,XOM,0.04240848828681221,0.0011053872508174861,ARIMA
2009-08-12,AAPL,0.058038306114718614,0.0390726079907937,ARIMA
2009-08-12,CAT,0.050763361049969896,0.011003271872921551,ARIMA
2009-08-12,CVX,0.060330199846195115,0.003476859485616772,ARIMA
2009-08-12,DUK,0.004546897895000598,0.00011951317910543363,ARIMA
2009-08-12,GS,0.09591410467599809,0.039238139565438084,ARIMA
2009-08-12,HD,0.0318009247928914,0.0011994435584718572,ARIMA
2009-08-12,INTC,0.05834966869908692,0.0006005836859538674,ARIMA
2009-08-12,JNJ,0.015351852134582995,-0.0003799201606333253,ARIMA
2009-08-12,JPM,0.042256862270271506,-0.010302902772060672,ARIMA
2009-08-12,KO,0.030919944914099006,0.0008493780511286038,ARIMA
2009-08-12,MCD,-0.0123205774573674,0.0131564724895137,ARIMA
2009-08-12,MMM,0.04914059689010421,-4.0216686263307136e-05,ARIMA
2009-08-12,MSFT,0.0833525952576758,0.0020351407005027634,ARIMA
2009-08-12,NEM,0.13965963513085944,-2.3490906133543884e-05,ARIMA
2009-08-12,PFE,0.031708685824046,0.0009004684958728522,ARIMA
2009-08-12,PG,0.07616895193584,0.0013591131961747137,ARIMA
2009-08-12,UNH,0.04532662599690702,0.0,ARIMA
2009-08-12,VZ,0.024214222683214298,0.0029814220599493515,ARIMA
2009-08-12,WFC,0.035437543260381406,0.0015378976177635802,ARIMA
2009-08-12,XOM,0.03632058521973789,0.011825900360205218,ARIMA
2009-09-11,AAPL,0.0987498472424821,0.03840435101486478,ARIMA
2009-09-11,CAT,0.09682128438921239,0.0019115494217384291,ARIMA
2009-09-11,CVX,0.018168575887284294,-0.0010724093585877466,ARIMA
2009-09-11,DUK,0.010957363869337796,0.00016524414919419177,ARIMA
2009-09-11,GS,0.07929056498563693,-0.009381664909574258,ARIMA
2009-09-11,HD,-0.02092218376015691,-0.02478405676063757,ARIMA
2009-09-11,INTC,0.020537290744614096,0.000974920176016387,ARIMA
2009-09-11,JNJ,0.017647424254203896,0.0004973872503512828,ARIMA
2009-09-11,JPM,0.064919409037008,-0.0055621598495853375,ARIMA
2009-09-11,KO,0.0855320400966789,-6.154468433927892e-05,ARIMA
2009-09-11,MCD,0.03317215059441039,0.017615378802420697,ARIMA
2009-09-11,MMM,0.004560094272680204,-0.0017723028696331339,ARIMA
2009-09-11,MSFT,0.0217611568739624,-0.0009751163438020698,ARIMA
2009-09-11,NEM,0.008205791023980103,-0.002404294253872597,ARIMA
2009-09-11,PFE,0.034880543600842404,-0.0011051420046036906,ARIMA
2009-09-11,PG,0.026762310468244798,-0.0055895094685190294,ARIMA
2009-09-11,UNH,-0.1654935372214385,0.0,ARIMA
2009-09-11,VZ,-0.05654726775598999,-0.0027380817178903533,ARIMA
2009-09-11,WFC,0.04731883492453111,-0.010460575351387098,ARIMA
2009-09-11,XOM,-0.0197262838665509,0.00013496060652800154,ARIMA
2009-10-12,AAPL,0.0560960216255932,0.03795904672087998,ARIMA
2009-10-12,CAT,0.119267402388293,-0.0006902171506908026,ARIMA
2009-10-12,CVX,0.06517388963480729,-0.003505308232522948,ARIMA
2009-10-12,DUK,0.044507176035214806,0.0002619001262115879,ARIMA
2009-10-12,GS,-0.06961581815961548,0.005503203459481094,ARIMA
2009-10-12,HD,-0.005578926536591405,-0.014501962700476193,ARIMA
2009-10-12,INTC,-0.028239505105833004,-0.0005135194319072557,ARIMA
2009-10-12,JNJ,-0.016165096894459205,-0.0014545786520246088,ARIMA
2009-10-12,JPM,-0.033262466870229615,-0.014012732136311256,ARIMA
2009-10-12,KO,0.015073558160069597,0.00012388282662193886,ARIMA
2009-10-12,MCD,0.0996296109515719,0.015636789263384555,ARIMA
2009-10-12,MMM,0.03251764500301281,-0.0013527448080800364,ARIMA
2009-10-12,MSFT,0.1263139887450205,-0.0022073372704474645,ARIMA
2009-10-12,NEM,0.083708616293953,0.004095718979982458,ARIMA
2009-10-12,PFE,0.039214751414549706,-0.001460254814742911,ARIMA
2009-10-12,PG,0.07948238072564649,-0.0008494420482362189,ARIMA
2009-10-12,UNH,0.16618024649431037,0.0,ARIMA
2009-10-12,VZ,0.0340499360056895,0.0011840584339252666,ARIMA
2009-10-12,WFC,-0.026317957375867992,-0.007045471225350629,ARIMA
2009-10-12,XOM,0.05619405002772821,-0.0004084642567968108,ARIMA
2009-11-10,AAPL,-0.01833422865431701,0.03340662008992587,ARIMA
2009-11-10,CAT,-0.06578389105611339,0.005660250734389289,ARIMA
2009-11-10,CVX,0.0010069895277725026,0.0004520508816524284,ARIMA
2009-11-10,DUK,0.08238566140842649,-0.002976907773848465,ARIMA
2009-11-10,GS,-0.0569481065680625,-0.015453384058192373,ARIMA
2009-11-10,HD,0.035484897741278,-0.010174471368465794,ARIMA
2009-11-10,INTC,0.027871164698909507,-0.002360872837204708,ARIMA
2009-11-10,JNJ,0.06591586864089452,-0.0007286731238507454,ARIMA
2009-11-10,JPM,-0.07391708934742541,-0.008294215442934594,ARIMA
2009-11-10,KO,0.048565561608909104,-0.0022916575450748337,ARIMA
2009-11-10,MCD,-0.0245390550053672,0.010381134661528919,ARIMA
2009-11-10,MMM,0.0388664667745494,-6.865938476699778e-05,ARIMA
2009-11-10,MSFT,0.028942653227653003,-0.006353963279686993,ARIMA
2009-11-10,NEM,0.02490440143134753,-0.0016665533469214634,ARIMA
2009-11-10,PFE,0.04542427434478791,-0.0036174537918402284,ARIMA
2009-11-10,PG,0.006285623859969802,-0.002396684465369926,ARIMA
2009-11-10,UNH,-0.021864613834330106,-0.0025405305737747825,ARIMA
2009-11-10,VZ,0.0987096465518782,-0.00477483334963409,ARIMA
2009-11-10,WFC,-0.08983196051664238,-0.007706098258582535,ARIMA
2009-11-10,XOM,-0.0008240954565767998,-0.0021138321902714197,ARIMA
2009-12-10,AAPL,0.06037477662065319,0.0289553139615851,ARIMA
2009-12-10,CAT,0.13235145148467312,-0.002670471495943437,ARIMA
2009-12-10,CVX,0.04838245817570601,8.31457961089115e-05,ARIMA
2009-12-10,DUK,-0.025538333928420698,0.0011266299371882544,ARIMA
2009-12-10,GS,0.030298195201211287,-0.005066831522524287,ARIMA
2009-12-10,HD,0.021899935979492104,-0.012682202926580118,ARIMA
2009-12-10,INTC,0.045906491799536694,-0.0026699079811276774,ARIMA
2009-12-10,JNJ,-0.002488227919838399,-0.0006904183312822813,ARIMA
2009-12-10,JPM,0.07916834976849911,0.006287398821184855,ARIMA
2009-12-10,KO,-0.0273461401822802,-0.00010316236594041432,ARIMA
2009-12-10,MCD,0.02798755733210519,0.016070601612335308,ARIMA
2009-12-10,MMM,0.0518077633216519,-0.0025265657936696666,ARIMA
2009-12-10,MSFT,0.018673451977169308,-0.0010877270092836703,ARIMA
2009-12-10,NEM,-0.030614509803187428,-0.002376431783325924,ARIMA
2009-12-10,PFE,0.0318343016947434,-0.0013548545722775768,ARIMA
2009-12-10,PG,-0.0333255498059005,-0.00043148383658068025,ARIMA
2009-12-10,UNH,0.14417619461725478,0.005768417396496051,ARIMA
2009-12-10,VZ,-0.029229324292820998,-0.000634590452725899,ARIMA
2009-12-10,WFC,0.10381839616980591,0.01264172589779438,ARIMA
2009-12-10,XOM,-0.0348067213764965,0.0016237833326959072,ARIMA
2010-01-12,AAPL,-0.074016547823625,0.030491027824660864,ARIMA
2010-01-12,CAT,-0.1809945190567824,0.005285013234528149,ARIMA
2010-01-12,CVX,-0.1338138671954265,-0.003125735682789777,ARIMA
2010-01-12,DUK,-0.032957537995771294,-0.001623341803619527,ARIMA
2010-01-12,GS,-0.11038576761655439,0.011342156026534201,ARIMA
2010-01-12,HD,0.017250864148851998,-0.007821738103595328,ARIMA
2010-01-12,INTC,-0.054060229818927025,1.5815655884792194e-05,ARIMA
2010-01-12,JNJ,-0.0234748820673636,-0.0005518449631784324,ARIMA
2010-01-12,JPM,-0.1359408255430478,-0.012621665721538668,ARIMA
2010-01-12,KO,-0.045074277920590496,-0.001197074819121744,ARIMA
2010-01-12,MCD,0.014813012423231,0.012307343608367426,ARIMA
2010-01-12,MMM,-0.06595308539131339,0.0003767264679723602,ARIMA
2010-01-12,MSFT,-0.07830946272895878,0.0011241525766153523,ARIMA
2010-01-12,NEM,-0.1016478727338247,-0.0009230721652100551,ARIMA
2010-01-12,PFE,-0.0502299862036318,-0.0007000742227648481,ARIMA
2010-01-12,PG,0.031279667353339,0.0006588386484366644,ARIMA
2010-01-12,UNH,-0.006399125021572697,-0.0006851447438708065,ARIMA
2010-01-12,VZ,-0.09917582481253812,-4.1842481993219476e-05,ARIMA
2010-01-12,WFC,-0.056155506860243315,-0.009613723812492023,ARIMA
2010-01-12,XOM,-0.0741923762435063,-0.0025512754301379725,ARIMA
2010-02-11,AAPL,0.1495714502430541,0.028429366578290018,ARIMA
2010-02-11,CAT,0.12720846518294338,0.0,ARIMA
2010-02-11,CVX,0.050646292843515905,-0.00028160855252161936,ARIMA
2010-02-11,DUK,0.0067591065767787,0.00035453669295167707,ARIMA
2010-02-11,GS,0.13224977985694383,-0.004561449536067814,ARIMA
2010-02-11,HD,0.13195877260422048,-0.00972889189648156,ARIMA
2010-02-11,INTC,0.0771868085039466,-0.0005365960540027474,ARIMA
2010-02-11,JNJ,0.0304740282909193,-0.0009971083539186466,ARIMA
2010-02-11,JPM,0.10445998793571681,0.002638340984624341,ARIMA
2010-02-11,KO,-6.206453681339638e-05,-0.0010895385925626887,ARIMA
2010-02-11,MCD,0.043876168025286294,0.013808987811952018,ARIMA
2010-02-11,MMM,0.041048906342742005,-0.0010604847491737486,ARIMA
2010-02-11,MSFT,0.04938126408008291,0.0006177560672789451,ARIMA
2010-02-11,NEM,0.10080963947362079,0.001286333394119434,ARIMA
2010-02-11,PFE,-0.037913335618605,-0.00017888166697336904,ARIMA
2010-02-11,PG,0.0264038869988548,-0.0008552861449087878,ARIMA
2010-02-11,UNH,0.006095618088016598,0.00038314878087239505,ARIMA
2010-02-11,VZ,0.029354010632144305,-0.0021490712582450974,ARIMA
2010-02-11,WFC,0.0863062662522057,0.0026690632632469812,ARIMA
2010-02-11,XOM,0.0296264534114347,4.62962100519585e-05,ARIMA
2010-03-15,AAPL,0.06752639763097029,0.028692775369928657,ARIMA
2010-03-15,CAT,0.0922031061422775,0.0,ARIMA
2010-03-15,CVX,0.08437456614242152,0.00027684085381105217,ARIMA
2010-03-15,DUK,-0.006759106576778703,0.0012041981309144944,ARIMA
2010-03-15,GS,0.0242240280937263,-0.004726800514903007,ARIMA
2010-03-15,HD,0.0566104453707465,-0.0009417756800818853,ARIMA
2010-03-15,INTC,0.06814632698350409,0.0009195621158722768,ARIMA
2010-03-15,JNJ,0.0231030817427605,0.00024045756707844667,ARIMA
2010-03-15,JPM,0.0622467884874307,-0.009111935800873583,ARIMA
2010-03-15,KO,0.0308226745565264,0.0007893168758190941,ARIMA
2010-03-15,MCD,0.0504387881263958,0.01265325645101058,ARIMA
2010-03-15,MMM,0.030973255486969407,0.00010238379439789669,ARIMA
2010-03-15,MSFT,0.039522810396797406,-0.0030247251383573397,ARIMA
2010-03-15,NEM,0.0720793015352426,0.0006321924181595764,ARIMA
2010-03-15,PFE,0.005837859618850304,0.0007375264145252383,ARIMA
2010-03-15,PG,-0.0050669064005471,-0.0008003946630996226,ARIMA
2010-03-15,UNH,-0.0221345733222372,-1.1447875533020365e-05,ARIMA
2010-03-15,VZ,0.026712643980432403,9.224839565656747e-05,ARIMA
2010-03-15,WFC,0.08162425373532521,-0.0063973489859077155,ARIMA
2010-03-15,XOM,0.0274635754715351,0.0012711745588494818,ARIMA
2010-04-14,AAPL,0.07797485804139141,0.03655448579579058,ARIMA
2010-04-14,CAT,0.03539992262287261,0.0,ARIMA
2010-04-14,CVX,-0.0018721930576625113,0.0016375360294937876,ARIMA
2010-04-14,DUK,0.04579130760371281,0.0003757770100271293,ARIMA
2010-04-14,GS,-0.19698938848231295,-0.003965248029172495,ARIMA
2010-04-14,HD,0.044147910177430895,-0.001058885698035932,ARIMA
2010-04-14,INTC,0.020983714088544395,-0.0005515415972988429,ARIMA
2010-04-14,JNJ,-0.011947012236713602,-0.0011229017364392142,ARIMA
2010-04-14,JPM,-0.0955499574050338,-0.004081372444780844,ARIMA
2010-04-14,KO,-0.01834211009958759,-0.00040218623222202217,ARIMA
2010-04-14,MCD,0.025074895365070696,0.014979294619310895,ARIMA
2010-04-14,MMM,0.029348263460814997,-0.0007950968478188481,ARIMA
2010-04-14,MSFT,-0.033731685191298696,-0.003878222392831153,ARIMA
2010-04-14,NEM,0.08770854667437859,-0.00218002210907091,ARIMA
2010-04-14,PFE,-0.0059490512627707135,0.0007212703228732293,ARIMA
2010-04-14,PG,0.0079844066067075,-0.00073573080578473,ARIMA
2010-04-14,UNH,-0.0589157614895854,-0.0012780276243995496,ARIMA
2010-04-14,VZ,-0.04663038352347829,0.0001366068144654385,ARIMA
2010-04-14,WFC,0.04741710046887239,-0.002023102664394479,ARIMA
2010-04-14,XOM,-0.049397153124111706,-0.00039331692926460114,ARIMA
2010-05-13,AAPL,-0.0332842159636723,0.03348965411336925,ARIMA
2010-05-13,CAT,-0.123540572959284,0.007735922733397429,ARIMA
2010-05-13,CVX,-0.06860693513070669,0.001724290866714225,ARIMA
2010-05-13,DUK,-0.034609766370451496,-0.00041408087800621715,ARIMA
2010-05-13,GS,-0.079290166184034,-0.0059277753476476465,ARIMA
2010-05-13,HD,-0.1008769894566397,0.0006509177887950783,ARIMA
2010-05-13,INTC,-0.11216839044375441,-0.002308522645553186,ARIMA
2010-05-13,JNJ,-0.09541230547462472,0.0018553234899446704,ARIMA
2010-05-13,JPM,-0.09030954549633179,0.00566876781730857,ARIMA
2010-05-13,KO,-0.036440133431095596,-0.00021706982044978886,ARIMA
2010-05-13,MCD,-0.0077523359322865,0.015755609718084835,ARIMA
2010-05-13,MMM,-0.09263540363702197,0.0004708003600572467,ARIMA
2010-05-13,MSFT,-0.13291916990532301,0.00019839844946832594,ARIMA
2010-05-13,NEM,-0.041020359746061594,0.0052332300532057854,ARIMA
2010-05-13,PFE,-0.0890579183760776,0.0019601359012846173,ARIMA
2010-05-13,PG,-0.0324143671886571,-0.0007366561362325719,ARIMA
2010-05-13,UNH,0.015665162092725997,0.0034639692821820866,ARIMA
2010-05-13,VZ,-0.004890712544614389,-0.00109714064161406,ARIMA
2010-05-13,WFC,-0.18983597048689338,-0.015220375763958106,ARIMA
2010-05-13,XOM,-0.04812766155501321,-0.0016703830529735109,ARIMA
2010-06-14,AAPL,-0.006767783676220199,0.030741650334825267,ARIMA
2010-06-14,CAT,0.10338292415470718,0.0,ARIMA
2010-06-14,CVX,-0.011270079844561902,-0.0015343169945013148,ARIMA
2010-06-14,DUK,0.0405996321262415,-0.00046770653173246825,ARIMA
2010-06-14,GS,0.033422429577531894,-0.007005614142904328,ARIMA
2010-06-14,HD,-0.11778291812663448,-0.0009949417332324273,ARIMA
2010-06-14,INTC,0.017767430734249298,-0.0038616701349560604,ARIMA
2010-06-14,JNJ,0.03430039250319899,-0.002093899216832582,ARIMA
2010-06-14,JPM,0.06222304790869929,0.0010315225858810394,ARIMA
2010-06-14,KO,0.0205049174259157,-0.0004704182709052881,ARIMA
2010-06-14,MCD,0.018521669833799808,0.014399981770807879,ARIMA
2010-06-14,MMM,0.06489784373047229,-0.00430655039992425,ARIMA
2010-06-14,MSFT,-0.020870833857753703,-0.00348896368105591,ARIMA
2010-06-14,NEM,0.0921536014947157,-0.0004158220456121364,ARIMA
2010-06-14,PFE,-0.04430460244023831,-0.004231597485502753,ARIMA
2010-06-14,PG,0.0223671269018846,0.0014233947304083518,ARIMA
2010-06-14,UNH,-0.017431777401964294,0.0,ARIMA
2010-06-14,VZ,0.0218829765941429,-0.004508630112778435,ARIMA
2010-06-14,WFC,0.003585219132723208,0.004369998546467205,ARIMA
2010-06-14,XOM,-0.04024296523333741,-0.0039929101407210526,ARIMA
2010-07-14,AAPL,-0.006414668102775002,0.03226722212259146,ARIMA
2010-07-14,CAT,0.03497880998597938,0.0,ARIMA
2010-07-14,CVX,0.05188691417757199,-0.0030893719404224396,ARIMA
2010-07-14,DUK,0.0298523829240152,0.000557365420537882,ARIMA
2010-07-14,GS,0.06219608892216037,-0.009833200002330334,ARIMA
2010-07-14,HD,-0.033011238107638285,-4.366035990454745e-05,ARIMA
2010-07-14,INTC,-0.0705810631744179,-0.0007399095669819754,ARIMA
2010-07-14,JNJ,-0.0336167040906477,-0.0019177853710561547,ARIMA
2010-07-14,JPM,-0.0692929970997018,-0.02476947247579537,ARIMA
2010-07-14,KO,0.061070776516142795,-0.0008159063271078328,ARIMA
2010-07-14,MCD,0.010252035660432098,0.012935502391097526,ARIMA
2010-07-14,MMM,0.006561745081408894,-0.0008554910667763145,ARIMA
2010-07-14,MSFT,-0.010802009032981301,-0.0012620813187542714,ARIMA
2010-07-14,NEM,-0.09589371955876269,-0.0001128850426668066,ARIMA
2010-07-14,PFE,0.08971446985831351,-0.0005933954696105728,ARIMA
2010-07-14,PG,-0.02677438604322229,-0.001433409746091548,ARIMA
2010-07-14,UNH,0.05957025178696331,0.0,ARIMA
2010-07-14,VZ,0.09466751916127002,-0.001724267490153029,ARIMA
2010-07-14,WFC,-0.058710750267943396,-0.007578602204342847,ARIMA
2010-07-14,XOM,0.023322616622115898,-0.0023124727474297395,ARIMA
2010-08-12,AAPL,0.051490623056702094,0.030940153552762216,ARIMA
2010-08-12,CAT,0.03644094178812071,0.0,ARIMA
2010-08-12,CVX,0.0309830188974939,0.005164937238494339,ARIMA
2010-08-12,DUK,0.0242506667428421,0.0038668066188377137,ARIMA
2010-08-12,GS,0.010116707448333796,0.030678221185404794,ARIMA
2010-08-12,HD,0.07714749783464561,0.0011469277127127606,ARIMA
2010-08-12,INTC,-0.07811456976997039,-0.0011440313315027669,ARIMA
2010-08-12,JNJ,0.03437124978794051,0.0034259612119722786,ARIMA
2010-08-12,JPM,0.05134590425063291,0.02464548880400706,ARIMA
2010-08-12,KO,0.043302647252387694,0.0021534773187822454,ARIMA
2010-08-12,MCD,0.054406728816321595,0.01895970765666195,ARIMA
2010-08-12,MMM,0.004358536512265411,0.0035142017226912218,ARIMA
2010-08-12,MSFT,-0.0361557791188038,0.0007300736262995927,ARIMA
2010-08-12,NEM,0.0819891192546987,0.0017485640817017482,ARIMA
2010-08-12,PFE,0.06003598209520069,0.00306274846237896,ARIMA
2010-08-12,PG,0.0021543673919950995,0.0011464449504155329,ARIMA
2010-08-12,UNH,0.0789274296757039,-0.002737899251939134,ARIMA
2010-08-12,VZ,0.04174200221535171,0.001423287053440887,ARIMA
2010-08-12,WFC,-0.02113460130048139,0.0031802638496798217,ARIMA
2010-08-12,XOM,0.013323902939710499,0.005629822814977485,ARIMA
2010-09-13,AAPL,0.11448360711242321,0.027856770251101753,ARIMA
2010-09-13,CAT,0.1154412900429512,0.0,ARIMA
2010-09-13,CVX,0.0601920544135117,-0.0035185967394052785,ARIMA
2010-09-13,DUK,0.005120402923543104,-0.0002695342687422428,ARIMA
2010-09-13,GS,0.0119633876582503,-0.006580327048780623,ARIMA
2010-09-13,HD,0.0686785138112874,0.0002244802759858353,ARIMA
2010-09-13,INTC,0.0847827940816258,5.753107747322113e-05,ARIMA
2010-09-13,JNJ,0.0538738688008283,-0.001454308659024517,ARIMA
2010-09-13,JPM,0.0005346251392281034,-0.014678186915361706,ARIMA
2010-09-13,KO,0.025163010002505103,-0.0007351633344813873,ARIMA
2010-09-13,MCD,0.007702958022420702,0.017430168853676993,ARIMA
2010-09-13,MMM,0.0500715077851547,-0.0007597032053072551,ARIMA
2010-09-13,MSFT,0.030555579231124102,0.0007739109732366533,ARIMA
2010-09-13,NEM,0.030192444783610398,-0.0004921902115445556,ARIMA
2010-09-13,PFE,0.022695458462602704,-0.0004392928326368865,ARIMA
2010-09-13,PG,0.0284006070843894,-7.228085958986992e-05,ARIMA
2010-09-13,UNH,0.004628051442972,0.0,ARIMA
2010-09-13,VZ,0.08389527282977001,-0.0017745244323899504,ARIMA
2010-09-13,WFC,-0.00389097689042051,-0.0009090043474238993,ARIMA
2010-09-13,XOM,0.0532929392594932,-0.0009692127106059752,ARIMA
2010-10-12,AAPL,0.0678002644569119,0.02752152536676476,ARIMA
2010-10-12,CAT,0.029337150417518797,0.0006197691562491683,ARIMA
2010-10-12,CVX,-0.0017930917488216003,-0.0002976809174009303,ARIMA
2010-10-12,DUK,0.0374942968943053,0.00014608767988523422,ARIMA
2010-10-12,GS,0.09010062382446168,-0.003151771600168487,ARIMA
2010-10-12,HD,-0.01011724959869479,-4.228684258748837e-05,ARIMA
2010-10-12,INTC,0.08642437434165791,-0.0012034859967287935,ARIMA
2010-10-12,JNJ,0.015829542373394002,0.00012952352832970235,ARIMA
2010-10-12,JPM,0.0042698296394813005,-0.004052210549791481,ARIMA
2010-10-12,KO,0.050419520078234,-0.0003408245490110372,ARIMA
2010-10-12,MCD,0.0453884726114699,0.018012697870483294,ARIMA
2010-10-12,MMM,-0.03399971633732841,0.00031475681401240665,ARIMA
2010-10-12,MSFT,0.09164382268200973,-7.330390997304144e-05,ARIMA
2010-10-12,NEM,-0.0329981183789144,0.0005294167543703793,ARIMA
2010-10-12,PFE,-0.012409748272517507,0.0010058341426159335,ARIMA
2010-10-12,PG,0.0497282821385421,-0.0020409864225898206,ARIMA
2010-10-12,UNH,0.0650795501418644,0.0018792385901979219,ARIMA
2010-10-12,VZ,-0.000605450741843299,-0.000459632559525924,ARIMA
2010-10-12,WFC,0.09422060392252173,0.002156070346606006,ARIMA
2010-10-12,XOM,0.09629137014126721,-0.0015823576623698072,ARIMA
2010-11-10,AAPL,0.011575346150631105,0.026708868916203582,ARIMA
2010-11-10,CAT,0.09051506681193681,-0.001092286015103944,ARIMA
2010-11-10,CVX,0.0448321650756196,0.0019203867919353466,ARIMA
2010-11-10,DUK,-0.034379441636246996,0.0015882268702525698,ARIMA
2010-11-10,GS,0.0015989881621301023,-0.0003152782960664592,ARIMA
2010-11-10,HD,0.09441296942281172,0.00012285978141209856,ARIMA
2010-11-10,INTC,0.0302558522935422,-0.0006660600538328783,ARIMA
2010-11-10,JNJ,-0.027044049121814094,0.0002837527708868783,ARIMA
2010-11-10,JPM,0.022550938568892696,-0.010849796532303271,ARIMA
2010-11-10,KO,0.04125193315580009,-0.0003001084692393816,ARIMA
2010-11-10,MCD,-0.011219639841615002,0.01746890431473744,ARIMA
2010-11-10,MMM,-0.007797020168066904,0.0011699516699553469,ARIMA
2010-11-10,MSFT,0.010937727688780405,-0.001005447932322021,ARIMA
2010-11-10,NEM,-0.0017317605095369983,0.0029854797964582454,ARIMA
2010-11-10,PFE,-0.013629436097897001,-5.4240917830829265e-05,ARIMA
2010-11-10,PG,-0.0303907934831145,-2.063016354320906e-05,ARIMA
2010-11-10,UNH,-0.005673337147487095,0.0,ARIMA
2010-11-10,VZ,0.0165244230143728,0.001574085017383196,ARIMA
2010-11-10,WFC,0.0666912954914671,-0.00039971309041409754,ARIMA
2010-11-10,XOM,0.019211223896874397,-0.002866138841939994,ARIMA
2010-12-10,AAPL,0.0685554550348135,0.024005072019364273,ARIMA
2010-12-10,CAT,0.0406485377538301,0.000724348958829185,ARIMA
2010-12-10,CVX,0.04247803835113981,0.0003221059960906434,ARIMA
2010-12-10,DUK,0.0079955184679308,-0.0008459312968245818,ARIMA
2010-12-10,GS,0.019690936077704106,-0.005580530993643484,ARIMA
2010-12-10,HD,0.0020375539341542983,-0.0007592395578951211,ARIMA
2010-12-10,INTC,-0.0527178721638751,0.000289613837582216,ARIMA
2010-12-10,JNJ,0.0016100232554175989,0.00013782328496176802,ARIMA
2010-12-10,JPM,0.06267995578016772,-0.016479548939733007,ARIMA
2010-12-10,KO,-0.0276822451690925,-0.0008527080640467072,ARIMA
2010-12-10,MCD,-0.053594645997865904,0.021361746629333236,ARIMA
2010-12-10,MMM,0.0355050305414669,0.00040166336479105833,ARIMA
2010-12-10,MSFT,0.0412351240476449,0.0006749837957797137,ARIMA
2010-12-10,NEM,-0.0425451654670079,-0.00360494828351186,ARIMA
2010-12-10,PFE,0.08571769693408679,-0.0013278134283370398,ARIMA
2010-12-10,PG,0.023423406389339697,-0.0011120351911233053,ARIMA
2010-12-10,UNH,0.04794523393598791,0.0,ARIMA
2010-12-10,VZ,0.0809989002647759,-0.003059599417786877,ARIMA
2010-12-10,WFC,0.036890002256155394,-0.004942531077218511,ARIMA
2010-12-10,XOM,0.0425539643240767,-0.001019278150128939,ARIMA
2011-01-11,AAPL,0.0448541044710392,0.02402588697834484,ARIMA
2011-01-11,CAT,0.0709747795777034,0.0,ARIMA
2011-01-11,CVX,0.06249019093318599,0.0005583413600847265,ARIMA
2011-01-11,DUK,0.027726131432635803,0.0013334739610274845,ARIMA
2011-01-11,GS,-0.022337997598421006,0.011029864521341507,ARIMA
2011-01-11,HD,0.0777360606110862,-0.000243866883497496,ARIMA
2011-01-11,INTC,0.044970956806329114,-0.0004319432825325357,ARIMA
2011-01-11,JNJ,-0.020807340782456003,0.0021177281289587934,ARIMA
2011-01-11,JPM,0.03864488983442051,-0.0020820936232610024,ARIMA
2011-01-11,KO,0.0014257565439833968,-0.0004028557247980793,ARIMA
2011-01-11,MCD,0.0317103098569719,0.01743531301986093,ARIMA
2011-01-11,MMM,0.040808621230742095,-0.0013176454083011536,ARIMA
2011-01-11,MSFT,-0.008898620833494204,0.002748109468939173,ARIMA
2011-01-11,NEM,0.002248615845978902,0.0007475973639435599,ARIMA
2011-01-11,PFE,0.052814454180339296,-0.000367987469435083,ARIMA
2011-01-11,PG,0.007851853292982998,0.000560218352640035,ARIMA
2011-01-11,UNH,0.08997627852633071,0.001865582810727342,ARIMA
2011-01-11,VZ,0.020937062063853703,0.0014680487030821563,ARIMA
2011-01-11,WFC,0.06151728305687719,-0.0005363040414913633,ARIMA
2011-01-11,XOM,0.0994402831817163,0.0012628469056441857,ARIMA
2011-02-10,AAPL,-0.01737745026096019,0.027493832304493433,ARIMA
2011-02-10,CAT,0.002301936781488989,0.0,ARIMA
2011-02-10,CVX,0.045117621684650513,0.002753227101438068,ARIMA
2011-02-10,DUK,0.0330975360287326,0.0012286875232642215,ARIMA
2011-02-10,GS,-0.0305114235397486,-0.0004182173340302762,ARIMA
2011-02-10,HD,0.005996378488051898,-0.0008260154418426811,ARIMA
2011-02-10,INTC,-0.027877692747012905,0.0003379919596602771,ARIMA
2011-02-10,JNJ,-0.0107373685041109,-0.00017278852138548362,ARIMA
2011-02-10,JPM,0.013868875987995797,0.0008482995913529593,ARIMA
2011-02-10,KO,0.0331720812015111,-0.0008705475048718864,ARIMA
2011-02-10,MCD,0.018624399596487897,0.010152814805756211,ARIMA
2011-02-10,MMM,0.015097664822095406,-0.002289291501146087,ARIMA
2011-02-10,MSFT,-0.0795266218545767,0.0014440969510222227,ARIMA
2011-02-10,NEM,-0.1019057026808984,-0.004533197281757181,ARIMA
2011-02-10,PFE,0.021807694602795708,-0.002343127997284907,ARIMA
2011-02-10,PG,-0.046083551686757505,0.0008742307701213255,ARIMA
2011-02-10,UNH,0.0383665423336803,0.0,ARIMA
2011-02-10,VZ,-0.022888160484072398,-0.0025771419676126886,ARIMA
2011-02-10,WFC,-0.0228980005134918,0.0027682209493357208,ARIMA
2011-02-10,XOM,-0.005222399548167301,0.002255375521839492,ARIMA
2011-03-14,AAPL,-0.0620886356101026,0.029627943449075222,ARIMA
2011-03-14,CAT,0.0866202985881102,-0.002997360569866981,ARIMA
2011-03-14,CVX,0.0756217443707174,-0.0017200074909365006,ARIMA
2011-03-14,DUK,-0.014758626077002197,0.0004457763099381301,ARIMA
2011-03-14,GS,0.004904625454280448,0.0023741120519438323,ARIMA
2011-03-14,HD,0.012309516866876202,0.0009733816726997125,ARIMA
2011-03-14,INTC,-0.03659867382629141,-0.0023751170436240206,ARIMA
2011-03-14,JNJ,0.002844542454640003,0.001592122913559179,ARIMA
2011-03-14,JPM,0.029600178894727,0.0019923784012323494,ARIMA
2011-03-14,KO,0.03918556277003269,0.00024787914748864364,ARIMA
2011-03-14,MCD,-0.006275320784489594,0.014416158749282334,ARIMA
2011-03-14,MMM,0.023624403834982294,0.0003279982664244311,ARIMA
2011-03-14,MSFT,0.011614800199567295,-0.0011921147287696978,ARIMA
2011-03-14,NEM,0.08862500634702719,-0.000814546661965615,ARIMA
2011-03-14,PFE,0.05980912419055482,-0.0006455225600671136,ARIMA
2011-03-14,PG,0.0113192843741674,0.0004766095361673259,ARIMA
2011-03-14,UNH,0.01660868161105,0.0,ARIMA
2011-03-14,VZ,0.06708413188013918,0.003241187269721702,ARIMA
2011-03-14,WFC,-0.028504943297075102,-0.0009110840621168469,ARIMA
2011-03-14,XOM,0.03634982464630569,0.0011798143502672624,ARIMA
2011-04-12,AAPL,0.0484733406829896,0.026976333613607118,ARIMA
2011-04-12,CAT,0.012463722706263912,-0.001527888073482716,ARIMA
2011-04-12,CVX,-0.0525733996378229,0.0026439091767213674,ARIMA
2011-04-12,DUK,0.043637697697436695,0.0025880883639835157,ARIMA
2011-04-12,GS,-0.08791783108290671,-0.0020209941035121597,ARIMA
2011-04-12,HD,-0.009889491653480104,0.000740642027483442,ARIMA
2011-04-12,INTC,0.15927112628934,-0.0003426060633036232,ARIMA
2011-04-12,JNJ,0.1062453387522639,-0.0012142961478362065,ARIMA
2011-04-12,JPM,-0.057761694077854794,-0.002950134992086648,ARIMA
2011-04-12,KO,-0.0011879694450964006,0.010403170570306373,ARIMA
2011-04-12,MCD,0.0418655747477436,0.015330388585495793,ARIMA
2011-04-12,MMM,0.018170904725587904,-0.0008044466893126188,ARIMA
2011-04-12,MSFT,-0.024153945501883198,4.474912506534786e-05,ARIMA
2011-04-12,NEM,-0.0641757117776665,0.0016555367420619548,ARIMA
2011-04-12,PFE,0.006726528587332694,-0.0017368855881026719,ARIMA
2011-04-12,PG,0.06650723788507759,-0.00044703474382867695,ARIMA
2011-04-12,UNH,0.1209864490650539,-0.001007401130161538,ARIMA
2011-04-12,VZ,-0.015710600212366015,-0.0003155710115792419,ARIMA
2011-04-12,WFC,-0.10483099516178469,0.0011334399125487108,ARIMA
2011-04-12,XOM,-0.0429463194915991,0.0024318755531971734,ARIMA
2011-05-12,AAPL,-0.0633963593509584,0.026327600137714412,ARIMA
2011-05-12,CAT,-0.1277548497708729,4.871964387675864e-05,ARIMA
2011-05-12,CVX,-0.0179504501815205,0.0038366443486432074,ARIMA
2011-05-12,DUK,-0.0243948843982551,0.0012584123922040264,ARIMA
2011-05-12,GS,-0.08176279580365056,-0.01095156048713857,ARIMA
2011-05-12,HD,-0.10646490303032251,-0.0004794477341711247,ARIMA
2011-05-12,INTC,-0.0907077133429451,0.0009299853836118054,ARIMA
2011-05-12,JNJ,0.0013991418132170974,-0.001820091491596458,ARIMA
2011-05-12,JPM,-0.0746128416254719,0.008958153726684123,ARIMA
2011-05-12,KO,-0.029087785936786403,-0.0003236618480683933,ARIMA
2011-05-12,MCD,0.018061594538023206,0.01574263506314145,ARIMA
2011-05-12,MMM,-0.04557051769079601,0.00047053858759885445,ARIMA
2011-05-12,MSFT,-0.06074305695672368,0.0035906000395941775,ARIMA
2011-05-12,NEM,-0.024832889183413098,0.0013454439485549663,ARIMA
2011-05-12,PFE,-0.024559458751412393,-0.0008050267830654887,ARIMA
2011-05-12,PG,-0.0186810598741733,-0.0011727534380458712,ARIMA
2011-05-12,UNH,-0.008964424684817392,0.0,ARIMA
2011-05-12,VZ,-0.0571580891441198,0.00013209915436721877,ARIMA
2011-05-12,WFC,-0.06909387518409132,0.001684244477822154,ARIMA
2011-05-12,XOM,-0.016656543914125497,0.005537528239460751,ARIMA
2011-06-13,AAPL,0.08199931174740549,0.028416543516540504,ARIMA
2011-06-13,CAT,0.09963097798465657,-0.002584668418985213,ARIMA
2011-06-13,CVX,0.046269257567798296,0.0023339995105872324,ARIMA
2011-06-13,DUK,0.044927732079350705,0.0018383827224733207,ARIMA
2011-06-13,GS,-0.042150538136633095,-0.026133139917642,ARIMA
2011-06-13,HD,0.0834086919215521,0.000312142764523744,ARIMA
2011-06-13,INTC,0.04883510597135601,0.0006225608549669609,ARIMA
2011-06-13,JNJ,0.014122935861393005,0.0013911047757394974,ARIMA
2011-06-13,JPM,-0.0351534652699347,0.004022909375530858,ARIMA
2011-06-13,KO,0.0441433193502611,0.0006643221773376592,ARIMA
2011-06-13,MCD,0.05601678260446869,0.019789625031189518,ARIMA
2011-06-13,MMM,0.0552090778508295,0.000866222199629409,ARIMA
2011-06-13,MSFT,0.11275622143390761,0.0031159846964275125,ARIMA
2011-06-13,NEM,0.0638301198831181,0.009860744055242737,ARIMA
2011-06-13,PFE,-0.005484601532255306,0.007851083868491824,ARIMA
2011-06-13,PG,-0.0026311913767979003,0.0006823339206863933,ARIMA
2011-06-13,UNH,0.03967996410835831,0.0,ARIMA
2011-06-13,VZ,0.065572259679195,0.0027339733693775457,ARIMA
2011-06-13,WFC,0.04136972852063441,0.0004495161414859376,ARIMA
2011-06-13,XOM,0.026103988260216007,0.0043378745656766715,ARIMA
2011-07-13,AAPL,0.027711407815180406,0.03176461706460131,ARIMA
2011-07-13,CAT,-0.24299268488396142,-0.0031788109562756552,ARIMA
2011-07-13,CVX,-0.14201078696289138,-5.565843587940359e-05,ARIMA
2011-07-13,DUK,-0.08882601566956319,-0.0005332834728968315,ARIMA
2011-07-13,GS,-0.16634949602590038,0.006432258750022181,ARIMA
2011-07-13,HD,-0.23631497969451043,9.410021489957033e-05,ARIMA
2011-07-13,INTC,-0.1093492752412741,-0.0018679220412437868,ARIMA
2011-07-13,JNJ,-0.10746809893351947,0.0005046895327767157,ARIMA
2011-07-13,JPM,-0.1363278276019181,0.010548755047547565,ARIMA
2011-07-13,KO,-0.05904154176049631,0.000810347280607415,ARIMA
2011-07-13,MCD,-0.0107646289793163,0.019553649287350403,ARIMA
2011-07-13,MMM,-0.20344437637902033,0.0019631382592787488,ARIMA
2011-07-13,MSFT,-0.09230036836802241,0.0003952206521816398,ARIMA
2011-07-13,NEM,0.008818657243320212,-0.00165419033478551,ARIMA
2011-07-13,PFE,-0.1484955648783871,9.455448346434776e-05,ARIMA
2011-07-13,PG,-0.089773371685794,0.0005077382415975228,ARIMA
2011-07-13,UNH,-0.20574116742059062,0.0,ARIMA
2011-07-13,VZ,-0.09703730776821948,0.0014573484265136389,ARIMA
2011-07-13,WFC,-0.1754898164728552,0.0027944968537814167,ARIMA
2011-07-13,XOM,-0.178846113418039,0.0006840212476059848,ARIMA
2011-08-11,AAPL,0.03721570032821916,0.02704739576968403,ARIMA
2011-08-11,CAT,0.005373790367652703,0.0,ARIMA
2011-08-11,CVX,0.057731426801756504,-0.0042017285224286265,ARIMA
2011-08-11,DUK,0.07265760484687339,-0.0013925815066645683,ARIMA
2011-08-11,GS,-0.0731257698606761,0.020500675227404525,ARIMA
2011-08-11,HD,0.11879249061071984,-0.0020163594651772198,ARIMA
2011-08-11,INTC,-0.011607376716004597,0.0026357342186326487,ARIMA
2011-08-11,JNJ,0.06443926705319651,0.0012602885401205354,ARIMA
2011-08-11,JPM,-0.06895085514108251,0.040070225967229915,ARIMA
2011-08-11,KO,0.0811968386701272,0.003419327651035789,ARIMA
2011-08-11,MCD,0.017976760929407802,0.017797951435923113,ARIMA
2011-08-11,MMM,-0.013684286888916708,0.004312198253173192,ARIMA
2011-08-11,MSFT,0.06798507321609798,0.002968448310070751,ARIMA
2011-08-11,NEM,0.16109039897192123,-0.005122636447331131,ARIMA
2011-08-11,PFE,0.0696573669223711,0.0042786314599514074,ARIMA
2011-08-11,PG,0.05535232937632581,0.003789196971292705,ARIMA
2011-08-11,UNH,0.0875212226364272,-0.003977511310533072,ARIMA
2011-08-11,VZ,0.04587180681288532,-3.876092296793265e-05,ARIMA
2011-08-11,WFC,0.027587940920561695,0.013392619817042213,ARIMA
2011-08-11,XOM,0.04287196997071489,0.006763328753701842,ARIMA
2011-09-12,AAPL,0.029573160435876898,0.027309740520692845,ARIMA
2011-09-12,CAT,-0.05924816620576095,0.0029926898432763712,ARIMA
2011-09-12,CVX,0.031131263794497217,0.007688171937878912,ARIMA
2011-09-12,DUK,0.0881787455240889,0.00301577175079616,ARIMA
2011-09-12,GS,-0.06161608365406979,0.011142047590528484,ARIMA
2011-09-12,HD,0.08392092681833423,0.0,ARIMA
2011-09-12,INTC,0.14964450346374458,0.0021689189392335635,ARIMA
2011-09-12,JNJ,0.012337066313991802,0.0031876683613301774,ARIMA
2011-09-12,JPM,0.015598417113744684,0.035053855015887085,ARIMA
2011-09-12,KO,-0.029458629969381502,0.013439812548776487,ARIMA
2011-09-12,MCD,0.040111606216699305,0.02540905748360042,ARIMA
2011-09-12,MMM,0.0009128455748396991,0.005348280168458511,ARIMA
2011-09-12,MSFT,0.0455661732721858,0.0021797443092093005,ARIMA
2011-09-12,NEM,0.00015346033206229542,0.0003255679892754557,ARIMA
2011-09-12,PFE,0.0344121989609182,0.004501530860029227,ARIMA
2011-09-12,PG,0.0467555769700167,0.0027213301091467603,ARIMA
2011-09-12,UNH,0.021730217791238567,0.00363043562800498,ARIMA
2011-09-12,VZ,0.059861376576601094,0.0007781606906304535,ARIMA
2011-09-12,WFC,0.10523272698919392,0.008152278525011117,ARIMA
2011-09-12,XOM,0.071590100112524,0.008645245060474493,ARIMA
2011-10-11,AAPL,0.043828775839221595,0.028721917712249787,ARIMA
2011-10-11,CAT,0.19762953178184808,0.0,ARIMA
2011-10-11,CVX,0.1030564293423018,-0.005943959991318006,ARIMA
2011-10-11,DUK,0.027745618758275695,-0.002285325696699794,ARIMA
2011-10-11,GS,0.1216826234012163,-0.002409628892934932,ARIMA
2011-10-11,HD,0.09041944376253622,0.0,ARIMA
2011-10-11,INTC,0.08740655053225281,-0.00399864946085917,ARIMA
2011-10-11,JNJ,0.006652029668339106,-0.0029992847034868834,ARIMA
2011-10-11,JPM,0.08085213118228818,-0.01879244183473856,ARIMA
2011-10-11,KO,0.025822775077601105,-0.002636127870381827,ARIMA
2011-10-11,MCD,0.0665418985555762,0.010712873827392921,ARIMA
2011-10-11,MMM,0.0644817627621366,-0.00469931766018876,ARIMA
2011-10-11,MSFT,0.008133201864606898,-0.009323749365465506,ARIMA
2011-10-11,NEM,0.09270183471561771,-0.004533094120462137,ARIMA
2011-10-11,PFE,0.06951955300801992,-0.01372732374641294,ARIMA
2011-10-11,PG,-0.0010268872613899034,-0.002570899312936274,ARIMA
2011-10-11,UNH,-0.007984896358047593,-0.0024302528764962566,ARIMA
2011-10-11,VZ,0.0166622321256489,-0.0052357389202440366,ARIMA
2011-10-11,WFC,0.02004853251343032,-0.007672923968581938,ARIMA
2011-10-11,XOM,0.050552308687182586,-0.009768595345245743,ARIMA
2011-11-09,AAPL,-0.039081755326766804,0.026697491487655576,ARIMA
2011-11-09,CAT,-0.03146252302324519,0.0,ARIMA
2011-11-09,CVX,-0.054767423865426296,-0.0018530813421497841,ARIMA
2011-11-09,DUK,-0.0042945068063755054,0.00035984276802477136,ARIMA
2011-11-09,GS,-0.07925491491205677,-0.004447521002505695,ARIMA
2011-11-09,HD,0.058426414982827996,0.0,ARIMA
2011-11-09,INTC,-0.0016175140508659785,-0.0015344368824601225,ARIMA
2011-11-09,JNJ,-0.007554189688425994,-0.0012481984866740264,ARIMA
2011-11-09,JPM,-0.08333181840510953,-0.010397655679331264,ARIMA
2011-11-09,KO,-0.021128661149949806,-0.0014597245891322225,ARIMA
2011-11-09,MCD,0.0317224513471668,0.0027544662539461893,ARIMA
2011-11-09,MMM,-0.009843001456602688,-0.0044084694930030055,ARIMA
2011-11-09,MSFT,-0.05949429749008529,-0.003293163190320375,ARIMA
2011-11-09,NEM,-0.0753812254408428,-0.01877187641003609,ARIMA
2011-11-09,PFE,0.00546297826104571,-0.007185225436857673,ARIMA
2011-11-09,PG,0.0040409260344579975,-0.0025735609608667376,ARIMA
2011-11-09,UNH,0.046016754583515895,-0.0023790284697879915,ARIMA
2011-11-09,VZ,0.007699766857973415,-0.0013753187661969992,ARIMA
2011-11-09,WFC,-0.012898443994713696,-0.007703763712233381,ARIMA
2011-11-09,XOM,0.0013780494382593916,-0.0044593996167710285,ARIMA
2011-12-09,AAPL,0.0801016813456404,0.024088099279988846,ARIMA
2011-12-09,CAT,0.0730311170779564,0.009757386890912588,ARIMA
2011-12-09,CVX,0.06447697376898151,0.004088368988754828,ARIMA
2011-12-09,DUK,0.046719332200139,0.0022587674154785683,ARIMA
2011-12-09,GS,-0.01604055984201451,-0.002553273839314521,ARIMA
2011-12-09,HD,0.0868238000730671,0.0,ARIMA
2011-12-09,INTC,0.034993833516166,0.003586832089879544,ARIMA
2011-12-09,JNJ,0.022020129798840198,-3.379264732815548e-05,ARIMA
2011-12-09,JPM,0.11949223993749801,-0.004464351366992123,ARIMA
2011-12-09,KO,0.0383672107967162,-9.288741315098342e-05,ARIMA
2011-12-09,MCD,0.028279575658073396,0.014521580230212251,ARIMA
2011-12-09,MMM,0.0466216977427307,0.0029984313821058246,ARIMA
2011-12-09,MSFT,0.0917244793194579,-0.00035225068063931913,ARIMA
2011-12-09,NEM,-0.05299953716050858,0.0025833844128849474,ARIMA
2011-12-09,PFE,0.08312412212991621,0.001245675512738483,ARIMA
2011-12-09,PG,0.028442278170934896,0.0016570220142176082,ARIMA
2011-12-09,UNH,0.088567447439584,0.0026112886160864213,ARIMA
2011-12-09,VZ,0.0328242251650904,0.0018931431108713372,ARIMA
2011-12-09,WFC,0.11595705825040728,0.004532757599814988,ARIMA
2011-12-09,XOM,0.070685955525466,0.0038527798244213022,ARIMA
2012-01-11,AAPL,0.1529143683572419,0.024227067786383227,ARIMA
2012-01-11,CAT,0.1255721696741497,-0.002830818265944999,ARIMA
2012-01-11,CVX,-0.024974384048763204,-0.00011211755168126996,ARIMA
2012-01-11,DUK,-0.00046589227449290093,0.0005979931251591898,ARIMA
2012-01-11,GS,0.16422614401828392,-0.010192319237980809,ARIMA
2012-01-11,HD,0.039193773606705104,0.0,ARIMA
2012-01-11,INTC,0.05639549732771479,-0.0024218752819581643,ARIMA
2012-01-11,JNJ,-0.004766120012875501,-0.0004907330686382456,ARIMA
2012-01-11,JPM,0.04898806032627631,-0.019836606674998807,ARIMA
2012-01-11,KO,-0.019955609173026707,-0.0008246391627495951,ARIMA
2012-01-11,MCD,0.0029047176746254985,0.01704619491247037,ARIMA
2012-01-11,MMM,0.0431822056627775,-0.0010920477065249677,ARIMA
2012-01-11,MSFT,0.1000666790507744,-0.0041354529437959645,ARIMA
2012-01-11,NEM,-0.032609109604565,-0.004066910151486084,ARIMA
2012-01-11,PFE,-0.026810773622895797,-0.0011102005003870393,ARIMA
2012-01-11,PG,-0.0271796215010378,0.0005072095786514891,ARIMA
2012-01-11,UNH,0.008327423704109603,-0.0009998869134501946,ARIMA
2012-01-11,VZ,-0.016995782045469098,-0.0007346024885817018,ARIMA
2012-01-11,WFC,0.04312781469886498,-0.0030717652007134226,ARIMA
2012-01-11,XOM,-0.004389470894322201,-0.0012782326053455285,ARIMA
2012-02-10,AAPL,0.11269382169465879,0.029686232222505105,ARIMA
2012-02-10,CAT,-0.035085091238103196,0.0007795171250550421,ARIMA
2012-02-10,CVX,0.0411923448656622,0.0006342851156844391,ARIMA
2012-02-10,DUK,0.0074934632122176026,7.311721436187139e-05,ARIMA
2012-02-10,GS,0.012548973061829895,-0.001820747165420548,ARIMA
2012-02-10,HD,0.0769114224118841,0.0,ARIMA
2012-02-10,INTC,0.004828074327644101,4.6247894042734884e-05,ARIMA
2012-02-10,JNJ,0.012025846974017101,0.0007548731601998446,ARIMA
2012-02-10,JPM,0.06839345936769789,-0.0011997036982246878,ARIMA
2012-02-10,KO,0.031569514555274,0.001003946320680562,ARIMA
2012-02-10,MCD,-0.0268714609513475,0.016954067533015624,ARIMA
2012-02-10,MMM,0.0012593236790218966,-0.00013852057412250498,ARIMA
2012-02-10,MSFT,0.047006532212925486,-0.0037751747186844436,ARIMA
2012-02-10,NEM,-0.0840775719223671,-0.003496557533853661,ARIMA
2012-02-10,PFE,0.0187445627101857,-0.0010392879150697629,ARIMA
2012-02-10,PG,0.05572599933234651,-0.0010893079591147653,ARIMA
2012-02-10,UNH,0.039201480365367705,0.003547178733144376,ARIMA
2012-02-10,VZ,0.0362545484387939,-7.339523376636388e-07,ARIMA
2012-02-10,WFC,0.029958598085989503,-0.0006286731981238896,ARIMA
2012-02-10,XOM,0.007862389032816297,0.002252185132597565,ARIMA
2012-03-13,AAPL,0.1261220576195398,0.031151509519188256,ARIMA
2012-03-13,CAT,-0.06827853935223621,0.0013517527998650751,ARIMA
2012-03-13,CVX,-0.08585512394735359,-0.0001548533181664613,ARIMA
2012-03-13,DUK,-0.048907177730976595,-0.0011441213607956743,ARIMA
2012-03-13,GS,-0.009102065076115905,-5.952215703909058e-05,ARIMA
2012-03-13,HD,0.023593031667497995,0.0,ARIMA
2012-03-13,INTC,0.0313668997319685,-0.0003952589715205441,ARIMA
2012-03-13,JNJ,-0.015012676202960797,-0.00015802590807437124,ARIMA
2012-03-13,JPM,0.08865261448516498,-0.00544977391841335,ARIMA
2012-03-13,KO,0.0349921484401345,-0.0019545798479318577,ARIMA
2012-03-13,MCD,0.0194658426250486,0.01774815730806402,ARIMA
2012-03-13,MMM,-0.025335254368308704,-0.0016488070528256696,ARIMA
2012-03-13,MSFT,-0.05418838377334901,-0.0011309225070752786,ARIMA
2012-03-13,NEM,-0.1433783471078044,0.004132493016951859,ARIMA
2012-03-13,PFE,0.018855668782318594,-0.001048434665448213,ARIMA
2012-03-13,PG,-0.01893442915603,-0.0017731112531999486,ARIMA
2012-03-13,UNH,0.053090996655095694,0.0011072987711566594,ARIMA
2012-03-13,VZ,-0.037487895598235496,-0.0007934587706407043,ARIMA
2012-03-13,WFC,0.06776008294386168,9.032915859839754e-06,ARIMA
2012-03-13,XOM,-0.033881522321312606,-0.003393350759476727,ARIMA
2012-04-12,AAPL,-0.09312168937627659,0.03320267516405881,ARIMA
2012-04-12,CAT,-0.05980025797841011,-0.0017989446732743922,ARIMA
2012-04-12,CVX,0.02359245505352743,0.000605235840725566,ARIMA
2012-04-12,DUK,0.0683704850209244,-0.0014609100419817802,ARIMA
2012-04-12,GS,-0.08653293569232201,0.00518839646770592,ARIMA
2012-04-12,HD,0.017336209397156,0.0,ARIMA
2012-04-12,INTC,-0.014924111244806606,-0.002238405093166553,ARIMA
2012-04-12,JNJ,0.006837508533248999,0.0009474875532725253,ARIMA
2012-04-12,JPM,-0.07720621454128959,0.0031205169035657286,ARIMA
2012-04-12,KO,0.0707848781247574,0.0005394378942526469,ARIMA
2012-04-12,MCD,-0.07029068403276462,0.016147518077500634,ARIMA
2012-04-12,MMM,0.02064113911050089,0.0004633414861997845,ARIMA
2012-04-12,MSFT,0.01276793134197611,0.005280525555161874,ARIMA
2012-04-12,NEM,-0.038221211404433575,0.0037156574566930634,ARIMA
2012-04-12,PFE,0.049169233858907695,0.0003962191301611315,ARIMA
2012-04-12,PG,-0.026807909938849097,3.0013888451645934e-05,ARIMA
2012-04-12,UNH,-0.0481956349718233,-0.0016543091499655114,ARIMA
2012-04-12,VZ,0.0814000762970256,1.783788330760841e-05,ARIMA
2012-04-12,WFC,-0.006398192430574497,-0.0011763265837814467,ARIMA
2012-04-12,XOM,0.008557049233549392,0.0007641658695645965,ARIMA
2012-05-11,AAPL,0.001138711894773596,0.0287662189102185,ARIMA
2012-05-11,CAT,-0.11361343080360062,0.0,ARIMA
2012-05-11,CVX,-0.0249882627010411,-0.002234678097934169,ARIMA
2012-05-11,DUK,0.0647714424604013,-0.0011774674532126447,ARIMA
2012-05-11,GS,-0.1312383464185596,0.00702201813179846,ARIMA
2012-05-11,HD,0.020200905432928507,0.0,ARIMA
2012-05-11,INTC,-0.0469744732109897,-0.0019281518184542153,ARIMA
2012-05-11,JNJ,-0.0289937149980035,0.00011823251657897937,ARIMA
2012-05-11,JPM,-0.2161725166297772,0.0123767032232317,ARIMA
2012-05-11,KO,-0.03617174027450519,-0.0009500161511009725,ARIMA
2012-05-11,MCD,-0.051391766462530096,0.015760936411016144,ARIMA
2012-05-11,MMM,-0.015733125066404598,0.0007015591404453446,ARIMA
2012-05-11,MSFT,-0.055183211415814296,0.002091068338165425,ARIMA
2012-05-11,NEM,0.07551735469648377,0.0013035601144106542,ARIMA
2012-05-11,PFE,-0.0324978250997748,-0.0042115366141668555,ARIMA
2012-05-11,PG,-0.025261669938457795,-0.0007763213254227331,ARIMA
2012-05-11,UNH,0.038496832929688696,0.001858291329935299,ARIMA
2012-05-11,VZ,0.0483789178999015,-0.0003412014194045464,ARIMA
2012-05-11,WFC,-0.06858358497272062,-0.0013638020238733476,ARIMA
2012-05-11,XOM,-0.031514811956228087,0.0007220661178665696,ARIMA
2012-06-12,AAPL,0.0565988444322924,0.025622672145035105,ARIMA
2012-06-12,CAT,-0.06611247371637219,0.0013012842754755404,ARIMA
2012-06-12,CVX,0.048261236597808496,0.0015812958023207063,ARIMA
2012-06-12,DUK,-0.0363353478330838,0.001987278537458982,ARIMA
2012-06-12,GS,0.024797603198134503,0.002699562416723791,ARIMA
2012-06-12,HD,0.006212769352767896,0.0,ARIMA
2012-06-12,INTC,-0.023356268063487198,0.0003715905425860063,ARIMA
2012-06-12,JNJ,0.08896786491107028,0.003056501950519147,ARIMA
2012-06-12,JPM,0.060830162319761294,0.001532628810347661,ARIMA
2012-06-12,KO,0.04362235908670849,0.0003464804904627197,ARIMA
2012-06-12,MCD,0.03338919981040999,0.015002073571399818,ARIMA
2012-06-12,MMM,0.030864159028964312,0.0006756491776384077,ARIMA
2012-06-12,MSFT,0.013746292490055387,0.002188829268528178,ARIMA
2012-06-12,NEM,-0.07336182837617729,0.0007551194240422875,ARIMA
2012-06-12,PFE,0.010801477921127407,-0.0013817017795018356,ARIMA
2012-06-12,PG,-0.018396476059054104,0.0008113573105470149,ARIMA
2012-06-12,UNH,-0.02133407667854989,-0.00443837397339921,ARIMA
2012-06-12,VZ,0.0647237046538685,-0.003045854716832588,ARIMA
2012-06-12,WFC,0.0709914518026677,-0.0014468026520346854,ARIMA
2012-06-12,XOM,0.049934377071610414,0.0017520548383880951,ARIMA
2012-07-12,AAPL,0.030894635745456894,0.02530485366725046,ARIMA
2012-07-12,CAT,0.10946930764313262,0.0,ARIMA
2012-07-12,CVX,0.0715772852515433,-0.0015474636290596711,ARIMA
2012-07-12,DUK,0.023929048441052102,-0.0030991032313298778,ARIMA
2012-07-12,GS,0.085292780385479,-0.00011725498345045699,ARIMA
2012-07-12,HD,0.028240454401979392,0.0,ARIMA
2012-07-12,INTC,0.0590298683491038,0.0002244276604670924,ARIMA
2012-07-12,JNJ,0.006166507836170397,-3.0868230980637554e-05,ARIMA
2012-07-12,JPM,0.065188538065832,0.0008173881522000627,ARIMA
2012-07-12,KO,0.022719511399703896,0.0009759416062701467,ARIMA
2012-07-12,MCD,-0.026942518329834103,0.013002648634224628,ARIMA
2012-07-12,MMM,0.0416915271336807,0.0014232096492056865,ARIMA
2012-07-12,MSFT,0.0401390417085794,0.00617900562259566,ARIMA
2012-07-12,NEM,0.02618771609140061,0.010496454926423465,ARIMA
2012-07-12,PFE,0.07543695481480821,0.002054535990226679,ARIMA
2012-07-12,PG,0.09188178355220471,0.0007843512257837445,ARIMA
2012-07-12,UNH,-0.0744376090619101,-0.003206947563834496,ARIMA
2012-07-12,VZ,-0.012550026925491998,-0.0007961182373866774,ARIMA
2012-07-12,WFC,0.022895452030453997,-0.0009465443440269058,ARIMA
2012-07-12,XOM,0.05075418026047291,-0.0034540192526245138,ARIMA
2012-08-10,AAPL,0.0654867653615991,0.026677436672937427,ARIMA
2012-08-10,CAT,-0.0148155121252005,0.0,ARIMA
2012-08-10,CVX,0.019712733539978405,-0.0013101821360193525,ARIMA
2012-08-10,DUK,-0.037781539673637,-0.0002562246118501572,ARIMA
2012-08-10,GS,0.10599397279526683,-0.00459407138350731,ARIMA
2012-08-10,HD,0.08031297309864699,0.0,ARIMA
2012-08-10,INTC,-0.13792864211717512,-0.0007075505040357031,ARIMA
2012-08-10,JNJ,0.006994890132761002,-0.0006049431819635316,ARIMA
2012-08-10,JPM,0.0486356865826463,-0.005780649419795255,ARIMA
2012-08-10,KO,-0.050735775598424404,0.0007361825809264514,ARIMA
2012-08-10,MCD,0.054358219659262706,0.01589991604110364,ARIMA
2012-08-10,MMM,-0.003746064731581896,7.166270649229414e-05,ARIMA
2012-08-10,MSFT,0.013790427728010597,-0.003921801805278083,ARIMA
2012-08-10,NEM,0.0913955102032954,-0.008002704775533963,ARIMA
2012-08-10,PFE,0.009589433084895998,-0.001116743936716965,ARIMA
2012-08-10,PG,0.0263251958402505,-0.00042870663316020607,ARIMA
2012-08-10,UNH,0.0325299624841937,-0.0007785595273533486,ARIMA
2012-08-10,VZ,-0.006335391191073997,0.00044979171031016605,ARIMA
2012-08-10,WFC,0.0225123591395267,0.0008332960208923886,ARIMA
2012-08-10,XOM,0.014408141588955793,-0.0020895106854677634,ARIMA
2012-09-11,AAPL,-0.0414197563883039,0.026024998585567966,ARIMA
2012-09-11,CAT,-0.0273506516649676,0.0,ARIMA
2012-09-11,CVX,0.029398829290246408,9.702453491621646e-05,ARIMA
2012-09-11,DUK,0.007070482555273301,0.00029492614218151996,ARIMA
2012-09-11,GS,0.0422581622704102,-0.008051089415482186,ARIMA
2012-09-11,HD,0.061753534873883395,0.0,ARIMA
2012-09-11,INTC,-0.06024851941961929,0.0041323323376114916,ARIMA
2012-09-11,JNJ,0.0033676558628533033,-0.0005519718983527633,ARIMA
2012-09-11,JPM,0.07276720893123229,-0.008060003599688123,ARIMA
2012-09-11,KO,0.030391381027678306,0.001293212637075985,ARIMA
2012-09-11,MCD,0.008832986551799201,0.010486292688526327,ARIMA
2012-09-11,MMM,0.035430314302901895,0.0038694442058213483,ARIMA
2012-09-11,MSFT,-0.0480093402431931,0.0018048568304670177,ARIMA
2012-09-11,NEM,0.059341042914339504,-0.007504203458587651,ARIMA
2012-09-11,PFE,0.04898757499623149,0.0013894719328827656,ARIMA
2012-09-11,PG,0.002769185244230499,0.0001374686934555998,ARIMA
2012-09-11,UNH,0.07114743768928941,0.0008694291488002303,ARIMA
2012-09-11,VZ,0.056434839215247286,-0.0002962177597416616,ARIMA
2012-09-11,WFC,0.014636196056540502,0.0008761661395480964,ARIMA
2012-09-11,XOM,0.0291853679183409,8.12712303127892e-05,ARIMA
2012-10-10,AAPL,-0.14584716740652212,0.022114216689363177,ARIMA
2012-10-10,CAT,0.008377586450037992,0.0006160844098728277,ARIMA
2012-10-10,CVX,-0.1033175405774656,0.00022087717208319466,ARIMA
2012-10-10,DUK,-0.05235021880524649,-0.0003109761832084256,ARIMA
2012-10-10,GS,-0.02952122918077699,-0.0026393141729639325,ARIMA
2012-10-10,HD,0.00016403693489960196,0.0,ARIMA
2012-10-10,INTC,-0.041281990624990994,0.0032967426646798447,ARIMA
2012-10-10,JNJ,0.021117259150838896,0.002286340348003224,ARIMA
2012-10-10,JPM,-0.018537406402158896,-0.0018233222393559132,ARIMA
2012-10-10,KO,-0.06067336924710649,-0.0008429785335335061,ARIMA
2012-10-10,MCD,-0.08339583197219089,0.008847859464777225,ARIMA
2012-10-10,MMM,-0.056157571420085095,0.0019084085721676964,ARIMA
2012-10-10,MSFT,-0.015488357523733107,0.004642449172737593,ARIMA
2012-10-10,NEM,-0.12554262183068432,0.0010776211628860878,ARIMA
2012-10-10,PFE,-0.0371441910877106,0.0010042612722415373,ARIMA
2012-10-10,PG,-0.016728748356775198,0.0014320800199306262,ARIMA
2012-10-10,UNH,-0.08285960168137241,-0.0016288102603749604,ARIMA
2012-10-10,VZ,-0.0782374920717852,0.0023715463601824303,ARIMA
2012-10-10,WFC,-0.0751560699253953,0.002806962173942183,ARIMA
2012-10-10,XOM,-0.048639944595019406,0.001502752291332238,ARIMA
2012-11-12,AAPL,-0.010418751736699292,0.017636489297732306,ARIMA
2012-11-12,CAT,0.027631393834111607,0.0,ARIMA
2012-11-12,CVX,0.026377265903473102,0.00022930977608603273,ARIMA
2012-11-12,DUK,0.0491731272370563,0.0005461105333371747,ARIMA
2012-11-12,GS,0.027295190012734595,0.012741916844118559,ARIMA
2012-11-12,HD,0.03566332622077369,0.001356882812136693,ARIMA
2012-11-12,INTC,-0.007237483805129608,-0.0013310571862242492,ARIMA
2012-11-12,JNJ,0.026255007183378906,-0.000614441039449967,ARIMA
2012-11-12,JPM,0.0485322884379316,0.007672155154721557,ARIMA
2012-11-12,KO,0.049190903617592,0.0034676144147200204,ARIMA
2012-11-12,MCD,0.0649301057264215,0.003951994434806312,ARIMA
2012-11-12,MMM,0.0599942947977937,0.0005197553711185827,ARIMA
2012-11-12,MSFT,-0.04561361230172379,-0.00023454125959309363,ARIMA
2012-11-12,NEM,-0.05320593974384351,0.008634765363255912,ARIMA
2012-11-12,PFE,0.0590415700578726,0.0006760337945730334,ARIMA
2012-11-12,PG,0.053037540886637105,0.0004156699719009078,ARIMA
2012-11-12,UNH,0.0385344265439399,-0.00271675656513398,ARIMA
2012-11-12,VZ,0.041347392934609005,0.0022797785219853934,ARIMA
2012-11-12,WFC,0.028643383255220995,0.0010778509054264666,ARIMA
2012-11-12,XOM,0.020204868545482202,0.0011765869537057024,ARIMA
2012-12-12,AAPL,-0.039734287352523996,-0.013290689400907439,ARIMA
2012-12-12,CAT,0.091924712930381,0.0007922537970876905,ARIMA
2012-12-12,CVX,0.0363648287505212,-0.0006689090291797496,ARIMA
2012-12-12,DUK,0.021697980249048395,0.0002592823565779981,ARIMA
2012-12-12,GS,0.1429831510531391,-0.0027296137446974683,ARIMA
2012-12-12,HD,0.012797961100130604,0.0019059724538307414,ARIMA
2012-12-12,INTC,0.06332708801117141,-0.0020186622608916608,ARIMA
2012-12-12,JNJ,0.0174279950012818,-0.0007925492012756498,ARIMA
2012-12-12,JPM,0.08573344044670221,-0.008421765970775544,ARIMA
2012-12-12,KO,-0.025412566922749995,-0.002091828398176483,ARIMA
2012-12-12,MCD,0.0232711177466333,-0.0022462024507073674,ARIMA
2012-12-12,MMM,0.027376012729028808,-0.0035899366734347326,ARIMA
2012-12-12,MSFT,-0.018098713545776916,-0.0030922502769221262,ARIMA
2012-12-12,NEM,0.011649394491509604,-0.00035161208651535375,ARIMA
2012-12-12,PFE,0.0337456948862634,-0.0008463515522780707,ARIMA
2012-12-12,PG,-0.020589462166817295,-0.0008119936051156905,ARIMA
2012-12-12,UNH,-0.036069723932497896,-0.000912942697935413,ARIMA
2012-12-12,VZ,-0.014396503482574697,-0.00050774510783702,ARIMA
2012-12-12,WFC,0.052943760881956896,-0.0030183374538766887,ARIMA
2012-12-12,XOM,0.0069428900705932,-0.0012174687127424642,ARIMA
2013-01-14,AAPL,-0.10034002973420694,-0.01109515658479497,ARIMA
2013-01-14,CAT,0.021101453893985805,-0.0012305864412725893,ARIMA
2013-01-14,CVX,0.0418056858787295,-0.002671097996123155,ARIMA
2013-01-14,DUK,0.056380590221945394,-9.105994467379723e-05,ARIMA
2013-01-14,GS,0.11673796316452191,-0.005037214451920489,ARIMA
2013-01-14,HD,0.055272537661184805,0.01735259537039891,ARIMA
2013-01-14,INTC,-0.0268226582090086,-4.8271283607879815e-06,ARIMA
2013-01-14,JNJ,0.046582954118990993,-0.0005153426512102774,ARIMA
2013-01-14,JPM,0.06299321782048659,-0.007134214133386371,ARIMA
2013-01-14,KO,0.0174570946648187,0.00030349123238988834,ARIMA
2013-01-14,MCD,0.03607976201016361,0.008932338849487896,ARIMA
2013-01-14,MMM,0.0719246855890029,0.000409968719323808,ARIMA
2013-01-14,MSFT,0.0383888898553127,-0.0012727175945093077,ARIMA
2013-01-14,NEM,-0.010544715847188108,0.0014807171399771205,ARIMA
2013-01-14,PFE,0.026269283370469902,0.0002705320917968094,ARIMA
2013-01-14,PG,0.1012547224641796,-0.00013191136206290065,ARIMA
2013-01-14,UNH,0.07633639638689552,0.00016713364047978295,ARIMA
2013-01-14,VZ,0.0259873668552766,-0.0007281315821267596,ARIMA
2013-01-14,WFC,0.018726635685858,0.002644919940155684,ARIMA
2013-01-14,XOM,-0.0065478933809851,-0.0026145872706772448,ARIMA
2013-02-13,AAPL,-0.07867212044590512,0.024399360618378066,ARIMA
2013-02-13,CAT,-0.09171684974116409,0.00012093807395861508,ARIMA
2013-02-13,CVX,0.03735570940851199,-0.0007800636193884277,ARIMA
2013-02-13,DUK,0.017235686252565798,-0.0008387852678345411,ARIMA
2013-02-13,GS,0.0028072014856599867,-0.004570350542969321,ARIMA
2013-02-13,HD,0.04794376152633539,0.017123785363446425,ARIMA
2013-02-13,INTC,0.02147605507638101,0.00013578181045298198,ARIMA
2013-02-13,JNJ,0.050581834916096004,-0.0009129870217091448,ARIMA
2013-02-13,JPM,0.0371523724507379,-0.006311887598127998,ARIMA
2013-02-13,KO,0.045347706346758006,0.005331561249150638,ARIMA
2013-02-13,MCD,0.05135154491170509,0.011362658731613672,ARIMA
2013-02-13,MMM,0.030599210051301604,-0.00139429338089207,ARIMA
2013-02-13,MSFT,0.017527927950940998,-0.0005343514977402552,ARIMA
2013-02-13,NEM,-0.12340158973036189,-0.0034794894638440813,ARIMA
2013-02-13,PFE,0.0406590232571415,0.00033213920840924213,ARIMA
2013-02-13,PG,0.018387553368938696,-0.0005065369299918362,ARIMA
2013-02-13,UNH,-0.036940553932799707,0.0018844522871101347,ARIMA
2013-02-13,VZ,0.0870111758808478,2.0674363929246614e-05,ARIMA
2013-02-13,WFC,0.04029286941575891,-0.0007453936985052104,ARIMA
2013-02-13,XOM,0.015368380517190305,-8.971717080362245e-05,ARIMA
2013-03-15,AAPL,-0.029684771179415394,0.02125433809246063,ARIMA
2013-03-15,CAT,-0.07525284673650662,-0.0007935860786823245,ARIMA
2013-03-15,CVX,-0.028999341820406477,-0.00292501279331474,ARIMA
2013-03-15,DUK,0.0331914105589793,0.008907155232696192,ARIMA
2013-03-15,GS,-0.05032968871982079,-0.0017429673161926229,ARIMA
2013-03-15,HD,0.0279377994759396,0.019511740149323123,ARIMA
2013-03-15,INTC,-0.012549922145360508,0.0001596477492718572,ARIMA
2013-03-15,JNJ,0.032463588612328204,-0.0006140505151604535,ARIMA
2013-03-15,JPM,-0.0558509095201819,-0.006417695655699876,ARIMA
2013-03-15,KO,0.02705222413095019,-0.0019994369073512534,ARIMA
2013-03-15,MCD,0.028196157608418808,0.01224533706801081,ARIMA
2013-03-15,MMM,-0.002455528015752998,-0.0015209255237013696,ARIMA
2013-03-15,MSFT,0.019356593203973507,-0.0017010467461395493,ARIMA
2013-03-15,NEM,-0.15457191464317233,-0.0007567642340751747,ARIMA
2013-03-15,PFE,0.0799604118518817,-0.0007518190375596759,ARIMA
2013-03-15,PG,0.028784687501877102,-0.000728187014848326,ARIMA
2013-03-15,UNH,0.11808753879026901,0.0006121720210573514,ARIMA
2013-03-15,VZ,0.0540367519101764,0.010331044219007796,ARIMA
2013-03-15,WFC,-0.0108788550148872,7.413629556391577e-05,ARIMA
2013-03-15,XOM,-0.037890164596813,-0.0017701931980732542,ARIMA
2013-04-16,AAPL,0.06220912213910568,0.0006308195396308225,ARIMA
2013-04-16,CAT,0.06860639960063639,0.0,ARIMA
2013-04-16,CVX,0.0698215008259719,0.0060614503359456085,ARIMA
2013-04-16,DUK,-0.002909384640508596,0.0017915305555324583,ARIMA
2013-04-16,GS,0.05357085010046771,0.00127453422200847,ARIMA
2013-04-16,HD,0.068096754544889,0.017855935868135508,ARIMA
2013-04-16,INTC,0.11828549242383742,-0.001063093407717914,ARIMA
2013-04-16,JNJ,0.062386901271210896,0.002163678669503712,ARIMA
2013-04-16,JPM,0.0468713247357712,0.005290608595183329,ARIMA
2013-04-16,KO,0.05884814167546221,0.004837590137811721,ARIMA
2013-04-16,MCD,-0.009343380587484,0.013815468460935468,ARIMA
2013-04-16,MMM,0.0446570628487589,0.0030990245155260747,ARIMA
2013-04-16,MSFT,0.1628795647575551,0.0010820672573733224,ARIMA
2013-04-16,NEM,-0.04245698007127449,-0.005247148728375514,ARIMA
2013-04-16,PFE,-0.0267894523518431,0.00046818782521283124,ARIMA
2013-04-16,PG,0.0050576185610146035,0.00045382360591123705,ARIMA
2013-04-16,UNH,0.0022708792846894005,-0.0017163333080057012,ARIMA
2013-04-16,VZ,0.0487520840506296,0.011156121118659624,ARIMA
2013-04-16,WFC,0.0660035728854146,0.0035141149737876356,ARIMA
2013-04-16,XOM,0.058932799852724996,0.008530519153861535,ARIMA
2013-05-15,AAPL,-0.017959050783230804,-9.369715421170948e-05,ARIMA
2013-05-15,CAT,-0.027913187775476703,0.0020623294870542744,ARIMA
2013-05-15,CVX,-0.019051223635734506,-0.003269303098995087,ARIMA
2013-05-15,DUK,-0.05512724012536291,-0.0012621123147516827,ARIMA
2013-05-15,GS,0.07373422772857971,-0.007341797009409551,ARIMA
2013-05-15,HD,-0.005325754719983095,0.018357538487411368,ARIMA
2013-05-15,INTC,0.04711075315176931,0.000666344876381698,ARIMA
2013-05-15,JNJ,-0.016482561424252695,-0.0012397226122519479,ARIMA
2013-05-15,JPM,0.07551451715109439,-0.0077947061907668695,ARIMA
2013-05-15,KO,-0.04400913196081779,0.007943595030333626,ARIMA
2013-05-15,MCD,-0.015387759794905802,0.008985941456425785,ARIMA
2013-05-15,MMM,0.011186186871441201,-0.00037798382358918245,ARIMA
2013-05-15,MSFT,0.034875513755082715,-0.005941751130810409,ARIMA
2013-05-15,NEM,0.0450760535745467,0.0002949760627011408,ARIMA
2013-05-15,PFE,-0.010944186767413204,0.00012643322385930394,ARIMA
2013-05-15,PG,-0.0131729922168379,-0.001343490549248049,ARIMA
2013-05-15,UNH,0.04285006455809819,0.0008784994837213187,ARIMA
2013-05-15,VZ,-0.048752084050629675,0.00981599170966346,ARIMA
2013-05-15,WFC,0.0547190112038574,-0.0062346027260848065,ARIMA
2013-05-15,XOM,0.002411585157108098,-0.0031535043548981093,ARIMA
2013-06-14,AAPL,-0.019736534873830706,0.0005396872782177613,ARIMA
2013-06-14,CAT,0.02619842732204101,-0.00030846581040758615,ARIMA
2013-06-14,CVX,0.0245202502772554,-0.0027647229183169076,ARIMA
2013-06-14,DUK,0.0508414864627029,-0.0034991879028816236,ARIMA
2013-06-14,GS,-0.01715230453274738,-0.003150347522390121,ARIMA
2013-06-14,HD,0.049331436363999406,0.021475353781210637,ARIMA
2013-06-14,INTC,-0.04292499424774471,-0.0025140210326847034,ARIMA
2013-06-14,JNJ,0.06265269902813299,-0.002817890393007703,ARIMA
2013-06-14,JPM,0.0204695783429146,-0.002805920859257358,ARIMA
2013-06-14,KO,0.014738358982868703,0.0011198695305694817,ARIMA
2013-06-14,MCD,0.018735740147353193,0.010213687803556373,ARIMA
2013-06-14,MMM,0.032296540009870804,-0.0022108172503270194,ARIMA
2013-06-14,MSFT,0.04091362692640049,0.0022601428672457684,ARIMA
2013-06-14,NEM,-0.19958160763949648,-0.004374652856443741,ARIMA
2013-06-14,PFE,-0.010022374227795007,0.008233560215156751,ARIMA
2013-06-14,PG,0.0385189403463845,-0.001182548331314861,ARIMA
2013-06-14,UNH,0.052679784865051905,7.954583924120128e-05,ARIMA
2013-06-14,VZ,-0.003430027220292998,0.009421864850454377,ARIMA
2013-06-14,WFC,0.0571983806782798,-0.0022685313242619258,ARIMA
2013-06-14,XOM,0.020804425359340704,-0.004028514349137633,ARIMA
2013-07-16,AAPL,0.1422950101172914,0.0,ARIMA
2013-07-16,CAT,-0.0025951874397385872,0.0010372842549624885,ARIMA
2013-07-16,CVX,-0.017639626289138403,-0.0009485912191257742,ARIMA
2013-07-16,DUK,-0.0026791954615146977,0.010773092612004171,ARIMA
2013-07-16,GS,0.004346461472868646,-0.007026468910301237,ARIMA
2013-07-16,HD,-0.012012221555900104,0.024401255984831446,ARIMA
2013-07-16,INTC,-0.051409136324274296,-0.0009662380166998685,ARIMA
2013-07-16,JNJ,0.0284626482117457,-0.0008035479499729506,ARIMA
2013-07-16,JPM,-0.010991232190995603,-0.0027124274795076336,ARIMA
2013-07-16,KO,-0.03372494939765279,0.009741386322622654,ARIMA
2013-07-16,MCD,-0.0436178904016857,0.012655438906940424,ARIMA
2013-07-16,MMM,0.0327191796244379,-0.0002784631851571167,ARIMA
2013-07-16,MSFT,-0.10831015621293592,-0.007119350015668089,ARIMA
2013-07-16,NEM,0.08713214252324361,0.0010205694857073487,ARIMA
2013-07-16,PFE,0.024656725662150297,0.012073100825736129,ARIMA
2013-07-16,PG,0.009301512613496302,-0.000185867020020506,ARIMA
2013-07-16,UNH,0.08133863722994869,0.0003202723982782613,ARIMA
2013-07-16,VZ,-0.01634533876765821,0.0158178783789085,ARIMA
2013-07-16,WFC,0.006145039356241003,-0.0024960604113669865,ARIMA
2013-07-16,XOM,-0.0352751349629271,0.00042654460072919057,ARIMA
2013-08-14,AAPL,-0.0350877552580489,-0.0008422172114315112,ARIMA
2013-08-14,CAT,0.003114250307877003,0.0,ARIMA
2013-08-14,CVX,0.019510426078110897,-0.0010999163985889052,ARIMA
2013-08-14,DUK,-0.0751408760464476,-0.0005600284311774554,ARIMA
2013-08-14,GS,0.001067114132998103,0.009588086338235245,ARIMA
2013-08-14,HD,-0.04694532566552449,0.01935481673406879,ARIMA
2013-08-14,INTC,0.004872090982956793,0.0006188663767462459,ARIMA
2013-08-14,JNJ,-0.036452156167005305,0.028726974502568357,ARIMA
2013-08-14,JPM,-0.038491198178218,0.000706539145633791,ARIMA
2013-08-14,KO,-0.023746109768767606,0.0012252579222982959,ARIMA
2013-08-14,MCD,0.015586759964433202,0.01167587244865803,ARIMA
2013-08-14,MMM,0.0015487723861988883,-0.00043673432589059704,ARIMA
2013-08-14,MSFT,0.014171432396760613,-0.0002788438337722204,ARIMA
2013-08-14,NEM,-0.0555751920097758,0.0015507663211984499,ARIMA
2013-08-14,PFE,-0.033348309691285306,-0.0005139276812871681,ARIMA
2013-08-14,PG,-0.04252790266957242,-0.00023572978129581746,ARIMA
2013-08-14,UNH,0.0225316068179765,-0.0014836730608306906,ARIMA
2013-08-14,VZ,-0.037309858050858194,0.012581947579227343,ARIMA
2013-08-14,WFC,-0.024773502162531907,0.0019095299938141942,ARIMA
2013-08-14,XOM,-0.016011345480660907,0.0021531741848683826,ARIMA
2013-09-13,AAPL,0.0416835822980208,0.019415990613747783,ARIMA
2013-09-13,CAT,-0.014265640266247598,0.0,ARIMA
2013-09-13,CVX,-0.05151020762831591,-0.0010647245768414697,ARIMA
2013-09-13,DUK,0.058004252503563794,0.001136673986056839,ARIMA
2013-09-13,GS,-0.020721511594532692,-0.0033506648699547117,ARIMA
2013-09-13,HD,0.0121276181166003,0.018304797289402562,ARIMA
2013-09-13,INTC,0.027458425891344,-0.0011056220522921987,ARIMA
2013-09-13,JNJ,0.004930629751920199,-8.285427304035632e-06,ARIMA
2013-09-13,JPM,0.01249512693577711,0.0061939880954779945,ARIMA
2013-09-13,KO,-0.017583692679568396,-0.00012268213393991012,ARIMA
2013-09-13,MCD,-0.02542890159290689,0.009624566821658829,ARIMA
2013-09-13,MMM,0.0210955963044605,-0.00031023578185214787,ARIMA
2013-09-13,MSFT,0.043107876557691806,-0.003315913492823501,ARIMA
2013-09-13,NEM,-0.09701193733739362,0.0029175676244859094,ARIMA
2013-09-13,PFE,0.014378670917973598,0.000868145060777218,ARIMA
2013-09-13,PG,0.002807254496153098,-0.00039162908947409393,ARIMA
2013-09-13,UNH,-0.006307950704752606,0.0010714414797659722,ARIMA
2013-09-13,VZ,0.0057641053239415,0.00758560031118659,ARIMA
2013-09-13,WFC,-0.01983577036722091,0.001490822238219491,ARIMA
2013-09-13,XOM,-0.011776131405219596,0.0011982113274419165,ARIMA
2013-10-14,AAPL,0.057698072223859996,0.028204635632803843,ARIMA
2013-10-14,CAT,-0.010221352864979898,0.0,ARIMA
2013-10-14,CVX,0.028567445041967697,0.009852122672603896,ARIMA
2013-10-14,DUK,0.05096692918916561,0.010542392179946512,ARIMA
2013-10-14,GS,0.023716568986762204,-0.004004076425775917,ARIMA
2013-10-14,HD,-0.0125255869342246,0.024815459568246663,ARIMA
2013-10-14,INTC,0.04769508848077791,0.0010010656486913346,ARIMA
2013-10-14,JNJ,0.052695472085087805,0.006257501624924304,ARIMA
2013-10-14,JPM,0.029830403822625612,0.0026346529540317892,ARIMA
2013-10-14,KO,0.0541091026794404,0.011469051006321226,ARIMA
2013-10-14,MCD,0.024502229241797808,0.010620408813969258,ARIMA
2013-10-14,MMM,0.0581661540909855,0.011898221651255663,ARIMA
2013-10-14,MSFT,0.0965612111186392,-0.0027978381050629848,ARIMA
2013-10-14,NEM,0.0737176882495843,0.02433116743055622,ARIMA
2013-10-14,PFE,0.0918181066901046,0.013329990918959322,ARIMA
2013-10-14,PG,0.0548295816992148,-0.0017360233466876846,ARIMA
2013-10-14,UNH,-0.0520947484836874,0.026931806835598298,ARIMA
2013-10-14,VZ,0.05916187287037142,0.013034293318625819,ARIMA
2013-10-14,WFC,0.0384261328125343,0.0009882353470182248,ARIMA
2013-10-14,XOM,0.0736172030224041,-0.0037328874648077503,ARIMA
2013-11-12,AAPL,0.07836195164889609,0.02830398609282797,ARIMA
2013-11-12,CAT,0.013338380142096503,0.0,ARIMA
2013-11-12,CVX,0.016750627081013596,-0.0023885716064336333,ARIMA
2013-11-12,DUK,-0.04761288845802681,0.00985192368704647,ARIMA
2013-11-12,GS,0.025968252790171398,0.011656256254230713,ARIMA
2013-11-12,HD,0.0519392949158774,0.026522153254359474,ARIMA
2013-11-12,INTC,0.010290063863156,0.006855871660628142,ARIMA
2013-11-12,JNJ,-0.005636486245137998,0.009859359981972394,ARIMA
2013-11-12,JPM,0.035766801810553805,-0.007841816560870627,ARIMA
2013-11-12,KO,0.0134811016157871,0.011909343035066518,ARIMA
2013-11-12,MCD,-0.010745755664957696,0.012244532527591005,ARIMA
2013-11-12,MMM,-0.004370553175613772,0.013458309040117987,ARIMA
2013-11-12,MSFT,0.008087312142619499,-0.0032795939621337996,ARIMA
2013-11-12,NEM,-0.15293972060479646,-0.05415309921233949,ARIMA
2013-11-12,PFE,-0.019066917095399,0.013947200473583964,ARIMA
2013-11-12,PG,0.021169158432588195,0.0002502334955008793,ARIMA
2013-11-12,UNH,0.026800826439748793,-0.0012098786886189199,ARIMA
2013-11-12,VZ,-0.029864914144293202,0.014568077586566064,ARIMA
2013-11-12,WFC,0.017851529388291806,0.00011343954959130553,ARIMA
2013-11-12,XOM,0.013887785524781603,-0.00036437686374363843,ARIMA
2013-12-12,AAPL,-0.0467318356488969,0.02930407438736528,ARIMA
2013-12-12,CAT,0.0526466447469504,0.0,ARIMA
2013-12-12,CVX,-0.023618121999293196,-7.805752386954228e-05,ARIMA
2013-12-12,DUK,-0.0082292521724446,0.012446383440839266,ARIMA
2013-12-12,GS,0.0482217395470244,0.0011952115877201241,ARIMA
2013-12-12,HD,0.024631232370181104,0.022762484867893354,ARIMA
2013-12-12,INTC,0.0432761893411678,0.0002692339953265663,ARIMA
2013-12-12,JNJ,0.014817978789838005,0.010903739524420596,ARIMA
2013-12-12,JPM,0.0351753019171146,0.013244979351947128,ARIMA
2013-12-12,KO,-0.015064540098342405,0.012761563898916486,ARIMA
2013-12-12,MCD,-0.004524480559944602,0.010739911884118247,ARIMA
2013-12-12,MMM,0.060527233939891414,0.017378279919604,ARIMA
2013-12-12,MSFT,-0.0724932758342433,0.000693917504321989,ARIMA
2013-12-12,NEM,0.017318368516672795,-0.05705513117826546,ARIMA
2013-12-12,PFE,-0.0035953382871360033,0.01550010385750009,ARIMA
2013-12-12,PG,-0.048903112716050495,-0.00016710443031407257,ARIMA
2013-12-12,UNH,0.0246452249451836,0.019555629598096973,ARIMA
2013-12-12,VZ,-0.019763164698735902,0.012307701648794874,ARIMA
2013-12-12,WFC,0.045809649585066406,0.0030211504886177576,ARIMA
2013-12-12,XOM,0.044507001496683116,8.538521743974362e-05,ARIMA
2014-01-14,AAPL,0.006322420405026114,0.014799568760821074,ARIMA
2014-01-14,CAT,0.0740450370013303,0.0,ARIMA
2014-01-14,CVX,-0.053612042092779616,-0.0003892313186880252,ARIMA
2014-01-14,DUK,0.0557274954126615,0.011454447392671659,ARIMA
2014-01-14,GS,-0.07298930429099729,0.0016957915473949194,ARIMA
2014-01-14,HD,-0.04664398774267999,0.02130237186452529,ARIMA
2014-01-14,INTC,-0.02847615234730769,0.0,ARIMA
2014-01-14,JNJ,-0.02225625878735349,0.010085785429802955,ARIMA
2014-01-14,JPM,-0.0031240848382954062,0.004079371293039394,ARIMA
2014-01-14,KO,-0.026142162027607503,0.012774352882504517,ARIMA
2014-01-14,MCD,0.0006328696489917999,0.011568563229112113,ARIMA
2014-01-14,MMM,-0.025439067271070506,0.017694029553988615,ARIMA
2014-01-14,MSFT,0.0687638686546398,0.001355378676847851,ARIMA
2014-01-14,NEM,-0.05908173555151501,-0.0009309364941524194,ARIMA
2014-01-14,PFE,0.0427403864602487,0.01319112948318658,ARIMA
2014-01-14,PG,-0.024466267118856397,0.0001789264862126565,ARIMA
2014-01-14,UNH,-0.051335742106912004,-0.004926023766099328,ARIMA
2014-01-14,VZ,0.007203897663382199,0.012463781521377946,ARIMA
2014-01-14,WFC,0.016117073153397707,-0.0005362725202293206,ARIMA
2014-01-14,XOM,-0.07176788546037222,0.00083115188858018,ARIMA
2014-02-13,AAPL,-0.0211768826717416,0.027975942932788222,ARIMA
2014-02-13,CAT,-0.0081436242291161,0.021076850677765126,ARIMA
2014-02-13,CVX,0.018308776546276998,0.0006549519016386518,ARIMA
2014-02-13,DUK,-0.0024016421355019983,0.030832561056184583,ARIMA
2014-02-13,GS,0.014621803508457494,0.0006867198307984467,ARIMA
2014-02-13,HD,0.032546809351656096,0.034775129178491376,ARIMA
2014-02-13,INTC,-0.0020382916946287,0.0,ARIMA
2014-02-13,JNJ,0.0113810017920331,0.01096211674094165,ARIMA
2014-02-13,JPM,-0.0125968083879093,-0.0004549280936272098,ARIMA
2014-02-13,KO,-0.0009753059760920935,0.01287335502371523,ARIMA
2014-02-13,MCD,0.0364373133123148,0.011615826992392919,ARIMA
2014-02-13,MMM,-0.004687905107347858,0.017486029683575283,ARIMA
2014-02-13,MSFT,0.013589716848535896,0.0136232905674856,ARIMA
2014-02-13,NEM,0.157225590732878,0.0,ARIMA
2014-02-13,PFE,-0.012094447807148908,0.017193326602024977,ARIMA
2014-02-13,PG,0.019045620621954598,0.012349715582844405,ARIMA
2014-02-13,UNH,0.0784662043267637,-0.000998702601633762,ARIMA
2014-02-13,VZ,-0.0276106073382992,0.013064139587356144,ARIMA
2014-02-13,WFC,0.030197978575778498,0.01626446473643824,ARIMA
2014-02-13,XOM,0.025901980414534696,4.26238757502465e-05,ARIMA
2014-03-17,AAPL,-0.005753365832818533,-0.013417500304053882,ARIMA
2014-03-17,CAT,0.07461710017109649,0.023188217139059657,ARIMA
2014-03-17,CVX,0.03952379633845,0.011804979870441736,ARIMA
2014-03-17,DUK,0.019192551533133297,0.014491609177001425,ARIMA
2014-03-17,GS,-0.06631846191514783,0.0009049936027482094,ARIMA
2014-03-17,HD,-0.043907897968908115,0.02493200809635974,ARIMA
2014-03-17,INTC,0.08073298131040389,0.0,ARIMA
2014-03-17,JNJ,0.045598618747790295,0.012905852250696749,ARIMA
2014-03-17,JPM,-0.02664734715584669,0.01954940249982727,ARIMA
2014-03-17,KO,0.014564109299716497,0.012429691445830969,ARIMA
2014-03-17,MCD,0.025596984936031297,0.013072260350046824,ARIMA
2014-03-17,MMM,0.0252505843769954,0.02094090182061389,ARIMA
2014-03-17,MSFT,0.038506372315050205,0.01714938165796557,ARIMA
2014-03-17,NEM,-0.07000304640653732,0.0,ARIMA
2014-03-17,PFE,-0.044523991040883594,0.016496226996373195,ARIMA
2014-03-17,PG,0.022906289215942698,0.012974576874757284,ARIMA
2014-03-17,UNH,0.0449461318416287,0.023705266778705707,ARIMA
2014-03-17,VZ,0.0365722849494098,0.04150570741019448,ARIMA
2014-03-17,WFC,0.014868296732265397,0.024931242911726523,ARIMA
2014-03-17,XOM,0.0458971671798545,-0.00041780985166594507,ARIMA
2014-04-15,AAPL,0.135175602619102,0.025122521866200596,ARIMA
2014-04-15,CAT,0.041706377927708,0.021019024975854013,ARIMA
2014-04-15,CVX,0.0630108639657671,0.012601147363043243,ARIMA
2014-04-15,DUK,-0.00022757691793509876,0.013279329842669722,ARIMA
2014-04-15,GS,0.0299842450088227,-0.0012339668572995729,ARIMA
2014-04-15,HD,0.004465737407055196,0.020125883067657748,ARIMA
2014-04-15,INTC,-0.0001411976065719021,0.0,ARIMA
2014-04-15,JNJ,0.03767936802073361,0.013499801383025237,ARIMA
2014-04-15,JPM,-0.010976864557253701,-0.0003398730929233101,ARIMA
2014-04-15,KO,0.054270834814452204,0.011426624941220933,ARIMA
2014-04-15,MCD,0.02875090973269033,0.011745239081589311,ARIMA
2014-04-15,MMM,0.0615296856149614,0.01715509016756009,ARIMA
2014-04-15,MSFT,0.0337257113684513,0.013691636723967513,ARIMA
2014-04-15,NEM,0.008972274892814503,0.0,ARIMA
2014-04-15,PFE,-0.017243221130830693,0.01669574821740485,ARIMA
2014-04-15,PG,0.012402698133250706,0.012423790557325384,ARIMA
2014-04-15,UNH,-0.025712807744482393,0.020625883936362367,ARIMA
2014-04-15,VZ,0.0155336025079872,0.012040082122631544,ARIMA
2014-04-15,WFC,0.031386376693681904,0.019210426057574736,ARIMA
2014-04-15,XOM,0.05104084068732008,-0.0001851641851742007,ARIMA
2014-05-15,AAPL,0.0731815184591874,0.02701196478393131,ARIMA
2014-05-15,CAT,0.0022505080319042943,0.01920380850581439,ARIMA
2014-05-15,CVX,0.015122429678612999,0.013472510048816945,ARIMA
2014-05-15,DUK,-0.006192732695508597,0.01269359970424974,ARIMA
2014-05-15,GS,0.04300028131382769,0.00021588939826873145,ARIMA
2014-05-15,HD,0.0286327842994943,0.02107007717378934,ARIMA
2014-05-15,INTC,0.126145496975931,0.0,ARIMA
2014-05-15,JNJ,0.023268328617052702,0.013318774807694484,ARIMA
2014-05-15,JPM,0.0481239077444257,6.27924308554584e-05,ARIMA
2014-05-15,KO,-0.0053061696890853004,0.012714428141228641,ARIMA
2014-05-15,MCD,-0.016934175146684098,0.013858522912841387,ARIMA
2014-05-15,MMM,0.01846866149613046,0.01699940326211155,ARIMA
2014-05-15,MSFT,0.024304141247563,0.014000429334647043,ARIMA
2014-05-15,NEM,-0.050125712481752106,0.0,ARIMA
2014-05-15,PFE,0.014668827781843398,0.014561849720991265,ARIMA
2014-05-15,PG,-0.019028947091980702,0.010772653917880669,ARIMA
2014-05-15,UNH,0.0304008610152504,0.01882998892079915,ARIMA
2014-05-15,VZ,0.024077639015862105,0.013017895560720125,ARIMA
2014-05-15,WFC,0.0515977848284714,0.014120148987539187,ARIMA
2014-05-15,XOM,0.003512839175591799,0.0005460365039788015,ARIMA
2014-06-16,AAPL,0.0433082307234976,0.02609092215920512,ARIMA
2014-06-16,CAT,0.0284389833927496,0.020066421859995923,ARIMA
2014-06-16,CVX,0.015593104469239966,0.01293488060560023,ARIMA
2014-06-16,DUK,0.016800291390386305,0.012000048967938819,ARIMA
2014-06-16,GS,0.019579260727255205,0.0003664490612701553,ARIMA
2014-06-16,HD,0.022669383487422097,0.021673551020300268,ARIMA
2014-06-16,INTC,0.059777614506046,0.012980323582089571,ARIMA
2014-06-16,JNJ,0.007288267013068499,0.012844096756330668,ARIMA
2014-06-16,JPM,0.028301088102766596,0.00010316038555693169,ARIMA
2014-06-16,KO,0.04196078954159611,0.012804307747748916,ARIMA
2014-06-16,MCD,-0.001892215538289577,0.014221082022811988,ARIMA
2014-06-16,MMM,0.011788601048102598,0.016165312044908998,ARIMA
2014-06-16,MSFT,0.029161056463857103,0.0,ARIMA
2014-06-16,NEM,0.053662137080938206,0.0,ARIMA
2014-06-16,PFE,0.029364985631243404,0.01473603961984324,ARIMA
2014-06-16,PG,0.0201374071497206,0.014004285976696293,ARIMA
2014-06-16,UNH,0.057902220343404705,0.03331242138273844,ARIMA
2014-06-16,VZ,0.0413465969531854,0.013779414836807597,ARIMA
2014-06-16,WFC,-0.010654066341194502,0.0124456092196521,ARIMA
2014-06-16,XOM,-0.002535987025982399,-0.0002930758173585001,ARIMA
2014-07-16,AAPL,0.024903945954946712,0.02577405260013378,ARIMA
2014-07-16,CAT,-0.037329370425082095,0.02277599805835766,ARIMA
2014-07-16,CVX,-0.012925344010198497,0.015168411113840553,ARIMA
2014-07-16,DUK,-0.0041892100390857,0.013494131401079017,ARIMA
2014-07-16,GS,0.018738776413874905,-0.0009410419043992114,ARIMA
2014-07-16,HD,0.0400099467526275,0.02284015058233549,ARIMA
2014-07-16,INTC,0.07929514634936172,0.011306174050247513,ARIMA
2014-07-16,JNJ,-0.015023283628885931,0.012476230950062665,ARIMA
2014-07-16,JPM,-0.02696093457978021,-0.0018183530169911713,ARIMA
2014-07-16,KO,-0.05266910891836679,0.011942832396499235,ARIMA
2014-07-16,MCD,-0.06529686760403629,0.013813845995989777,ARIMA
2014-07-16,MMM,-0.022729756075969415,0.016698062969811887,ARIMA
2014-07-16,MSFT,0.03767897208445219,0.012198887463548632,ARIMA
2014-07-16,NEM,0.09202798020458582,0.0,ARIMA
2014-07-16,PFE,-0.06631151347394139,0.014835408099458863,ARIMA
2014-07-16,PG,0.010660185930682995,0.010612883472253263,ARIMA
2014-07-16,UNH,-0.028899686729460698,0.021619586916334865,ARIMA
2014-07-16,VZ,-0.03593698676368689,0.014604685241706454,ARIMA
2014-07-16,WFC,-0.0198729391260975,0.01859187446818904,ARIMA
2014-07-16,XOM,-0.025818124315027897,-9.714252452565254e-05,ARIMA
2014-08-14,AAPL,0.04445195188499204,0.024675624237209964,ARIMA
2014-08-14,CAT,-0.0013321158015335973,0.015568098803942778,ARIMA
2014-08-14,CVX,-0.031020534845698697,0.01442261969107981,ARIMA
2014-08-14,DUK,0.029587630268598692,0.011161467226883172,ARIMA
2014-08-14,GS,0.06386826126215109,0.0003751859765045079,ARIMA
2014-08-14,HD,0.07159103333620831,0.02098216416955814,ARIMA
2014-08-14,INTC,0.015133949340252197,0.0129123850364479,ARIMA
2014-08-14,JNJ,0.0342728108720268,0.011349763928159203,ARIMA
2014-08-14,JPM,0.056717762687939995,-8.753531966036699e-05,ARIMA
2014-08-14,KO,0.04460992529320609,0.012176484405001728,ARIMA
2014-08-14,MCD,0.0019740629029421004,0.01099606805807701,ARIMA
2014-08-14,MMM,0.020923550633830397,0.016820180207172082,ARIMA
2014-08-14,MSFT,0.06396448886850951,0.012898765233381942,ARIMA
2014-08-14,NEM,-0.07178393495092399,0.0,ARIMA
2014-08-14,PFE,0.0423382118512082,0.012501943526388674,ARIMA
2014-08-14,PG,0.021610804524790098,0.010105974030605416,ARIMA
2014-08-14,UNH,0.05995542253343129,0.032262659772188104,ARIMA
2014-08-14,VZ,-0.0106866454203557,0.013139367981429954,ARIMA
2014-08-14,WFC,0.0336346520015519,0.013763884204966208,ARIMA
2014-08-14,XOM,-0.0339749507493965,0.00020482898601481073,ARIMA
2014-09-15,AAPL,-0.0183658204883037,0.02444918500004786,ARIMA
2014-09-15,CAT,-0.1358465882963468,0.0,ARIMA
2014-09-15,CVX,-0.09064943221852119,0.012169129808036546,ARIMA
2014-09-15,DUK,0.05783487876105949,0.012810729812501696,ARIMA
2014-09-15,GS,-0.024314502744544907,-0.0013018379889089221,ARIMA
2014-09-15,HD,0.019617504680589693,0.021645332645280083,ARIMA
2014-09-15,INTC,-0.0953967962961495,0.001464509465337856,ARIMA
2014-09-15,JNJ,-0.0536209295912336,0.01175133595822486,ARIMA
2014-09-15,JPM,-0.024931739536908897,-0.00015212880625924976,ARIMA
2014-09-15,KO,0.06104979939179111,0.010911374890544938,ARIMA
2014-09-15,MCD,-0.028360465904087098,0.011237483445439653,ARIMA
2014-09-15,MMM,-0.0797992165417524,0.01469484171823351,ARIMA
2014-09-15,MSFT,-0.0675409284519667,0.012575630126895842,ARIMA
2014-09-15,NEM,-0.11124907172349272,0.0,ARIMA
2014-09-15,PFE,-0.0331640595666403,0.013521198509131091,ARIMA
2014-09-15,PG,0.0013201729873668008,0.00941288831382927,ARIMA
2014-09-15,UNH,-0.026216645965173906,0.01841141641560375,ARIMA
2014-09-15,VZ,0.010512474376081507,0.012557686846370448,ARIMA
2014-09-15,WFC,-0.0294431645137041,0.011119542578190322,ARIMA
2014-09-15,XOM,-0.052954222821097005,0.0008646579822533588,ARIMA
2014-10-14,AAPL,0.09880811632340362,0.022497257204534753,ARIMA
2014-10-14,CAT,0.1194403127825529,0.0,ARIMA
2014-10-14,CVX,0.05563977388813445,0.0012189374870388782,ARIMA
2014-10-14,DUK,0.06561972154133681,0.01203068937400744,ARIMA
2014-10-14,GS,0.07077009047125689,0.0018983281185275395,ARIMA
2014-10-14,HD,0.0799409268048273,0.022320994119292534,ARIMA
2014-10-14,INTC,0.06335844068298939,0.0,ARIMA
2014-10-14,JNJ,0.0941907063036178,0.012290228798450407,ARIMA
2014-10-14,JPM,0.0537234001475436,0.0007133016813015607,ARIMA
2014-10-14,KO,-0.03603958123494989,0.004128937757356133,ARIMA
2014-10-14,MCD,0.04746145282690759,0.012119299682335195,ARIMA
2014-10-14,MMM,0.167348961148333,0.029281554572191178,ARIMA
2014-10-14,MSFT,0.11296061158939547,0.0,ARIMA
2014-10-14,NEM,-0.18588053624161283,0.0,ARIMA
2014-10-14,PFE,0.0715807579181277,0.013608657389073695,ARIMA
2014-10-14,PG,0.08048819050792969,0.009828834747515407,ARIMA
2014-10-14,UNH,0.13089226798182987,0.03261539106632479,ARIMA
2014-10-14,VZ,0.0452696171520674,0.014599200464803943,ARIMA
2014-10-14,WFC,0.0717533979071975,0.005692036486510434,ARIMA
2014-10-14,XOM,0.0667043864590083,0.001263925050415408,ARIMA
2014-11-12,AAPL,0.017350864391703403,0.023209125449498255,ARIMA
2014-11-12,CAT,-0.10089508833582052,0.0,ARIMA
2014-11-12,CVX,-0.11207259991115179,-0.00017893516510879273,ARIMA
2014-11-12,DUK,0.012442993221265998,0.013038376694304476,ARIMA
2014-11-12,GS,0.011801577961878001,0.00024227604665989061,ARIMA
2014-11-12,HD,0.026236051700672395,0.023746325008316176,ARIMA
2014-11-12,INTC,0.09691907603183152,0.0,ARIMA
2014-11-12,JNJ,-0.013821757711054216,0.012539794048582003,ARIMA
2014-11-12,JPM,-0.003754701466523502,0.000177199284738655,ARIMA
2014-11-12,KO,-0.016435209930503396,0.007976128425060989,ARIMA
2014-11-12,MCD,-0.0360181783341882,0.009642770051869453,ARIMA
2014-11-12,MMM,0.018254026917067998,-0.002638269172935977,ARIMA
2014-11-12,MSFT,-0.0291182162059853,0.0,ARIMA
2014-11-12,NEM,0.0467785671592958,0.0,ARIMA
2014-11-12,PFE,0.0429302590298099,0.01239904555612118,ARIMA
2014-11-12,PG,0.0082188096809784,-0.009104027178604973,ARIMA
2014-11-12,UNH,0.04511613481955861,0.020957653648908798,ARIMA
2014-11-12,VZ,-0.0877123498390987,0.014484792140829863,ARIMA
2014-11-12,WFC,0.0157394095896754,0.010662130890424103,ARIMA
2014-11-12,XOM,-0.07772889367828452,-6.625265669421489e-05,ARIMA
2014-12-12,AAPL,-0.01262207838036367,0.02380387700026526,ARIMA
2014-12-12,CAT,-0.07062016235965961,0.0,ARIMA
2014-12-12,CVX,-0.006790971309686911,-0.0010915310304799905,ARIMA
2014-12-12,DUK,0.030650857476702598,0.011650880655694692,ARIMA
2014-12-12,GS,-0.04550664024489079,-0.0009059465146392443,ARIMA
2014-12-12,HD,0.0339247630851504,0.023592177574306063,ARIMA
2014-12-12,INTC,-0.005464643312338907,0.012937319215150343,ARIMA
2014-12-12,JNJ,-0.018536158681941202,0.011358576876644221,ARIMA
2014-12-12,JPM,-0.03193228431542901,-0.001310508455921083,ARIMA
2014-12-12,KO,0.02614231946812429,0.00028867822302228744,ARIMA
2014-12-12,MCD,0.020240201075338506,0.008658620652147914,ARIMA
2014-12-12,MMM,0.009194166016717102,0.00612717900348799,ARIMA
2014-12-12,MSFT,-0.0173212886079774,0.0,ARIMA
2014-12-12,NEM,0.03957471895010659,-0.0003198529991055371,ARIMA
2014-12-12,PFE,0.024653992314322203,0.012814655479033498,ARIMA
2014-12-12,PG,-0.001217469271409503,-0.004826666678983666,ARIMA
2014-12-12,UNH,0.0329416950659375,0.021338301982071917,ARIMA
2014-12-12,VZ,0.029294262866939504,0.010755310627828338,ARIMA
2014-12-12,WFC,-0.0485606394527178,0.01431886898211619,ARIMA
2014-12-12,XOM,0.008928363264974194,-0.0013415074292575074,ARIMA
2015-01-14,AAPL,0.14138646913695951,0.022587262750248315,ARIMA
2015-01-14,CAT,-0.025268571188985085,0.0,ARIMA
2015-01-14,CVX,0.0717329057343778,0.0013124313001725866,ARIMA
2015-01-14,DUK,-0.0434871021788411,0.012591262834600958,ARIMA
2015-01-14,GS,0.025888072996322113,0.0003037450231581327,ARIMA
2015-01-14,HD,0.0781351697716103,0.023792591359400386,ARIMA
2015-01-14,INTC,-0.05998782823549698,0.0,ARIMA
2015-01-14,JNJ,-0.062225030085349596,0.009991789645790606,ARIMA
2015-01-14,JPM,0.012330236498650496,0.0005483362977422164,ARIMA
2015-01-14,KO,-0.010849601436902799,0.009493665777678517,ARIMA
2015-01-14,MCD,0.024054015319445503,0.009506386032866257,ARIMA
2015-01-14,MMM,0.038604515159264594,0.013199956626730241,ARIMA
2015-01-14,MSFT,-0.0731457822663675,0.0,ARIMA
2015-01-14,NEM,0.1855089090840313,0.0,ARIMA
2015-01-14,PFE,0.08101780342209161,0.012835856207931784,ARIMA
2015-01-14,PG,-0.041354247697401404,0.0015045753411889599,ARIMA
2015-01-14,UNH,0.06361675303549504,0.020311501273256954,ARIMA
2015-01-14,VZ,0.04840616123460309,0.011730703747157682,ARIMA
2015-01-14,WFC,0.06299950679919031,0.018205413139191644,ARIMA
2015-01-14,XOM,0.033491523066281295,0.0001933592013675898,ARIMA
2015-02-13,AAPL,-0.012012301604084397,0.02617731303292473,ARIMA
2015-02-13,CAT,-0.0435541665715925,0.0,ARIMA
2015-02-13,CVX,-0.072277931914352,0.0006057390036807256,ARIMA
2015-02-13,DUK,-0.0682790948263715,0.013303973363733351,ARIMA
2015-02-13,GS,0.014243370042006102,-0.00032136981348153783,ARIMA
2015-02-13,HD,0.043097253796896724,0.02480732978644636,ARIMA
2015-02-13,INTC,-0.10168878471198389,0.0,ARIMA
2015-02-13,JNJ,0.0332429712380295,0.010596824475095313,ARIMA
2015-02-13,JPM,0.03755969418117509,-0.0013168838752508352,ARIMA
2015-02-13,KO,-0.0373416784877367,0.0094808191764268,ARIMA
2015-02-13,MCD,0.030085236186938195,0.008666786379601821,ARIMA
2015-02-13,MMM,0.0018068575851732,0.010760114632334141,ARIMA
2015-02-13,MSFT,-0.029061476926170803,0.0,ARIMA
2015-02-13,NEM,-0.09337900722489581,0.0,ARIMA
2015-02-13,PFE,-0.012408314360713692,0.013277657659662672,ARIMA
2015-02-13,PG,-0.0291312023428864,0.007979826457520765,ARIMA
2015-02-13,UNH,0.07939699053086094,0.02127201950895644,ARIMA
2015-02-13,VZ,-0.0050611043047424035,0.014190403514610025,ARIMA
2015-02-13,WFC,0.015733471381043106,0.008171747231355907,ARIMA
2015-02-13,XOM,-0.085978509034739,-0.00029741553433379237,ARIMA
2015-03-17,AAPL,0.01453978809848129,0.022595427395667604,ARIMA
2015-03-17,CAT,0.06288067869386099,0.0,ARIMA
2015-03-17,CVX,0.0682104161053023,0.0008378994092009981,ARIMA
2015-03-17,DUK,0.030055044237864204,0.010008006790246259,ARIMA
2015-03-17,GS,0.04682745381228459,-0.0008173101543254141,ARIMA
2015-03-17,HD,-0.026529251382969295,0.02332630447299097,ARIMA
2015-03-17,INTC,0.0628544370372936,-0.0008159101707111318,ARIMA
2015-03-17,JNJ,-0.004562231327597099,0.010109354228851687,ARIMA
2015-03-17,JPM,0.0440718959331298,-0.000770420123780577,ARIMA
2015-03-17,KO,0.002726353051865497,0.02688498057808504,ARIMA
2015-03-17,MCD,-0.007335472731481694,0.008600085694565628,ARIMA
2015-03-17,MMM,0.0013829047393207994,0.014059812452047429,ARIMA
2015-03-17,MSFT,0.016702723350604496,0.0,ARIMA
2015-03-17,NEM,0.05453901701543578,0.0,ARIMA
2015-03-17,PFE,0.022111328039333297,0.0140252026570632,ARIMA
2015-03-17,PG,-0.0005980283992122997,0.006275962578439159,ARIMA
2015-03-17,UNH,-0.010176554792895306,0.00723221524899119,ARIMA
2015-03-17,VZ,0.013658163457642501,0.013616818265661907,ARIMA
2015-03-17,WFC,-0.016645816560047894,0.008044726482200717,ARIMA
2015-03-17,XOM,0.038421753194217395,-0.0002859212413260928,ARIMA
2015-04-16,AAPL,0.02113975338724579,0.022601140343264256,ARIMA
2015-04-16,CAT,0.0494323995391781,0.0,ARIMA
2015-04-16,CVX,-0.017911446763120894,0.00016159074552528309,ARIMA
2015-04-16,DUK,-0.022490619826650404,0.011803863781354633,ARIMA
2015-04-16,GS,0.007530316202747001,-0.00019668177840631275,ARIMA
2015-04-16,HD,-0.013399002780128302,0.021940642860429037,ARIMA
2015-04-16,INTC,0.011460508742256507,0.0,ARIMA
2015-04-16,JNJ,0.012152774582271,0.009570035759318786,ARIMA
2015-04-16,JPM,0.0282528954264328,-0.0004859632744018407,ARIMA
2015-04-16,KO,0.026863321240647102,0.01649705139205552,ARIMA
2015-04-16,MCD,0.013083041556380301,0.009194215468246914,ARIMA
2015-04-16,MMM,-0.019965038734507203,0.01351563173554517,ARIMA
2015-04-16,MSFT,0.1422485919623253,0.0,ARIMA
2015-04-16,NEM,0.14409128063630527,0.0,ARIMA
2015-04-16,PFE,-0.028495742193580892,0.014798902864434587,ARIMA
2015-04-16,PG,-0.027829154103573107,0.007380582271753654,ARIMA
2015-04-16,UNH,0.010260970449669496,0.025997626761956293,ARIMA
2015-04-16,VZ,0.0116753360057884,0.014182814971647414,ARIMA
2015-04-16,WFC,0.0289460255714123,0.008693977223284098,ARIMA
2015-04-16,XOM,-0.004444922387184802,-8.989374182700552e-05,ARIMA
2015-05-15,AAPL,-0.01586775601777447,0.02260749771860343,ARIMA
2015-05-15,CAT,-0.0183097153962243,-0.00014520598327850235,ARIMA
2015-05-15,CVX,-0.07832909114927789,-0.0006440866096743877,ARIMA
2015-05-15,DUK,-0.04041381573615681,0.009628039533577135,ARIMA
2015-05-15,GS,0.047235167388762704,-2.3798596173075304e-05,ARIMA
2015-05-15,HD,-0.0120944368042041,0.020981527644469717,ARIMA
2015-05-15,INTC,-0.04910884078196929,0.0,ARIMA
2015-05-15,JNJ,-0.0362898373058652,0.009680893558075113,ARIMA
2015-05-15,JPM,0.028948665996818196,-0.00034177775195476205,ARIMA
2015-05-15,KO,-0.0389003316236326,0.008996737441949948,ARIMA
2015-05-15,MCD,-0.0268699310129195,0.007831434211337668,ARIMA
2015-05-15,MMM,-0.0393440890639426,0.012260026338118731,ARIMA
2015-05-15,MSFT,-0.062338930804401685,0.011915531779369989,ARIMA
2015-05-15,NEM,-0.12294568335117859,0.0,ARIMA
2015-05-15,PFE,0.0029421774091411036,0.024568792080060024,ARIMA
2015-05-15,PG,-0.03088004502121381,0.0,ARIMA
2015-05-15,UNH,0.008015712198385806,0.02396094245562119,ARIMA
2015-05-15,VZ,-0.0612749935294861,0.014371005582436525,ARIMA
2015-05-15,WFC,0.0166346191937347,0.007650372764050935,ARIMA
2015-05-15,XOM,-0.038085985779165894,-0.0007939194424738932,ARIMA
2015-06-16,AAPL,-0.0007883670797716007,0.021944162931460114,ARIMA
2015-06-16,CAT,-0.0346810330258107,0.0005203559709364941,ARIMA
2015-06-16,CVX,-0.0522003193296463,0.0029496283111569146,ARIMA
2015-06-16,DUK,0.020748402527173103,0.010350239916659657,ARIMA
2015-06-16,GS,0.005650690512052593,0.00018240901101220796,ARIMA
2015-06-16,HD,0.049391675311659396,0.02246123685534365,ARIMA
2015-06-16,INTC,-0.0556791162877657,0.0,ARIMA
2015-06-16,JNJ,0.0296117097917352,0.011265925693338018,ARIMA
2015-06-16,JPM,0.024010696120300396,-0.00018446417813550544,ARIMA
2015-06-16,KO,0.0381611606427435,0.009785763427056641,ARIMA
2015-06-16,MCD,0.0493456902726817,0.007601703335420757,ARIMA
2015-06-16,MMM,0.0008337233130398976,0.013822239127905537,ARIMA
2015-06-16,MSFT,0.006137622609553898,0.0,ARIMA
2015-06-16,NEM,-0.09739315324202821,0.0,ARIMA
2015-06-16,PFE,0.0272403236639148,0.016689114212512082,ARIMA
2015-06-16,PG,0.05030034628752871,0.0,ARIMA
2015-06-16,UNH,0.0562150266915309,0.02640056225406254,ARIMA
2015-06-16,VZ,0.018704750800647194,0.014791743048905695,ARIMA
2015-06-16,WFC,0.0139426379654693,0.012784989634024281,ARIMA
2015-06-16,XOM,-0.011532646185160807,2.9735482695907657e-05,ARIMA
2015-07-16,AAPL,-0.0920168288441744,0.02204381987473425,ARIMA
2015-07-16,CAT,-0.06990148681970192,0.0006928339923440417,ARIMA
2015-07-16,CVX,-0.09324312218150771,-0.0005357994932085936,ARIMA
2015-07-16,DUK,0.0318744090978345,0.009922934905721138,ARIMA
2015-07-16,GS,-0.0590933764703798,-0.0003232492348803388,ARIMA
2015-07-16,HD,0.029328580940211603,0.025247480079315227,ARIMA
2015-07-16,INTC,-0.019734083918134707,0.0,ARIMA
2015-07-16,JNJ,-0.019507770888119995,0.010146308011939512,ARIMA
2015-07-16,JPM,-0.023988455688880105,-0.0001738384707628687,ARIMA
2015-07-16,KO,-0.0007296419903276966,0.005918026924565125,ARIMA
2015-07-16,MCD,0.003023563029136705,0.00800601186056698,ARIMA
2015-07-16,MMM,-0.056705944375935805,0.014859644888777737,ARIMA
2015-07-16,MSFT,0.020976156290435394,0.012254942670756809,ARIMA
2015-07-16,NEM,-0.22028092850226855,0.0,ARIMA
2015-07-16,PFE,0.01858899019959789,0.017718332064426818,ARIMA
2015-07-16,PG,-0.07255701384936,0.0,ARIMA
2015-07-16,UNH,-0.043354795143946495,0.02534350789446312,ARIMA
2015-07-16,VZ,0.0069483624663251985,0.013748372576115164,ARIMA
2015-07-16,WFC,-0.0090164807189206,0.009036350912230763,ARIMA
2015-07-16,XOM,-0.04162419100711199,7.273215268824868e-05,ARIMA
2015-08-14,AAPL,0.0013884472555153078,0.02061711719571093,ARIMA
2015-08-14,CAT,-0.06632359873535841,-0.0022316615627395097,ARIMA
2015-08-14,CVX,-0.1123773924431845,-0.024420427475053998,ARIMA
2015-08-14,DUK,-0.10113530986320532,0.010360538139193508,ARIMA
2015-08-14,GS,-0.0839600736891758,0.0004975013858830741,ARIMA
2015-08-14,HD,-0.03163101919939101,0.026286477063446036,ARIMA
2015-08-14,INTC,0.01785148606852859,0.0,ARIMA
2015-08-14,JNJ,-0.04619803118935169,0.011830246012302975,ARIMA
2015-08-14,JPM,-0.0796235830247425,-0.00023304195217900206,ARIMA
2015-08-14,KO,-0.0671677237266321,0.015026283762208747,ARIMA
2015-08-14,MCD,-0.015677195452197302,0.007344034916713092,ARIMA
2015-08-14,MMM,-0.03880344760097741,0.012237920650577423,ARIMA
2015-08-14,MSFT,-0.07568375615036749,0.012784578759480431,ARIMA
2015-08-14,NEM,-0.09434565797892111,0.0,ARIMA
2015-08-14,PFE,-0.07790056024070498,0.016319661776581586,ARIMA
2015-08-14,PG,-0.10744453992816051,0.0,ARIMA
2015-08-14,UNH,-0.018510918341336016,0.023358930023577796,ARIMA
2015-08-14,VZ,-0.043088842966213806,0.011916311191214666,ARIMA
2015-08-14,WFC,-0.0751767700482156,0.01912178479093851,ARIMA
2015-08-14,XOM,-0.08155901854585042,0.0011370021507681395,ARIMA
2015-09-15,AAPL,-0.0310019716183077,0.021826948177712836,ARIMA
2015-09-15,CAT,-0.03638266398797011,-0.0023404139602631524,ARIMA
2015-09-15,CVX,0.1539429952515358,-0.03257717598786321,ARIMA
2015-09-15,DUK,0.059944210902535204,0.008155907547730613,ARIMA
2015-09-15,GS,-0.016278165906950005,-0.00020315130882319027,ARIMA
2015-09-15,HD,0.058237642510731304,0.02447350177954543,ARIMA
2015-09-15,INTC,0.0863307378080632,0.0,ARIMA
2015-09-15,JNJ,0.022567952655929195,0.0098202276766155,ARIMA
2015-09-15,JPM,-0.006205168705029898,-0.0005048035704542927,ARIMA
2015-09-15,KO,0.08908758269354289,0.028445170280638633,ARIMA
2015-09-15,MCD,0.06400966605252699,0.004595412062971208,ARIMA
2015-09-15,MMM,0.0572728278065594,0.012226891893693404,ARIMA
2015-09-15,MSFT,0.08567458118561161,0.014114380158661578,ARIMA
2015-09-15,NEM,0.1450292419275499,-0.020702376349785417,ARIMA
2015-09-15,PFE,0.008220704326115102,0.014515370571357591,ARIMA
2015-09-15,PG,0.08516046792555541,0.0,ARIMA
2015-09-15,UNH,0.0512126172056972,0.021721523804280215,ARIMA
2015-09-15,VZ,-0.015759070038448605,0.01938735550516635,ARIMA
2015-09-15,WFC,-0.017395139862046195,0.013499385387363482,ARIMA
2015-09-15,XOM,0.08802262379810541,-0.020665104773965316,ARIMA
2015-10-14,AAPL,0.04218736334498478,0.009879500777436125,ARIMA
2015-10-14,CAT,0.03560829635202601,0.0013128764072556877,ARIMA
2015-10-14,CVX,0.04220577228037511,0.0005417493311738077,ARIMA
2015-10-14,DUK,-0.0489037540867213,0.009716005030142968,ARIMA
2015-10-14,GS,0.0868501480431602,-0.0005033438126953385,ARIMA
2015-10-14,HD,0.025172033611896835,0.01992073488359299,ARIMA
2015-10-14,INTC,0.03229061152780659,0.0,ARIMA
2015-10-14,JNJ,0.06499687913509179,0.009855186648444487,ARIMA
2015-10-14,JPM,0.09005316422696813,-0.0003612163660327073,ARIMA
2015-10-14,KO,0.009319886107727698,0.008200171176538668,ARIMA
2015-10-14,MCD,0.09647028986819961,0.0009621272321344076,ARIMA
2015-10-14,MMM,0.06453447901517569,0.011029327446603746,ARIMA
2015-10-14,MSFT,0.1346768408625601,0.016395171016718623,ARIMA
2015-10-14,NEM,-0.03208244852495738,0.0,ARIMA
2015-10-14,PFE,0.030821861916714995,0.014107282326468627,ARIMA
2015-10-14,PG,0.03360410867089659,0.0,ARIMA
2015-10-14,UNH,-0.0792768995201137,0.022497933233658982,ARIMA
2015-10-14,VZ,0.021410164187716605,0.01777222117573777,ARIMA
2015-10-14,WFC,0.08007645043236129,0.015329480897334428,ARIMA
2015-10-14,XOM,0.0392829759162149,0.0008320220270885172,ARIMA
2015-11-12,AAPL,-0.0255586774322335,0.022212919184749495,ARIMA
2015-11-12,CAT,-0.09443463793113739,0.0010993027034166326,ARIMA
2015-11-12,CVX,-0.05226191488434481,-0.00028869184957753613,ARIMA
2015-11-12,DUK,-0.005732972217625499,0.006858395641571298,ARIMA
2015-11-12,GS,-0.108102413544317,0.0008061708080741136,ARIMA
2015-11-12,HD,0.04933872628933099,0.024887641978046028,ARIMA
2015-11-12,INTC,0.04201409925443981,0.0,ARIMA
2015-11-12,JNJ,0.005575983351136302,0.01013783467922396,ARIMA
2015-11-12,JPM,-0.0499266718375182,0.0010125913030162648,ARIMA
2015-11-12,KO,0.013095977135992606,-0.00613314465164882,ARIMA
2015-11-12,MCD,0.0272080186007903,0.0059832360018986334,ARIMA
2015-11-12,MMM,-0.020342223818976605,0.012376602049514877,ARIMA
2015-11-12,MSFT,0.014330417589852498,0.016165203429307048,ARIMA
2015-11-12,NEM,0.07391175649811278,0.0,ARIMA
2015-11-12,PFE,-0.051075039057876415,0.014934425136564754,ARIMA
2015-11-12,PG,0.023677907634539096,0.0,ARIMA
2015-11-12,UNH,0.016803732712688098,0.02009199240595934,ARIMA
2015-11-12,VZ,-0.011093897667719003,0.014621915043918413,ARIMA
2015-11-12,WFC,-0.045649927379012106,0.01157292343874602,ARIMA
2015-11-12,XOM,-0.09342548236723211,0.005330598127034876,ARIMA
2015-12-14,AAPL,-0.15025575226310278,0.028388370428260857,ARIMA
2015-12-14,CAT,-0.07191201997640942,0.0008790143863111814,ARIMA
2015-12-14,CVX,-0.0609353969707987,-0.0006186520184894102,ARIMA
2015-12-14,DUK,0.05533906271766109,0.007379165137215933,ARIMA
2015-12-14,GS,-0.10481910296366338,0.0014478010137661994,ARIMA
2015-12-14,HD,-0.0718221120584753,0.026482847413822872,ARIMA
2015-12-14,INTC,-0.0713509457379102,0.0,ARIMA
2015-12-14,JNJ,-0.046913739165326096,0.011442581323439012,ARIMA
2015-12-14,JPM,-0.10429196578832141,0.0009194717818127271,ARIMA
2015-12-14,KO,-0.009985834872688708,-0.0027261889687396844,ARIMA
2015-12-14,MCD,-0.008304782322154595,0.008666495374249496,ARIMA
2015-12-14,MMM,-0.10987020427624677,0.013364500578688316,ARIMA
2015-12-14,MSFT,-0.04579771603154629,0.018602582911356805,ARIMA
2015-12-14,NEM,-0.09020017342983902,0.0,ARIMA
2015-12-14,PFE,-0.054153713839711806,0.021812625611649816,ARIMA
2015-12-14,PG,-0.025127333129077806,0.0,ARIMA
2015-12-14,UNH,-0.059961882762543973,0.020371659544549725,ARIMA
2015-12-14,VZ,-0.0028367617512902003,0.015078364474408827,ARIMA
2015-12-14,WFC,-0.06951554866202012,0.020682296678753917,ARIMA
2015-12-14,XOM,0.017468170155941105,0.005617298627990698,ARIMA
2016-01-14,AAPL,-0.030123716529461407,0.0,ARIMA
2016-01-14,CAT,0.048886501114843696,0.0013165552350569904,ARIMA
2016-01-14,CVX,0.049182256322504996,0.0103884243267123,ARIMA
2016-01-14,DUK,0.071902654546484,0.008508326793130454,ARIMA
2016-01-14,GS,-0.08434476897177093,0.0008535435085548567,ARIMA
2016-01-14,HD,-0.0427464933174275,0.02290541015927753,ARIMA
2016-01-14,INTC,-0.09935202187293661,0.0,ARIMA
2016-01-14,JNJ,0.0482894483226776,0.010724075879799453,ARIMA
2016-01-14,JPM,0.0026125265224915123,0.0006290916988211236,ARIMA
2016-01-14,KO,0.0296631213388035,0.003799554520567362,ARIMA
2016-01-14,MCD,0.024116309977081078,0.015198064087454588,ARIMA
2016-01-14,MMM,0.11143445206143131,0.010572779478273177,ARIMA
2016-01-14,MSFT,-0.022323308783158084,0.0,ARIMA
2016-01-14,NEM,0.38854130074681653,0.0,ARIMA
2016-01-14,PFE,-0.023818783535964692,0.02756888579050506,ARIMA
2016-01-14,PG,0.0742463381682851,0.0,ARIMA
2016-01-14,UNH,0.02343466016665799,0.044210218191921745,ARIMA
2016-01-14,VZ,0.1266276557605441,0.01725143368785297,ARIMA
2016-01-14,WFC,-0.042177047935399,0.02170699894347706,ARIMA
2016-01-14,XOM,0.0777372772758814,0.002106323086822479,ARIMA
2016-02-16,AAPL,0.1067638836406619,0.0,ARIMA
2016-02-16,CAT,0.13724578277376898,0.00208838482793435,ARIMA
2016-02-16,CVX,0.11106977381620689,-0.0036837046105275733,ARIMA
2016-02-16,DUK,0.023463455653825988,0.009620844202045077,ARIMA
2016-02-16,GS,0.0439167567162837,-0.0015384010689573904,ARIMA
2016-02-16,HD,0.1144404951587806,0.020897367593802302,ARIMA
2016-02-16,INTC,0.09993398921186199,0.0,ARIMA
2016-02-16,JNJ,0.06392102632019948,0.011174859920102889,ARIMA
2016-02-16,JPM,0.029310566140059703,-0.003037969692097085,ARIMA
2016-02-16,KO,0.0559951157169587,9.969269013482764e-05,ARIMA
2016-02-16,MCD,0.05313015283672741,0.011938993658424463,ARIMA
2016-02-16,MMM,0.0534310574331226,0.009840530521171738,ARIMA
2016-02-16,MSFT,0.06654330820956801,0.011956152858322985,ARIMA
2016-02-16,NEM,0.0235711301656027,0.0,ARIMA
2016-02-16,PFE,0.006112378828134594,0.009845600687562697,ARIMA
2016-02-16,PG,0.003943364577900803,0.0,ARIMA
2016-02-16,UNH,0.11434081039755371,0.028365651495290512,ARIMA
2016-02-16,VZ,0.049825320478102605,-0.006517039379866255,ARIMA
2016-02-16,WFC,0.0549008886988726,-0.004503212345157422,ARIMA
2016-02-16,XOM,0.021850349781844504,-0.006324967019186022,ARIMA
2016-03-16,AAPL,0.06943887554953182,0.0,ARIMA
2016-03-16,CAT,0.08732261014054642,-0.0024919256455188856,ARIMA
2016-03-16,CVX,0.0386004645132626,-0.010713672795204372,ARIMA
2016-03-16,DUK,0.017778161494014,0.009320756984839447,ARIMA
2016-03-16,GS,0.0567673083344521,-9.127966966306192e-05,ARIMA
2016-03-16,HD,0.03529565004689935,0.01622164166328122,ARIMA
2016-03-16,INTC,0.004727998934301401,0.0,ARIMA
2016-03-16,JNJ,0.019118162569791004,0.012448587839051164,ARIMA
2016-03-16,JPM,0.06306048000243511,-0.001063101081704001,ARIMA
2016-03-16,KO,0.012957172402824296,-0.011472656934844817,ARIMA
2016-03-16,MCD,0.03252068304466438,0.003431385403096555,ARIMA
2016-03-16,MMM,0.03479215474922551,0.011239483270584664,ARIMA
2016-03-16,MSFT,0.03249523718431469,0.009842805342289325,ARIMA
2016-03-16,NEM,0.0839727710873781,0.0,ARIMA
2016-03-16,PFE,0.10009947008009762,0.010919286537055782,ARIMA
2016-03-16,PG,0.0167306604179956,0.0,ARIMA
2016-03-16,UNH,0.0247609994362149,0.004577599349496212,ARIMA
2016-03-16,VZ,-0.014685784901038203,0.010324319838556048,ARIMA
2016-03-16,WFC,-0.024097460934139697,0.005661198579250666,ARIMA
2016-03-16,XOM,0.031027858837634505,-0.0004329738574558223,ARIMA
2016-04-15,AAPL,-0.2077503215903225,0.01567620282131308,ARIMA
2016-04-15,CAT,-0.11088318626923241,0.0001840933803744823,ARIMA
2016-04-15,CVX,0.02777949947934711,0.0,ARIMA
2016-04-15,DUK,0.0164777865012908,0.009817313070384,ARIMA
2016-04-15,GS,-0.0352285474108162,0.0002831656847486884,ARIMA
2016-04-15,HD,-0.009271126441137438,0.023087871757981486,ARIMA
2016-04-15,INTC,-0.052672657211955604,-1.415970096295913e-05,ARIMA
2016-04-15,JNJ,0.033306847650269755,0.008201494556825487,ARIMA
2016-04-15,JPM,-0.022458366659245603,2.4487408038936106e-07,ARIMA
2016-04-15,KO,-0.010529108670307196,-0.006904368436131821,ARIMA
2016-04-15,MCD,0.01029901609947085,0.010663266216598324,ARIMA
2016-04-15,MMM,0.0009510254830035012,0.011952958508220647,ARIMA
2016-04-15,MSFT,-0.0804642699881314,0.014926404959890158,ARIMA
2016-04-15,NEM,0.1722174400029656,0.0,ARIMA
2016-04-15,PFE,0.025319081514468402,0.010429006379017992,ARIMA
2016-04-15,PG,-0.009556687860738699,0.0,ARIMA
2016-04-15,UNH,0.007938452046309805,0.013163011761146521,ARIMA
2016-04-15,VZ,-0.008211277718181299,0.008961487892203092,ARIMA
2016-04-15,WFC,-0.003707661641750102,0.006194626331097645,ARIMA
2016-04-15,XOM,0.04548048968243389,-0.0005731091850941367,ARIMA
2016-05-16,AAPL,0.0738712609762273,0.0,ARIMA
2016-05-16,CAT,0.0661250526627227,0.0017297296832339457,ARIMA
2016-05-16,CVX,0.015861715079423404,0.0011466702707657154,ARIMA
2016-05-16,DUK,0.03053162186577,0.009722530685041985,ARIMA
2016-05-16,GS,-0.056619088577958096,0.0008172697391646346,ARIMA
2016-05-16,HD,-0.055929288356554696,0.023098177844853865,ARIMA
2016-05-16,INTC,0.0719085673868924,0.0,ARIMA
2016-05-16,JNJ,0.03798180506208378,0.011947056304424955,ARIMA
2016-05-16,JPM,0.01427667269714919,0.0008477837693106165,ARIMA
2016-05-16,KO,0.0007804100238975029,-0.0009311221506257398,ARIMA
2016-05-16,MCD,-0.0429774809328758,0.012462504275437143,ARIMA
2016-05-16,MMM,0.002409380948562391,0.012322690534287657,ARIMA
2016-05-16,MSFT,-0.0178061671653685,0.01034935602877464,ARIMA
2016-05-16,NEM,0.03191288281281951,0.0,ARIMA
2016-05-16,PFE,0.052813730435880196,0.010760113995058622,ARIMA
2016-05-16,PG,0.025763959896012406,0.0,ARIMA
2016-05-16,UNH,0.06649867701366322,0.023481431054917054,ARIMA
2016-05-16,VZ,0.039455009066199795,0.009086476600439505,ARIMA
2016-05-16,WFC,-0.02859765018467869,0.019284070886873624,ARIMA
2016-05-16,XOM,0.0197670426062632,-0.000288620324248676,ARIMA
2016-06-15,AAPL,0.013554625973735007,0.0,ARIMA
2016-06-15,CAT,0.0671562729137046,-0.0011194507473349649,ARIMA
2016-06-15,CVX,0.052132008950621395,0.0013314094545427207,ARIMA
2016-06-15,DUK,0.027998530841449987,0.010408393640895868,ARIMA
2016-06-15,GS,0.10601713298481491,0.00036615341138081996,ARIMA
2016-06-15,HD,0.0716299469111459,0.04186998689993916,ARIMA
2016-06-15,INTC,0.09094457532804912,0.0,ARIMA
2016-06-15,JNJ,0.050447637544399355,0.011961573511858678,ARIMA
2016-06-15,JPM,0.04008671136384128,0.00017813350592213917,ARIMA
2016-06-15,KO,0.014328409881858907,0.0010341415183527669,ARIMA
2016-06-15,MCD,0.011524095557042197,0.010269595323788497,ARIMA
2016-06-15,MMM,0.07630465287109942,0.012040138882489393,ARIMA
2016-06-15,MSFT,0.07554054434049111,0.014703514381641945,ARIMA
2016-06-15,NEM,0.1689563175579745,0.0,ARIMA
2016-06-15,PFE,0.0536908302616437,0.011527056226868046,ARIMA
2016-06-15,PG,0.0297862754615728,0.0,ARIMA
2016-06-15,UNH,0.025856413709147395,0.011319529560390054,ARIMA
2016-06-15,VZ,0.06243228677217621,0.010924367906309917,ARIMA
2016-06-15,WFC,0.0430041288954805,0.028316822056204522,ARIMA
2016-06-15,XOM,0.04877466014140411,0.000414130416991974,ARIMA
2016-07-15,AAPL,0.09620241987274879,0.0,ARIMA
2016-07-15,CAT,0.0456520890718742,-0.0011025896500086226,ARIMA
2016-07-15,CVX,-0.0434811870107597,-0.004368031065819809,ARIMA
2016-07-15,DUK,-0.0048363474418987,0.010425805704126519,ARIMA
2016-07-15,GS,0.004358916937082698,-0.0012357110034458812,ARIMA
2016-07-15,HD,0.0149755988865371,0.019648560597419037,ARIMA
2016-07-15,INTC,-0.010508188524409599,0.0,ARIMA
2016-07-15,JNJ,0.00032475576063599985,0.01265960026693237,ARIMA
2016-07-15,JPM,0.018541839888441502,-0.0011549194397019154,ARIMA
2016-07-15,KO,-0.0370082449353125,4.9998609222886336e-05,ARIMA
2016-07-15,MCD,-0.036233076693977205,0.004642169202889431,ARIMA
2016-07-15,MMM,-0.003488522255668227,0.012106511720625542,ARIMA
2016-07-15,MSFT,0.0752505720551759,0.014083253096751666,ARIMA
2016-07-15,NEM,0.0818524124456217,0.0,ARIMA
2016-07-15,PFE,-0.0456985409500625,0.012822363491266784,ARIMA
2016-07-15,PG,0.0213384335914975,0.0,ARIMA
2016-07-15,UNH,0.014381050645328498,0.018385062402924285,ARIMA
2016-07-15,VZ,-0.040009028416193304,0.010644362022161178,ARIMA
2016-07-15,WFC,-0.013481137012133,0.0032931506795562506,ARIMA
2016-07-15,XOM,-0.06922838081428451,-0.0025880235289303575,ARIMA
2016-08-15,AAPL,-0.002128549635816799,0.0,ARIMA
2016-08-15,CAT,-0.03394366858479479,-0.0005040038855719374,ARIMA
2016-08-15,CVX,-0.016604630569170296,0.0,ARIMA
2016-08-15,DUK,-0.057940571347594914,0.011643350092039886,ARIMA
2016-08-15,GS,0.026613955240211297,0.0,ARIMA
2016-08-15,HD,-0.0776649825994613,0.03031324811885447,ARIMA
2016-08-15,INTC,0.0296401160021589,0.0,ARIMA
2016-08-15,JNJ,-0.03994830613829817,0.014636201500688426,ARIMA
2016-08-15,JPM,0.018354895439091003,0.00011093018932742011,ARIMA
2016-08-15,KO,-0.032419932597587,0.013552238672159156,ARIMA
2016-08-15,MCD,-0.0331606620509117,0.009450828777031768,ARIMA
2016-08-15,MMM,-0.017362873554733704,0.01265103774576599,ARIMA
2016-08-15,MSFT,-0.018423413216350402,0.01682406285851699,ARIMA
2016-08-15,NEM,-0.1457390620398664,0.0,ARIMA
2016-08-15,PFE,-0.0272402678074636,0.021044432087165166,ARIMA
2016-08-15,PG,0.00011531135865400222,0.009284395641348494,ARIMA
2016-08-15,UNH,-0.05993132114682259,0.023555639532710296,ARIMA
2016-08-15,VZ,-0.041871095697553,0.011594833344694959,ARIMA
2016-08-15,WFC,-0.019819505772331103,0.01793499066824255,ARIMA
2016-08-15,XOM,-0.030511894902311897,-0.0012973241903399828,ARIMA
2016-09-14,AAPL,0.08340766475578902,0.0,ARIMA
2016-09-14,CAT,0.087655383089404,0.0,ARIMA
2016-09-14,CVX,0.026988494904198093,0.0,ARIMA
2016-09-14,DUK,-0.027537028255366303,0.009461259524953873,ARIMA
2016-09-14,GS,0.013678074441769,0.0,ARIMA
2016-09-14,HD,0.007685952463553504,0.040023688647724716,ARIMA
2016-09-14,INTC,0.04179879755159592,0.01266501741611021,ARIMA
2016-09-14,JNJ,0.0030561140036760807,0.013011200531180878,ARIMA
2016-09-14,JPM,0.031007608890525607,0.01497858446789519,ARIMA
2016-09-14,KO,-0.0118966088396963,0.024383508080972387,ARIMA
2016-09-14,MCD,-0.0001743426510980011,0.0,ARIMA
2016-09-14,MMM,-0.0367313927281023,0.016821328849805056,ARIMA
2016-09-14,MSFT,0.010207897656127191,0.01512778764694051,ARIMA
2016-09-14,NEM,-0.12253542922673284,0.0,ARIMA
2016-09-14,PFE,-0.028909709698112296,0.013292363051156542,ARIMA
2016-09-14,PG,0.017310207428297898,0.008363778674387298,ARIMA
2016-09-14,UNH,0.008548632152512803,0.03775345626961361,ARIMA
2016-09-14,VZ,-0.011265565111097503,0.010132451636187652,ARIMA
2016-09-14,WFC,-0.035547865971444007,0.008660249214868068,ARIMA
2016-09-14,XOM,0.022282302910753903,0.006225861847804243,ARIMA
2016-10-13,AAPL,-0.0797696185945835,-0.003109427964213599,ARIMA
2016-10-13,CAT,0.0736623914381979,0.0,ARIMA
2016-10-13,CVX,0.0537425827435565,0.0,ARIMA
2016-10-13,DUK,-0.01963011445084931,0.0,ARIMA
2016-10-13,GS,0.1709859668954939,0.0,ARIMA
2016-10-13,HD,0.018301570691113794,0.023387427856177978,ARIMA
2016-10-13,INTC,-0.06592299646091149,0.0,ARIMA
2016-10-13,JNJ,0.0132210369263312,0.01193295282122522,ARIMA
2016-10-13,JPM,0.1178317557584682,0.014951772801044441,ARIMA
2016-10-13,KO,-0.020309941570158807,0.028031220257840654,ARIMA
2016-10-13,MCD,-0.0017449341119383944,0.0,ARIMA
2016-10-13,MMM,0.02651330849222502,0.015440388364874253,ARIMA
2016-10-13,MSFT,0.027460508763225797,0.014846322736329855,ARIMA
2016-10-13,NEM,0.004624301821831184,0.0,ARIMA
2016-10-13,PFE,0.022544467914182006,0.01223699790683937,ARIMA
2016-10-13,PG,-0.0577436861948806,0.00787302251535865,ARIMA
2016-10-13,UNH,0.0784814481768013,0.03256036219191824,ARIMA
2016-10-13,VZ,-0.07447497331162001,0.009746395349810904,ARIMA
2016-10-13,WFC,0.1386515029873548,0.011500285125736236,ARIMA
2016-10-13,XOM,0.007897357948048706,-0.0017586180750131964,ARIMA
2016-11-11,AAPL,0.04985438707773861,0.0,ARIMA
2016-11-11,CAT,0.0172924844816106,0.0,ARIMA
2016-11-11,CVX,0.0932316441543051,0.0,ARIMA
2016-11-11,DUK,0.028734411802072896,0.0,ARIMA
2016-11-11,GS,0.16921406972470043,0.0,ARIMA
2016-11-11,HD,0.047409658717930306,0.02218546330498761,ARIMA
2016-11-11,INTC,0.041725906051441795,0.0,ARIMA
2016-11-11,JNJ,-0.028707175662328003,0.01286014323754819,ARIMA
2016-11-11,JPM,0.1002203155368808,0.014095506144028888,ARIMA
2016-11-11,KO,0.0315964387792513,0.033884774529086586,ARIMA
2016-11-11,MCD,0.0689715661084009,0.0,ARIMA
2016-11-11,MMM,0.0366826694776048,0.015004404768655251,ARIMA
2016-11-11,MSFT,0.06416548139694819,0.017823537111487868,ARIMA
2016-11-11,NEM,-0.06035652836370067,0.0,ARIMA
2016-11-11,PFE,-0.033088451380465005,0.013776044447773307,ARIMA
2016-11-11,PG,0.025821179019449497,0.0,ARIMA
2016-11-11,UNH,0.09145872784232299,0.0116461908370429,ARIMA
2016-11-11,VZ,0.1030875814638846,-0.0005327294741748929,ARIMA
2016-11-11,WFC,0.07731262113302599,-0.01147837739635441,ARIMA
2016-11-11,XOM,0.0441567887715428,0.0,ARIMA
2016-12-13,AAPL,0.05118285650888249,0.0,ARIMA
2016-12-13,CAT,-0.011530337712494508,-0.004899184393023181,ARIMA
2016-12-13,CVX,-0.0084867019080305,0.004133141496914904,ARIMA
2016-12-13,DUK,0.013764761305323298,0.0,ARIMA
2016-12-13,GS,0.0277350617852068,0.015591582755941616,ARIMA
2016-12-13,HD,0.003634545489747303,0.022001850700572673,ARIMA
2016-12-13,INTC,0.020363792522103095,0.002334018869885922,ARIMA
2016-12-13,JNJ,-0.006435234745936801,0.011337003198394353,ARIMA
2016-12-13,JPM,0.0231824749621308,0.018436844486484125,ARIMA
2016-12-13,KO,-0.022934071840765003,0.0,ARIMA
2016-12-13,MCD,0.0029526729113186993,0.0,ARIMA
2016-12-13,MMM,-0.012322699487076698,0.015158131979610134,ARIMA
2016-12-13,MSFT,0.007052631437066402,0.011051090003141311,ARIMA
2016-12-13,NEM,0.0557773975011368,0.0,ARIMA
2016-12-13,PFE,0.006153730113513593,0.010811555994583553,ARIMA
2016-12-13,PG,-0.015269523494472597,0.0,ARIMA
2016-12-13,UNH,0.0178346457646053,0.006290914522657351,ARIMA
2016-12-13,VZ,0.028252692646223897,0.008541768071043359,ARIMA
2016-12-13,WFC,-0.0232148610154799,0.01495185006179292,ARIMA
2016-12-13,XOM,-0.0523464048501334,-0.007253189017924472,ARIMA
2017-01-13,AAPL,0.11563136639671215,0.002247493919216396,ARIMA
2017-01-13,CAT,0.0551312950494524,0.0010896761672287629,ARIMA
2017-01-13,CVX,-0.0195599240330388,0.0,ARIMA
2017-01-13,DUK,0.014722065640649103,0.0,ARIMA
2017-01-13,GS,0.00991604981276359,0.016321176449728633,ARIMA
2017-01-13,HD,0.03492030499114806,0.020615363124184004,ARIMA
2017-01-13,INTC,-0.017987486464324402,0.0,ARIMA
2017-01-13,JNJ,0.010932707899647098,0.011694751632334358,ARIMA
2017-01-13,JPM,0.021905804657067894,0.01683168173689468,ARIMA
2017-01-13,KO,-0.008091212311394199,0.0305258751536722,ARIMA
2017-01-13,MCD,0.027784148625307103,0.0,ARIMA
2017-01-13,MMM,0.0199750344098849,0.014652892570568466,ARIMA
2017-01-13,MSFT,0.03314506893250049,0.014136260742892365,ARIMA
2017-01-13,NEM,0.0810460748216199,0.0,ARIMA
2017-01-13,PFE,0.010443196435268597,0.01192505604208318,ARIMA
2017-01-13,PG,0.059837010806758795,0.0,ARIMA
2017-01-13,UNH,-0.0022816307871054552,0.01624969324208901,ARIMA
2017-01-13,VZ,-0.08164153474466031,0.007793085229938958,ARIMA
2017-01-13,WFC,0.05302217851815688,0.015189011273331972,ARIMA
2017-01-13,XOM,-0.030350048207132604,0.00463393637946955,ARIMA
2017-02-14,AAPL,0.05239556322971829,0.0,ARIMA
2017-02-14,CAT,-0.05359388815196299,-0.0009679293680208396,ARIMA
2017-02-14,CVX,-0.0356354576370077,-0.0012934029391048069,ARIMA
2017-02-14,DUK,0.0522193503739372,0.0,ARIMA
2017-02-14,GS,0.004679475368274008,0.0137493415463033,ARIMA
2017-02-14,HD,0.06222824651134,0.017720640260602112,ARIMA
2017-02-14,INTC,-0.0197468028105098,0.0,ARIMA
2017-02-14,JNJ,0.11354228667175109,0.012371270191465932,ARIMA
2017-02-14,JPM,0.0398093726733929,0.016380310809074542,ARIMA
2017-02-14,KO,0.04504966188416391,0.03268816652758259,ARIMA
2017-02-14,MCD,0.0258012143768225,0.0,ARIMA
2017-02-14,MMM,0.06120407396850232,0.013605893315768659,ARIMA
2017-02-14,MSFT,0.006507615369225599,0.011928714839919457,ARIMA
2017-02-14,NEM,-0.0903224620015721,0.0,ARIMA
2017-02-14,PFE,0.060100913482830795,0.010169732723685387,ARIMA
2017-02-14,PG,0.034392607686575594,0.008012493926923483,ARIMA
2017-02-14,UNH,0.0624007779099945,0.021335941504659527,ARIMA
2017-02-14,VZ,0.0322247391146966,0.0,ARIMA
2017-02-14,WFC,0.028156036061203097,0.010697444373976336,ARIMA
2017-02-14,XOM,-0.012120784419029099,-0.0024226101734928437,ARIMA
2017-03-16,AAPL,0.004191502285058402,0.0,ARIMA
2017-03-16,CAT,-0.0027887862448634955,0.0,ARIMA
2017-03-16,CVX,-0.0258643976655253,-0.0007460552850317439,ARIMA
2017-03-16,DUK,0.007169452199277601,0.0,ARIMA
2017-03-16,GS,-0.09989161835529312,0.013618183251410699,ARIMA
2017-03-16,HD,-0.013884343002306003,0.01857816310924566,ARIMA
2017-03-16,INTC,0.004264355757490705,0.0,ARIMA
2017-03-16,JNJ,-0.031268349024072925,0.01368731699601063,ARIMA
2017-03-16,JPM,-0.07755255829109971,0.015903909364169463,ARIMA
2017-03-16,KO,0.0157818388521132,0.018746290951966175,ARIMA
2017-03-16,MCD,0.02227133378166,0.0,ARIMA
2017-03-16,MMM,-0.013426672072868396,0.01490877159599201,ARIMA
2017-03-16,MSFT,0.003084311473776002,0.013979143808279023,ARIMA
2017-03-16,NEM,0.011661786226501904,0.0,ARIMA
2017-03-16,PFE,-0.021895134808944297,0.011146077583456362,ARIMA
2017-03-16,PG,-0.015102972719839599,0.007656937399493968,ARIMA
2017-03-16,UNH,-0.0405118863294163,0.010285015153408785,ARIMA
2017-03-16,VZ,-0.018922521126038504,0.0,ARIMA
2017-03-16,WFC,-0.13394510279278038,0.01277172309521946,ARIMA
2017-03-16,XOM,-0.003787635988567602,-0.0009244186946868019,ARIMA
2017-04-17,AAPL,0.1029357868215362,0.0,ARIMA
2017-04-17,CAT,0.1036799589981743,0.0,ARIMA
2017-04-17,CVX,0.007043626610906085,-0.0006253624522985678,ARIMA
2017-04-17,DUK,0.011915553369532702,0.008677481453823348,ARIMA
2017-04-17,GS,0.008027829294895903,0.012105024030091073,ARIMA
2017-04-17,HD,0.0753558160178508,0.024118622769781585,ARIMA
2017-04-17,INTC,0.018134283874876506,0.0,ARIMA
2017-04-17,JNJ,0.0158744143216357,0.013763007264804386,ARIMA
2017-04-17,JPM,0.0342407416090596,0.013133823151231709,ARIMA
2017-04-17,KO,0.021729947913841502,0.013166875050835837,ARIMA
2017-04-17,MCD,0.11215870436789488,0.0,ARIMA
2017-04-17,MMM,0.04650305768125079,0.015614134652258659,ARIMA
2017-04-17,MSFT,0.0521930330998389,0.017866909809510337,ARIMA
2017-04-17,NEM,-0.018429394138727396,0.0,ARIMA
2017-04-17,PFE,-0.0130548372804824,0.010079029962114565,ARIMA
2017-04-17,PG,-0.03433762527034951,0.007720795006763805,ARIMA
2017-04-17,UNH,0.039055483484463804,0.02517126503440691,ARIMA
2017-04-17,VZ,-0.0689637052684673,0.0,ARIMA
2017-04-17,WFC,0.0446383218819005,0.0,ARIMA
2017-04-17,XOM,0.0228951657789262,0.002598832714896168,ARIMA
2017-05-16,AAPL,-0.07009441569154229,0.0,ARIMA
2017-05-16,CAT,0.022112665284020304,0.0,ARIMA
2017-05-16,CVX,0.007778737904666806,-0.00029055761854328017,ARIMA
2017-05-16,DUK,0.04259668597957401,0.0,ARIMA
2017-05-16,GS,0.009516389421690988,0.013681036779878034,ARIMA
2017-05-16,HD,0.0021325792521845015,0.01977784945035487,ARIMA
2017-05-16,INTC,-0.0028107340701079026,0.0,ARIMA
2017-05-16,JNJ,0.05111949327195985,0.01299832643934195,ARIMA
2017-05-16,JPM,-0.002866288986845602,0.004175610664469534,ARIMA
2017-05-16,KO,0.0434687347504647,0.004740223986121708,ARIMA
2017-05-16,MCD,0.03588506359207559,0.01045631617554708,ARIMA
2017-05-16,MMM,0.0667133436647735,0.015505141859940006,ARIMA
2017-05-16,MSFT,0.0322498568207731,0.018963760559067913,ARIMA
2017-05-16,NEM,-0.0029599968365700974,0.0,ARIMA
2017-05-16,PFE,-0.013067954978149,0.00022364702520186338,ARIMA
2017-05-16,PG,0.024147434886318698,0.0075952997512388,ARIMA
2017-05-16,UNH,0.0612241652566131,0.023987777802779026,ARIMA
2017-05-16,VZ,0.028458514500493793,0.0,ARIMA
2017-05-16,WFC,0.022439500691180506,0.010256036913533764,ARIMA
2017-05-16,XOM,-0.008855373851836898,-0.0018966151487051592,ARIMA
2017-06-15,AAPL,0.0263780025499108,0.0,ARIMA
2017-06-15,CAT,0.0380411557215815,0.0,ARIMA
2017-06-15,CVX,-0.020471074195202704,0.0,ARIMA
2017-06-15,DUK,-0.029151023984817705,0.0,ARIMA
2017-06-15,GS,0.009184515475603004,0.015022982739664029,ARIMA
2017-06-15,HD,-0.025062776203908583,0.020340650811751456,ARIMA
2017-06-15,INTC,-0.024214134222442993,0.0,ARIMA
2017-06-15,JNJ,-0.0012809821570111991,0.014651788723965279,ARIMA
2017-06-15,JPM,0.0630459198762809,0.018546376214453052,ARIMA
2017-06-15,KO,-0.013781131324352401,-0.008476751834500706,ARIMA
2017-06-15,MCD,0.030071992178981204,0.011910930009790509,ARIMA
2017-06-15,MMM,0.008345814574633799,0.016921463325948738,ARIMA
2017-06-15,MSFT,0.035095759668145,0.017096749006044215,ARIMA
2017-06-15,NEM,-0.012533649328427402,0.0,ARIMA
2017-06-15,PFE,0.0223844283507279,0.00913162465573881,ARIMA
2017-06-15,PG,-0.0152677556211482,0.00841878483165174,ARIMA
2017-06-15,UNH,0.028712130136424797,0.013849364420031438,ARIMA
2017-06-15,VZ,-0.05636111114847978,0.0,ARIMA
2017-06-15,WFC,0.008400378228524007,0.011773088341265463,ARIMA
2017-06-15,XOM,-0.0096730639034442,-0.001050040932143489,ARIMA
2017-07-17,AAPL,0.0739408745796252,0.0,ARIMA
2017-07-17,CAT,0.051607812464679534,0.0,ARIMA
2017-07-17,CVX,0.040071160783029,0.0016589590764595344,ARIMA
2017-07-17,DUK,0.026831624205318802,0.0,ARIMA
2017-07-17,GS,-0.005439252331549793,0.014750190838252561,ARIMA
2017-07-17,HD,0.008986096883968397,0.019819391719140184,ARIMA
2017-07-17,INTC,0.0542344850243457,0.0,ARIMA
2017-07-17,JNJ,0.006614431451257249,0.013291554307527712,ARIMA
2017-07-17,JPM,0.002598347671382298,0.018583305507061706,ARIMA
2017-07-17,KO,0.024758009192562998,-0.0016839971701182014,ARIMA
2017-07-17,MCD,0.012670314268314106,0.01185564321593336,ARIMA
2017-07-17,MMM,-0.020996370985484993,0.016626608079485655,ARIMA
2017-07-17,MSFT,0.0110685451570695,0.007919517658139735,ARIMA
2017-07-17,NEM,0.07851678983208761,-0.0014253351016695975,ARIMA
2017-07-17,PFE,0.0061243490667244015,0.009811568527248581,ARIMA
2017-07-17,PG,0.058735090100740406,0.008470930172283512,ARIMA
2017-07-17,UNH,0.035788646782816805,0.0188721046306312,ARIMA
2017-07-17,VZ,0.1131813837559852,0.0,ARIMA
2017-07-17,WFC,-0.0326452131079535,0.010729903781696392,ARIMA
2017-07-17,XOM,-0.028600428359451705,-0.0010585516172314368,ARIMA
2017-08-15,AAPL,-0.001252220419113403,0.0,ARIMA
2017-08-15,CAT,0.05075237625435071,0.0,ARIMA
2017-08-15,CVX,0.05908983169255479,0.0004636626560471182,ARIMA
2017-08-15,DUK,0.017814579618985298,0.0,ARIMA
2017-08-15,GS,-0.00011503367165999982,0.014254530369889554,ARIMA
2017-08-15,HD,0.042555439359659206,0.01949848576050666,ARIMA
2017-08-15,INTC,-0.0002748112199775976,0.0,ARIMA
2017-08-15,JNJ,-0.0014053870599132015,0.013306306570629523,ARIMA
2017-08-15,JPM,-0.014594164839876994,0.017540135667154216,ARIMA
2017-08-15,KO,0.023093869061348603,0.0,ARIMA
2017-08-15,MCD,0.004261146016663701,0.012515857092569164,ARIMA
2017-08-15,MMM,0.01590676275940727,0.015417439309987638,ARIMA
2017-08-15,MSFT,0.0270886450350105,0.016968065183153875,ARIMA
2017-08-15,NEM,0.05230640763289381,0.0009623162450636547,ARIMA
2017-08-15,PFE,0.05120342885575,0.00014641701936699412,ARIMA
2017-08-15,PG,0.0205190527118118,0.0077769816181122,ARIMA
2017-08-15,UNH,0.0273579170026008,0.020959301339328305,ARIMA
2017-08-15,VZ,-0.031868320463807796,0.0,ARIMA
2017-08-15,WFC,-0.026463559654936186,0.0,ARIMA
2017-08-15,XOM,0.019494706219458303,0.0028073004389289747,ARIMA
2017-09-14,AAPL,-0.023127898849356905,0.009976770056934422,ARIMA
2017-09-14,CAT,0.08305390908760839,0.0,ARIMA
2017-09-14,CVX,0.042523018121196,-0.001948427212497332,ARIMA
2017-09-14,DUK,0.002302210377519703,0.008461703633372283,ARIMA
2017-09-14,GS,0.05679534804210021,0.012486046928774102,ARIMA
2017-09-14,HD,0.0281589042905162,0.007275547964361519,ARIMA
2017-09-14,INTC,0.0757775279230332,0.0,ARIMA
2017-09-14,JNJ,0.0325342809057753,0.0137855401292517,ARIMA
2017-09-14,JPM,0.057565957127067205,0.016486304810112158,ARIMA
2017-09-14,KO,-0.008422535834073,-0.0018076367310748101,ARIMA
2017-09-14,MCD,0.0430712855739709,0.011680905865192517,ARIMA
2017-09-14,MMM,0.03793665248300679,0.01607131962746706,ARIMA
2017-09-14,MSFT,0.025078406371987997,0.01524736065973166,ARIMA
2017-09-14,NEM,0.013373677947308395,0.0,ARIMA
2017-09-14,PFE,0.036133492107208,0.008222148713730691,ARIMA
2017-09-14,PG,-0.015078519161089597,0.007835104131346896,ARIMA
2017-09-14,UNH,-0.027656783207098315,0.021262487335366093,ARIMA
2017-09-14,VZ,0.0349392422141902,0.017266467503980098,ARIMA
2017-09-14,WFC,0.0703390896743971,0.0,ARIMA
2017-09-14,XOM,0.032801525337917706,-0.004926059970609553,ARIMA
2017-10-13,AAPL,0.1166308172033996,0.0,ARIMA
2017-10-13,CAT,0.05466761841082439,0.0,ARIMA
2017-10-13,CVX,-0.01658817915473969,0.0,ARIMA
2017-10-13,DUK,0.0218362207613456,0.008382232430409722,ARIMA
2017-10-13,GS,0.0014584252888609943,0.01272833335830227,ARIMA
2017-10-13,HD,-0.0029207229544534015,0.018309283021800737,ARIMA
2017-10-13,INTC,0.15695610040525737,0.012443792154692913,ARIMA
2017-10-13,JNJ,0.019755349079932302,0.013951119198472493,ARIMA
2017-10-13,JPM,0.0157108909339556,0.01623295061337608,ARIMA
2017-10-13,KO,0.009282181548368598,0.0,ARIMA
2017-10-13,MCD,0.010197399364219907,0.012251544182228713,ARIMA
2017-10-13,MMM,0.044317848930633084,0.01589282197049645,ARIMA
2017-10-13,MSFT,0.0839049359936764,0.018407831248523555,ARIMA
2017-10-13,NEM,-0.077701170545419,-0.0007610820170784911,ARIMA
2017-10-13,PFE,-0.0236204357002682,-2.338791833742538e-05,ARIMA
2017-10-13,PG,-0.036798486940555514,0.007169178158811637,ARIMA
2017-10-13,UNH,0.0899141447521951,0.03410989832460303,ARIMA
2017-10-13,VZ,-0.07447387550459299,0.009256418071573878,ARIMA
2017-10-13,WFC,-0.018722447531443802,0.009916342276446157,ARIMA
2017-10-13,XOM,0.015380267859211798,-0.0018317980399060341,ARIMA
2017-11-13,AAPL,-0.017149691414095874,0.015079006954631057,ARIMA
2017-11-13,CAT,0.049599259677462294,0.0,ARIMA
2017-11-13,CVX,0.03042798758768792,0.0009348081836361108,ARIMA
2017-11-13,DUK,-0.010123710147391099,0.009618673089852925,ARIMA
2017-11-13,GS,0.0735922038416322,0.013244660932796228,ARIMA
2017-11-13,HD,0.10742367658347049,0.02092609427251695,ARIMA
2017-11-13,INTC,-0.0506236984956631,0.015747760338530387,ARIMA
2017-11-13,JNJ,0.027653914588019496,0.014057047732786881,ARIMA
2017-11-13,JPM,0.0914711192591585,0.01680375556897798,ARIMA
2017-11-13,KO,-0.0190604049383389,0.0038004810682414677,ARIMA
2017-11-13,MCD,0.045259767471269696,0.01687027966335596,ARIMA
2017-11-13,MMM,0.0443880307312314,0.01793328900097233,ARIMA
2017-11-13,MSFT,0.025193426763800895,-0.01738550328375661,ARIMA
2017-11-13,NEM,-0.024435634212267802,0.0011988304932081984,ARIMA
2017-11-13,PFE,0.039023740064277404,0.009007096383719193,ARIMA
2017-11-13,PG,0.018988201980644808,0.007007327239380747,ARIMA
2017-11-13,UNH,0.05606324427062359,0.019389875194477376,ARIMA
2017-11-13,VZ,0.1698780453630672,0.0,ARIMA
2017-11-13,WFC,0.1143705812872061,0.010856902649678691,ARIMA
2017-11-13,XOM,-0.002172544533779501,-0.00047967456837255993,ARIMA
2017-12-13,AAPL,0.030909233117132902,0.014966824626674449,ARIMA
2017-12-13,CAT,0.17178431466750646,0.0,ARIMA
2017-12-13,CVX,0.1100286681594995,0.0,ARIMA
2017-12-13,DUK,-0.0992202516359898,0.00982328920156015,ARIMA
2017-12-13,GS,-0.0025254212686173956,0.014016277829944529,ARIMA
2017-12-13,HD,0.0773477302132636,0.019453876196356468,ARIMA
2017-12-13,INTC,-0.0020791173013105044,0.015024656760354818,ARIMA
2017-12-13,JNJ,0.02191767156824921,0.013946548129367596,ARIMA
2017-12-13,JPM,0.058233341337820196,0.017519402749331763,ARIMA
2017-12-13,KO,0.018810564374766404,0.0,ARIMA
2017-12-13,MCD,0.0077500693749938,0.013726273694689392,ARIMA
2017-12-13,MMM,0.03280609591972025,0.017964207903573264,ARIMA
2017-12-13,MSFT,0.045903811526326596,0.02082280188902129,ARIMA
2017-12-13,NEM,0.1400511670711129,-0.001583855770129797,ARIMA
2017-12-13,PFE,-0.0010938845436008963,0.00015022022773449316,ARIMA
2017-12-13,PG,-0.002674728285009899,0.00019563351127068238,ARIMA
2017-12-13,UNH,0.0272665083246679,0.01607415118622274,ARIMA
2017-12-13,VZ,-0.013997170110023296,0.0,ARIMA
2017-12-13,WFC,0.0361363949432052,0.012285689283545105,ARIMA
2017-12-13,XOM,0.055922366936059995,0.0,ARIMA
2018-01-16,AAPL,-0.0706519796117478,0.015830179148566166,ARIMA
2018-01-16,CAT,-0.09617312447660678,0.04721627873497444,ARIMA
2018-01-16,CVX,-0.1648990310719993,0.0,ARIMA
2018-01-16,DUK,-0.023337222915123402,0.0,ARIMA
2018-01-16,GS,-0.005853108413572013,0.011591134957915247,ARIMA
2018-01-16,HD,-0.0668424398652493,0.020529705681575344,ARIMA
2018-01-16,INTC,0.03458475858876201,0.013934553338480133,ARIMA
2018-01-16,JNJ,-0.11473450383252501,0.013360770863179163,ARIMA
2018-01-16,JPM,-0.0021326117035682986,0.017061067764183733,ARIMA
2018-01-16,KO,-0.04339859622459811,-0.002938233223944103,ARIMA
2018-01-16,MCD,-0.06651862848132718,0.01358084115328227,ARIMA
2018-01-16,MMM,-0.055117859943947495,0.019810423067760794,ARIMA
2018-01-16,MSFT,0.0025637164544872,0.021030881338762065,ARIMA
2018-01-16,NEM,-0.07215728554460431,-0.00029903105609850323,ARIMA
2018-01-16,PFE,-0.035553803183985405,-0.00011000742304128025,ARIMA
2018-01-16,PG,-0.0872695565913116,0.006518856485969584,ARIMA
2018-01-16,UNH,-0.008786007224984408,0.019102723928639084,ARIMA
2018-01-16,VZ,-0.034925766350536305,0.0,ARIMA
2018-01-16,WFC,-0.06957638285052371,0.012005566517899233,ARIMA
2018-01-16,XOM,-0.1270204280025484,0.0,ARIMA
2018-02-14,AAPL,0.08349131348047009,0.01663901746987638,ARIMA
2018-02-14,CAT,0.0038894721948635833,0.04044242214649971,ARIMA
2018-02-14,CVX,0.029917350166836606,0.0,ARIMA
2018-02-14,DUK,0.007440385184108297,0.0,ARIMA
2018-02-14,GS,0.04525027020565281,0.0,ARIMA
2018-02-14,HD,-0.025549110846670997,0.01849445605613478,ARIMA
2018-02-14,INTC,0.1348804965288684,0.012895113801316777,ARIMA
2018-02-14,JNJ,0.029956299971921996,0.012823709097877953,ARIMA
2018-02-14,JPM,0.02468608266546536,0.015975637272116146,ARIMA
2018-02-14,KO,-0.003048040323359404,0.0,ARIMA
2018-02-14,MCD,0.0014304235395468032,0.011356864781831988,ARIMA
2018-02-14,MMM,0.0251855194631065,0.012957840026540343,ARIMA
2018-02-14,MSFT,0.0519752421480419,0.02171412598609376,ARIMA
2018-02-14,NEM,0.011413071406515606,0.0005909098438366357,ARIMA
2018-02-14,PFE,0.04586958538680662,0.0003043677123295339,ARIMA
2018-02-14,PG,-0.035340690940038194,0.0,ARIMA
2018-02-14,UNH,0.0157585685395788,0.035929229940144296,ARIMA
2018-02-14,VZ,-0.0363974208139383,0.0,ARIMA
2018-02-14,WFC,-0.020378780067695695,0.010533849542292879,ARIMA
2018-02-14,XOM,-0.024948351263704406,0.0,ARIMA
2018-03-16,AAPL,-0.015967685129493994,0.01938959268881621,ARIMA
2018-03-16,CAT,-0.015846236628203593,0.0,ARIMA
2018-03-16,CVX,0.0433451302765107,0.0,ARIMA
2018-03-16,DUK,0.0157728996465143,0.0,ARIMA
2018-03-16,GS,-0.0332926450475477,0.0,ARIMA
2018-03-16,HD,-0.02065347500320901,0.016028921599797533,ARIMA
2018-03-16,INTC,0.0294365823692543,0.019335709113680086,ARIMA
2018-03-16,JNJ,-0.0098180260248096,0.011382999583887101,ARIMA
2018-03-16,JPM,-0.0395708750905702,0.015767865775694934,ARIMA
2018-03-16,KO,0.022864697338915302,0.015400733209371974,ARIMA
2018-03-16,MCD,0.000123485918206396,0.00908828260854726,ARIMA
2018-03-16,MMM,-0.08016320316386179,0.015353864032719457,ARIMA
2018-03-16,MSFT,-0.00010634617056178367,0.023281168960699403,ARIMA
2018-03-16,NEM,0.10450224266945121,0.0,ARIMA
2018-03-16,PFE,-0.001368033663099997,-0.0022837473851992363,ARIMA
2018-03-16,PG,-0.0007632006328404974,0.0,ARIMA
2018-03-16,UNH,0.0036539682444578954,0.029284371988304508,ARIMA
2018-03-16,VZ,0.014572533851542304,0.0,ARIMA
2018-03-16,WFC,-0.11216798910481712,0.0,ARIMA
2018-03-16,XOM,0.0538833824956466,0.0,ARIMA
2018-04-17,AAPL,0.0624974294240006,0.01957035946948133,ARIMA
2018-04-17,CAT,0.007975847304440797,0.012882546033564236,ARIMA
2018-04-17,CVX,0.0722245536295763,0.0,ARIMA
2018-04-17,DUK,-0.013300083645539501,0.0,ARIMA
2018-04-17,GS,-0.06537620483679699,0.0,ARIMA
2018-04-17,HD,0.0748121357644989,0.015379790076452161,ARIMA
2018-04-17,INTC,0.0343495424336927,0.015987485842288204,ARIMA
2018-04-17,JNJ,-0.0516288937699663,0.010108872618496259,ARIMA
2018-04-17,JPM,0.025265375265416806,0.016039199682855124,ARIMA
2018-04-17,KO,-0.06854572688685019,0.0,ARIMA
2018-04-17,MCD,0.008808632170006998,0.010340697099125449,ARIMA
2018-04-17,MMM,-0.07282217249453041,0.011017882264579065,ARIMA
2018-04-17,MSFT,0.03290294763762209,0.011512695457259714,ARIMA
2018-04-17,NEM,-0.04721006328523679,-0.0018176201230418131,ARIMA
2018-04-17,PFE,-0.013548647992989507,-0.004569504177546652,ARIMA
2018-04-17,PG,-0.06551362359668528,0.0,ARIMA
2018-04-17,UNH,0.039083675984265806,0.019691427987034014,ARIMA
2018-04-17,VZ,-0.012476346695066596,0.0,ARIMA
2018-04-17,WFC,0.08238167961590391,0.0,ARIMA
2018-04-17,XOM,0.05063176018842369,0.0,ARIMA
2018-05-16,AAPL,0.023116050752353293,0.01957516459089623,ARIMA
2018-05-16,CAT,0.0035975218498577963,0.0,ARIMA
2018-05-16,CVX,-0.016528938729596196,0.0,ARIMA
2018-05-16,DUK,-0.034380047543133604,0.0,ARIMA
2018-05-16,GS,-0.029763648430645086,0.0,ARIMA
2018-05-16,HD,0.0659135365643889,0.01738156136836885,ARIMA
2018-05-16,INTC,0.029602202943823895,0.016605612593478297,ARIMA
2018-05-16,JNJ,-0.0145878546005217,0.009024710221365447,ARIMA
2018-05-16,JPM,-0.045244173345957,0.015679100525015886,ARIMA
2018-05-16,KO,0.05248447435147689,0.0,ARIMA
2018-05-16,MCD,0.030506707213121903,0.011714599304062205,ARIMA
2018-05-16,MMM,0.012825256834762997,0.011515696493674395,ARIMA
2018-05-16,MSFT,0.0455905950074689,0.010851101374446104,ARIMA
2018-05-16,NEM,-0.0052597786451564,-0.00015424157190973965,ARIMA
2018-05-16,PFE,0.0130827495649771,-0.0022013423921953606,ARIMA
2018-05-16,PG,0.040827632190838195,0.0,ARIMA
2018-05-16,UNH,0.06400340748852519,0.01895373934803854,ARIMA
2018-05-16,VZ,0.0006275311590912044,0.0,ARIMA
2018-05-16,WFC,-0.0001827997469946033,0.0,ARIMA
2018-05-16,XOM,0.00122186046595559,0.0,ARIMA
2018-06-15,AAPL,0.0005764555174171977,0.02025974961648929,ARIMA
2018-06-15,CAT,-0.1035190226405277,0.0,ARIMA
2018-06-15,CVX,-0.028299765715763,0.0,ARIMA
2018-06-15,DUK,0.09498864872262071,0.0,ARIMA
2018-06-15,GS,-0.009503784133157788,0.0,ARIMA
2018-06-15,HD,-0.003964134738275197,0.01836788463903298,ARIMA
2018-06-15,INTC,-0.06566771056841039,0.017939204916592053,ARIMA
2018-06-15,JNJ,0.018454418595111193,0.008255376173762218,ARIMA
2018-06-15,JPM,0.028749867610827966,0.013666455683398367,ARIMA
2018-06-15,KO,0.026046001017732894,0.0,ARIMA
2018-06-15,MCD,-0.0507734452686415,0.009103078777254095,ARIMA
2018-06-15,MMM,-0.012452650178913905,0.012262779596606942,ARIMA
2018-06-15,MSFT,0.033832715019041504,0.007410208496955102,ARIMA
2018-06-15,NEM,-0.07034337830909128,0.0,ARIMA
2018-06-15,PFE,0.033182602055345595,0.006793473357813597,ARIMA
2018-06-15,PG,0.04553216044726931,0.0,ARIMA
2018-06-15,UNH,0.009972416370159998,0.010885085062448965,ARIMA
2018-06-15,VZ,0.0874109179066402,0.0,ARIMA
2018-06-15,WFC,0.04028141962485379,0.0,ARIMA
2018-06-15,XOM,0.007300629435466603,0.0,ARIMA
2018-07-17,AAPL,0.09761482666261069,0.02059829945634343,ARIMA
2018-07-17,CAT,-0.0170384422442875,0.0,ARIMA
2018-07-17,CVX,-0.0032578330541744027,0.0,ARIMA
2018-07-17,DUK,0.0054322308971162005,0.0,ARIMA
2018-07-17,GS,-0.008156461538644601,0.0,ARIMA
2018-07-17,HD,-0.0294934722623926,0.016631824109568438,ARIMA
2018-07-17,INTC,-0.07167492176755161,0.014268385941359187,ARIMA
2018-07-17,JNJ,0.03785029570886979,0.00935992335935425,ARIMA
2018-07-17,JPM,0.03614458163564491,0.013804460504530257,ARIMA
2018-07-17,KO,0.025602678501946204,0.0,ARIMA
2018-07-17,MCD,0.011397326912980902,0.011100785880298942,ARIMA
2018-07-17,MMM,-0.002938250743170304,0.01505195787695306,ARIMA
2018-07-17,MSFT,0.0433695940846055,0.0043242330053134504,ARIMA
2018-07-17,NEM,-0.07271798895099629,-0.001138969708553441,ARIMA
2018-07-17,PFE,0.0938164526396963,0.003134121385374963,ARIMA
2018-07-17,PG,0.031169759649521293,0.0,ARIMA
2018-07-17,UNH,0.024979147436423592,0.017980261450057686,ARIMA
2018-07-17,VZ,0.024508259781473397,0.0,ARIMA
2018-07-17,WFC,0.026064409546122394,0.0,ARIMA
2018-07-17,XOM,-0.041740332223291994,-0.010445277136682049,ARIMA
2018-08-15,AAPL,0.07643153936546743,0.019853629732098758,ARIMA
2018-08-15,CAT,0.0757686363741662,0.0,ARIMA
2018-08-15,CVX,-0.043049073957209104,0.0,ARIMA
2018-08-15,DUK,0.02278615059953781,0.0,ARIMA
2018-08-15,GS,-0.0020659403909995995,0.0,ARIMA
2018-08-15,HD,0.08638955458243282,0.017931655267971185,ARIMA
2018-08-15,INTC,-0.05444826727988031,0.014353462172349379,ARIMA
2018-08-15,JNJ,0.083817852223671,0.008325890829992527,ARIMA
2018-08-15,JPM,-0.0099049576495552,0.01459005740164093,ARIMA
2018-08-15,KO,0.007161972893931099,0.0,ARIMA
2018-08-15,MCD,0.017368781325689,0.008150073191076183,ARIMA
2018-08-15,MMM,0.048340045830826316,0.009317874080003417,ARIMA
2018-08-15,MSFT,0.03395964240800391,0.008452879803823386,ARIMA
2018-08-15,NEM,-0.1113542122071773,0.0006285028709543488,ARIMA
2018-08-15,PFE,0.051232115120510395,-0.0013155623244181236,ARIMA
2018-08-15,PG,0.025978562404524605,0.0,ARIMA
2018-08-15,UNH,0.0109682576140279,0.016134115682884285,ARIMA
2018-08-15,VZ,0.0384055465670098,0.0,ARIMA
2018-08-15,WFC,-0.0543159949115877,0.0,ARIMA
2018-08-15,XOM,0.049938403873914294,0.0,ARIMA
2018-09-14,AAPL,-0.019174895001124,0.021712284642490698,ARIMA
2018-09-14,CAT,-0.02413064636175969,0.0,ARIMA
2018-09-14,CVX,0.012560557662755788,0.0,ARIMA
2018-09-14,DUK,-0.026645290395328702,0.0,ARIMA
2018-09-14,GS,-0.06542389613900121,0.0,ARIMA
2018-09-14,HD,-0.08454489778171582,0.020152620105370146,ARIMA
2018-09-14,INTC,-0.015257038186674302,0.01344389389441302,ARIMA
2018-09-14,JNJ,-0.0439874665839373,0.009965330351792631,ARIMA
2018-09-14,JPM,-0.0526394297560459,0.015066494743785302,ARIMA
2018-09-14,KO,-0.025412823466157197,0.0,ARIMA
2018-09-14,MCD,0.008705885819649595,0.012844539404375091,ARIMA
2018-09-14,MMM,-0.05314572482935899,0.012113059327623077,ARIMA
2018-09-14,MSFT,-0.030027947247847797,0.00835904150550713,ARIMA
2018-09-14,NEM,0.058481119127210796,-0.005477432405553302,ARIMA
2018-09-14,PFE,0.021471183029561497,0.004832061894193875,ARIMA
2018-09-14,PG,-0.054040661239267006,0.0,ARIMA
2018-09-14,UNH,-0.022396841480236705,0.02400278266536066,ARIMA
2018-09-14,VZ,-0.0112501558861706,0.0,ARIMA
2018-09-14,WFC,-0.053976127422523196,0.0,ARIMA
2018-09-14,XOM,-0.011484240819396417,0.0,ARIMA
2018-10-15,AAPL,-0.13095542910935826,0.020697976687504942,ARIMA
2018-10-15,CAT,-0.12165328861602831,0.0,ARIMA
2018-10-15,CVX,-0.0032320270843111017,0.0,ARIMA
2018-10-15,DUK,0.071515274204867,0.0,ARIMA
2018-10-15,GS,-0.03724932343181852,0.0,ARIMA
2018-10-15,HD,-0.0701550574313766,0.018335959616538413,ARIMA
2018-10-15,INTC,0.0449540002571861,0.010347960987833653,ARIMA
2018-10-15,JNJ,0.0841312842081594,0.009068336975858262,ARIMA
2018-10-15,JPM,0.018527681362741903,0.013980918798921589,ARIMA
2018-10-15,KO,0.10989339585376581,0.013522269687736099,ARIMA
2018-10-15,MCD,0.1181761174802342,0.015425876666869117,ARIMA
2018-10-15,MMM,-0.006020780297930101,0.007584750156066365,ARIMA
2018-10-15,MSFT,-0.024950186358385893,0.031097228750831322,ARIMA
2018-10-15,NEM,-0.016045705368298316,-0.0015394474061313657,ARIMA
2018-10-15,PFE,0.015196718920932998,0.013289684688261574,ARIMA
2018-10-15,PG,0.16795905000502542,0.0,ARIMA
2018-10-15,UNH,0.04801778821188211,0.039660258393997096,ARIMA
2018-10-15,VZ,0.08880882837542399,0.0,ARIMA
2018-10-15,WFC,0.012652806763329104,0.0,ARIMA
2018-10-15,XOM,-0.009143674103987092,0.0,ARIMA
2018-11-13,AAPL,-0.1273629835717889,0.017553751665284646,ARIMA
2018-11-13,CAT,0.007174228316448384,0.0,ARIMA
2018-11-13,CVX,-0.002703178130888808,0.0,ARIMA
2018-11-13,DUK,0.0671396009215412,0.0006779675794546647,ARIMA
2018-11-13,GS,-0.15404791208895058,0.0,ARIMA
2018-11-13,HD,-0.025513282882381815,0.018182003901065648,ARIMA
2018-11-13,INTC,0.0345515722576035,0.012734025388368164,ARIMA
2018-11-13,JNJ,0.021478160043316003,0.009032951298704382,ARIMA
2018-11-13,JPM,-0.0745808263935032,0.013792540091256862,ARIMA
2018-11-13,KO,-0.00017652173060879808,-0.0006576493066396467,ARIMA
2018-11-13,MCD,0.01725929140816469,0.009756494835388265,ARIMA
2018-11-13,MMM,0.0323100727891164,0.009260673313343171,ARIMA
2018-11-13,MSFT,0.0281655256771767,0.04116332507795797,ARIMA
2018-11-13,NEM,0.0807489690792887,0.0011994986446792612,ARIMA
2018-11-13,PFE,0.010374507920136996,0.004596637094298249,ARIMA
2018-11-13,PG,0.040070602645593395,0.0,ARIMA
2018-11-13,UNH,0.0023455900091570734,0.019867883959527703,ARIMA
2018-11-13,VZ,-0.028151481982298898,0.0,ARIMA
2018-11-13,WFC,-0.10716624655117192,0.0,ARIMA
2018-11-13,XOM,-0.036353936966392816,0.0,ARIMA
2018-12-14,AAPL,-0.1104755171011536,0.011704405342947768,ARIMA
2018-12-14,CAT,0.037340095966507794,0.0,ARIMA
2018-12-14,CVX,-0.03350319538873418,0.0,ARIMA
2018-12-14,DUK,-0.065463098618014,0.008352784855696807,ARIMA
2018-12-14,GS,0.022427480791327496,0.0,ARIMA
2018-12-14,HD,0.014843196490593888,0.014365265772745975,ARIMA
2018-12-14,INTC,0.006398932527207412,0.013567683707078988,ARIMA
2018-12-14,JNJ,-0.1335313208288629,0.009843741847120618,ARIMA
2018-12-14,JPM,0.01361063811248798,0.011953412954522579,ARIMA
2018-12-14,KO,-0.039164196033671515,0.0002581932746032681,ARIMA
2018-12-14,MCD,-0.02944822216098791,0.011957552635215314,ARIMA
2018-12-14,MMM,-0.06748141932861379,0.009872017079422004,ARIMA
2018-12-14,MSFT,-0.041412108254788,0.01903417793506955,ARIMA
2018-12-14,NEM,-0.0929042171207959,-0.0011947884395570071,ARIMA
2018-12-14,PFE,-0.042159750343961896,0.008280888585151162,ARIMA
2018-12-14,PG,-0.04754193145220739,0.0,ARIMA
2018-12-14,UNH,-0.0577832665831982,0.027134022838767907,ARIMA
2018-12-14,VZ,0.02791929229130191,0.0,ARIMA
2018-12-14,WFC,0.013516506745006002,0.0,ARIMA
2018-12-14,XOM,-0.07147330083788359,0.0,ARIMA
2019-01-16,AAPL,0.11387746122492039,0.013062608054068944,ARIMA
2019-01-16,CAT,0.021072273130664284,0.0,ARIMA
2019-01-16,CVX,0.0624722994979902,0.0,ARIMA
2019-01-16,DUK,0.041404510471169796,0.0,ARIMA
2019-01-16,GS,0.0677949175821072,0.0,ARIMA
2019-01-16,HD,0.061747115421685594,0.015554957522282184,ARIMA
2019-01-16,INTC,0.050788282256042996,0.010018066872638844,ARIMA
2019-01-16,JNJ,0.0375512615083242,-0.0006491874219116111,ARIMA
2019-01-16,JPM,0.007251359452253099,0.01159400189111214,ARIMA
2019-01-16,KO,-0.0425142134405917,0.0,ARIMA
2019-01-16,MCD,-0.028862477475673002,0.012560699542978034,ARIMA
2019-01-16,MMM,0.08812869634112187,0.0,ARIMA
2019-01-16,MSFT,0.017838071129619687,0.015089713834952192,ARIMA
2019-01-16,NEM,0.0652030222603659,0.005748387669246864,ARIMA
2019-01-16,PFE,-0.009250496408752393,0.011631810851190822,ARIMA
2019-01-16,PG,0.0756310617139613,-0.0006417110204567896,ARIMA
2019-01-16,UNH,0.03240416183901029,0.02317645872837354,ARIMA
2019-01-16,VZ,-0.07262618036848409,0.0,ARIMA
2019-01-16,WFC,0.0266982783783557,0.0,ARIMA
2019-01-16,XOM,0.07324835616562748,0.0,ARIMA
2019-02-15,AAPL,0.0960548266831279,0.014855192067733856,ARIMA
2019-02-15,CAT,0.011098367198176695,0.0,ARIMA
2019-02-15,CVX,0.06328929504716191,0.0,ARIMA
2019-02-15,DUK,0.025187099011412903,0.0,ARIMA
2019-02-15,GS,0.0543701762807207,0.0,ARIMA
2019-02-15,HD,-0.015700837061553594,0.015802958324365474,ARIMA
2019-02-15,INTC,0.062741095875047,0.016582868596586385,ARIMA
2019-02-15,JNJ,0.027680950922878197,0.00943878568430066,ARIMA
2019-02-15,JPM,0.0455210732694298,0.011766925962621282,ARIMA
2019-02-15,KO,0.004736096801477994,0.0,ARIMA
2019-02-15,MCD,0.0512652964485744,0.014163372120922387,ARIMA
2019-02-15,MMM,0.0172225181206094,0.009631335585150119,ARIMA
2019-02-15,MSFT,0.0994018549208906,0.017799226405438368,ARIMA
2019-02-15,NEM,0.0007383909577907835,0.0007021499970571174,ARIMA
2019-02-15,PFE,-0.0038196341113252005,0.008020238583478188,ARIMA
2019-02-15,PG,0.030507168096063603,0.0,ARIMA
2019-02-15,UNH,-0.0359011586518488,0.02530870965202957,ARIMA
2019-02-15,VZ,0.0721096973317108,0.0,ARIMA
2019-02-15,WFC,0.0640616001736902,0.0,ARIMA
2019-02-15,XOM,0.0611564058031361,0.0015631855950736424,ARIMA
2019-03-19,AAPL,0.0580119168281142,0.016809053890315007,ARIMA
2019-03-19,CAT,0.0574523609306028,0.0,ARIMA
2019-03-19,CVX,-0.03813443747646641,0.0,ARIMA
2019-03-19,DUK,-0.0108291014816973,-0.00020323047597657485,ARIMA
2019-03-19,GS,-0.0031167149209589025,0.0,ARIMA
2019-03-19,HD,0.1086428375936739,0.015387655492493468,ARIMA
2019-03-19,INTC,0.047116227900118206,0.014644535959795646,ARIMA
2019-03-19,JNJ,0.00617763716369849,0.008632265055033742,ARIMA
2019-03-19,JPM,0.0434504882039574,0.012735557323576934,ARIMA
2019-03-19,KO,0.033350970930787,0.0,ARIMA
2019-03-19,MCD,0.041267763134269005,0.011658783014048182,ARIMA
2019-03-19,MMM,0.03954524701707151,0.009996509305616075,ARIMA
2019-03-19,MSFT,0.026853959417703792,0.005537928866609544,ARIMA
2019-03-19,NEM,0.0774530730615374,-0.0012619610898701407,ARIMA
2019-03-19,PFE,-0.021516624159137805,0.01014049357705838,ARIMA
2019-03-19,PG,0.047236090490125525,0.0,ARIMA
2019-03-19,UNH,-0.1432818337995796,0.02690871085413369,ARIMA
2019-03-19,VZ,0.022572972311823397,0.0,ARIMA
2019-03-19,WFC,-0.08215504217925729,0.0,ARIMA
2019-03-19,XOM,0.0014788000037581003,0.0,ARIMA
2019-04-17,AAPL,-0.04327160140858669,0.017871808601330558,ARIMA
2019-04-17,CAT,-0.10888381688751357,0.0,ARIMA
2019-04-17,CVX,0.006732420295069897,0.0,ARIMA
2019-04-17,DUK,-0.021762846403739197,0.0,ARIMA
2019-04-17,GS,-0.013466979630652203,0.0,ARIMA
2019-04-17,HD,-0.060948720146724915,0.01792384088116516,ARIMA
2019-04-17,INTC,-0.213473617253382,0.014953346103053825,ARIMA
2019-04-17,JNJ,0.0013753772405610976,0.007974775294808313,ARIMA
2019-04-17,JPM,0.0018883059166215702,0.013903854579573669,ARIMA
2019-04-17,KO,0.054504337594937495,0.0035418644433696522,ARIMA
2019-04-17,MCD,0.042335795002499954,0.0118317236590809,ARIMA
2019-04-17,MMM,-0.2330468508838432,0.010234753682950674,ARIMA
2019-04-17,MSFT,0.06907636864934005,0.0076657032635512636,ARIMA
2019-04-17,NEM,-0.12996548312941664,0.0037748589261595196,ARIMA
2019-04-17,PFE,0.026272345025762707,0.018945510093778324,ARIMA
2019-04-17,PG,0.022790630984850103,0.0,ARIMA
2019-04-17,UNH,0.0691919568033859,0.06252828155197677,ARIMA
2019-04-17,VZ,-0.0242758283102896,0.0,ARIMA
2019-04-17,WFC,-0.02779673027681531,0.0,ARIMA
2019-04-17,XOM,-0.05005890455865339,-0.013497164466814418,ARIMA
2019-05-17,AAPL,0.01984607293336671,0.014897688534202418,ARIMA
2019-05-17,CAT,0.0055921396800683,0.0,ARIMA
2019-05-17,CVX,0.004872304474335099,0.0,ARIMA
2019-05-17,DUK,0.0196343303069818,0.0,ARIMA
2019-05-17,GS,-0.03812814581002891,0.0,ARIMA
2019-05-17,HD,0.08013932859738382,0.017112853892201678,ARIMA
2019-05-17,INTC,0.013092022126941204,0.003433258360780834,ARIMA
2019-05-17,JNJ,0.015679428352724088,9.740243384731219e-05,ARIMA
2019-05-17,JPM,-0.018954851668050703,0.01411827408747159,ARIMA
2019-05-17,KO,0.03346172981662641,0.0,ARIMA
2019-05-17,MCD,0.024759796508687898,0.012177327193353751,ARIMA
2019-05-17,MMM,-0.02119435439577459,0.0,ARIMA
2019-05-17,MSFT,0.029951380718920388,-0.0002023555748695675,ARIMA
2019-05-17,NEM,0.1743297356140222,-0.0009362819322339645,ARIMA
2019-05-17,PFE,0.0293444247031208,0.00318820904124244,ARIMA
2019-05-17,PG,0.026290701238705305,0.0,ARIMA
2019-05-17,UNH,0.042454501696883695,0.024876308428128675,ARIMA
2019-05-17,VZ,0.004347488427687302,0.0,ARIMA
2019-05-17,WFC,-0.013820595979271998,0.0,ARIMA
2019-05-17,XOM,-0.016771517290506098,0.0,ARIMA
2019-06-18,AAPL,0.0476378434402529,0.01400876444210541,ARIMA
2019-06-18,CAT,0.06396412173202,0.0,ARIMA
2019-06-18,CVX,0.022401418262610155,0.0,ARIMA
2019-06-18,DUK,0.01343957494766059,0.0,ARIMA
2019-06-18,GS,0.11131671700436249,0.0,ARIMA
2019-06-18,HD,0.04084909676048619,0.0179258126255921,ARIMA
2019-06-18,INTC,0.06828444082105059,-0.0006134670154636188,ARIMA
2019-06-18,JNJ,-0.05589355280346891,-0.0002593094785294323,ARIMA
2019-06-18,JPM,0.04980103635297469,0.013000294763930316,ARIMA
2019-06-18,KO,0.025425855479911105,-0.00897115485904764,ARIMA
2019-06-18,MCD,0.0474320600608213,0.013601738099899036,ARIMA
2019-06-18,MMM,0.04622319791426559,0.0,ARIMA
2019-06-18,MSFT,0.025417340323791303,0.002449825198249286,ARIMA
2019-06-18,NEM,0.0754872783605083,-0.0038623756963014613,ARIMA
2019-06-18,PFE,-0.0032704642079371964,0.0,ARIMA
2019-06-18,PG,0.0436327318473085,0.008206804425270888,ARIMA
2019-06-18,UNH,0.08072751131772302,0.0180251768448617,ARIMA
2019-06-18,VZ,0.0033310438275240026,0.0,ARIMA
2019-06-18,WFC,-0.0013262831948719013,0.0,ARIMA
2019-06-18,XOM,0.00518026420102451,0.0,ARIMA
2019-07-18,AAPL,-0.004156701914160898,0.014080924654051337,ARIMA
2019-07-18,CAT,-0.15589881339350312,0.0,ARIMA
2019-07-18,CVX,-0.059663528491997284,0.0,ARIMA
2019-07-18,DUK,0.012267025906143404,0.0,ARIMA
2019-07-18,GS,-0.08366736247930759,0.0,ARIMA
2019-07-18,HD,-0.06624374617260229,0.018737408840756337,ARIMA
2019-07-18,INTC,-0.07092054939305532,-0.0005068673323917671,ARIMA
2019-07-18,JNJ,-0.010061039524214303,0.002017473113318833,ARIMA
2019-07-18,JPM,-0.08024741472889943,0.013358627234767117,ARIMA
2019-07-18,KO,0.03187447161897359,-0.0030209603208427183,ARIMA
2019-07-18,MCD,0.0211125460418993,0.01380689727480354,ARIMA
2019-07-18,MMM,-0.0985634365626472,-0.0019312073351674772,ARIMA
2019-07-18,MSFT,-0.015865050592197998,0.010380003569640221,ARIMA
2019-07-18,NEM,-0.013921311674095797,0.00017900400472039264,ARIMA
2019-07-18,PFE,-0.2054438390516001,0.013358414245767222,ARIMA
2019-07-18,PG,0.018884158266704407,0.008598393170230685,ARIMA
2019-07-18,UNH,-0.08774477057509791,-0.0003794700940679542,ARIMA
2019-07-18,VZ,-0.01620911628900859,0.0,ARIMA
2019-07-18,WFC,-0.0301243828975239,0.0,ARIMA
2019-07-18,XOM,-0.10309322547487139,0.0,ARIMA
2019-08-16,AAPL,0.08619301398586297,0.013596561393272187,ARIMA
2019-08-16,CAT,0.1443726638965814,0.0,ARIMA
2019-08-16,CVX,0.06972971010921619,0.0,ARIMA
2019-08-16,DUK,0.0421115497952186,-0.0005587979965317176,ARIMA
2019-08-16,GS,0.10813496453664018,0.0,ARIMA
2019-08-16,HD,0.1412348915847523,0.018847543175582408,ARIMA
2019-08-16,INTC,0.1329841003790931,-0.00015748204304251185,ARIMA
2019-08-16,JNJ,-0.00022493836404610494,0.0006049920356364913,ARIMA
2019-08-16,JPM,0.12460425324550187,0.012470519232281804,ARIMA
2019-08-16,KO,0.008953965589911397,0.00016230210873940422,ARIMA
2019-08-16,MCD,-0.0458096922036394,0.015376926687704602,ARIMA
2019-08-16,MMM,0.0786291531234257,0.0,ARIMA
2019-08-16,MSFT,0.0196293454014813,0.026763769563909915,ARIMA
2019-08-16,NEM,0.0026364338735162998,0.0003157141298419404,ARIMA
2019-08-16,PFE,0.0659333911323669,0.0003567540461089564,ARIMA
2019-08-16,PG,0.019904400189883105,0.00873545937583104,ARIMA
2019-08-16,UNH,-0.03633073921701121,0.03320838274016992,ARIMA
2019-08-16,VZ,0.05528192181897479,0.0,ARIMA
2019-08-16,WFC,0.12141340155154359,0.0,ARIMA
2019-08-16,XOM,0.0919925542500165,0.0,ARIMA
2019-09-17,AAPL,0.0677732080147279,0.014292264891247377,ARIMA
2019-09-17,CAT,-0.016050070251571204,0.0,ARIMA
2019-09-17,CVX,-0.06498970982942781,0.0,ARIMA
2019-09-17,DUK,0.0199878095094872,0.0008744378497276508,ARIMA
2019-09-17,GS,-0.05080408550328692,0.0,ARIMA
2019-09-17,HD,0.019846090117266194,0.01778182508400021,ARIMA
2019-09-17,INTC,0.008583807770447606,0.0008574931477524984,ARIMA
2019-09-17,JNJ,0.025155810844026596,0.00035083794191362804,ARIMA
2019-09-17,JPM,0.014669827689507597,0.013601960741574493,ARIMA
2019-09-17,KO,-0.008374304742629197,0.007566052186834828,ARIMA
2019-09-17,MCD,-0.0008682558170596934,0.02478668326844976,ARIMA
2019-09-17,MMM,-0.04022788638053962,0.0,ARIMA
2019-09-17,MSFT,0.0377163033633407,0.02488298954119953,ARIMA
2019-09-17,NEM,-0.0207436190984445,0.003172986170777515,ARIMA
2019-09-17,PFE,-0.009000301177238896,0.0,ARIMA
2019-09-17,PG,-0.021524386180106297,0.00870701930358259,ARIMA
2019-09-17,UNH,0.017589732416247894,0.021323240774004687,ARIMA
2019-09-17,VZ,0.027844592396431795,0.0,ARIMA
2019-09-17,WFC,0.0228086802223742,0.0,ARIMA
2019-09-17,XOM,-0.06023471368148281,0.002877236320134811,ARIMA
2019-10-16,AAPL,0.11977957670379101,0.01572791536629791,ARIMA
2019-10-16,CAT,0.10561345054031591,0.0,ARIMA
2019-10-16,CVX,0.050054434222590295,0.0,ARIMA
2019-10-16,DUK,-0.07053554476360069,0.0,ARIMA
2019-10-16,GS,0.06042524769641129,0.0,ARIMA
2019-10-16,HD,-0.0034863812240451975,0.017785634841278156,ARIMA
2019-10-16,INTC,0.1003669525174581,-0.0028888025380866735,ARIMA
2019-10-16,JNJ,-0.011889058382027397,-0.00017936912529895076,ARIMA
2019-10-16,JPM,0.06861493823326321,0.01426198686201476,ARIMA
2019-10-16,KO,-0.02077121021277,0.010610949590453165,ARIMA
2019-10-16,MCD,-0.06078149485123822,0.021338660531597047,ARIMA
2019-10-16,MMM,0.04540067350461271,0.0,ARIMA
2019-10-16,MSFT,0.03974475165155301,0.015541737785976352,ARIMA
2019-10-16,NEM,-0.008526628196432101,-0.00033907435144648435,ARIMA
2019-10-16,PFE,0.012353980584977603,0.00048696185457317026,ARIMA
2019-10-16,PG,0.03537936732948121,0.008326276650791374,ARIMA
2019-10-16,UNH,0.060893302764432285,0.018717547172861088,ARIMA
2019-10-16,VZ,-0.0190068094661352,0.0003292003170457545,ARIMA
2019-10-16,WFC,0.0710528597723403,0.0,ARIMA
2019-10-16,XOM,0.0030165355529689856,0.0,ARIMA
2019-11-14,AAPL,0.039588266752017605,0.01607743970597103,ARIMA
2019-11-14,CAT,0.007171820568935507,0.0,ARIMA
2019-11-14,CVX,-0.026162696882892307,0.0,ARIMA
2019-11-14,DUK,0.028310768556502695,-0.0005652329586530367,ARIMA
2019-11-14,GS,0.031190828058697002,0.0,ARIMA
2019-11-14,HD,-0.0860089806816928,0.01639517970746361,ARIMA
2019-11-14,INTC,-0.0017286453478062899,-0.002609920577371546,ARIMA
2019-11-14,JNJ,0.0810993778917172,-0.0001722876271978577,ARIMA
2019-11-14,JPM,0.06281969162278339,0.014510179163443417,ARIMA
2019-11-14,KO,0.04507615632189991,0.013305373524103806,ARIMA
2019-11-14,MCD,0.017201286468368795,0.014079445182193418,ARIMA
2019-11-14,MMM,-0.0017524597904767995,0.0,ARIMA
2019-11-14,MSFT,0.05124589476322461,0.01555923088542742,ARIMA
2019-11-14,NEM,0.10331352057758698,-0.00025069843142391725,ARIMA
2019-11-14,PFE,0.04618463794000501,-0.0006021009517195084,ARIMA
2019-11-14,PG,0.039172957621929294,0.0,ARIMA
2019-11-14,UNH,0.1223689894689217,0.008109214873479658,ARIMA
2019-11-14,VZ,0.023291688141066403,0.0,ARIMA
2019-11-14,WFC,0.009338793771559295,0.0,ARIMA
2019-11-14,XOM,0.006230457837243405,0.0,ARIMA
2019-12-16,AAPL,0.12356921317406562,0.01644806307864294,ARIMA
2019-12-16,CAT,0.0002749886748188981,0.0,ARIMA
2019-12-16,CVX,-0.01563537169607075,0.0,ARIMA
2019-12-16,DUK,0.02618029983381,-0.00045126819522346386,ARIMA
2019-12-16,GS,0.08601458710625841,0.0,ARIMA
2019-12-16,HD,0.047926991358617985,0.014524429167757534,ARIMA
2019-12-16,INTC,0.019704051158978095,0.0011176284861415166,ARIMA
2019-12-16,JNJ,0.0390494912618699,1.5339723125125395e-05,ARIMA
2019-12-16,JPM,0.005741485647860898,0.01561975238159854,ARIMA
2019-12-16,KO,0.041042542292880596,0.0025612162520551834,ARIMA
2019-12-16,MCD,0.06219915482016711,0.013348719511083655,ARIMA
2019-12-16,MMM,0.06307841863475148,0.0,ARIMA
2019-12-16,MSFT,0.0544659320374307,0.01615239701428205,ARIMA
2019-12-16,NEM,0.0526002823587591,0.0,ARIMA
2019-12-16,PFE,0.059258019857573695,0.0,ARIMA
2019-12-16,PG,0.0038977795878135987,0.0,ARIMA
2019-12-16,UNH,0.0375718657259115,0.006273491752725376,ARIMA
2019-12-16,VZ,-0.018170211087697598,0.0,ARIMA
2019-12-16,WFC,-0.107241903998972,0.0,ARIMA
2019-12-16,XOM,-0.002024214887085398,0.0,ARIMA
2020-01-16,AAPL,0.045156338607613485,0.01871791793788342,ARIMA
2020-01-16,CAT,-0.04648592366858833,0.0,ARIMA
2020-01-16,CVX,-0.0418825640941584,-0.00021981452245849485,ARIMA
2020-01-16,DUK,0.10048602771200991,-8.460504586940324e-05,ARIMA
2020-01-16,GS,-0.03371727209650129,0.0,ARIMA
2020-01-16,HD,0.0871039645830816,0.01475779963898199,ARIMA
2020-01-16,INTC,0.1371069513306911,0.00040428645550461776,ARIMA
2020-01-16,JNJ,0.0210009309590797,-0.000215395090570722,ARIMA
2020-01-16,JPM,0.005398008163134597,0.016247648547653367,ARIMA
2020-01-16,KO,0.05573670709661839,-0.0016777467530625747,ARIMA
2020-01-16,MCD,0.034300111597322894,0.01173349317042238,ARIMA
2020-01-16,MMM,-0.10125263743837312,0.0,ARIMA
2020-01-16,MSFT,0.1273918638484224,-0.0007129410543334943,ARIMA
2020-01-16,NEM,0.012558750714585199,-0.0010781444207224847,ARIMA
2020-01-16,PFE,-0.0977415989786929,0.0,ARIMA
2020-01-16,PG,0.007351583783276201,0.0,ARIMA
2020-01-16,UNH,0.007964188622433295,0.012351968977742312,ARIMA
2020-01-16,VZ,-0.010033359165097601,1.8517076913320797e-05,ARIMA
2020-01-16,WFC,0.008541318721283291,0.0,ARIMA
2020-01-16,XOM,-0.11603600992704072,0.0,ARIMA
2020-02-18,AAPL,-0.25083531417423394,0.01711408242906099,ARIMA
2020-02-18,CAT,-0.32001312739456333,0.0,ARIMA
2020-02-18,CVX,-0.44290332103779273,0.0,ARIMA
2020-02-18,DUK,-0.16354161103724502,-0.0013591554972055967,ARIMA
2020-02-18,GS,-0.39547554921432915,0.0,ARIMA
2020-02-18,HD,-0.3377282583750208,0.01467621565019723,ARIMA
2020-02-18,INTC,-0.2950927952635767,-0.002534820285463089,ARIMA
2020-02-18,JNJ,-0.08816158148479138,0.009411250971277523,ARIMA
2020-02-18,JPM,-0.38259456278661186,0.016132111408728115,ARIMA
2020-02-18,KO,-0.230809041671176,0.0025493857134246643,ARIMA
2020-02-18,MCD,-0.37943192094117817,0.014826815680755093,ARIMA
2020-02-18,MMM,-0.18034837190388908,0.0,ARIMA
2020-02-18,MSFT,-0.23201488434879633,0.02102294599688553,ARIMA
2020-02-18,NEM,0.04132399466411499,7.208501208304031e-05,ARIMA
2020-02-18,PFE,-0.12686238890641288,0.0,ARIMA
2020-02-18,PG,-0.0646757810278557,0.007673766504672986,ARIMA
2020-02-18,UNH,-0.1973160228343841,0.0109768968739376,ARIMA
2020-02-18,VZ,-0.0744891012352472,2.120323356000776e-05,ARIMA
2020-02-18,WFC,-0.4869865324732716,0.0,ARIMA
2020-02-18,XOM,-0.49935018574915285,0.0,ARIMA
2020-03-18,AAPL,0.1255655860942326,0.009193124249599114,ARIMA
2020-03-18,CAT,0.12216460060039921,0.0008131426171564468,ARIMA
2020-03-18,CVX,0.12359726158897105,0.002392544738521773,ARIMA
2020-03-18,DUK,0.018319376652544617,-0.015991121588743593,ARIMA
2020-03-18,GS,0.10954917757889059,-0.004854175681330393,ARIMA
2020-03-18,HD,0.140582796069041,-0.018519660662637785,ARIMA
2020-03-18,INTC,0.19380361613185582,-0.01984641320037494,ARIMA
2020-03-18,JNJ,0.09144886604229559,-0.001244985732774638,ARIMA
2020-03-18,JPM,-0.060706824902307346,-0.013525027766601467,ARIMA
2020-03-18,KO,-0.001697092472514818,-0.004490613711967217,ARIMA
2020-03-18,MCD,0.19553354653406532,-0.12420072258550123,ARIMA
2020-03-18,MMM,0.07492582163476938,0.003721296077658788,ARIMA
2020-03-18,MSFT,0.18887254472249745,0.01361338400287208,ARIMA
2020-03-18,NEM,0.2683923512056383,-0.007717836630964508,ARIMA
2020-03-18,PFE,0.10945641231588851,-0.0035816745885671403,ARIMA
2020-03-18,PG,0.027197800431486903,-0.007332249108885239,ARIMA
2020-03-18,UNH,0.2004657882953202,0.040673292540123675,ARIMA
2020-03-18,VZ,0.0705524340050244,-0.005279620425601212,ARIMA
2020-03-18,WFC,-0.09703316347477911,-0.01774425376145902,ARIMA
2020-03-18,XOM,0.061630999790591626,-0.2911012322306092,ARIMA
2020-04-17,AAPL,0.0734595503215537,0.008470157437376892,ARIMA
2020-04-17,CAT,-0.038803498237345815,-0.00863120504566855,ARIMA
2020-04-17,CVX,0.1085310033574721,-0.015269065128244566,ARIMA
2020-04-17,DUK,-0.06426752680387308,-0.001005779016866832,ARIMA
2020-04-17,GS,-0.029637465937705405,0.0004314560032494418,ARIMA
2020-04-17,HD,0.1802764613405538,-0.003129685137801841,ARIMA
2020-04-17,INTC,-0.0365333413030761,-0.0056841690956257376,ARIMA
2020-04-17,JNJ,0.0051317677475446345,-0.0012501647912232193,ARIMA
2020-04-17,JPM,-0.016510158163236914,-0.008464335358205758,ARIMA
2020-04-17,KO,-0.08504455131597949,0.0014172014261266193,ARIMA
2020-04-17,MCD,-0.0322123769973933,0.009811818923081151,ARIMA
2020-04-17,MMM,-0.0438026807388385,-0.0029973824643638354,ARIMA
2020-04-17,MSFT,0.03398434714840539,0.02059717975117837,ARIMA
2020-04-17,NEM,0.1253595447140568,0.0002972537631465863,ARIMA
2020-04-17,PFE,0.060986731899833495,0.00013864737018701815,ARIMA
2020-04-17,PG,-0.0517323149788624,-0.004615101004328033,ARIMA
2020-04-17,UNH,-0.025349529752291385,0.007878530268533884,ARIMA
2020-04-17,VZ,-0.0525170874860892,-0.0013095819442356113,ARIMA
2020-04-17,WFC,-0.1206141360734102,-0.018946556764980128,ARIMA
2020-04-17,XOM,0.0894728486527444,-0.007019501664013604,ARIMA
2020-05-18,AAPL,0.1347006771115527,0.016536607665105174,ARIMA
2020-05-18,CAT,0.18698990692841008,0.0055261090246419,ARIMA
2020-05-18,CVX,0.0677553289450626,0.0026927901220390464,ARIMA
2020-05-18,DUK,0.06854125476339488,-0.0005009311156335487,ARIMA
2020-05-18,GS,0.2046465494520813,0.0018188226981351167,ARIMA
2020-05-18,HD,0.04937076343436347,0.018831919287741347,ARIMA
2020-05-18,INTC,0.03573010241275997,0.003957488710733701,ARIMA
2020-05-18,JNJ,-0.0336537485746621,-0.0016925282909448342,ARIMA
2020-05-18,JPM,0.17237728816290906,0.008848437160722183,ARIMA
2020-05-18,KO,0.0870576199198975,0.0019517083723498457,ARIMA
2020-05-18,MCD,0.0973893284963569,0.014395662692095912,ARIMA
2020-05-18,MMM,0.15073745578732617,-0.0017891458822632703,ARIMA
2020-05-18,MSFT,0.05806019720914789,0.02094463852073683,ARIMA
2020-05-18,NEM,-0.189292822501249,-0.0016600745000746786,ARIMA
2020-05-18,PFE,-0.12269423746011561,0.000244722195434536,ARIMA
2020-05-18,PG,0.03025047021500401,0.005178030982524001,ARIMA
2020-05-18,UNH,0.006986796483779614,0.019558259777807646,ARIMA
2020-05-18,VZ,0.0396001111651906,0.0018269244553591846,ARIMA
2020-05-18,WFC,0.1995803537263908,0.003847143180153375,ARIMA
2020-05-18,XOM,0.1376895111227707,0.0004238521552210338,ARIMA
2020-06-17,AAPL,0.0922118876497946,0.015790242396525076,ARIMA
2020-06-17,CAT,0.0629232993061808,-0.0011090201661260951,ARIMA
2020-06-17,CVX,-0.0621942149085108,0.0035227126238412585,ARIMA
2020-06-17,DUK,-0.07002039169647499,0.0014376697044355944,ARIMA
2020-06-17,GS,0.023948771552832693,0.003532086638830416,ARIMA
2020-06-17,HD,0.03200865192548576,0.017914433329452275,ARIMA
2020-06-17,INTC,-0.021081522806824595,0.0045133285534197844,ARIMA
2020-06-17,JNJ,0.0326200394007753,-0.0021289518083001976,ARIMA
2020-06-17,JPM,-0.010593587759763002,0.010040700704408373,ARIMA
2020-06-17,KO,-0.013345224965609309,-0.002483810887552099,ARIMA
2020-06-17,MCD,0.003147376144614097,0.015183398176832084,ARIMA
2020-06-17,MMM,0.0051845831482492605,0.0,ARIMA
2020-06-17,MSFT,0.05208843069231962,0.0239619856867052,ARIMA
2020-06-17,NEM,0.0953915627201417,0.0006723541835757401,ARIMA
2020-06-17,PFE,0.06378967610332938,-7.674474859101654e-05,ARIMA
2020-06-17,PG,0.05460621457261909,0.007074340943044495,ARIMA
2020-06-17,UNH,0.05146120583080881,0.015065429046324994,ARIMA
2020-06-17,VZ,-0.009064155883248095,-0.0010456193481618737,ARIMA
2020-06-17,WFC,-0.11349693706902332,-0.00018446478197217968,ARIMA
2020-06-17,XOM,-0.0848261017659365,-0.005497146958115025,ARIMA
2020-07-17,AAPL,0.17615286670150804,0.021293180387818047,ARIMA
2020-07-17,CAT,0.017514467536370495,-0.0004286543130089938,ARIMA
2020-07-17,CVX,0.022271634203800076,-0.0063607054042900775,ARIMA
2020-07-17,DUK,0.024744251249928774,-0.0008246588114168283,ARIMA
2020-07-17,GS,-0.031707997938225894,0.001449057102125083,ARIMA
2020-07-17,HD,0.0834823656581663,0.015652890212356538,ARIMA
2020-07-17,INTC,-0.18356618984454362,0.0009476503864982949,ARIMA
2020-07-17,JNJ,-0.006789868181707502,0.008156369176711292,ARIMA
2020-07-17,JPM,0.023714296199575397,0.01228491250746133,ARIMA
2020-07-17,KO,0.0486354635170113,0.001148905629138572,ARIMA
2020-07-17,MCD,0.0810094759357322,0.0143067365696629,ARIMA
2020-07-17,MMM,0.0342961972787438,0.0,ARIMA
2020-07-17,MSFT,0.024127960885188312,0.030854491202948153,ARIMA
2020-07-17,NEM,0.03668668855406861,0.001659309713954601,ARIMA
2020-07-17,PFE,0.07654433882543979,0.00019990440344332623,ARIMA
2020-07-17,PG,0.0859139495041744,0.00786419680964082,ARIMA
2020-07-17,UNH,0.0524809412587122,0.01571595403844623,ARIMA
2020-07-17,VZ,0.05255634538258401,0.006161356385560729,ARIMA
2020-07-17,WFC,-0.0021974128919122968,0.007308282659376457,ARIMA
2020-07-17,XOM,-0.005156481538535097,-0.0019302830858165506,ARIMA
2020-08-17,AAPL,0.005489390296927587,0.02457943819400323,ARIMA
2020-08-17,CAT,0.059901351342584196,0.01195743729278037,ARIMA
2020-08-17,CVX,-0.15404914131809996,0.001526080061515485,ARIMA
2020-08-17,DUK,0.027612869303474896,-0.0005307086030118626,ARIMA
2020-08-17,GS,-0.0430908458262476,-0.0018609711394174029,ARIMA
2020-08-17,HD,0.0230300140141921,0.01625799238753065,ARIMA
2020-08-17,INTC,0.0224500760491716,0.0006721372288357012,ARIMA
2020-08-17,JNJ,0.011008533211220296,-0.0001507107821877076,ARIMA
2020-08-17,JPM,-0.031040338881672305,-0.002033192229567378,ARIMA
2020-08-17,KO,0.060335371146122696,-0.0005773590143571052,ARIMA
2020-08-17,MCD,0.07731227919118551,0.015369550243904897,ARIMA
2020-08-17,MMM,0.011886568710185402,0.0,ARIMA
2020-08-17,MSFT,0.001839683898860401,0.028113800322203543,ARIMA
2020-08-17,NEM,0.06013986763513531,0.022511754548963217,ARIMA
2020-08-17,PFE,-0.029327704123371295,0.00017110868679727173,ARIMA
2020-08-17,PG,0.0257931125172821,0.011217777618709002,ARIMA
2020-08-17,UNH,-0.0481085004825779,0.016215884452516732,ARIMA
2020-08-17,VZ,0.03032323366084659,0.0002729370511667226,ARIMA
2020-08-17,WFC,-0.016740242760591183,-0.0015164816485751386,ARIMA
2020-08-17,XOM,-0.1748496314619471,0.001109975647806182,ARIMA
2020-09-16,AAPL,0.04774275996486941,0.029660698294149624,ARIMA
2020-09-16,CAT,0.09622776358616361,0.0,ARIMA
2020-09-16,CVX,-0.045553922541759405,-0.0005761172214719214,ARIMA
2020-09-16,DUK,0.09288515766309151,-0.0023335859587351178,ARIMA
2020-09-16,GS,0.06468040262362271,0.0004728091797081221,ARIMA
2020-09-16,HD,0.005273454277654998,0.020671723484396838,ARIMA
2020-09-16,INTC,0.0685928711551242,0.0014107620131709265,ARIMA
2020-09-16,JNJ,-0.005319748751403997,0.009704009002454966,ARIMA
2020-09-16,JPM,0.01866015972329521,0.0032576459253709864,ARIMA
2020-09-16,KO,-0.018385521504157492,-0.0007553353449974248,ARIMA
2020-09-16,MCD,0.023334883848509604,0.016237735388218315,ARIMA
2020-09-16,MMM,0.010926473858321586,0.0014288315109588952,ARIMA
2020-09-16,MSFT,0.0562482522604604,0.02741930962497953,ARIMA
2020-09-16,NEM,-0.05398494417135568,0.02406704615771068,ARIMA
2020-09-16,PFE,-0.002709211890144901,0.0025936764747667355,ARIMA
2020-09-16,PG,0.0382825130448122,0.01356842029004202,ARIMA
2020-09-16,UNH,0.046489250524136785,0.019808145976675285,ARIMA
2020-09-16,VZ,-0.0258743877200785,-0.0011712588095087236,ARIMA
2020-09-16,WFC,-0.06775902441174289,0.001198041022996428,ARIMA
2020-09-16,XOM,-0.060228530171548514,-0.010608953256382656,ARIMA
2020-10-15,AAPL,-0.014749194559142894,0.022342191712109296,ARIMA
2020-10-15,CAT,0.03927153337021114,0.016153386059724596,ARIMA
2020-10-15,CVX,0.100592472444673,-0.0018024437729891678,ARIMA
2020-10-15,DUK,0.026872113215409,0.001270804341361185,ARIMA
2020-10-15,GS,0.015408852470197788,-0.0013432514495363894,ARIMA
2020-10-15,HD,-0.03852548509174501,0.01627175521992063,ARIMA
2020-10-15,INTC,-0.1678178412923154,0.0012931618090024552,ARIMA
2020-10-15,JNJ,0.0013492666165197133,0.009820862593510761,ARIMA
2020-10-15,JPM,0.1232891726876651,-0.0006059082846157302,ARIMA
2020-10-15,KO,0.056060413250562,0.00015164452015566592,ARIMA
2020-10-15,MCD,-0.06605691250725679,0.014318649821407521,ARIMA
2020-10-15,MMM,-0.008048681253350098,-0.0005596171308563138,ARIMA
2020-10-15,MSFT,-0.024846827179802397,0.027993859141280844,ARIMA
2020-10-15,NEM,0.01581164458040081,0.02030953668194859,ARIMA
2020-10-15,PFE,0.028778082222036806,0.0002057817201427604,ARIMA
2020-10-15,PG,-0.007670707359135594,0.01128344999020842,ARIMA
2020-10-15,UNH,0.0963686012890986,0.014317915614945428,ARIMA
2020-10-15,VZ,0.039595640199191304,0.0013302783144139648,ARIMA
2020-10-15,WFC,0.028381249094637597,0.002915105516962493,ARIMA
2020-10-15,XOM,0.054975551468501395,-0.0007773217330667301,ARIMA
2020-11-13,AAPL,0.021329345333858107,0.02508813049209559,ARIMA
2020-11-13,CAT,0.051396572802069995,-0.0036843020499828026,ARIMA
2020-11-13,CVX,0.11780813157723374,-0.0007056736667188468,ARIMA
2020-11-13,DUK,-0.033663640970562805,-0.003925742231334511,ARIMA
2020-11-13,GS,0.10846740924304292,-0.0004020449805830287,ARIMA
2020-11-13,HD,-0.03391630462744579,0.017870244293768663,ARIMA
2020-11-13,INTC,0.11582841255173712,0.0034177467244284323,ARIMA
2020-11-13,JNJ,0.0121038770472928,-0.0021856137479513,ARIMA
2020-11-13,JPM,0.04256689759546371,-0.006022890909368205,ARIMA
2020-11-13,KO,0.012703018973856596,-0.019481560947205257,ARIMA
2020-11-13,MCD,0.0005144241925107984,0.013526357234944414,ARIMA
2020-11-13,MMM,0.044073960532911405,-0.000757041585302191,ARIMA
2020-11-13,MSFT,-0.0031576312208334116,0.026738232628354362,ARIMA
2020-11-13,NEM,-0.11517575261777618,0.023014799387166354,ARIMA
2020-11-13,PFE,0.09585088813301593,0.0018574296854588289,ARIMA
2020-11-13,PG,-0.045331758497397505,0.015304014645730033,ARIMA
2020-11-13,UNH,-0.0493649471360908,0.022162591512282972,ARIMA
2020-11-13,VZ,-0.0134139825836651,-0.0006700135023772675,ARIMA
2020-11-13,WFC,0.18469885316905044,-0.005796618509260093,ARIMA
2020-11-13,XOM,0.18099591366150497,0.0038547105186778957,ARIMA
2020-12-15,AAPL,0.056898515017085316,0.02628812211881816,ARIMA
2020-12-15,CAT,0.10316771907019351,0.019948582618375992,ARIMA
2020-12-15,CVX,0.06545379504747459,0.0017374327155121293,ARIMA
2020-12-15,DUK,0.005799104539938106,-0.002167550173740943,ARIMA
2020-12-15,GS,0.2582898150954069,-0.0023343444962382514,ARIMA
2020-12-15,HD,0.010338904963142194,0.013078094264246519,ARIMA
2020-12-15,INTC,0.16038655552859019,-0.0006981115625566327,ARIMA
2020-12-15,JNJ,0.07481195045020729,0.000608072165930275,ARIMA
2020-12-15,JPM,0.18391690122461463,0.0016429823752197137,ARIMA
2020-12-15,KO,-0.0788699904804453,0.0011199223857967806,ARIMA
2020-12-15,MCD,-0.016270011762506503,0.010565560767208396,ARIMA
2020-12-15,MMM,-0.039299373338642196,0.0,ARIMA
2020-12-15,MSFT,-0.0055239817625787006,0.024132774469075115,ARIMA
2020-12-15,NEM,0.09553129780910391,0.019768945181085296,ARIMA
2020-12-15,PFE,-0.0647936425849848,0.003284171752290631,ARIMA
2020-12-15,PG,-0.00036836561671600015,0.014351468723117175,ARIMA
2020-12-15,UNH,0.04194817453288111,0.0196003401720326,ARIMA
2020-12-15,VZ,-0.039609815362485604,-0.0005599512740435862,ARIMA
2020-12-15,WFC,0.19337546342552642,-0.0023515381697179014,ARIMA
2020-12-15,XOM,0.1753097979340953,0.0005745955850178647,ARIMA
2021-01-15,AAPL,0.0341553548667371,0.03086753989471427,ARIMA
2021-01-15,CAT,0.030221513181956004,0.02254805996553488,ARIMA
2021-01-15,CVX,-0.010988693559541997,-0.00136223343185247,ARIMA
2021-01-15,DUK,-0.026088161310484095,0.003352392212548777,ARIMA
2021-01-15,GS,0.01319738311123115,0.0007358129248163323,ARIMA
2021-01-15,HD,0.025933283987869503,0.012363674091023472,ARIMA
2021-01-15,INTC,0.058972247101235914,0.013811510280758905,ARIMA
2021-01-15,JNJ,0.027141464467662496,0.009693481609486616,ARIMA
2021-01-15,JPM,0.0243522118076241,0.016134655879971867,ARIMA
2021-01-15,KO,0.020905243156979305,0.0042093132427901934,ARIMA
2021-01-15,MCD,0.03083845043674091,0.012424920838148957,ARIMA
2021-01-15,MMM,0.0678090585693144,0.0,ARIMA
2021-01-15,MSFT,0.13455174547799167,0.02747350990883654,ARIMA
2021-01-15,NEM,-0.09137026231048259,0.02286446970173435,ARIMA
2021-01-15,PFE,-0.046866719839748,0.00019675618712551208,ARIMA
2021-01-15,PG,-0.053764221850107305,0.01577907123344841,ARIMA
2021-01-15,UNH,-0.07679097146631428,0.020834570114983183,ARIMA
2021-01-15,VZ,-0.0519949506732537,-0.0007951702702412776,ARIMA
2021-01-15,WFC,0.004309800668773706,-0.002063540019856811,ARIMA
2021-01-15,XOM,0.05064881009179542,0.0003535610925640833,ARIMA
2021-02-17,AAPL,-0.06538461882573869,0.029905079650869915,ARIMA
2021-02-17,CAT,0.1435915904581307,0.020624388330436068,ARIMA
2021-02-17,CVX,0.148412357052231,-0.0007429450356853571,ARIMA
2021-02-17,DUK,0.0385109275734782,0.00708478798203381,ARIMA
2021-02-17,GS,0.1044446699817927,0.002180554887243913,ARIMA
2021-02-17,HD,0.022955074867885002,0.015934095323835922,ARIMA
2021-02-17,INTC,0.0516293966527199,0.0044454178235079425,ARIMA
2021-02-17,JNJ,-0.02017857163322504,0.011815581133743631,ARIMA
2021-02-17,JPM,0.0696886120714248,0.016758719023189518,ARIMA
2021-02-17,KO,0.027401064805146414,-0.001431531429066316,ARIMA
2021-02-17,MCD,0.047493542294426205,0.012562600628566768,ARIMA
2021-02-17,MMM,0.0639796583081786,0.0,ARIMA
2021-02-17,MSFT,-0.025408487231159314,0.030619433974742108,ARIMA
2021-02-17,NEM,0.0953997970896785,0.00366403087783217,ARIMA
2021-02-17,PFE,0.0312170031968628,5.5012163751610126e-05,ARIMA
2021-02-17,PG,0.003901062543932996,0.011481356043483009,ARIMA
2021-02-17,UNH,0.0850335760493517,0.017558119121323015,ARIMA
2021-02-17,VZ,0.029119248366600202,-0.0007936291116493436,ARIMA
2021-02-17,WFC,0.13554109498746683,0.002966980720442572,ARIMA
2021-02-17,XOM,0.13177602800170282,-0.001644324055253827,ARIMA
2021-03-18,AAPL,0.07264131793887972,0.031365613100434786,ARIMA
2021-03-18,CAT,-0.0011564312030173038,0.020320782440937754,ARIMA
2021-03-18,CVX,-0.0480683041904917,-0.001515873092968288,ARIMA
2021-03-18,DUK,0.0916912005911583,-0.0013300971872888076,ARIMA
2021-03-18,GS,-0.007682777048985991,-0.0018866034503050787,ARIMA
2021-03-18,HD,0.158360933416865,0.016413309373297078,ARIMA
2021-03-18,INTC,-0.015782141943932498,0.00496533344176267,ARIMA
2021-03-18,JNJ,0.009102067761439098,0.0003504871600168184,ARIMA
2021-03-18,JPM,-0.005736328318304098,0.015612758966668064,ARIMA
2021-03-18,KO,0.046519933717981306,-0.007417208163780221,ARIMA
2021-03-18,MCD,0.0392447762113782,0.009994565107855622,ARIMA
2021-03-18,MMM,0.053155567274438494,0.0,ARIMA
2021-03-18,MSFT,0.09529479740418573,0.028284877045640994,ARIMA
2021-03-18,NEM,0.0380167932694461,0.005786861301828908,ARIMA
2021-03-18,PFE,0.0748061304719683,6.979342289402582e-05,ARIMA
2021-03-18,PG,0.0664978857845523,0.009283520725040868,ARIMA
2021-03-18,UNH,0.10459086036893163,0.01994098834831193,ARIMA
2021-03-18,VZ,0.0550826567563206,-0.0003255899690923178,ARIMA
2021-03-18,WFC,0.09567542059934561,-0.001289110649695371,ARIMA
2021-03-18,XOM,-0.0467204918172992,-0.0029260963256910436,ARIMA
2021-04-19,AAPL,-0.05891392273548887,0.027740411130976292,ARIMA
2021-04-19,CAT,0.052328545410339405,0.01996907352691594,ARIMA
2021-04-19,CVX,0.07347653733909568,-0.00219322933285419,ARIMA
2021-04-19,DUK,0.02710641292325981,-0.0026666045024643995,ARIMA
2021-04-19,GS,0.0757574535143197,0.0022147705069307548,ARIMA
2021-04-19,HD,-0.024905127245117904,0.01926302302108458,ARIMA
2021-04-19,INTC,-0.1510781849617962,-0.00031127522457325134,ARIMA
2021-04-19,JNJ,0.049013125931377494,-0.001673512116166076,ARIMA
2021-04-19,JPM,0.07154681499599451,0.016176431180941687,ARIMA
2021-04-19,KO,0.017725578914670297,0.00029491141168296124,ARIMA
2021-04-19,MCD,-0.006024834039601591,0.010863213205040462,ARIMA
2021-04-19,MMM,0.03235450692094382,0.0,ARIMA
2021-04-19,MSFT,-0.061530865975315,0.02549003946231171,ARIMA
2021-04-19,NEM,0.12338985598826782,-0.0026193788981602488,ARIMA
2021-04-19,PFE,0.048956208466572504,-0.0017468788554364499,ARIMA
2021-04-19,PG,0.009868745648647547,0.009499498359933382,ARIMA
2021-04-19,UNH,0.044076773038260915,0.02096473420370403,ARIMA
2021-04-19,VZ,-0.005850807585324396,0.00032918849849180356,ARIMA
2021-04-19,WFC,0.09074801933023038,-0.0006314107608920523,ARIMA
2021-04-19,XOM,0.10758856827270559,-0.002357915772024752,ARIMA
2021-05-18,AAPL,0.03026551277320945,0.030929189380621114,ARIMA
2021-05-18,CAT,-0.11976644650021218,0.023405247436389585,ARIMA
2021-05-18,CVX,0.0018251908599856998,-0.00046596711533467244,ARIMA
2021-05-18,DUK,-0.006266417752228106,-0.0021571656489428347,ARIMA
2021-05-18,GS,0.008099670711030904,0.0045289535144740775,ARIMA
2021-05-18,HD,-0.0501158410984795,0.018537245631326183,ARIMA
2021-05-18,INTC,0.0335881998492566,0.005585932550946781,ARIMA
2021-05-18,JNJ,-0.029385451073262302,-0.000557258922944546,ARIMA
2021-05-18,JPM,-0.0523584752675794,0.018141503786878788,ARIMA
2021-05-18,KO,0.008055793871693492,-0.011303520138589231,ARIMA
2021-05-18,MCD,0.022201297133762503,0.012150403482280898,ARIMA
2021-05-18,MMM,-0.0334679043726468,-0.0052490169781231975,ARIMA
2021-05-18,MSFT,0.0508672097631172,0.03120538534824564,ARIMA
2021-05-18,NEM,-0.07049629444310701,-0.0014226261157653103,ARIMA
2021-05-18,PFE,-0.0204010892032092,-0.0001535842324066271,ARIMA
2021-05-18,PG,-0.036601439258124105,0.010087538785752262,ARIMA
2021-05-18,UNH,-0.028244138055512,0.01897371089935835,ARIMA
2021-05-18,VZ,-0.022692547953975996,0.0009816587813880767,ARIMA
2021-05-18,WFC,-0.04986592242947059,8.491114690190229e-05,ARIMA
2021-05-18,XOM,0.030250259664526803,0.000697754362866313,ARIMA
2021-06-17,AAPL,0.11758648841564556,0.028777437561986856,ARIMA
2021-06-17,CAT,-0.043336590242271704,0.020659624394064078,ARIMA
2021-06-17,CVX,-0.1062018056447921,0.00210313006690266,ARIMA
2021-06-17,DUK,0.0285636533163494,0.0008167130429346575,ARIMA
2021-06-17,GS,-0.016852910483269583,-0.0009388389148304592,ARIMA
2021-06-17,HD,0.0601156288600374,0.013750920946953031,ARIMA
2021-06-17,INTC,-0.0401157965454611,0.0005545559974188246,ARIMA
2021-06-17,JNJ,0.02207397269611163,0.0007405861447985254,ARIMA
2021-06-17,JPM,-0.0225509272435082,0.01676507494147561,ARIMA
2021-06-17,KO,0.031154070211963304,0.00011652280087249943,ARIMA
2021-06-17,MCD,-0.0035295152733352004,0.014382645816072846,ARIMA
2021-06-17,MMM,0.012415750327594902,0.004513147648947443,ARIMA
2021-06-17,MSFT,0.08691109472772966,0.030619717518592757,ARIMA
2021-06-17,NEM,-0.10333347546672891,0.000657104253099402,ARIMA
2021-06-17,PFE,0.0263669570250167,0.0004837518784484567,ARIMA
2021-06-17,PG,0.0565849779129393,0.014976178818508481,ARIMA
2021-06-17,UNH,0.0586300296615989,0.019037473030571225,ARIMA
2021-06-17,VZ,0.007988508084907,0.005343535550343651,ARIMA
2021-06-17,WFC,-0.02871638634881571,0.000553315542704769,ARIMA
2021-06-17,XOM,-0.1117947288580048,0.0006849041921207024,ARIMA
2021-07-19,AAPL,0.0332969833890462,0.03258924551917301,ARIMA
2021-07-19,CAT,0.051218423186156395,0.017256011963234168,ARIMA
2021-07-19,CVX,0.0230542380298105,0.0007693674811661054,ARIMA
2021-07-19,DUK,0.03793443518090821,-0.0031967475699916596,ARIMA
2021-07-19,GS,0.11277526069343102,-0.0010303655182025526,ARIMA
2021-07-19,HD,0.0411576836142752,0.018724929829325235,ARIMA
2021-07-19,INTC,-0.02118948726798329,-0.0025273103942196457,ARIMA
2021-07-19,JNJ,0.056325251506933294,0.0001151135874287395,ARIMA
2021-07-19,JPM,0.0451753901705283,0.017376641125732308,ARIMA
2021-07-19,KO,0.0189679102997366,-0.0009046814830311515,ARIMA
2021-07-19,MCD,0.0261515415179712,0.011724862129697361,ARIMA
2021-07-19,MMM,0.014688054529388997,0.0,ARIMA
2021-07-19,MSFT,0.048153769111758095,0.02895758436552847,ARIMA
2021-07-19,NEM,-0.0472685702965753,0.010351002857189307,ARIMA
2021-07-19,PFE,0.201406641712699,-0.00044333933315618255,ARIMA
2021-07-19,PG,0.035238603677602204,0.007170793982403707,ARIMA
2021-07-19,UNH,-0.0059503745850916015,0.020309919880607815,ARIMA
2021-07-19,VZ,-0.008538170932377097,-8.977643800993158e-05,ARIMA
2021-07-19,WFC,0.1139626619838063,-0.0005181781180712485,ARIMA
2021-07-19,XOM,-0.009347910566199508,-0.005618578725365769,ARIMA
2021-08-17,AAPL,-0.013926547807162005,0.028328438946459793,ARIMA
2021-08-17,CAT,-0.05659945140917489,0.017710515210770463,ARIMA
2021-08-17,CVX,-0.013522602924299496,0.004515445092160568,ARIMA
2021-08-17,DUK,-0.0551034493814689,-0.001711358959892974,ARIMA
2021-08-17,GS,-0.010949414295274804,-0.0019125909290679272,ARIMA
2021-08-17,HD,4.475003293420276e-05,0.015120995331469387,ARIMA
2021-08-17,INTC,0.030391680406133197,-0.001502219004680781,ARIMA
2021-08-17,JNJ,-0.06647163707523501,-0.002350815048877178,ARIMA
2021-08-17,JPM,-0.004856336323723201,0.017728791670701204,ARIMA
2021-08-17,KO,-0.020711635686265197,0.0005506217071022199,ARIMA
2021-08-17,MCD,0.00550874335052027,0.012754992454680836,ARIMA
2021-08-17,MMM,-0.08627828130970719,-0.0031985625800561297,ARIMA
2021-08-17,MSFT,0.036015629878094466,0.02707190516575492,ARIMA
2021-08-17,NEM,-0.010588928022850816,0.005176100091706513,ARIMA
2021-08-17,PFE,-0.0884434677074069,-0.000605963774131548,ARIMA
2021-08-17,PG,0.003313368551288299,0.007044163891345274,ARIMA
2021-08-17,UNH,0.0042466260642994936,0.021977916252995378,ARIMA
2021-08-17,VZ,-0.025510217723483303,-0.000278273675071889,ARIMA
2021-08-17,WFC,-0.057694219738719715,-0.0017768290482985806,ARIMA
2021-08-17,XOM,0.0085443671001572,0.0002758191249010523,ARIMA
2021-09-16,AAPL,-0.036002335071275204,0.028927273953506624,ARIMA
2021-09-16,CAT,-0.057006817197976595,0.01764773300289319,ARIMA
2021-09-16,CVX,0.10218960621061618,-0.0015684236813649551,ARIMA
2021-09-16,DUK,-0.0037314232468135047,0.001863001247739644,ARIMA
2021-09-16,GS,-0.0271088752186542,-0.0019397988959309641,ARIMA
2021-09-16,HD,0.03153378134543635,0.016984235008029338,ARIMA
2021-09-16,INTC,-0.0223820124259585,8.942311325450835e-05,ARIMA
2021-09-16,JNJ,-0.032626485280161203,-0.0001467925470201124,ARIMA
2021-09-16,JPM,0.0390301723965899,0.016162513360900094,ARIMA
2021-09-16,KO,-0.022989520027449604,-0.0008317251048845695,ARIMA
2021-09-16,MCD,0.014705923297504598,0.013897319809933006,ARIMA
2021-09-16,MMM,-0.021234700483807892,0.006793160305310932,ARIMA
2021-09-16,MSFT,-0.0068141535524460055,0.02551426679252944,ARIMA
2021-09-16,NEM,0.0010390701521499,0.0028745150219333273,ARIMA
2021-09-16,PFE,-0.07175702551803051,-8.82379061658155e-05,ARIMA
2021-09-16,PG,-0.0074004468632515984,0.01029032626338066,ARIMA
2021-09-16,UNH,0.006779022775449506,0.02043512798392527,ARIMA
2021-09-16,VZ,-0.0379742884196964,-0.00030640486677775344,ARIMA
2021-09-16,WFC,-0.028930861994771594,-0.0002659286592989761,ARIMA
2021-09-16,XOM,0.094310444108485,-0.0029026196269381225,ARIMA
2021-10-15,AAPL,0.043881836893653006,0.02535125511324658,ARIMA
2021-10-15,CAT,0.07957386340501112,9.579279150879192e-05,ARIMA
2021-10-15,CVX,0.04861092149653297,-0.0004915683689386481,ARIMA
2021-10-15,DUK,-0.007858401906286498,-0.0014014147587164312,ARIMA
2021-10-15,GS,0.034445827056289305,0.0008181802905344792,ARIMA
2021-10-15,HD,0.0797989298953892,0.01945057069722931,ARIMA
2021-10-15,INTC,-0.061996517802646894,-0.0029964316284396436,ARIMA
2021-10-15,JNJ,0.030144856609173595,0.0010563410358518867,ARIMA
2021-10-15,JPM,0.02052551475966653,0.014710586651431698,ARIMA
2021-10-15,KO,0.0359685400929323,-0.0004871154243353428,ARIMA
2021-10-15,MCD,0.024717570549447114,0.013601965402235539,ARIMA
2021-10-15,MMM,0.018353254707187402,0.0,ARIMA
2021-10-15,MSFT,0.1063442835679584,0.02493003605881718,ARIMA
2021-10-15,NEM,0.016480907510398404,-0.008592969275523157,ARIMA
2021-10-15,PFE,0.18556678859412806,-0.0003874310454596467,ARIMA
2021-10-15,PG,0.0234543697868465,0.009782868812156783,ARIMA
2021-10-15,UNH,0.0879170291873724,0.021081612316304038,ARIMA
2021-10-15,VZ,0.008057052661850798,0.004912697009893334,ARIMA
2021-10-15,WFC,0.12136683117583859,-6.170152489591437e-05,ARIMA
2021-10-15,XOM,0.04228201616745259,-0.0010819823584585662,ARIMA
2021-11-15,AAPL,0.15038137578865865,0.02807968352674418,ARIMA
2021-11-15,CAT,-0.0371409679173869,0.0013450848541904025,ARIMA
2021-11-15,CVX,0.02876253428919731,-7.429268021374454e-05,ARIMA
2021-11-15,DUK,0.02852406766847939,-0.002670255419304818,ARIMA
2021-11-15,GS,-0.035284737109425215,0.0011282355900140175,ARIMA
2021-11-15,HD,0.08049078169087422,0.019265347743515727,ARIMA
2021-11-15,INTC,-0.012198918915517595,0.00023853379997676083,ARIMA
2021-11-15,JNJ,0.038025555695287004,-0.0025082019944633153,ARIMA
2021-11-15,JPM,-0.04743369384903171,0.01594343265746568,ARIMA
2021-11-15,KO,0.028527930098944294,-0.000656703721747074,ARIMA
2021-11-15,MCD,0.0517185521623875,0.013995565741993557,ARIMA
2021-11-15,MMM,-0.0417963599284367,-0.0027284468857988833,ARIMA
2021-11-15,MSFT,-0.023374219520389206,0.028178373454624366,ARIMA
2021-11-15,NEM,-0.0347663192249341,0.0,ARIMA
2021-11-15,PFE,0.11049497031548518,0.0007048614192623836,ARIMA
2021-11-15,PG,0.07674120517319398,0.01165089478275848,ARIMA
2021-11-15,UNH,0.04688818543870251,0.020676108593039942,ARIMA
2021-11-15,VZ,-0.032821787173455214,-0.0005621527890163889,ARIMA
2021-11-15,WFC,-0.04146796469323951,-0.0004762399353144675,ARIMA
2021-11-15,XOM,-0.03637918830631761,0.0012733331767848543,ARIMA
2021-12-15,AAPL,-0.0123514957632852,0.032372683292468944,ARIMA
2021-12-15,CAT,0.1184658889116197,0.0005011500273969973,ARIMA
2021-12-15,CVX,0.08712599642927002,0.0005027258453706462,ARIMA
2021-12-15,DUK,0.0133385898041002,-0.0022891182368923947,ARIMA
2021-12-15,GS,0.0050791984799675146,-0.0019373971355852093,ARIMA
2021-12-15,HD,-0.038576265270850396,0.014786911864287705,ARIMA
2021-12-15,INTC,0.10023675244501609,-0.00047990382283778516,ARIMA
2021-12-15,JNJ,-0.0090253208793043,-0.0013257415456037602,ARIMA
2021-12-15,JPM,0.06158663631041461,0.012246957470045146,ARIMA
2021-12-15,KO,0.0522443699747117,-0.003262255035312485,ARIMA
2021-12-15,MCD,-0.004237231455708103,0.015332736415494937,ARIMA
2021-12-15,MMM,0.035422725915601,0.002574646814726942,ARIMA
2021-12-15,MSFT,-0.07439378856670772,0.037409741357804505,ARIMA
2021-12-15,NEM,0.08772322496358269,-6.99091317004843e-05,ARIMA
2021-12-15,PFE,2.8449465006019636e-16,0.012467069483436885,ARIMA
2021-12-15,PG,0.000252770915281207,0.0070072658326967175,ARIMA
2021-12-15,UNH,-0.025410876175663705,0.020038918166548503,ARIMA
2021-12-15,VZ,0.06709251541338429,-3.3765349918087506e-05,ARIMA
2021-12-15,WFC,0.135778807404542,-0.0021413968460686954,ARIMA
2021-12-15,XOM,0.13776768763697483,-0.0023162798593782006,ARIMA
2022-01-14,AAPL,-0.0181369656038889,0.03262835039746662,ARIMA
2022-01-14,CAT,-0.12234239124648277,0.01576362318413135,ARIMA
2022-01-14,CVX,0.07495799769425861,0.0004244491044884884,ARIMA
2022-01-14,DUK,-0.041162077345555194,0.0012505499817494245,ARIMA
2022-01-14,GS,-0.08142536479674628,-0.002778312082546689,ARIMA
2022-01-14,HD,-0.0959928735613549,0.020993920208864127,ARIMA
2022-01-14,INTC,-0.13624037742319278,0.0006294407262602507,ARIMA
2022-01-14,JNJ,-0.01890252273410636,0.0025015290834521737,ARIMA
2022-01-14,JPM,-0.0982327446498761,-0.0009781839937138665,ARIMA
2022-01-14,KO,-0.0036190228410194003,-0.0006845254960930682,ARIMA
2022-01-14,MCD,-0.0311603264042982,0.013581774387979768,ARIMA
2022-01-14,MMM,-0.1359492682447998,-0.0010527692830188675,ARIMA
2022-01-14,MSFT,-0.032680639070352006,0.03632158421993344,ARIMA
2022-01-14,NEM,0.0482309361962326,0.0,ARIMA
2022-01-14,PFE,-0.1015141472318392,0.014794351555051276,ARIMA
2022-01-14,PG,-0.004455649211596809,0.017734638056193373,ARIMA
2022-01-14,UNH,0.014801358237817685,0.02038243138094043,ARIMA
2022-01-14,VZ,-0.004682000912773795,-0.008233480266071591,ARIMA
2022-01-14,WFC,0.03698159414398581,0.0006574343305304972,ARIMA
2022-01-14,XOM,0.12276457171560101,-0.0009729289304913947,ARIMA
2022-02-15,AAPL,-0.056580199789069,0.027976163135659874,ARIMA
2022-02-15,CAT,0.0778814867824558,-0.00043452416426293793,ARIMA
2022-02-15,CVX,0.15363341033638017,1.9022544615930961e-07,ARIMA
2022-02-15,DUK,0.0684338884438894,0.00024562129620945075,ARIMA
2022-02-15,GS,-0.0497149725767021,-0.002995771508406679,ARIMA
2022-02-15,HD,-0.05451702241840058,0.014042033058740145,ARIMA
2022-02-15,INTC,-0.020168503560905694,-0.005816724988025742,ARIMA
2022-02-15,JNJ,0.0588628791353664,0.007191579920714146,ARIMA
2022-02-15,JPM,-0.09695092912423683,0.0006500481656557442,ARIMA
2022-02-15,KO,-0.012684562688077296,0.0003073226058145416,ARIMA
2022-02-15,MCD,-0.05652354083740092,0.01453927351437171,ARIMA
2022-02-15,MMM,-0.0727933149174692,0.009399373436009769,ARIMA
2022-02-15,MSFT,-3.95587488808552e-06,0.02626274733946025,ARIMA
2022-02-15,NEM,0.1278776733771188,-0.0003998832600233975,ARIMA
2022-02-15,PFE,0.06076632873847012,-0.001190526519179059,ARIMA
2022-02-15,PG,-0.04555438886308861,0.014684668042843704,ARIMA
2022-02-15,UNH,0.05202595414900831,0.018585821101914465,ARIMA
2022-02-15,VZ,-0.014750750302838494,0.006649970826743739,ARIMA
2022-02-15,WFC,-0.11433176312609002,-0.0008741498449002259,ARIMA
2022-02-15,XOM,-0.026298900173770616,0.0002579526222661855,ARIMA
2022-03-17,AAPL,0.03509327977349459,0.023308299625004972,ARIMA
2022-03-17,CAT,0.0528634297164489,0.0,ARIMA
2022-03-17,CVX,0.0843496337103463,0.01287706560970792,ARIMA
2022-03-17,DUK,0.08047078736473258,0.007666584031792892,ARIMA
2022-03-17,GS,-0.057745281538665594,0.002044313401646724,ARIMA
2022-03-17,HD,-0.08310963468760929,0.021685090939099413,ARIMA
2022-03-17,INTC,-0.020802524584671,-0.0012467799854723434,ARIMA
2022-03-17,JNJ,0.030361707906716995,-0.0012236813598294,ARIMA
2022-03-17,JPM,-0.08552920543174279,0.006174800747802148,ARIMA
2022-03-17,KO,0.0893910645797869,-0.0004512678687152148,ARIMA
2022-03-17,MCD,0.050640125004839706,0.012788385437521256,ARIMA
2022-03-17,MMM,0.012769485855548096,0.0034329574918811907,ARIMA
2022-03-17,MSFT,-0.0507232077026962,0.019244093613645936,ARIMA
2022-03-17,NEM,0.1548389095198235,-0.001292994750654837,ARIMA
2022-03-17,PFE,0.003772115266717904,0.0007643357019547036,ARIMA
2022-03-17,PG,0.05716240026984022,0.0032509860983261233,ARIMA
2022-03-17,UNH,0.0708082458060563,0.02028853014780249,ARIMA
2022-03-17,VZ,0.03731139445429031,0.013086992220000834,ARIMA
2022-03-17,WFC,-0.10730033618159841,-0.0014474756311105902,ARIMA
2022-03-17,XOM,0.13250730772218514,0.0002876185053373887,ARIMA
2022-04-18,AAPL,-0.1257822077456742,0.02996277817879938,ARIMA
2022-04-18,CAT,-0.0900915592312192,0.017592180110994005,ARIMA
2022-04-18,CVX,0.008241454603683009,0.0004528056824206584,ARIMA
2022-04-18,DUK,-0.0338716385188911,0.0005851617431214037,ARIMA
2022-04-18,GS,-0.058248938619277185,0.0006741670446971306,ARIMA
2022-04-18,HD,-0.028411320087262406,0.0014798677279091346,ARIMA
2022-04-18,INTC,-0.05050895382975101,0.002705876518350207,ARIMA
2022-04-18,JNJ,-0.0101681545061519,0.0014394099908201766,ARIMA
2022-04-18,JPM,-0.0643483240590098,0.009337124645746514,ARIMA
2022-04-18,KO,0.014353609233300098,-0.00046936674721384985,ARIMA
2022-04-18,MCD,-0.0261667537502215,0.01220468458222913,ARIMA
2022-04-18,MMM,0.020949017868956792,-6.006506808656258e-05,ARIMA
2022-04-18,MSFT,-0.0677480809547391,0.030762471226177725,ARIMA
2022-04-18,NEM,-0.25865521286157284,0.017454847353944793,ARIMA
2022-04-18,PFE,-0.039097485739047394,-2.9502500845625494e-05,ARIMA
2022-04-18,PG,-0.01640287142064971,0.014378813534903149,ARIMA
2022-04-18,UNH,-0.08911792347749033,0.022090916260463042,ARIMA
2022-04-18,VZ,-0.0931946536715546,0.00043659079085878806,ARIMA
2022-04-18,WFC,-0.08811224871636339,0.0009911240116980099,ARIMA
2022-04-18,XOM,0.04509800966458791,0.0004263494477890936,ARIMA
2022-05-17,AAPL,-0.07199617365996511,0.02418641991172322,ARIMA
2022-05-17,CAT,-0.005760099587275098,0.0013607643147804287,ARIMA
2022-05-17,CVX,-0.04370560303076611,0.0018770695693838676,ARIMA
2022-05-17,DUK,-0.0937846494323489,0.0012248145016447087,ARIMA
2022-05-17,GS,-0.038956368355795995,0.0027112335379415654,ARIMA
2022-05-17,HD,-0.05020490639432551,0.007876308073574978,ARIMA
2022-05-17,INTC,-0.10851214640572991,0.004908148159723265,ARIMA
2022-05-17,JNJ,-0.04008786820592201,-0.0013435728861093744,ARIMA
2022-05-17,JPM,-0.024394657959410003,0.0019120168973993721,ARIMA
2022-05-17,KO,-0.09302010705846299,-3.351368637531979e-05,ARIMA
2022-05-17,MCD,-0.015760111785484206,0.0032181484517640547,ARIMA
2022-05-17,MMM,-0.1036086912814103,-0.0003914434371874297,ARIMA
2022-05-17,MSFT,-0.035631609881209406,0.025866436679846533,ARIMA
2022-05-17,NEM,-0.035104803193977394,0.000949662809580515,ARIMA
2022-05-17,PFE,-0.0435641259115558,-0.0011429828173619666,ARIMA
2022-05-17,PG,-0.15754065610484477,0.010285880948635645,ARIMA
2022-05-17,UNH,-0.0522169853065457,0.03527371499420309,ARIMA
2022-05-17,VZ,0.002240387034159504,-0.0011080646494697646,ARIMA
2022-05-17,WFC,-0.10060751594867559,0.0005142479631877947,ARIMA
2022-05-17,XOM,0.04240838238509201,0.010598206870361438,ARIMA
2022-06-16,AAPL,0.0824537172844862,0.022447036174911957,ARIMA
2022-06-16,CAT,-0.171756230018245,-0.00026579667608157473,ARIMA
2022-06-16,CVX,-0.16281285129333758,0.0028880993299514037,ARIMA
2022-06-16,DUK,0.05107862559641131,-0.0005782237890118226,ARIMA
2022-06-16,GS,0.03785168653195122,-0.0017497411590530305,ARIMA
2022-06-16,HD,0.046518156757912606,-0.0018543666072661114,ARIMA
2022-06-16,INTC,0.0015511790262418973,-0.001323607516511327,ARIMA
2022-06-16,JNJ,0.02463667924059101,0.0005825272692137907,ARIMA
2022-06-16,JPM,-0.02306210371860909,0.006112876615712051,ARIMA
2022-06-16,KO,0.032643890143876086,0.00034638438386731465,ARIMA
2022-06-16,MCD,0.05504916997807971,0.0009044414416018709,ARIMA
2022-06-16,MMM,-0.04118494500177999,0.002853843396140587,ARIMA
2022-06-16,MSFT,0.0098418026369173,0.016919057948099725,ARIMA
2022-06-16,NEM,-0.1341696853600831,-0.0014900855090738472,ARIMA
2022-06-16,PFE,0.04514174046621609,-0.000802601160297439,ARIMA
2022-06-16,PG,0.0783517037068967,0.022095665145061897,ARIMA
2022-06-16,UNH,0.11558105294557859,0.017071479811076352,ARIMA
2022-06-16,VZ,0.0352331474115126,1.2054234421359467e-05,ARIMA
2022-06-16,WFC,0.07614584259881971,-0.00526005092869228,ARIMA
2022-06-16,XOM,-0.097208688737878,0.008601828433405945,ARIMA
2022-07-19,AAPL,0.1639445112790116,0.02606809879051332,ARIMA
2022-07-19,CAT,0.13666075714975148,0.00033852186970052757,ARIMA
2022-07-19,CVX,0.11384297263969738,0.009083191608757285,ARIMA
2022-07-19,DUK,0.0706068529584584,0.005460482497486827,ARIMA
2022-07-19,GS,0.1640594521098158,0.005040695193417025,ARIMA
2022-07-19,HD,0.11077834398067832,0.012176877017053575,ARIMA
2022-07-19,INTC,-0.057270347299978284,0.0037098263386083343,ARIMA
2022-07-19,JNJ,-0.0389750574333102,0.002095384346551052,ARIMA
2022-07-19,JPM,0.1006709996952526,0.0018771418510011575,ARIMA
2022-07-19,KO,0.053375389492690606,-3.87233132770514e-05,ARIMA
2022-07-19,MCD,0.05349174026905909,0.00014758533923766074,ARIMA
2022-07-19,MMM,0.1532526875087198,1.5555007635545004e-05,ARIMA
2022-07-19,MSFT,0.1408641791806618,0.023763883632678933,ARIMA
2022-07-19,NEM,-0.1741448802230453,0.0007853908107663175,ARIMA
2022-07-19,PFE,-0.009963139640758699,0.001210687852082875,ARIMA
2022-07-19,PG,0.051629393605340995,0.01439502080434713,ARIMA
2022-07-19,UNH,0.05022228477893109,0.02115759225396533,ARIMA
2022-07-19,VZ,-0.09332307902225412,0.00872942511740227,ARIMA
2022-07-19,WFC,0.11860818518805649,-0.0006802517318944467,ARIMA
2022-07-19,XOM,0.07006128559342549,0.00622872067774469,ARIMA
2022-08-17,AAPL,-0.1271532150220507,0.025502369190096588,ARIMA
2022-08-17,CAT,-0.0791444206690303,-0.00012941011859178434,ARIMA
2022-08-17,CVX,0.0356056595699584,-0.0030477510995070923,ARIMA
2022-08-17,DUK,-0.0534034488989873,0.0003933190611315503,ARIMA
2022-08-17,GS,-0.06052193655806219,0.0004492720295780521,ARIMA
2022-08-17,HD,-0.1805088146474439,0.015353220265273283,ARIMA
2022-08-17,INTC,-0.2270195333604973,0.0015844002607719892,ARIMA
2022-08-17,JNJ,-0.008274608500975413,0.00016803922062137182,ARIMA
2022-08-17,JPM,-0.047710805375450485,-0.0018027361073529931,ARIMA
2022-08-17,KO,-0.0811039434293046,0.0005659173538385189,ARIMA
2022-08-17,MCD,-0.0438817325012641,-0.0002880592702636072,ARIMA
2022-08-17,MMM,-0.24495273500751055,0.0024604316769017706,ARIMA
2022-08-17,MSFT,-0.1742538954197534,0.024199391156323306,ARIMA
2022-08-17,NEM,-0.06930571030499569,-0.0005187223030158144,ARIMA
2022-08-17,PFE,-0.08188280497851971,-0.00014827990293710624,ARIMA
2022-08-17,PG,-0.0869811626712678,0.00452253784565258,ARIMA
2022-08-17,UNH,-0.040296579130498306,0.01802884710078706,ARIMA
2022-08-17,VZ,-0.10998072059400141,0.017589667516228084,ARIMA
2022-08-17,WFC,-0.0425786248496709,-0.001675513786397169,ARIMA
2022-08-17,XOM,0.0361842862167316,0.004351668531386381,ARIMA
2022-09-16,AAPL,-0.09630806873801831,0.02535440731197663,ARIMA
2022-09-16,CAT,-0.0238449346230384,-0.0009835766760466582,ARIMA
2022-09-16,CVX,-0.0029927374716805025,0.001630580102322331,ARIMA
2022-09-16,DUK,-0.20224014166681326,0.006788009360906688,ARIMA
2022-09-16,GS,-0.10024103567625672,-0.00042411127431010026,ARIMA
2022-09-16,HD,0.01784848523018281,-0.0021471598004697253,ARIMA
2022-09-16,INTC,-0.10713432409370136,-0.004045233319013286,ARIMA
2022-09-16,JNJ,-0.0037625966148093007,0.0008737783434346252,ARIMA
2022-09-16,JPM,-0.0494347180487751,0.004622425033725643,ARIMA
2022-09-16,KO,-0.0795110322470929,0.013004071429273307,ARIMA
2022-09-16,MCD,-0.041525730632332086,-0.000528739398971698,ARIMA
2022-09-16,MMM,-0.024256799956120217,0.00032101198973831876,ARIMA
2022-09-16,MSFT,-0.07100911764167459,0.024143675499169685,ARIMA
2022-09-16,NEM,-0.039937687110321404,0.00047781207822508297,ARIMA
2022-09-16,PFE,-0.06939723869442452,0.00030354603050272743,ARIMA
2022-09-16,PG,-0.09423375512456578,0.01266771352105207,ARIMA
2022-09-16,UNH,-0.018879992894265108,0.017811234178805795,ARIMA
2022-09-16,VZ,-0.10357170794594112,0.0003269739094936044,ARIMA
2022-09-16,WFC,-0.022220444605629986,-0.0013407595287241048,ARIMA
2022-09-16,XOM,0.04495139971906789,0.0002665698143314555,ARIMA
2022-10-17,AAPL,0.07075614885904108,0.025434659210660678,ARIMA
2022-10-17,CAT,0.2897666042909578,0.0,ARIMA
2022-10-17,CVX,0.1526507119502337,0.003002248089660366,ARIMA
2022-10-17,DUK,0.0947656867879584,0.0016691671230299409,ARIMA
2022-10-17,GS,0.2426137400677913,0.00248523297152908,ARIMA
2022-10-17,HD,0.10462941679897922,0.00010525451664122063,ARIMA
2022-10-17,INTC,0.1715831882704052,0.00678193708699678,ARIMA
2022-10-17,JNJ,0.04430386864814221,-0.0018597532455629229,ARIMA
2022-10-17,JPM,0.1859273435765506,0.004175536773699915,ARIMA
2022-10-17,KO,0.09946854713442349,-0.0005965004188824964,ARIMA
2022-10-17,MCD,0.1130744917755834,0.0003661049893197144,ARIMA
2022-10-17,MMM,0.14247867913590903,-0.0032631237351200375,ARIMA
2022-10-17,MSFT,0.055277701188474,0.02381237057927771,ARIMA
2022-10-17,NEM,0.12771552300277764,0.004727753276607132,ARIMA
2022-10-17,PFE,0.1473016457807266,0.0001775658501414449,ARIMA
2022-10-17,PG,0.126736430101695,-0.000818407092803445,ARIMA
2022-10-17,UNH,0.0012073805277027054,0.01855039888826142,ARIMA
2022-10-17,VZ,0.05169164142314038,0.0,ARIMA
2022-10-17,WFC,0.0886518764385753,0.0009940213852158756,ARIMA
2022-10-17,XOM,0.1416376665009639,-0.0002691664468103158,ARIMA
2022-11-15,AAPL,-0.0347902546521984,0.02232836156286345,ARIMA
2022-11-15,CAT,-0.008577969910668993,-0.00024129184140080692,ARIMA
2022-11-15,CVX,-0.07158219963950022,0.0006987093746741028,ARIMA
2022-11-15,DUK,0.08934912941215419,-0.0008843928536742111,ARIMA
2022-11-15,GS,-0.0526669020512642,0.0020990857036697324,ARIMA
2022-11-15,HD,0.0888773752952924,0.0016915102002175242,ARIMA
2022-11-15,INTC,-0.0713491482977658,0.0045612365755704825,ARIMA
2022-11-15,JNJ,0.0510850310763969,-0.0012589244459815271,ARIMA
2022-11-15,JPM,-0.003740653818505999,0.008996500885080413,ARIMA
2022-11-15,KO,0.059356144308225,-0.001627431088506139,ARIMA
2022-11-15,MCD,0.013882447261810473,-0.001272266521591945,ARIMA
2022-11-15,MMM,-0.026789093292149894,0.001937462845430523,ARIMA
2022-11-15,MSFT,0.0656693220079373,0.022054641433568608,ARIMA
2022-11-15,NEM,0.02930026283587129,0.0,ARIMA
2022-11-15,PFE,0.1011273072776601,-0.0022759018933968885,ARIMA
2022-11-15,PG,0.0807735066729393,0.006382690135104444,ARIMA
2022-11-15,UNH,0.049868690784258506,0.012221382001276714,ARIMA
2022-11-15,VZ,-0.022704468228701903,-0.025271999585541865,ARIMA
2022-11-15,WFC,-0.10543162425804961,0.0002989784131708805,ARIMA
2022-11-15,XOM,-0.0628876611359177,0.009808355119365371,ARIMA
2022-12-15,AAPL,-0.05209849652805421,0.022759035130026143,ARIMA
2022-12-15,CAT,0.08882238646256359,-1.9149841862391528e-05,ARIMA
2022-12-15,CVX,0.0462640919792598,0.0014323700054990566,ARIMA
2022-12-15,DUK,0.008866694421193193,0.0020780761356549264,ARIMA
2022-12-15,GS,-0.0294543750167831,0.0010490685868361294,ARIMA
2022-12-15,HD,-0.017853195444041407,0.002273541488025929,ARIMA
2022-12-15,INTC,0.046327022617176986,0.002058330791094974,ARIMA
2022-12-15,JNJ,-0.0420370893745039,-0.0005367718626171109,ARIMA
2022-12-15,JPM,0.06127285054948119,0.0019660987240795,ARIMA
2022-12-15,KO,-0.0367671463497427,-0.00040961292618092883,ARIMA
2022-12-15,MCD,-0.0015310620725398003,0.0015997616281302792,ARIMA
2022-12-15,MMM,0.004036655456622507,-0.0072192277957072865,ARIMA
2022-12-15,MSFT,-0.0678356236124904,0.018217128145907636,ARIMA
2022-12-15,NEM,0.1077562620410043,0.0,ARIMA
2022-12-15,PFE,-0.1674545634134141,-0.0017440244968745075,ARIMA
2022-12-15,PG,-0.015827079161221343,0.01076609513463479,ARIMA
2022-12-15,UNH,-0.10421379202579703,0.02074849302222752,ARIMA
2022-12-15,VZ,0.1024987719123249,0.0007558033785805133,ARIMA
2022-12-15,WFC,0.044966912297423306,0.0017221880241873573,ARIMA
2022-12-15,XOM,0.0589990078275137,7.154541928275685e-05,ARIMA
2023-01-18,AAPL,0.1348636440011982,0.0187512535942054,ARIMA
2023-01-18,CAT,-0.025187563741168102,0.001021352517402439,ARIMA
2023-01-18,CVX,-0.0569163387841907,0.0004846812385001395,ARIMA
2023-01-18,DUK,-0.048761380866357194,0.001333161930420124,ARIMA
2023-01-18,GS,0.0674597385467724,-0.0009890736783930128,ARIMA
2023-01-18,HD,-0.02110473006848451,-0.00011101456068003473,ARIMA
2023-01-18,INTC,-0.013553174173135216,0.001515481752046626,ARIMA
2023-01-18,JNJ,-0.0783569105405669,0.0014922438913373285,ARIMA
2023-01-18,JPM,0.021083027940728603,0.002977855550512997,ARIMA
2023-01-18,KO,-0.0344718872985912,0.0006968728461972983,ARIMA
2023-01-18,MCD,-0.027930027351567105,0.011087497638892139,ARIMA
2023-01-18,MMM,-0.0979281566972484,0.0016632956273841101,ARIMA
2023-01-18,MSFT,0.1163057134503647,0.016433096167770132,ARIMA
2023-01-18,NEM,-0.1250995745612322,0.00022860342808522788,ARIMA
2023-01-18,PFE,-0.052626035989402395,0.002500215547065065,ARIMA
2023-01-18,PG,-0.0731227701592117,0.011244640253482588,ARIMA
2023-01-18,UNH,0.012639339907046148,-0.0010583899063460111,ARIMA
2023-01-18,VZ,-0.011572052142769797,0.005716040305832259,ARIMA
2023-01-18,WFC,0.090021343442469,0.0013922533551215905,ARIMA
2023-01-18,XOM,0.035090658624704,0.009412003630551382,ARIMA
2023-02-16,AAPL,-0.0021264712217112947,0.02161257115806292,ARIMA
2023-02-16,CAT,-0.14556285664533852,0.00023668804905061457,ARIMA
2023-02-16,CVX,-0.10384287992402282,0.0015327573666219715,ARIMA
2023-02-16,DUK,-0.01916374619977311,-0.002212584478268634,ARIMA
2023-02-16,GS,-0.2025162111548504,-0.0004869204259157321,ARIMA
2023-02-16,HD,-0.0989458882884514,-0.0017806349081308896,ARIMA
2023-02-16,INTC,0.03273393652695779,0.001467399288809128,ARIMA
2023-02-16,JNJ,-0.0376844160147015,0.001918625981723872,ARIMA
2023-02-16,JPM,-0.1336506475788893,0.0005618204968225946,ARIMA
2023-02-16,KO,0.014831161327020795,-0.0012247769996102567,ARIMA
2023-02-16,MCD,0.008155224526213999,0.01041098915879499,ARIMA
2023-02-16,MMM,-0.09502769095620392,-0.001228338374570643,ARIMA
2023-02-16,MSFT,0.036851645525886906,0.02022967200010648,ARIMA
2023-02-16,NEM,0.049050626628607596,0.0,ARIMA
2023-02-16,PFE,-0.07723829783675959,0.0006138381331598352,ARIMA
2023-02-16,PG,0.028168769521500398,0.008409440576482309,ARIMA
2023-02-16,UNH,-0.04172941501191199,-0.00038454806469674,ARIMA
2023-02-16,VZ,-0.0931083324725207,-7.957796067738481e-05,ARIMA
2023-02-16,WFC,-0.2393255578211911,0.0008411661206194044,ARIMA
2023-02-16,XOM,-0.15062455312882256,0.0005368791990411223,ARIMA
2023-03-20,AAPL,0.07139019489663823,0.022221009269938523,ARIMA
2023-03-20,CAT,0.04630438631143771,0.00019959760601985402,ARIMA
2023-03-20,CVX,0.11273784262450758,0.0002437655280214772,ARIMA
2023-03-20,DUK,0.010526601900077908,-0.0005988581586945846,ARIMA
2023-03-20,GS,0.0953581155625506,-0.0009517670201757266,ARIMA
2023-03-20,HD,0.035962688394701896,-0.00026480742093392545,ARIMA
2023-03-20,INTC,0.06556537644237552,0.005085031130112065,ARIMA
2023-03-20,JNJ,0.055089011077340995,0.0007297520956974482,ARIMA
2023-03-20,JPM,0.12463711750578739,-0.0027600017597200917,ARIMA
2023-03-20,KO,0.0573065765060153,-4.847460262780689e-05,ARIMA
2023-03-20,MCD,0.08501686471535759,-0.00033319849197875856,ARIMA
2023-03-20,MMM,0.031059769637491103,0.0004952722729489468,ARIMA
2023-03-20,MSFT,0.031492557116014105,0.017286937065087445,ARIMA
2023-03-20,NEM,0.0142226905285046,0.0,ARIMA
2023-03-20,PFE,0.011159629562927596,0.00016877635907575295,ARIMA
2023-03-20,PG,0.05631450354084961,0.006520990073977927,ARIMA
2023-03-20,UNH,0.07185996145746112,-2.5513075804988003e-05,ARIMA
2023-03-20,VZ,0.0732100370388411,-0.0003870893420601565,ARIMA
2023-03-20,WFC,0.10331931786814623,-0.00347267540978669,ARIMA
2023-03-20,XOM,0.15809207333824501,0.0009026914547477817,ARIMA
2023-04-19,AAPL,0.03806493970874079,0.022311771671355497,ARIMA
2023-04-19,CAT,-0.05451751180809649,0.0009782802598797507,ARIMA
2023-04-19,CVX,-0.090857425235073,0.0004219627973399132,ARIMA
2023-04-19,DUK,-0.0359255652201421,-0.0001815102642948229,ARIMA
2023-04-19,GS,-0.011233710600058289,0.00015361360854809162,ARIMA
2023-04-19,HD,-0.022187804893224305,0.0020114885858767565,ARIMA
2023-04-19,INTC,-0.09351955379727284,0.00032985872735560645,ARIMA
2023-04-19,JNJ,-0.012625156888508897,0.0028218262355881873,ARIMA
2023-04-19,JPM,-0.0210831640383113,-1.2409550725202105e-06,ARIMA
2023-04-19,KO,-0.006471502038028999,-5.928615263591506e-05,ARIMA
2023-04-19,MCD,0.008727056766731894,0.011216701202762688,ARIMA
2023-04-19,MMM,-0.0590143286574325,0.0002846253629063663,ARIMA
2023-04-19,MSFT,0.0873322908929243,0.019960791297534215,ARIMA
2023-04-19,NEM,-0.0878675932944392,-0.001535786778483198,ARIMA
2023-04-19,PFE,-0.08763504431570411,-6.408357544012828e-05,ARIMA
2023-04-19,PG,0.0315127675237052,0.01301852975207893,ARIMA
2023-04-19,UNH,-0.039771206867949105,0.0004692468025483919,ARIMA
2023-04-19,VZ,-0.0735158188178441,0.0008719362113898912,ARIMA
2023-04-19,WFC,-0.02646352435011802,0.0024071104218412295,ARIMA
2023-04-19,XOM,-0.10077647829795129,0.00046618119420893005,ARIMA
2023-05-18,AAPL,0.06842524649523081,0.022283893501454672,ARIMA
2023-05-18,CAT,0.14530174742114618,0.001163616295538382,ARIMA
2023-05-18,CVX,0.019650031067326303,-0.0006183037312061487,ARIMA
2023-05-18,DUK,-0.009071334638413094,-0.002470122563802897,ARIMA
2023-05-18,GS,0.031910383658742617,0.00088827108977839,ARIMA
2023-05-18,HD,0.0341334221855304,-0.0017553620074337731,ARIMA
2023-05-18,INTC,0.23094118575136308,-0.001775448992345008,ARIMA
2023-05-18,JNJ,0.03994302725272849,-0.0004680529242124283,ARIMA
2023-05-18,JPM,0.0341515147087382,-0.0001481373871266833,ARIMA
2023-05-18,KO,-0.016128201001173292,0.0010419961556370084,ARIMA
2023-05-18,MCD,0.006111655495075263,0.011093528609652487,ARIMA
2023-05-18,MMM,0.057687438057481194,0.0015339055660623289,ARIMA
2023-05-18,MSFT,0.0863819747293238,0.019174259524924808,ARIMA
2023-05-18,NEM,-0.010822432008257322,0.000764101415814983,ARIMA
2023-05-18,PFE,0.08624033403688859,-0.00024128392926116066,ARIMA
2023-05-18,PG,-0.03637731669785638,0.014599418840711108,ARIMA
2023-05-18,UNH,-0.05172199373229781,-0.0004347748084074085,ARIMA
2023-05-18,VZ,0.007709365544762403,0.00606263770561002,ARIMA
2023-05-18,WFC,0.0416324796523985,-0.006189548261591706,ARIMA
2023-05-18,XOM,0.0029530716315747975,0.00017936991064700656,ARIMA
2023-06-20,AAPL,0.05358893543565771,0.0240662978918459,ARIMA
2023-06-20,CAT,0.0737834688897629,-0.00029838433606061885,ARIMA
2023-06-20,CVX,-0.016477379543500602,-0.0005028882242269177,ARIMA
2023-06-20,DUK,-0.005766245706706197,0.000249287849494019,ARIMA
2023-06-20,GS,0.006599037037682009,0.00010319253304771122,ARIMA
2023-06-20,HD,0.061646130908980995,0.0007900498583816458,ARIMA
2023-06-20,INTC,-0.05394510874145191,0.002981522940589967,ARIMA
2023-06-20,JNJ,-0.03399994812493229,0.000311183369596576,ARIMA
2023-06-20,JPM,0.0807579350860656,7.784183453423793e-05,ARIMA
2023-06-20,KO,-0.0004865710879906997,0.0006394887887781065,ARIMA
2023-06-20,MCD,0.0014628134365998983,0.0012151786769026372,ARIMA
2023-06-20,MMM,-0.010191272061845696,-0.0027537877790760404,ARIMA
2023-06-20,MSFT,0.0365681558749609,0.02345693628438175,ARIMA
2023-06-20,NEM,0.030335841704912308,-0.0005472716071833664,ARIMA
2023-06-20,PFE,-0.0947112608202569,-0.0004960494965429503,ARIMA
2023-06-20,PG,0.005003111371533104,0.009002021170769335,ARIMA
2023-06-20,UNH,0.09404239733012959,0.0023869317242235137,ARIMA
2023-06-20,VZ,-0.0529944521638523,-0.0001451004969810059,ARIMA
2023-06-20,WFC,0.092331404700681,0.0008425919738044693,ARIMA
2023-06-20,XOM,-0.033957243496696696,0.008359517536142582,ARIMA
2023-07-20,AAPL,-0.11310727862879469,0.023509621173752868,ARIMA
2023-07-20,CAT,0.046185954462696216,0.0012148477135412454,ARIMA
2023-07-20,CVX,0.041751552146246595,0.00042014310639742764,ARIMA
2023-07-20,DUK,0.0008210159603591974,0.0007837564958052322,ARIMA
2023-07-20,GS,-0.03901261451296759,0.004132787410426622,ARIMA
2023-07-20,HD,0.024121357107947956,0.0004446216062516525,ARIMA
2023-07-20,INTC,-0.05250925201909119,0.0010815486636627715,ARIMA
2023-07-20,JNJ,0.0918450694663228,0.0004998442097991325,ARIMA
2023-07-20,JPM,-0.037114907009823096,0.0007423265896066209,ARIMA
2023-07-20,KO,-0.016851125120354003,-0.0007773314306977093,ARIMA
2023-07-20,MCD,-0.0426114584924453,0.011669146730459334,ARIMA
2023-07-20,MMM,-0.016368467460298804,0.0022804869451685064,ARIMA
2023-07-20,MSFT,-0.1117048575093951,0.022402147322954227,ARIMA
2023-07-20,NEM,-0.1558490053879717,-8.100964129594516e-05,ARIMA
2023-07-20,PFE,0.012998679071821999,-0.0003315994833235294,ARIMA
2023-07-20,PG,0.018318161899304304,0.010448510369036866,ARIMA
2023-07-20,UNH,-0.0195263949774897,0.002913177000388563,ARIMA
2023-07-20,VZ,-0.027153721004336905,0.0,ARIMA
2023-07-20,WFC,-0.07768891329619651,0.0014436328937124765,ARIMA
2023-07-20,XOM,0.0727518031362458,-0.0004291152450916117,ARIMA
2023-08-18,AAPL,0.022559373596938298,0.02271869381197826,ARIMA
2023-08-18,CAT,0.020752219262876098,0.00040612244182827023,ARIMA
2023-08-18,CVX,0.04570037423149915,0.0018059093635641454,ARIMA
2023-08-18,DUK,0.045898475574154295,0.00026211589796503647,ARIMA
2023-08-18,GS,0.0554176136839499,-0.0012861767996195806,ARIMA
2023-08-18,HD,-0.024728825696534392,-1.789011910598463e-05,ARIMA
2023-08-18,INTC,0.15362427575219137,0.0020869458443107678,ARIMA
2023-08-18,JNJ,-0.06138527775871321,-0.001013055178288818,ARIMA
2023-08-18,JPM,0.0032915022488875004,0.007264036194311803,ARIMA
2023-08-18,KO,-0.030955377632971594,0.0008921079859902342,ARIMA
2023-08-18,MCD,-0.009434908015096206,0.012697341065378991,ARIMA
2023-08-18,MMM,0.007350886138445007,0.002170565258690125,ARIMA
2023-08-18,MSFT,0.03771681468381722,0.0211152033089362,ARIMA
2023-08-18,NEM,0.056107678797174404,0.0,ARIMA
2023-08-18,PFE,-0.0818703090479489,-0.0017371271834574573,ARIMA
2023-08-18,PG,0.012673207358847702,0.017100466762497584,ARIMA
2023-08-18,UNH,-0.012237093595325899,-0.000328620534650761,ARIMA
2023-08-18,VZ,0.014116400005916994,0.00034075786536649815,ARIMA
2023-08-18,WFC,0.022352487975664095,-0.0003328035606480455,ARIMA
2023-08-18,XOM,0.08180105106264127,0.0013194830283939835,ARIMA
2023-09-19,AAPL,-0.004618191177424404,0.01801617173716691,ARIMA
2023-09-19,CAT,-0.029952115975988108,0.013186101904895478,ARIMA
2023-09-19,CVX,0.0022100645048651942,-0.0004739202488831934,ARIMA
2023-09-19,DUK,-0.06526892610496379,-0.0005273030012788963,ARIMA
2023-09-19,GS,-0.10415744212622344,-0.0007393560461733464,ARIMA
2023-09-19,HD,-0.06956486697557851,-0.003319350325218076,ARIMA
2023-09-19,INTC,-0.0521387205745651,-0.0014476937112132323,ARIMA
2023-09-19,JNJ,-0.0400605287617481,0.0006655041072270979,ARIMA
2023-09-19,JPM,-0.0033679732429004955,0.007404333580971294,ARIMA
2023-09-19,KO,-0.07532261915776779,-0.00138550579650272,ARIMA
2023-09-19,MCD,-0.1006028364134351,-0.0007513934757960444,ARIMA
2023-09-19,MMM,-0.10961425848185367,0.0017475836179888192,ARIMA
2023-09-19,MSFT,0.009075510243980405,0.020024186900819342,ARIMA
2023-09-19,NEM,1.0234868508263162e-16,0.0,ARIMA
2023-09-19,PFE,-0.026812825947357604,0.0007629240253637135,ARIMA
2023-09-19,PG,-0.05189148638186961,0.012062320309721217,ARIMA
2023-09-19,UNH,0.0990140709759473,-0.000795056783208547,ARIMA
2023-09-19,VZ,-0.0410153080585099,0.00041668254560675816,ARIMA
2023-09-19,WFC,-0.03395701123372799,-0.0019406565750305798,ARIMA
2023-09-19,XOM,-0.05459171164878912,0.010325142771912004,ARIMA
2023-10-18,AAPL,0.06081503066333141,0.021285518327437185,ARIMA
2023-10-18,CAT,-0.07722382007198238,0.0003697822660567231,ARIMA
2023-10-18,CVX,-0.14093207001675973,0.0007546788689949959,ARIMA
2023-10-18,DUK,0.0072801182089358004,0.00046890120686857655,ARIMA
2023-10-18,GS,0.08735618333229671,0.001310980736814621,ARIMA
2023-10-18,HD,0.0405594697544203,0.00237611602887017,ARIMA
2023-10-18,INTC,0.12211295544178431,0.001565098988248216,ARIMA
2023-10-18,JNJ,-0.04782955357239339,0.0006045253648652161,ARIMA
2023-10-18,JPM,0.0148688886081301,-0.0010744146175057933,ARIMA
2023-10-18,KO,0.0564493220461592,-0.0011858525603084791,ARIMA
2023-10-18,MCD,0.0738549623058845,0.010305244938351799,ARIMA
2023-10-18,MMM,0.06695139157837769,-0.0011092875117246442,ARIMA
2023-10-18,MSFT,0.1093225980314651,0.019058473506972422,ARIMA
2023-10-18,NEM,-0.10681704929802309,-0.000694520034125148,ARIMA
2023-10-18,PFE,-0.06799993796234219,0.0019219410899065736,ARIMA
2023-10-18,PG,0.0409636412851353,0.012306218379917893,ARIMA
2023-10-18,UNH,0.003274151639144602,-0.0009808718733612368,ARIMA
2023-10-18,VZ,0.13321403877504057,-0.0004481762705909727,ARIMA
2023-10-18,WFC,0.0291541988354203,-0.00014393368966695463,ARIMA
2023-10-18,XOM,-0.06281852003970442,0.0002902100609882509,ARIMA
2023-11-16,AAPL,0.0495978264674823,0.02237667299797498,ARIMA
2023-11-16,CAT,0.1292707347413968,-8.372938963821107e-05,ARIMA
2023-11-16,CVX,0.0361319362452892,0.006406087428635041,ARIMA
2023-11-16,DUK,0.08692665546136569,0.0022011519404915685,ARIMA
2023-11-16,GS,0.12782861277381233,0.003890102800984987,ARIMA
2023-11-16,HD,0.14527301051941519,0.006765362077998209,ARIMA
2023-11-16,INTC,0.12809923298763912,0.0019228260373266846,ARIMA
2023-11-16,JNJ,0.04982992915273253,-0.0018589972592425114,ARIMA
2023-11-16,JPM,0.09843784201885189,0.0002568484560104364,ARIMA
2023-11-16,KO,0.0319369528281747,-0.000971368891215752,ARIMA
2023-11-16,MCD,0.0665310039349831,-0.00030359502650099333,ARIMA
2023-11-16,MMM,0.11540206817132029,-0.004746151530830937,ARIMA
2023-11-16,MSFT,0.0028634188130296813,0.021474319825872147,ARIMA
2023-11-16,NEM,0.12656063086441138,0.00041633642240776004,ARIMA
2023-11-16,PFE,-0.1254723633263637,0.0,ARIMA
2023-11-16,PG,-0.05052207248166131,0.009535176861849352,ARIMA
2023-11-16,UNH,-0.010226472509597805,-0.0006151322187628767,ARIMA
2023-11-16,VZ,0.03734924893438051,-0.0018415929662927853,ARIMA
2023-11-16,WFC,0.16073170228513872,-0.0013274263605817288,ARIMA
2023-11-16,XOM,-0.02698629634743409,-0.0006387073965179663,ARIMA
2023-12-18,AAPL,-0.0463054880640032,0.027348872046980187,ARIMA
2023-12-18,CAT,-0.013529829583773694,0.0012401240891973947,ARIMA
2023-12-18,CVX,-0.0517336376217037,-0.00017891451723890027,ARIMA
2023-12-18,DUK,-0.008000421913399702,-0.0012391969582453608,ARIMA
2023-12-18,GS,-0.009506000523879,0.005990468218790532,ARIMA
2023-12-18,HD,0.01095665061375829,0.003326500340833728,ARIMA
2023-12-18,INTC,0.012486695443509898,0.003129679698462452,ARIMA
2023-12-18,JNJ,0.0382510803184262,0.0001598973250096109,ARIMA
2023-12-18,JPM,0.0193146674060271,0.000875725739159394,ARIMA
2023-12-18,KO,0.026272995640872605,-9.127564070415948e-05,ARIMA
2023-12-18,MCD,0.024380949040804498,-0.0003193642358717663,ARIMA
2023-12-18,MMM,-0.005060255747543905,-0.00163767603949641,ARIMA
2023-12-18,MSFT,0.060546853262766716,0.019877212029990394,ARIMA
2023-12-18,NEM,-0.16596479655601112,0.000725641280070322,ARIMA
2023-12-18,PFE,0.053375197777192726,-0.001010632686569598,ARIMA
2023-12-18,PG,0.0349178922631981,0.009741775255489304,ARIMA
2023-12-18,UNH,-0.0282226835995026,-0.002143720432919426,ARIMA
2023-12-18,VZ,0.057876370447661,0.002501061415643082,ARIMA
2023-12-18,WFC,-0.0800428004458755,0.0026771161323878023,ARIMA
2023-12-18,XOM,-0.0414828281480175,0.0,ARIMA
2024-01-19,AAPL,-0.0328038107027014,0.023910622958441298,ARIMA
2024-01-19,CAT,0.13734172317151008,-0.0003860278827143191,ARIMA
2024-01-19,CVX,0.0973289571552242,0.0002811291520418864,ARIMA
2024-01-19,DUK,-0.031120230347879804,-0.0027728031054829174,ARIMA
2024-01-19,GS,0.0197812858295622,0.013815738824469154,ARIMA
2024-01-19,HD,0.012357047945954694,-0.0006548836965595304,ARIMA
2024-01-19,INTC,-0.06868263344425288,-0.0024815184427129026,ARIMA
2024-01-19,JNJ,-0.02176868636621811,-0.0002354912498602478,ARIMA
2024-01-19,JPM,0.0670478706901374,-0.0007992242111924964,ARIMA
2024-01-19,KO,-0.012881779621542598,7.788896604029958e-05,ARIMA
2024-01-19,MCD,-0.007981151979351994,-0.0017067444525034068,ARIMA
2024-01-19,MMM,-0.13750508365751726,-0.006165090603583967,ARIMA
2024-01-19,MSFT,0.027389988324480606,0.021261292695352325,ARIMA
2024-01-19,NEM,-0.03497770213693429,-0.001148600321014528,ARIMA
2024-01-19,PFE,-0.0019370339297830972,0.0,ARIMA
2024-01-19,PG,0.0613311735667163,0.012171921628125271,ARIMA
2024-01-19,UNH,0.010039651356266402,9.274966428888805e-05,ARIMA
2024-01-19,VZ,0.039032952691367195,-0.004050839031371223,ARIMA
2024-01-19,WFC,0.11834973321781961,0.00025340641858541423,ARIMA
2024-01-19,XOM,0.0783950002285746,0.0007151613104914839,ARIMA
2024-02-20,AAPL,-0.034770134846341096,0.025859214842907964,ARIMA
2024-02-20,CAT,0.0947425412903187,0.0005976922805213086,ARIMA
2024-02-20,CVX,0.012787446170212952,0.003974884882749841,ARIMA
2024-02-20,DUK,0.034866162585488705,0.0025045116660071757,ARIMA
2024-02-20,GS,0.0179787619287573,0.002440036684447231,ARIMA
2024-02-20,HD,0.051969790282152095,0.001409445013359618,ARIMA
2024-02-20,INTC,-0.034131486830563496,0.0008305809857456625,ARIMA
2024-02-20,JNJ,-0.0021739792593487048,0.0006921286804018917,ARIMA
2024-02-20,JPM,0.07922151295900359,0.0015317090291025821,ARIMA
2024-02-20,KO,0.022011539206381096,0.0002863426679987889,ARIMA
2024-02-20,MCD,-0.02616161679695881,0.001972473161161263,ARIMA
2024-02-20,MMM,0.14340040674319476,0.0016392894915113851,ARIMA
2024-02-20,MSFT,0.0420428785920404,0.024181114573526168,ARIMA
2024-02-20,NEM,0.011738959174764106,0.0018189409243415716,ARIMA
2024-02-20,PFE,0.00036185201890910536,0.0019700793994642234,ARIMA
2024-02-20,PG,0.027057314685241494,0.00972740822209021,ARIMA
2024-02-20,UNH,-0.051712674923593806,0.000570745944819995,ARIMA
2024-02-20,VZ,-0.0129256775104972,3.373685036142171e-07,ARIMA
2024-02-20,WFC,0.0937151513839037,0.00499091792073079,ARIMA
2024-02-20,XOM,0.08639259960330299,0.0018651509785797763,ARIMA
2024-03-20,AAPL,-0.0527049854508197,0.021352280357160393,ARIMA
2024-03-20,CAT,0.011322881407266899,0.01853229229450224,ARIMA
2024-03-20,CVX,0.0060472226961183085,0.0009257203789646849,ARIMA
2024-03-20,DUK,0.0082692025470346,0.0014139491006065481,ARIMA
2024-03-20,GS,0.0365045950823465,-0.0004459419701437009,ARIMA
2024-03-20,HD,-0.13080522261881722,0.00018210534647581213,ARIMA
2024-03-20,INTC,-0.1823690400920797,-0.00022652095673592184,ARIMA
2024-03-20,JNJ,-0.06937719010942231,-0.00012915154222770464,ARIMA
2024-03-20,JPM,-0.0610814313077594,0.0006483302806684514,ARIMA
2024-03-20,KO,-0.022159631314491807,0.001053870976778067,ARIMA
2024-03-20,MCD,-0.04294207817794461,-0.0025810548264777714,ARIMA
2024-03-20,MMM,0.03809958678298669,0.0003721575842181896,ARIMA
2024-03-20,MSFT,-0.0415232679051301,0.020702233499042155,ARIMA
2024-03-20,NEM,0.13862125366032732,0.0,ARIMA
2024-03-20,PFE,-0.0845467102764303,0.00018240532753274733,ARIMA
2024-03-20,PG,-0.02201869807767203,0.01012748282160243,ARIMA
2024-03-20,UNH,-0.00028385618494610257,0.001042796659988153,ARIMA
2024-03-20,VZ,0.020059039535814296,0.000744833898872902,ARIMA
2024-03-20,WFC,0.029894194937860705,0.0001280027209879241,ARIMA
2024-03-20,XOM,0.04689771953308819,0.0005791149736414408,ARIMA
2024-04-19,AAPL,0.1294616358453115,0.021478245270278782,ARIMA
2024-04-19,CAT,-0.001009915471079103,-0.0006174005405855823,ARIMA
2024-04-19,CVX,0.0419010048958033,-0.0002997857326364241,ARIMA
2024-04-19,DUK,0.08968124470843691,0.0011738527138138277,ARIMA
2024-04-19,GS,0.14866022231608086,0.0015092606279531507,ARIMA
2024-04-19,HD,0.033439635501105396,-0.0005905853078768396,ARIMA
2024-04-19,INTC,-0.09202753196813061,-0.003773126086152159,ARIMA
2024-04-19,JNJ,0.0592757221078831,-0.0008201529578801357,ARIMA
2024-04-19,JPM,0.1221076455752849,-0.003175967438684479,ARIMA
2024-04-19,KO,0.06759985547308141,-0.0006066311035855674,ARIMA
2024-04-19,MCD,0.005152907822248097,0.0075491458803746995,ARIMA
2024-04-19,MMM,0.14031319165074663,0.0014913548541600659,ARIMA
2024-04-19,MSFT,0.04047364270842688,0.024045890249444837,ARIMA
2024-04-19,NEM,0.12630703048870773,0.0,ARIMA
2024-04-19,PFE,0.1354171569033857,6.665556562790914e-05,ARIMA
2024-04-19,PG,0.0637276971261587,-0.0007843221730959814,ARIMA
2024-04-19,UNH,0.0618189358459742,0.013313046392329143,ARIMA
2024-04-19,VZ,-0.00174570835074629,0.00022748319365118404,ARIMA
2024-04-19,WFC,0.0447961737112064,0.0009348025269665981,ARIMA
2024-04-19,XOM,0.017495202788426607,-0.0002754586340871222,ARIMA
2024-05-20,AAPL,0.12099071431811335,0.024153838461595474,ARIMA
2024-05-20,CAT,-0.09143289419266387,0.019623030911519894,ARIMA
2024-05-20,CVX,-0.0591311970651659,0.00043696791375363674,ARIMA
2024-05-20,DUK,-0.0378625692883822,-0.024503348842358542,ARIMA
2024-05-20,GS,-0.016212541897377693,-0.00019971621802063742,ARIMA
2024-05-20,HD,0.0346055455455242,-0.0016604943689064403,ARIMA
2024-05-20,INTC,-0.03842933816815581,0.0035313825431336184,ARIMA
2024-05-20,JNJ,-0.051842531775648806,0.00017770492345076702,ARIMA
2024-05-20,JPM,-0.03878117719967251,0.011392450919305255,ARIMA
2024-05-20,KO,0.001363099608681999,0.0005331903844819719,ARIMA
2024-05-20,MCD,-0.0761106858360068,-0.0023315591177583872,ARIMA
2024-05-20,MMM,-0.036671767802217495,0.003964186520776695,ARIMA
2024-05-20,MSFT,0.06032649321216169,0.020950157408475903,ARIMA
2024-05-20,NEM,-0.0396200049410562,0.0,ARIMA
2024-05-20,PFE,-0.043896478212299396,0.0005247407297132362,ARIMA
2024-05-20,PG,0.005472808208127801,0.00012711007664828133,ARIMA
2024-05-20,UNH,-0.0824886339572593,0.0006132289100034683,ARIMA
2024-05-20,VZ,0.0004990238150737007,0.00012944590484878358,ARIMA
2024-05-20,WFC,-0.033799899058851515,-0.002302365674017357,ARIMA
2024-05-20,XOM,-0.0896592347033682,0.0,ARIMA
2024-06-20,AAPL,0.04569873477896082,0.02663726953947708,ARIMA
2024-06-20,CAT,0.066882811275908,0.018351683283347513,ARIMA
2024-06-20,CVX,0.03725482577712161,0.00014625100722026588,ARIMA
2024-06-20,DUK,0.06661074044500878,-0.01180874025656872,ARIMA
2024-06-20,GS,0.0583806727452001,0.0014651128142539691,ARIMA
2024-06-20,HD,0.026464411034233904,0.0010215460611418036,ARIMA
2024-06-20,INTC,0.07392138127589998,0.0019351247729357615,ARIMA
2024-06-20,JNJ,0.060216606208187605,-8.406376756120925e-05,ARIMA
2024-06-20,JPM,0.068381282584622,-0.0007542304861044664,ARIMA
2024-06-20,KO,0.0415944738318711,-0.00040821159205058717,ARIMA
2024-06-20,MCD,0.025549012438034688,0.0007280299346033008,ARIMA
2024-06-20,MMM,0.030780596676816704,-0.0001390570828157756,ARIMA
2024-06-20,MSFT,-0.020896111389598505,0.021831119332343066,ARIMA
2024-06-20,NEM,0.11749047074474182,0.0,ARIMA
2024-06-20,PFE,0.0892889646002597,-0.0024796132697517824,ARIMA
2024-06-20,PG,0.002430534536352301,0.004908877733219845,ARIMA
2024-06-20,UNH,0.16143842803155609,-0.0008620581870728052,ARIMA
2024-06-20,VZ,0.0539360808108118,-8.002156845477613e-05,ARIMA
2024-06-20,WFC,0.003043583046808493,0.0017133837562765338,ARIMA
2024-06-20,XOM,0.0593654149239874,0.0003455799968824104,ARIMA
2024-07-22,AAPL,0.008176010809867986,0.025253658166855254,ARIMA
2024-07-22,CAT,-0.004544991010252606,0.01667001382817638,ARIMA
2024-07-22,CVX,-0.0694418080180326,0.00660446138208426,ARIMA
2024-07-22,DUK,0.062107722680007506,-0.0011935579374358727,ARIMA
2024-07-22,GS,0.03992010750972668,0.015966536611229043,ARIMA
2024-07-22,HD,-0.0007983974644765065,-0.0023511888318447994,ARIMA
2024-07-22,INTC,-0.42059497538496005,0.0007346795064868215,ARIMA
2024-07-22,JNJ,0.031435621650562004,-0.0004708181460107042,ARIMA
2024-07-22,JPM,0.02666945608969399,0.01275455488858291,ARIMA
2024-07-22,KO,0.05497777268156461,-0.0009322772469788758,ARIMA
2024-07-22,MCD,0.1112317924347428,-0.0009030584528532202,ARIMA
2024-07-22,MMM,0.2011955337766916,-0.00014643797650402767,ARIMA
2024-07-22,MSFT,-0.034493175356973105,0.02156149442789234,ARIMA
2024-07-22,NEM,0.08539664325610338,0.0,ARIMA
2024-07-22,PFE,-0.025807184279464497,-0.0004799378590809892,ARIMA
2024-07-22,PG,0.002734809622954393,-0.003024846956279462,ARIMA
2024-07-22,UNH,0.023512850762492193,-0.0038285317957116637,ARIMA
2024-07-22,VZ,-0.02137033806467189,-0.004516419729812591,ARIMA
2024-07-22,WFC,-0.04046255758564361,0.0007279638536744238,ARIMA
2024-07-22,XOM,0.028991235161187796,-8.082508495484695e-05,ARIMA
2024-08-20,AAPL,-0.0232891525203793,0.02569607497172647,ARIMA
2024-08-20,CAT,0.029926342415106097,0.020052579243509006,ARIMA
2024-08-20,CVX,-0.0197399389148683,-0.0009645374110946983,ARIMA
2024-08-20,DUK,0.027648241010630306,-0.02393519517835985,ARIMA
2024-08-20,GS,-0.03474348178819219,0.017798106732520448,ARIMA
2024-08-20,HD,0.0621284376374787,0.0005733219759885442,ARIMA
2024-08-20,INTC,-0.03547309663745159,0.005094902534437376,ARIMA
2024-08-20,JNJ,0.0475937375693535,-0.0009454529533248708,ARIMA
2024-08-20,JPM,-0.037452892370226795,-0.0011211171255576797,ARIMA
2024-08-20,KO,0.046203403564651094,0.0004640629973652763,ARIMA
2024-08-20,MCD,0.021262046692635053,-0.0017581106596201283,ARIMA
2024-08-20,MMM,0.053611694020357294,0.005821293972508678,ARIMA
2024-08-20,MSFT,0.021776117555940704,0.019126023898123526,ARIMA
2024-08-20,NEM,0.040734935687045004,0.0,ARIMA
2024-08-20,PFE,0.03245383679021649,0.0008464061643820718,ARIMA
2024-08-20,PG,0.03213464606971252,-0.0029312798640528377,ARIMA
2024-08-20,UNH,0.006765439919807797,0.014673651014101096,ARIMA
2024-08-20,VZ,0.0742482053313628,0.0005629794302046181,ARIMA
2024-08-20,WFC,-0.03956809610395111,0.0010702484903078713,ARIMA
2024-08-20,XOM,-0.033892733728557105,-2.861434030267972e-05,ARIMA
2024-09-19,AAPL,0.050624685599373394,0.022011589079450566,ARIMA
2024-09-19,CAT,0.10513796953745369,0.018274049717384486,ARIMA
2024-09-19,CVX,0.0490679000627877,-0.0006595484809568435,ARIMA
2024-09-19,DUK,0.0397583420870521,-0.0013260616251600172,ARIMA
2024-09-19,GS,0.08770573669522741,-0.003236518417964743,ARIMA
2024-09-19,HD,0.07905467160056771,0.00025842774195831476,ARIMA
2024-09-19,INTC,0.077335444526177,0.0025802648456355573,ARIMA
2024-09-19,JNJ,-0.010162623992502945,0.0003893634339847499,ARIMA
2024-09-19,JPM,0.08435274954174429,0.008344760575865553,ARIMA
2024-09-19,KO,-0.026122298421627096,-0.0004985551291792125,ARIMA
2024-09-19,MCD,0.07476324842481812,0.00778298437261781,ARIMA
2024-09-19,MMM,0.017246970156406794,0.00042564016677574157,ARIMA
2024-09-19,MSFT,-0.0332525809760456,0.021632202118650252,ARIMA
2024-09-19,NEM,0.0628172780395838,0.0,ARIMA
2024-09-19,PFE,-0.016266147630082703,0.00026402566334841123,ARIMA
2024-09-19,PG,-0.0094744963497839,-0.0013859802907775559,ARIMA
2024-09-19,UNH,-0.025501116291688594,0.01666175330971111,ARIMA
2024-09-19,VZ,0.0148059367476762,-0.0015305979326545305,ARIMA
2024-09-19,WFC,0.1710158479144961,-0.0021848665360329057,ARIMA
2024-09-19,XOM,0.04913084187860921,0.0,ARIMA
2024-10-18,AAPL,-0.0301836703695101,0.023386453205273654,ARIMA
2024-10-18,CAT,-0.023182507110442202,0.0235146787650875,ARIMA
2024-10-18,CVX,0.06540609884351269,0.0021957940899746007,ARIMA
2024-10-18,DUK,-0.06281141196984528,0.0003118908097227747,ARIMA
2024-10-18,GS,0.11511624881233583,0.01901245259703953,ARIMA
2024-10-18,HD,-0.018015037657845394,0.0005774224719057586,ARIMA
2024-10-18,INTC,0.0816867607408526,-0.0025556798192548757,ARIMA
2024-10-18,JNJ,-0.06577565037342589,0.0003618867496621383,ARIMA
2024-10-18,JPM,0.08900340182929978,0.014892623959204068,ARIMA
2024-10-18,KO,-0.1241335357059315,-0.00011256465279925453,ARIMA
2024-10-18,MCD,-0.0727108576458032,-0.00048231961840055086,ARIMA
2024-10-18,MMM,-0.039077186779801404,2.650454822853332e-05,ARIMA
2024-10-18,MSFT,-0.0041359780164192915,0.018696463686437462,ARIMA
2024-10-18,NEM,-0.32237734337865875,0.0,ARIMA
2024-10-18,PFE,-0.1503062966080026,0.0030629833884203744,ARIMA
2024-10-18,PG,-0.010169851527971795,5.657431997955001e-05,ARIMA
2024-10-18,UNH,0.0452478964406746,0.020585239749810295,ARIMA
2024-10-18,VZ,-0.05147322403821121,-0.0015216437019770677,ARIMA
2024-10-18,WFC,0.149591589685087,0.001823146499932106,ARIMA
2024-10-18,XOM,-0.0004954828056295043,0.0016693671145935744,ARIMA
2024-11-18,AAPL,0.11918447500408422,0.02249855404969953,ARIMA
2024-11-18,CAT,-0.021767754856399694,0.01654755421895026,ARIMA
2024-11-18,CVX,-0.07590508587438119,-0.000754659817260018,ARIMA
2024-11-18,DUK,-0.0389034252688846,-0.0012224538894714536,ARIMA
2024-11-18,GS,-0.027349480869473197,0.017869790410542968,ARIMA
2024-11-18,HD,0.005962377959999903,-0.0008298143999669739,ARIMA
2024-11-18,INTC,-0.17503807373113972,0.0013700900963821397,ARIMA
2024-11-18,JNJ,-0.0425498848322457,-0.0012993674879161982,ARIMA
2024-11-18,JPM,-0.0287405656516493,-0.004688841355648202,ARIMA
2024-11-18,KO,0.0340878300672083,-0.0016962337267569713,ARIMA
2024-11-18,MCD,0.017718144847607798,0.009614538881402911,ARIMA
2024-11-18,MMM,-0.013496875276769902,-0.001308866175213014,ARIMA
2024-11-18,MSFT,0.092831008679519,0.02253740791770886,ARIMA
2024-11-18,NEM,-0.022061824160346796,-0.00016359426870272652,ARIMA
2024-11-18,PFE,0.0636560919117911,0.0028649911252485614,ARIMA
2024-11-18,PG,0.0046489210678745205,-0.0014866580166805587,ARIMA
2024-11-18,UNH,-0.1948464037464333,-0.0019255693031376702,ARIMA
2024-11-18,VZ,-0.0211096261059075,-0.003585476328243162,ARIMA
2024-11-18,WFC,-0.04864895592070059,-0.0034210221947879047,ARIMA
2024-11-18,XOM,-0.0995012486045995,-0.0009461261305441192,ARIMA
2024-12-18,AAPL,-0.12972885619122643,0.021342942372391236,ARIMA
2024-12-18,CAT,0.06195841641775329,0.01764068088059985,ARIMA
2024-12-18,CVX,0.066157646991182,-0.00043854288207792556,ARIMA
2024-12-18,DUK,0.026343868655296906,-0.00014062226738234372,ARIMA
2024-12-18,GS,0.09940225151817209,0.017311060861631183,ARIMA
2024-12-18,HD,0.024091110177069584,-0.0016192940216562487,ARIMA
2024-12-18,INTC,0.06303910481015891,0.0003092558806450149,ARIMA
2024-12-18,JNJ,0.0118142947256951,0.0015106062001482375,ARIMA
2024-12-18,JPM,0.10363728903896949,9.345618387313939e-05,ARIMA
2024-12-18,KO,-0.0155781938483139,0.00035145623098909075,ARIMA
2024-12-18,MCD,-0.0465618905576687,0.009103762478008565,ARIMA
2024-12-18,MMM,0.13726307734363036,0.001593399268205373,ARIMA
2024-12-18,MSFT,-0.05881908495981821,0.017858349192142627,ARIMA
2024-12-18,NEM,0.062101551501890506,0.0010044134487049291,ARIMA
2024-12-18,PFE,0.0079141104103829,0.00034466811986705147,ARIMA
2024-12-18,PG,-0.051871281946377995,0.00046897756405479775,ARIMA
2024-12-18,UNH,0.07815870583947611,-0.004557030515436574,ARIMA
2024-12-18,VZ,-0.026552693408751094,-0.0016045813589092475,ARIMA
2024-12-18,WFC,0.0947837806130656,0.0006004190612431894,ARIMA
2024-12-18,XOM,0.03153160966096207,0.00024507394674917315,ARIMA
2025-01-22,AAPL,0.1001831388525226,0.016187001136073756,ARIMA
2025-01-22,CAT,-0.1318544984996258,0.018668738009648748,ARIMA
2025-01-22,CVX,0.014500189198730404,0.009409677266695686,ARIMA
2025-01-22,DUK,0.030559818635447607,-0.0006529852984423162,ARIMA
2025-01-22,GS,0.011777688347990027,0.01972205696689737,ARIMA
2025-01-22,HD,-0.058535556656398195,5.623342401349504e-05,ARIMA
2025-01-22,INTC,0.1810192087234313,0.009366628615898787,ARIMA
2025-01-22,JNJ,0.08291926014141851,-0.002549935929413185,ARIMA
2025-01-22,JPM,0.014231195990113112,-0.0012062395883792104,ARIMA
2025-01-22,KO,0.11518081969367021,0.0006732519860273337,ARIMA
2025-01-22,MCD,0.06982999011595194,-0.0013749566269266162,ARIMA
2025-01-22,MMM,0.0197198194244035,-0.005349405184355413,ARIMA
2025-01-22,MSFT,-0.027289923869471308,0.01710285106299404,ARIMA
2025-01-22,NEM,0.1271059795290977,-0.0008365873586816201,ARIMA
2025-01-22,PFE,-0.011773997250825206,-0.0004447237814211134,ARIMA
2025-01-22,PG,0.039463279733173,-0.0003579563946190283,ARIMA
2025-01-22,UNH,-0.043942715492808204,0.0011533376222386104,ARIMA
2025-01-22,VZ,0.0851945525433034,0.000842268616800907,ARIMA
2025-01-22,WFC,0.014894130030382893,-0.0013032864308083042,ARIMA
2025-01-22,XOM,0.013648376868734598,0.0,ARIMA
2025-02-21,AAPL,-0.11890740382803187,0.020138095965734275,ARIMA
2025-02-21,CAT,-0.039045557540266,0.01724592842913146,ARIMA
2025-02-21,CVX,0.0368466554939779,0.0007707008424266258,ARIMA
2025-02-21,DUK,0.05116060634469719,0.0008102996147680609,ARIMA
2025-02-21,GS,-0.12297329337869792,0.016926146128788747,ARIMA
2025-02-21,HD,-0.11043447205268069,-0.0024933927999100146,ARIMA
2025-02-21,INTC,-0.0727231920467168,-0.0010136044102238425,ARIMA
2025-02-21,JNJ,0.02443615826219641,-0.00176383761227164,ARIMA
2025-02-21,JPM,-0.0990916577360654,0.014479743084032737,ARIMA
2025-02-21,KO,-0.012401759764242893,0.0005311408849088792,ARIMA
2025-02-21,MCD,0.013612614888872101,-0.0018886441167648383,ARIMA
2025-02-21,MMM,0.008549366556767801,0.00014678744685127045,ARIMA
2025-02-21,MSFT,-0.06162543762354689,0.013288239539770085,ARIMA
2025-02-21,NEM,-0.009376990920224999,0.0015042906097789415,ARIMA
2025-02-21,PFE,0.014565403987098999,-9.026318206621266e-05,ARIMA
2025-02-21,PG,-0.003114661756335294,-0.00044556957476844143,ARIMA
2025-02-21,UNH,0.032580750829521096,0.0468930561266227,ARIMA
2025-02-21,VZ,0.034693469586741084,0.0008151660262431393,ARIMA
2025-02-21,WFC,-0.08089091063533639,-0.0002677566665710303,ARIMA
2025-02-21,XOM,0.03077156322093401,0.0,ARIMA
2025-03-24,AAPL,-0.08871632810508055,0.02114852358052203,ARIMA
2025-03-24,CAT,-0.13774543411761,0.022275142289506493,ARIMA
2025-03-24,CVX,-0.18226096340291525,0.01620400477583202,ARIMA
2025-03-24,DUK,0.028392485053649108,0.0016002059436720849,ARIMA
2025-03-24,GS,-0.08326395504340849,0.024878621090332533,ARIMA
2025-03-24,HD,0.009297285148257584,0.013739570027991418,ARIMA
2025-03-24,INTC,-0.21790174658390551,0.0,ARIMA
2025-03-24,JNJ,-0.03659636308734191,0.00045716749669299844,ARIMA
2025-03-24,JPM,-0.019173986914073172,0.01776835267259269,ARIMA
2025-03-24,KO,0.0734006048886675,0.002281182522703859,ARIMA
2025-03-24,MCD,0.04368851341651219,0.014405891053996919,ARIMA
2025-03-24,MMM,-0.0979540385694852,0.0,ARIMA
2025-03-24,MSFT,-0.0645009917779588,0.015410523174580647,ARIMA
2025-03-24,NEM,0.14115636208751037,0.0,ARIMA
2025-03-24,PFE,-0.15396062357743093,0.0,ARIMA
2025-03-24,PG,0.01332768717001251,0.0,ARIMA
2025-03-24,UNH,-0.1905472026301552,0.0,ARIMA
2025-03-24,VZ,-0.0024191566461206912,0.0,ARIMA
2025-03-24,WFC,-0.09072870340389358,-0.0035431770433681444,ARIMA
2025-03-24,XOM,-0.064365284580733,0.020761571240931153,ARIMA
2025-04-23,AAPL,0.013007012738884605,0.01757717730875714,ARIMA
2025-04-23,CAT,0.16239360011903087,0.017596887348069606,ARIMA
2025-04-23,CVX,-0.0006471454468612997,0.0,ARIMA
2025-04-23,DUK,-0.041925612356666406,0.0,ARIMA
2025-04-23,GS,0.13216030659548839,0.015970667647476948,ARIMA
2025-04-23,HD,0.045259900651204193,0.0,ARIMA
2025-04-23,INTC,0.05872335120327211,0.0,ARIMA
2025-04-23,JNJ,-0.029397790228946112,0.0,ARIMA
2025-04-23,JPM,0.10258071590820378,0.0188578961784555,ARIMA
2025-04-23,KO,-0.028132283344043905,0.010067510560031627,ARIMA
2025-04-23,MCD,-0.008308122855907995,0.011509121484497897,ARIMA
2025-04-23,MMM,0.09154872042749654,0.0,ARIMA
2025-04-23,MSFT,0.21190533570217454,0.017422265649222456,ARIMA
2025-04-23,NEM,-0.03545812776985651,0.0,ARIMA
2025-04-23,PFE,0.0412817454366705,0.0,ARIMA
2025-04-23,PG,-0.014701413564658202,-0.0007161406714742944,ARIMA
2025-04-23,UNH,-0.34353858243926394,0.11244230388559207,ARIMA
2025-04-23,VZ,0.012882591503124602,0.0,ARIMA
2025-04-23,WFC,0.10539644756026981,0.0,ARIMA
2025-04-23,XOM,-0.034620869283331704,0.018301761407944428,ARIMA
2025-05-22,AAPL,-0.002923685341579601,0.016569635015712653,ARIMA
2025-05-22,CAT,0.0669606952498064,0.020950172320675874,ARIMA
2025-05-22,CVX,0.0800654943060698,0.0,ARIMA
2025-05-22,DUK,0.004541354502311705,0.0,ARIMA
2025-05-22,GS,0.09116309807794011,0.022674370661112244,ARIMA
2025-05-22,HD,-0.031951662394162,0.0,ARIMA
2025-05-22,INTC,0.023878879913686403,0.0,ARIMA
2025-05-22,JNJ,-0.0036805038071978,0.0,ARIMA
2025-05-22,JPM,0.0639180731597273,0.020842724944437292,ARIMA
2025-05-22,KO,-0.022721716377655306,0.011016048359563888,ARIMA
2025-05-22,MCD,-0.08325369856241449,0.01190752572018931,ARIMA
2025-05-22,MMM,-0.007235458124645596,0.0,ARIMA
2025-05-22,MSFT,0.0712661517662413,0.015174401924543236,ARIMA
2025-05-22,NEM,0.12649828862898901,0.0,ARIMA
2025-05-22,PFE,0.0420711365796541,0.002122633383091731,ARIMA
2025-05-22,PG,-0.026957476432972003,7.19210695498163e-05,ARIMA
2025-05-22,UNH,-0.0005465564280799362,-0.04584667889096138,ARIMA
2025-05-22,VZ,-0.0322871354043823,0.0,ARIMA
2025-05-22,WFC,0.050876442999812005,0.020912801220223952,ARIMA
2025-05-22,XOM,0.07505840011255349,0.020387080251043924,ARIMA
2025-06-24,AAPL,0.06088727589959111,0.0,ARIMA
2025-06-24,CAT,0.15855972957558753,0.01894968545936582,ARIMA
2025-06-24,CVX,0.0417420471254522,0.0,ARIMA
2025-06-24,DUK,0.021482610101082197,0.0,ARIMA
2025-06-24,GS,0.10363999691323551,0.0220682127010278,ARIMA
2025-06-24,HD,0.052895815503682504,0.0,ARIMA
2025-06-24,INTC,0.1030453914435301,0.0,ARIMA
2025-06-24,JNJ,0.11109340901194739,0.0032902409010552316,ARIMA
2025-06-24,JPM,0.0691379601017248,0.019035090496259798,ARIMA
2025-06-24,KO,-0.008351271668651995,0.009257884264223365,ARIMA
2025-06-24,MCD,0.029271660978365293,0.0,ARIMA
2025-06-24,MMM,0.021581198672386503,0.0,ARIMA
2025-06-24,MSFT,0.040071020555166384,0.012460540567678475,ARIMA
2025-06-24,NEM,0.03243169082104372,0.0,ARIMA
2025-06-24,PFE,0.053870092569271694,0.0,ARIMA
2025-06-24,PG,-0.010409651690414305,-0.0006335804601682155,ARIMA
2025-06-24,UNH,-0.0275476776187283,-0.04204365284204193,ARIMA
2025-06-24,VZ,0.0273074709197089,0.0,ARIMA
2025-06-24,WFC,0.083303688917512,0.018115824835790686,ARIMA
2025-06-24,XOM,-0.01633094669146041,0.01838689509266875,ARIMA
2025-07-24,AAPL,0.0501134094932321,-0.0006167276041054699,ARIMA
2025-07-24,CAT,-0.022946538031843287,0.021499240665830827,ARIMA
2025-07-24,CVX,0.02681592969493989,0.0,ARIMA
2025-07-24,DUK,0.0466175518137913,-0.0007766996665330804,ARIMA
2025-07-24,GS,-0.002190429659615402,0.02298865590665764,ARIMA
2025-07-24,HD,0.05517848833866781,0.0,ARIMA
2025-07-24,INTC,0.0004256322230908947,-0.011738721498206851,ARIMA
2025-07-24,JNJ,0.05650442482604969,0.0,ARIMA
2025-07-24,JPM,-0.017986602946158513,0.020363949627284595,ARIMA
2025-07-24,KO,0.021456892398845004,0.009323952559483244,ARIMA
2025-07-24,MCD,0.04940975368455229,0.010605179198487741,ARIMA
2025-07-24,MMM,0.023329973170268307,0.0,ARIMA
2025-07-24,MSFT,-0.0015847786561426938,0.016491331118458148,ARIMA
2025-07-24,NEM,0.1320446004305977,0.0,ARIMA
2025-07-24,PFE,0.031981085250003496,0.0,ARIMA
2025-07-24,PG,0.0028389380442235016,-3.942883753245995e-05,ARIMA
2025-07-24,UNH,0.036388416625065784,-0.04004603838262764,ARIMA
2025-07-24,VZ,0.0498566530045722,0.0,ARIMA
2025-07-24,WFC,-0.0668544637365788,0.021714413141223226,ARIMA
2025-07-24,XOM,0.002874373891492695,0.017592931393307528,ARIMA
2025-08-22,AAPL,0.1298340077204349,0.0,ARIMA
2025-08-22,CAT,0.1219726026248609,0.019869275871052375,ARIMA
2025-08-22,CVX,0.0032092379361784986,0.0,ARIMA
2025-08-22,DUK,-0.020837487343224704,0.010954670064126678,ARIMA
2025-08-22,GS,0.12326620131776989,0.02309658945825216,ARIMA
2025-08-22,HD,0.040982574463369045,0.0,ARIMA
2025-08-22,INTC,0.2019851196610722,-0.022907122114810025,ARIMA
2025-08-22,JNJ,-0.019419911465623704,0.0,ARIMA
2025-08-22,JPM,0.06947529584167719,0.019668934641522366,ARIMA
2025-08-22,KO,-0.057408215887918404,0.008816649124251187,ARIMA
2025-08-22,MCD,-0.027544859031544404,0.0086724005633169,ARIMA
2025-08-22,MMM,0.0012358948402697023,0.0,ARIMA
2025-08-22,MSFT,0.020046067036933,0.019593455184222987,ARIMA
2025-08-22,NEM,0.18101811234631368,0.0,ARIMA
2025-08-22,PFE,-0.0683270192768276,0.00020444344303262004,ARIMA
2025-08-22,PG,-0.0363092204742195,0.0,ARIMA
2025-08-22,UNH,0.12416361507329791,0.0,ARIMA
2025-08-22,VZ,-0.0424147628058248,0.0,ARIMA
2025-08-22,WFC,0.09000488598523171,0.020636795627145453,ARIMA
2025-08-22,XOM,0.025221601788734505,0.019074719906405958,ARIMA
2025-09-23,AAPL,0.025789216795147896,-0.011893072934592085,ARIMA
2025-09-23,CAT,0.1084095005669812,0.021410626313677045,ARIMA
2025-09-23,CVX,-0.014588487552468398,0.015488964465716838,ARIMA
2025-09-23,DUK,0.0540325869431032,-0.001240080713839691,ARIMA
2025-09-23,GS,-0.059562263625302606,0.02617209630122638,ARIMA
2025-09-23,HD,-0.0525715245042292,0.0,ARIMA
2025-09-23,INTC,0.2817535099550036,0.0,ARIMA
2025-09-23,JNJ,0.09660870789273429,0.0,ARIMA
2025-09-23,JPM,-0.04552729597868296,0.021344195220244878,ARIMA
2025-09-23,KO,0.07294210605401999,0.0,ARIMA
2025-09-23,MCD,0.014710373480938099,0.0,ARIMA
2025-09-23,MMM,0.0797926437549843,0.0,ARIMA
2025-09-23,MSFT,0.006220241046942902,0.014992915548991126,ARIMA
2025-09-23,NEM,0.030583365011583694,0.0,ARIMA
2025-09-23,PFE,0.033138533862571096,0.0,ARIMA
2025-09-23,PG,-0.0095180436636569,0.0,ARIMA
2025-09-23,UNH,0.06814866696594601,0.0008498225817011688,ARIMA
2025-09-23,VZ,-0.051518880081298,0.0,ARIMA
2025-09-23,WFC,-0.004708143388687287,0.022415881106242486,ARIMA
2025-09-23,XOM,0.006140755833015051,0.024344871439652218,ARIMA
2025-10-22,AAPL,0.02276420451351097,-0.015401492690325747,ARIMA
2025-10-22,CAT,0.0528254985942794,0.020451368463416632,ARIMA
2025-10-22,CVX,-0.0025765899906547013,0.01577259394933276,ARIMA
2025-10-22,DUK,-0.0400459607877712,0.0,ARIMA
2025-10-22,GS,0.03496865865804491,0.02254097246411854,ARIMA
2025-10-22,HD,-0.155814906831496,0.0,ARIMA
2025-10-22,INTC,-0.08225304320186808,0.0005407871465930549,ARIMA
2025-10-22,JNJ,0.053919058396336414,0.0,ARIMA
2025-10-22,JPM,0.020588284890676704,0.020274404291878562,ARIMA
2025-10-22,KO,-0.0015456653606954977,0.0,ARIMA
2025-10-22,MCD,-0.015535810195510294,0.0004875739410116942,ARIMA
2025-10-22,MMM,0.003927649169361294,0.0,ARIMA
2025-10-22,MSFT,-0.060808144567997525,0.014052080141342549,ARIMA
2025-10-22,NEM,0.01369177951433205,0.0,ARIMA
2025-10-22,PFE,0.01866178891051539,0.0,ARIMA
2025-10-22,PG,-0.02404405776100702,0.0,ARIMA
2025-10-22,UNH,-0.16727799443060612,0.00015872184504234452,ARIMA
2025-10-22,VZ,0.021844006740799,0.0,ARIMA
2025-10-22,WFC,-0.001860109442095699,0.02346672912329342,ARIMA
2025-10-22,XOM,0.0490513238081684,-0.016662381407249797,ARIMA
2025-11-20,AAPL,0.018848706462477292,0.0,ARIMA
2025-11-20,CAT,0.040932591201406396,0.021893575428519125,ARIMA
2025-11-20,CVX,-0.026383209951219802,0.014310865880621686,ARIMA
2025-11-20,DUK,-0.056114688781950695,0.0,ARIMA
2025-11-20,GS,0.1331251180060979,0.023065914553529687,ARIMA
2025-11-20,HD,0.037354482649299386,0.0,ARIMA
2025-11-20,INTC,0.04755515995229448,-0.00022286879815288613,ARIMA
2025-11-20,JNJ,0.025210537742413594,0.0,ARIMA
2025-11-20,JPM,0.044940547556828914,0.018562722828595408,ARIMA
2025-11-20,KO,-0.007876743859437603,0.0,ARIMA
2025-11-20,MCD,0.04834429763958639,0.0026376754672917395,ARIMA
2025-11-20,MMM,-0.0281262528814186,0.0,ARIMA
2025-11-20,MSFT,-0.0005965828325178984,0.017554402273898748,ARIMA
2025-11-20,NEM,0.14913668830181248,0.0,ARIMA
2025-11-20,PFE,0.012382931259125887,0.0006829570893152852,ARIMA
2025-11-20,PG,-0.0173618871973157,0.0,ARIMA
2025-11-20,UNH,0.06431224827807422,-0.0009037277611877735,ARIMA
2025-11-20,VZ,-0.033826153308920796,0.0,ARIMA
2025-11-20,WFC,0.0999872447190698,0.02296270648101455,ARIMA
2025-11-20,XOM,-0.005640042554058997,0.02226063595279067,ARIMA
