Date,SPY
2000-01-04,-0.0398918018830679
2000-01-05,0.0017874246311507258
2000-01-06,-0.016201869883527176
2000-01-07,0.0564522048047022
2000-01-10,0.0034247130117939697
2000-01-11,-0.012038162594339465
2000-01-12,-0.009997767269606269
2000-01-13,0.013452306434999917
2000-01-14,0.013486046171907169
2000-01-18,-0.007898113161593511
2000-01-19,0.008110620772016528
2000-01-20,-0.015423618495572335
2000-01-21,-0.0021619745046020837
2000-01-24,-0.028751719193273784
2000-01-25,0.011291981163021436
2000-01-26,-0.007957720957849414
2000-01-27,-0.004002690854154365
2000-01-28,-0.03169114781949358
2000-01-31,0.026776841252972805
2000-02-01,0.009804149936281804
2000-02-02,0.000886280081503367
2000-02-03,0.014952728677360807
2000-02-04,-0.004156045638439916
2000-02-07,-0.0015348748448511037
2000-02-08,0.013515983292507958
2000-02-09,-0.021227872317570933
2000-02-10,0.001988653876529549
2000-02-11,-0.02051807860487466
2000-02-14,0.005841096793337456
2000-02-15,0.011249203128549124
2000-02-16,-0.014839489839741007
2000-02-17,-0.005184378553600328
2000-02-18,-0.021702821530964103
2000-02-22,-0.0025434393384806387
2000-02-23,0.011739045678295031
2000-02-24,-0.02034276569063773
2000-02-25,-0.003626573755876928
2000-02-28,0.020760620786410708
2000-02-29,0.009595520925235855
2000-03-01,0.00724962594161048
2000-03-02,0.0006768285920372987
2000-03-03,0.018550222293978885
2000-03-06,-0.0097909733971538
2000-03-07,-0.01953193896368899
2000-03-08,-0.0012545952220391096
2000-03-09,0.028804861475873397
2000-03-10,-0.005338343666051196
2000-03-13,-0.010987596027762794
2000-03-14,-0.014307014080827489
2000-03-15,0.02306180396758287
2000-03-16,0.04565622881913012
2000-03-17,0.006587276925304216
2000-03-20,-0.00511736291586891
2000-03-21,0.02031393511960245
2000-03-22,0.006056374149962465
2000-03-23,0.01692851399152956
2000-03-24,0.005919163165594351
2000-03-27,-0.010638391033815895
2000-03-28,-0.005775589687298873
2000-03-29,0.0010335044270811397
2000-03-30,-0.01688060835021017
2000-03-31,0.011285421481157134
2000-04-03,0.0058016795507506635
2000-04-04,-0.00746541126077492
2000-04-05,-0.00626465643397508
2000-04-06,0.008655381139696178
2000-04-07,0.006314027871474428
2000-04-10,-0.0039286838795753
2000-04-11,-0.002904685822762776
2000-04-12,-0.02780865273045237
2000-04-13,-0.013983330794376901
2000-04-14,-0.05889326139259614
2000-04-17,0.03433123591626749
2000-04-18,0.026077571225791976
2000-04-19,-0.009345242801425178
2000-04-20,0.004792371315916811
2000-04-24,-0.010924841370031997
2000-04-25,0.040681649428173386
2000-04-26,-0.01134871966818943
2000-04-27,-0.0033117194879752837
2000-04-28,-0.006227053623423261
2000-05-01,0.013478298933187256
2000-05-02,-0.020177383008665693
2000-05-03,-0.023694930943358308
2000-05-04,0.007519761715719095
2000-05-05,0.01204733189375446
2000-05-08,-0.007539831817159519
2000-05-09,-0.008039168633174507
2000-05-10,-0.022814619079674855
2000-05-11,0.02259317502089283
2000-05-12,0.010779844248865895
2000-05-15,0.017139080114200136
2000-05-16,0.00963338487234609
2000-05-17,-0.010493654298238415
2000-05-18,-0.012347436959946154
2000-05-19,-0.015817629386247947
2000-05-22,-0.0075573967321818074
2000-05-23,-0.01483475335899569
2000-05-24,0.016172502494705122
2000-05-25,-0.017305675157422578
2000-05-26,0.0011331726627174731
2000-05-30,0.03208820736812832
2000-05-31,0.0021901983809355327
2000-06-01,0.017354094407142598
2000-06-02,0.017269310603125566
2000-06-05,-0.004872973890231972
2000-06-06,-0.0044704881822820956
2000-06-07,0.00690990229147256
2000-06-08,-0.003927659701287908
2000-06-09,-0.002129595899054421
2000-06-12,-0.011793244971775299
2000-06-13,0.01859198329477616
2000-06-14,0.0016920770583830136
2000-06-15,0.0021116094389333454
2000-06-16,-0.008250712159158242
2000-06-19,0.012709385717995434
2000-06-20,-0.0035841193869642772
2000-06-21,-0.00042283860145453546
2000-06-22,-0.015332463394437782
2000-06-23,-0.00862116049839855
2000-06-26,0.012797012547155472
2000-06-27,-0.0073999795534710165
2000-06-28,0.0027944067066333162
2000-06-29,-0.009490738168218592
2000-06-30,0.007557160070550488
2000-07-03,0.01367227370088977
2000-07-05,-0.018200164258167492
2000-07-06,0.007748999548359333
2000-07-07,0.015952460374051722
2000-07-10,-0.0016894160555252934
2000-07-11,0.0021120382267490003
2000-07-12,0.00651704707963245
2000-07-13,0.0043910703687707435
2000-07-14,0.009758217921684017
2000-07-17,-0.0016545320789919118
2000-07-18,-0.00820833991086359
2000-07-19,-0.008065563769636939
2000-07-20,0.013787603308431321
2000-07-21,-0.019694785322916835
2000-07-24,-0.005729024492532932
2000-07-25,0.0031866420484426877
2000-07-26,-0.009806011426629454
2000-07-27,-0.003433462885319239
2000-07-28,-0.022829589595777744
2000-07-31,0.006357078114218855
2000-08-01,0.006100735039208096
2000-08-02,0.004983555181603308
2000-08-03,0.00689192098362306
2000-08-04,0.005351560269080587
2000-08-07,0.011884590408548844
2000-08-08,0.003790532047129582
2000-08-09,-0.008442838218725598
2000-08-10,-0.004886541449470462
2000-08-11,0.004674386424998627
2000-08-14,0.012639612302475572
2000-08-15,-0.0008370242323076654
2000-08-16,-0.0035687067165238065
2000-08-17,0.010458222811886315
2000-08-18,-0.0033347108060105095
2000-08-21,0.005413021183805095
2000-08-22,-0.001661739574847646
2000-08-23,0.003943824489990433
2000-08-24,0.0031021924951302243
2000-08-25,-0.0004126066280181434
2000-08-28,0.0034029653812648604
2000-08-29,0.00020653930255968978
2000-08-30,-0.009619268242155908
2000-08-31,0.01321483931010664
2000-09-01,0.0010251057430847757
2000-09-05,-0.008024056613131459
2000-09-06,-0.011425891583970546
2000-09-07,0.008530180835129816
2000-09-08,-0.006860163452544425
2000-09-11,-0.001461324688847427
2000-09-12,-0.007338339876351248
2000-09-13,0.0026269523093681584
2000-09-14,0.005024950676308226
2000-09-15,-0.022120600153559145
2000-09-18,-0.009246812509460255
2000-09-19,0.009032527351743721
2000-09-20,-0.007413652058815883
2000-09-21,-0.015322085805696791
2000-09-22,0.018014373313755546
2000-09-25,-0.007123146889417118
2000-09-26,-0.012864271427211632
2000-09-27,0.0052527428072449015
2000-09-28,0.01279730528092359
2000-09-29,-0.009527825145214348
2000-10-02,0.0015216320081463395
2000-10-03,-0.009385825238844146
2000-10-04,0.008298534346846418
2000-10-05,0.00347422453241516
2000-10-06,-0.021911381970811473
2000-10-09,-0.00756089509325027
2000-10-10,-0.01665590580621723
2000-10-11,-0.008432668044807941
2000-10-12,-0.025265342613587274
2000-10-13,0.03278994550734246
2000-10-16,0.004532974680766276
2000-10-17,-0.02519048828069686
2000-10-18,-0.0037172853173115072
2000-10-19,0.037016569883121374
2000-10-20,0.004252157361035738
2000-10-23,0.004457464490901145
2000-10-24,-0.0066936698168866505
2000-10-25,-0.023786316207808855
2000-10-26,0.0027475323972546927
2000-10-27,0.018797739761377982
2000-10-30,0.008934713866062689
2000-10-31,0.01708698933327255
2000-11-01,-0.0033938496830378845
2000-11-02,0.0016435419111541646
2000-11-03,0.0005473320066628731
2000-11-06,0.006979535931198594
2000-11-07,-0.00021742452643522218
2000-11-08,-0.022423549478384326
2000-11-09,-0.003786749542651045
2000-11-10,-0.02462566302840525
2000-11-13,-0.007806897685368782
2000-11-14,0.025939612698802926
2000-11-15,0.0031397637358534366
2000-11-16,-0.015797636307715284
2000-11-17,-0.005360763689789574
2000-11-20,-0.014396572701617344
2000-11-21,0.005091328868110803
2000-11-22,-0.024181983217236924
2000-11-24,0.020250109719322416
2000-11-27,0.008767562984031613
2000-11-28,-0.01737928494645141
2000-11-29,-0.0018718218112890248
2000-11-30,-0.00870314767218139
2000-12-01,-0.0004726224320197982
2000-12-04,0.008473124744402405
2000-12-05,0.03228229638217931
2000-12-06,-0.01612612046741137
2000-12-07,-0.013815641513515255
2000-12-08,0.0023354290189401238
2000-12-11,0.03416571413904787
2000-12-12,-0.004291891166799296
2000-12-13,-0.013792147975270777
2000-12-14,-0.012821712717468329
2000-12-15,-0.022844951207038767
2000-12-18,0.013273090643742085
2000-12-19,-0.020577630300480283
2000-12-20,-0.0293905822457879
2000-12-21,0.006907199272790573
2000-12-22,0.029549404524424304
2000-12-26,0.01068220102672505
2000-12-27,0.007293160159641824
2000-12-28,0.0030426684872919088
2000-12-29,-0.019110926224047173
2001-01-02,-0.018270135725228353
2001-01-03,0.046917467525753306
2001-01-04,-0.010822444516912421
2001-01-05,-0.03318778964484102
2001-01-08,0.007710814767432916
2001-01-09,-0.0026440999345722395
2001-01-10,0.017416562095262794
2001-01-11,0.0009459821310704445
2001-01-12,-0.0018923137201255933
2001-01-16,0.006371852166089299
2001-01-17,0.004576638524121827
2001-01-18,0.00990266001088785
2001-01-19,-0.005695918825495144
2001-01-22,0.006622998906244618
2001-01-23,0.007844964008717927
2001-01-24,0.0029834928441457164
2001-01-25,-0.002524070482573869
2001-01-26,-0.0011488192276505654
2001-01-29,0.005321483898598426
2001-01-30,0.008746456773264183
2001-01-31,-0.00567621109405156
2001-02-01,0.006619150765267577
2001-02-02,-0.022953724264492385
2001-02-05,0.00731660794093587
2001-02-06,-0.002949674369966278
2001-02-07,-0.005183828963665587
2001-02-08,-0.011724891958741341
2001-02-09,-0.009662078322748601
2001-02-12,0.011388801960519319
2001-02-13,-0.008208063856326334
2001-02-14,-0.0015131588116232097
2001-02-15,0.009645786472987476
2001-02-16,-0.022295364124469457
2001-02-20,-0.015534276549714458
2001-02-21,-0.021810724827176952
2001-02-22,0.0015111964077367049
2001-02-23,-0.006779681786753341
2001-02-26,0.021063775961280427
2001-02-27,-0.009288802357717977
2001-02-28,-0.019889452402979946
2001-03-01,0.00522979756056849
2001-03-02,-0.007976609655904207
2001-03-05,0.009099552966660256
2001-03-06,0.01068536971947624
2001-03-07,0.007112694989111354
2001-03-08,0.0011020019712106905
2001-03-09,-0.030024625901687314
2001-03-12,-0.04374484004059796
2001-03-13,0.01629634452130615
2001-03-14,-0.019944718173346313
2001-03-15,0.0002556493228364244
2001-03-16,-0.020261572136524315
2001-03-19,0.02014207978889667
2001-03-20,-0.027209597349854047
2001-03-21,-0.01713373019039434
2001-03-22,-0.010206763254074208
2001-03-23,0.02978931265832411
2001-03-26,0.012672694804781656
2001-03-27,0.02023541158549482
2001-03-28,-0.028028905952058064
2001-03-29,0.0038177302580969467
2001-03-30,0.010423836317751907
2001-04-02,-0.021569586227922887
2001-04-03,-0.033931974193315076
2001-04-04,0.004158702601664018
2001-04-05,0.03718880471720951
2001-04-06,-0.015327397196969841
2001-04-09,0.011058662987418252
2001-04-10,0.018079766470216547
2001-04-11,0.0006856160240708274
2001-04-12,0.01799856911325504
2001-04-16,-0.010573467615255797
2001-04-17,0.014016811614557463
2001-04-18,0.03897585595251933
2001-04-19,0.013218693538158525
2001-04-20,-0.009194194645460094
2001-04-23,-0.01831938078388188
2001-04-24,-0.005414272913529247
2001-04-25,0.012993025253310777
2001-04-26,0.004455431573557091
2001-04-27,0.01651364259139241
2001-04-30,0.006971524070604807
2001-05-01,0.0030744007542540383
2001-05-02,-0.0018118069813232334
2001-05-03,-0.012776265657871856
2001-05-04,0.01686808516454165
2001-05-07,-0.008675436478589059
2001-05-08,-0.00047530637143916235
2001-05-09,-0.004209445575566368
2001-05-10,0.0029409197362562536
2001-05-11,-0.006928225337938086
2001-05-14,0.0019956879151420384
2001-05-15,0.0046151068026681515
2001-05-16,0.023300784004012833
2001-05-17,0.0015498291366555714
2001-05-18,0.004558360641572178
2001-05-21,0.014614109348879908
2001-05-22,-0.0012918118790502615
2001-05-23,-0.017106596985936605
2001-05-24,0.002936146365541497
2001-05-25,-0.011873108116906547
2001-05-29,-0.007994452822029442
2001-05-30,-0.014106106399075728
2001-05-31,0.005174303158662616
2001-06-01,0.00617397206669911
2001-06-04,0.0048012707904413875
2001-06-05,0.011400530001273158
2001-06-06,-0.008342240281022352
2001-06-07,0.0035946835724884616
2001-06-08,-0.009326077153379622
2001-06-11,-0.007111985911757027
2001-06-12,-0.0017462461012019387
2001-06-13,-0.008616387469573938
2001-06-14,-0.022691530542636985
2001-06-15,0.0016093071154146897
2001-06-18,-0.004853748665717147
2001-06-19,0.004361729109811955
2001-06-20,0.005241105940180539
2001-06-21,0.011289326961321537
2001-06-22,-0.00786451272362939
2001-06-25,-0.009240952822745606
2001-06-26,-0.0013973382105652403
2001-06-27,-0.0005760698847377256
2001-06-28,0.0054995751709196695
2001-06-29,0.003677565740255432
2001-07-02,0.012402265702481213
2001-07-03,-0.00024131632102975708
2001-07-05,-0.01969328048406642
2001-07-06,-0.021851149314099778
2001-07-09,0.00544478646957177
2001-07-10,-0.01210293645766599
2001-07-11,0.0010143599150128227
2001-07-12,0.02345929422361328
2001-07-13,0.008627006429003952
2001-07-16,-0.01259513757556917
2001-07-17,0.009317423998919362
2001-07-18,-0.00683501591587121
2001-07-19,0.008721143445690763
2001-07-20,-0.005998016816038703
2001-07-23,-0.019893042398536186
2001-07-24,-0.009715109380365357
2001-07-25,0.0109752977419362
2001-07-26,0.010440530567773202
2001-07-27,0.0038152727776738604
2001-07-30,0.0003305685750194108
2001-07-31,0.004129118250589331
2001-08-01,0.006242929380335398
2001-08-02,0.004086696592793629
2001-08-03,-0.0054794711205273
2001-08-06,-0.0135409038090454
2001-08-07,0.0038999883941483724
2001-08-08,-0.018722219934033994
2001-08-09,0.0029487371693596534
2001-08-10,0.0034426485623978253
2001-08-13,0.0002517466628437394
2001-08-14,-0.0004190785492970602
2001-08-15,-0.00867375878645511
2001-08-16,0.003461553735540369
2001-08-17,-0.016143075677304223
2001-08-20,0.009208147081792175
2001-08-21,-0.017205766170939253
2001-08-22,0.010307591578330057
2001-08-23,-0.003595338011379356
2001-08-24,0.020542112958394223
2001-08-27,-0.0059834757177920535
2001-08-28,-0.014730034854269068
2001-08-29,-0.008961367124170302
2001-08-30,-0.019401271576431248
2001-08-31,0.007297788717461549
2001-09-04,-0.006415510770315483
2001-09-05,0.0024654882720450033
2001-09-06,-0.02610718074252492
2001-09-07,-0.018680250206722968
2001-09-10,0.012159344308305084
2001-09-17,-0.0536635609719225
2001-09-18,-0.0023999792620213963
2001-09-19,-0.02038904043999709
2001-09-20,-0.0322962983344458
2001-09-21,-0.010847669516076009
2001-09-24,0.03455222816078391
2001-09-25,0.01037323621467313
2001-09-26,-0.0035439764439926884
2001-09-27,0.008641097891336488
2001-09-28,0.02099645758212953
2001-10-01,-0.0016287950309306013
2001-10-02,0.012485378406787756
2001-10-03,0.016625487125055533
2001-10-04,0.000838298247205845
2001-10-05,-0.001957086508034215
2001-10-08,-0.0065490015695827426
2001-10-09,-0.005365433305646423
2001-10-10,0.022028784389145403
2001-10-11,0.015389997172361284
2001-10-12,-0.004555165084482283
2001-10-15,-0.001828392943829977
2001-10-16,0.006293060486622616
2001-10-17,-0.021504162487958698
2001-10-18,-0.002138914139635579
2001-10-19,-0.0006519842561654228
2001-10-22,0.01955578726165977
2001-10-23,-0.005128573154350814
2001-10-24,-0.0026661515248116835
2001-10-25,0.017793487081916075
2001-10-26,-0.0022636782395882
2001-10-29,-0.026359706234272442
2001-10-30,-0.012078303231837522
2001-10-31,-0.003396730832958969
2001-11-01,0.02529130099166366
2001-11-02,0.006796810982789059
2001-11-05,0.013004308033343744
2001-11-06,0.015420943758738297
2001-11-07,-0.0013356652214136268
2001-11-08,0.0031133586069818425
2001-11-09,0.0010649320991968794
2001-11-12,-0.006139967665452718
2001-11-13,0.022244956361550116
2001-11-14,0.0009594818391694673
2001-11-15,0.0018300713900895845
2001-11-16,-0.004449702474659701
2001-11-19,0.012253946426629674
2001-11-20,-0.008413930268591831
2001-11-21,-0.006641922760858672
2001-11-23,0.014277896096804894
2001-11-26,0.002159521703847827
2001-11-27,-0.004322685499014906
2001-11-28,-0.01827238954772435
2001-11-29,0.01340926632356721
2001-11-30,-0.007164638533451087
2001-12-03,-0.005979291877076902
2001-12-04,0.016793643133873014
2001-12-05,0.018135982061844316
2001-12-06,-0.0005115042403955593
2001-12-07,-0.00666897946097695
2001-12-10,-0.01888000924526513
2001-12-11,-0.002012936006128152
2001-12-12,0.001137899980817206
2001-12-13,-0.019616981104238665
2001-12-14,0.009503065220673942
2001-12-17,0.010289776072667678
2001-12-18,0.0059308878765298376
2001-12-19,0.007020104380505811
2001-12-20,-0.009894220591180444
2001-12-21,0.006046943521202503
2001-12-24,-0.001915706033040172
2001-12-26,0.005476346550596483
2001-12-27,0.006049520378089416
2001-12-28,-0.0005169671966763264
2001-12-31,-0.014763212915919043
2002-01-02,0.010703182439948285
2002-01-03,0.011275090096263254
2002-01-04,0.006653425437809077
2002-01-07,-0.0070811840415963105
2002-01-08,-0.0023145504798959054
2002-01-09,-0.008186704530537454
2002-01-10,0.0044032864409698615
2002-01-11,-0.009869242563868324
2002-01-14,-0.006284308672526312
2002-01-15,0.00810934089073922
2002-01-16,-0.020442125484123705
2002-01-17,0.007506101424691727
2002-01-18,-0.004584628129723598
2002-01-22,-0.006917915008148871
2002-01-23,0.007624499090489443
2002-01-24,0.003086023197889396
2002-01-25,-0.00026393740636294596
2002-01-28,0.0027261882691601612
2002-01-29,-0.03194747442349244
2002-01-30,0.014315338706167044
2002-01-31,0.011641833319063013
2002-02-01,-0.004693317780536021
2002-02-04,-0.025170066255662055
2002-02-05,-0.006209545103550262
2002-02-06,-0.004315023510405434
2002-02-07,-0.006275229869114332
2002-02-08,0.018981835928548824
2002-02-11,0.01218786388792535
2002-02-12,-0.0031448451588586995
2002-02-13,0.010565679743456116
2002-02-14,-0.0018724216899981857
2002-02-15,-0.010495802373486053
2002-02-19,-0.019395077112315164
2002-02-20,0.016686226757298975
2002-02-21,-0.020924306971506646
2002-02-22,0.012297259734075134
2002-02-25,0.016373578698444472
2002-02-26,-0.0020657563954258424
2002-02-27,0.0038580819391130757
2002-02-28,-0.004488079322243092
2002-03-01,0.023034843491929656
2002-03-04,0.017517498027119473
2002-03-05,-0.0032017701453088084
2002-03-06,0.011803984923495464
2002-03-07,-0.002144008283806042
2002-03-08,0.004197725568087108
2002-03-11,0.002134227065443066
2002-03-12,-0.0005972339609900464
2002-03-13,-0.009690468478313398
2002-03-14,-0.0013800254638814686
2002-03-15,0.009483089219770344
2002-03-18,0.00017140941688221822
2002-03-19,0.006663160288359854
2002-03-20,-0.018995747736877275
2002-03-21,0.00043401771531033443
2002-03-22,-0.002171049060336578
2002-03-25,-0.012508217751288882
2002-03-26,0.005792598348085816
2002-03-27,0.0026217880798069084
2002-03-28,-0.0004362293102364201
2002-04-01,0.0004362293102363507
2002-04-02,-0.0055141006791568515
2002-04-03,-0.00704554298488938
2002-04-04,-0.004163142048486525
2002-04-05,0.0001778838131470546
2002-04-08,0.002127531164963879
2002-04-09,-0.007020034889788899
2002-04-10,0.011261357350171966
2002-04-11,-0.02517975923720885
2002-04-12,0.007476975780039812
2002-04-15,-0.007658130713318254
2002-04-16,0.023507195894428796
2002-04-17,-0.0021225568817820136
2002-04-18,-0.004347255567684816
2002-04-19,0.003639013784645698
2002-04-22,-0.016794802682547724
2002-04-23,-0.004333715493259161
2002-04-24,-0.010094435981706007
2002-04-25,0.0005481529814872127
2002-04-26,-0.019183394340178975
2002-04-29,-0.004947659600437335
2002-04-30,0.009314932452444986
2002-05-01,0.01216338558686052
2002-05-02,-0.003854277306789113
2002-05-03,-0.010908550718443225
2002-05-06,-0.019808298201810275
2002-05-07,-0.003514692452829444
2002-05-08,0.036527155521549275
2002-05-09,-0.011625239989050613
2002-05-10,-0.019019301977838545
2002-05-13,0.020132622015256754
2002-05-14,0.021551394355920496
2002-05-15,-0.003908902211766175
2002-05-16,0.005177961264261317
2002-05-17,0.004880749536993983
2002-05-20,-0.010879086392527314
2002-05-21,-0.009157652040196449
2002-05-22,0.002205757564758226
2002-05-23,0.01059170954496166
2002-05-24,-0.012889669854585877
2002-05-28,-0.005442805312222836
2002-05-29,-0.007427808251306801
2002-05-30,-0.0028001149736960823
2002-05-31,0.0020540588845013768
2002-06-03,-0.02694032837309382
2002-06-04,0.0024877323281558934
2002-06-05,0.009322748164372407
2002-06-06,-0.020567921484210716
2002-06-07,-0.0011603455652558004
2002-06-10,0.0038633923941308866
2002-06-11,-0.01730725174644449
2002-06-12,0.0060620718876781485
2002-06-13,-0.01009219496560508
2002-06-14,-0.0014770142888402284
2002-06-17,0.02647076442158355
2002-06-18,0.008129932847282093
2002-06-19,-0.023616700478701468
2002-06-20,-0.01285978799586526
2002-06-21,-0.01575934828962993
2002-06-24,0.005223302361378433
2002-06-25,-0.022700182771377742
2002-06-26,0.0016389607694180844
2002-06-27,0.017347359084309236
2002-06-28,-0.004737942890203483
2002-07-01,-0.01969575937243776
2002-07-02,-0.021459554660991143
2002-07-03,0.0056703421533125615
2002-07-05,0.039015094370017045
2002-07-08,-0.012563920058035588
2002-07-09,-0.025509358728691596
2002-07-10,-0.037080856767206835
2002-07-11,0.008109027143044428
2002-07-12,-0.011044069265698519
2002-07-15,0.005320292486200501
2002-07-16,-0.01946481084440535
2002-07-17,0.0019856190158366867
2002-07-18,-0.03293662401199905
2002-07-19,-0.03582740179728642
2002-07-22,-0.030078943329226813
2002-07-23,-0.02775376482078996
2002-07-24,0.057950319381148
2002-07-25,-0.008534795482604567
2002-07-26,0.018868118949711698
2002-07-29,0.04756523646443763
2002-07-30,0.012949721407739591
2002-07-31,0.0024159688879977813
2002-08-01,-0.026454213422024562
2002-08-02,-0.022670517703013177
2002-08-05,-0.035416612595445505
2002-08-06,0.03310981465524201
2002-08-07,0.017288299031074712
2002-08-08,0.031837269455245495
2002-08-09,0.0037314855850849897
2002-08-12,-0.007366668493372452
2002-08-13,-0.018375887366100543
2002-08-14,0.03587783169695223
2002-08-15,0.013784613746801833
2002-08-16,-0.0029988515907722396
2002-08-19,0.023116345701272165
2002-08-20,-0.010644166249796862
2002-08-21,0.014306149540503407
2002-08-22,0.009665574442088057
2002-08-23,-0.021748960757284837
2002-08-26,0.0069525619173908156
2002-08-27,-0.011613956768456985
2002-08-28,-0.022120854830194794
2002-08-29,0.00043371661219618015
2002-08-30,-0.003914541925886863
2002-09-03,-0.038880521230331866
2002-09-04,0.01417177418226609
2002-09-05,-0.00852389705546161
2002-09-06,0.013647833323606872
2002-09-09,0.007306880645106688
2002-09-10,0.011405746994079842
2002-09-11,-0.0062345780201150895
2002-09-12,-0.018607838447145714
2002-09-13,0.002456163297241636
2002-09-16,0.002450670025325316
2002-09-17,-0.023183671636413553
2002-09-18,-0.010070041433551311
2002-09-19,-0.026217342711502774
2002-09-20,0.00033175098325479086
2002-09-23,-0.00821359437683368
2002-09-24,-0.016268021795292697
2002-09-25,0.024481616172126325
2002-09-26,0.016228350041289415
2002-09-27,-0.03537887548864846
2002-09-30,-0.011668573842526127
2002-10-01,0.046930920871328476
2002-10-02,-0.030440382758686532
2002-10-03,-0.010153054994883276
2002-10-04,-0.018515590422389865
2002-10-07,-0.020885221316305932
2002-10-08,0.015548692048618447
2002-10-09,-0.028650782414813253
2002-10-10,0.03188118603194767
2002-10-11,0.042848292787943276
2002-10-14,0.005569422846496525
2002-10-15,0.04697088445959326
2002-10-16,-0.024537259186539213
2002-10-17,0.01967804310771487
2002-10-18,0.004182273768244069
2002-10-21,0.0171139360240008
2002-10-22,-0.007234886850278037
2002-10-23,0.007567834654479585
2002-10-24,-0.0206103606057865
2002-10-25,0.020610360605786453
2002-10-28,-0.006562928419530839
2002-10-29,-0.011673671520886168
2002-10-30,0.009663045086015802
2002-10-31,-0.010227396431372644
2002-11-01,0.019576011607039666
2002-11-04,0.009482702712546509
2002-11-05,0.007869750137957385
2002-11-06,0.012871943437314222
2002-11-07,-0.02481087918678305
2002-11-08,-0.01230517569169034
2002-11-11,-0.015625800923735604
2002-11-12,0.007899468943957379
2002-11-13,0.0010111628375942656
2002-11-14,0.018690098368442567
2002-11-15,0.007357610088084646
2002-11-18,-0.010116897463897817
2002-11-19,-0.0013267073271654745
2002-11-20,0.02200011245086249
2002-11-21,0.018449799879217518
2002-11-22,-0.007146316559017773
2002-11-25,0.0006418138170839315
2002-11-26,-0.019225171147104567
2002-11-27,0.02774646357459258
2002-11-29,-0.00318707513280671
2002-12-02,0.0015953060646556295
2002-12-03,-0.013476359014415283
2002-12-04,-0.0045326553933144964
2002-12-05,-0.011094359407164441
2002-12-06,0.006541320566021633
2002-12-09,-0.027876252569881077
2002-12-10,0.013318817879524507
2002-12-11,0.0008812231615786714
2002-12-12,-0.00010998111613992422
2002-12-13,-0.015879442243909334
2002-12-16,0.025527718444410843
2002-12-17,-0.008767344494003574
2002-12-18,-0.011625044710574543
2002-12-19,-0.007152301326399191
2002-12-20,0.014168857495850576
2002-12-23,0.0003329555520176667
2002-12-24,-0.0074710210372619405
2002-12-26,0.00044772702822969655
2002-12-27,-0.022742409125503776
2002-12-30,0.008320206980257415
2002-12-31,0.0013602693224460953
2003-01-02,0.03168143216101609
2003-01-03,0.0030697146017187446
2003-01-06,0.017471726232667652
2003-01-07,-0.002477681964135039
2003-01-08,-0.014555734057616112
2003-01-09,0.015417677515403069
2003-01-10,0.002690905065430867
2003-01-13,-0.0003224537192770384
2003-01-14,0.0032189916800897814
2003-01-15,-0.010014397087572013
2003-01-16,-0.004121111774158096
2003-01-17,-0.014889620398627991
2003-01-21,-0.01567481614784224
2003-01-22,-0.01217476732202146
2003-01-23,0.006106207938708791
2003-01-24,-0.02661634474868286
2003-01-27,-0.013755411965965006
2003-01-28,0.007367148620807675
2003-01-29,0.007544540524073578
2003-01-30,-0.023990148709428182
2003-01-31,0.019121869722026178
2003-02-03,0.0019735513725116466
2003-02-04,-0.009905775153180975
2003-02-05,-0.006226856256773254
2003-02-06,-0.004726167213661749
2003-02-07,-0.012271323801544182
2003-02-10,0.007048202298594541
2003-02-11,-0.006928416620302745
2003-02-12,-0.01606939573010637
2003-02-13,0.0030401940510932776
2003-02-14,0.021622525833787713
2003-02-18,0.01743460357120627
2003-02-19,-0.005269023213817297
2003-02-20,-0.010028634374626626
2003-02-21,0.010028634374626711
2003-02-24,-0.016333336887212772
2003-02-25,0.007963297565986524
2003-02-26,-0.01466858345071359
2003-02-27,0.013128204497798097
2003-02-28,0.006618052780373519
2003-03-03,-0.009586685094632744
2003-03-04,-0.01606371926632607
2003-03-05,0.008424093543709339
2003-03-06,-0.008424093543709309
2003-03-07,0.006864591877238152
2003-03-10,-0.024296512883933544
2003-03-11,-0.009886369506951492
2003-03-12,0.006684047541928511
2003-03-13,0.03395912655678883
2003-03-14,0.003214562198245138
2003-03-17,0.031012738068306595
2003-03-18,0.00585985685249125
2003-03-19,0.007646061513294347
2003-03-20,0.0021581817415086855
2003-03-21,0.02111941369394839
2003-03-24,-0.033796717484775744
2003-03-25,0.009528479724280545
2003-03-26,-0.005039794709913114
2003-03-27,0.0008026293552181392
2003-03-28,-0.005061181618203677
2003-03-31,-0.022981605183825794
2003-04-01,0.015225331970753429
2003-04-02,0.023886875040889998
2003-04-03,-0.004777659303445613
2003-04-04,0.005911646069546678
2003-04-07,-0.001929296468801893
2003-04-08,0.0015895916275571183
2003-04-09,-0.013241188216486613
2003-04-10,0.0055003907565284935
2003-04-11,-0.004122904674512259
2003-04-14,0.020443997833317306
2003-04-15,0.00928776967340284
2003-04-16,-0.017188309640082194
2003-04-17,0.014735309120054373
2003-04-21,0.0010039710116951236
2003-04-22,0.018675622907896233
2003-04-23,0.009154452603516113
2003-04-24,-0.00893488810702803
2003-04-25,-0.012446081232771902
2003-04-28,0.01714134290783064
2003-04-29,0.00348043227759826
2003-04-30,-0.0021740796514572013
2003-05-01,-0.00010854964550848044
2003-05-02,0.01415393514138625
2003-05-05,-0.001932772860507262
2003-05-06,0.00941496310817887
2003-05-07,-0.005553145793091352
2003-05-08,-0.010116209591227691
2003-05-09,0.013750196955435152
2003-05-12,0.01219411234803071
2003-05-13,-0.0017923384192233096
2003-05-14,-0.0021145177668240736
2003-05-15,0.006328657798834486
2003-05-16,-0.0025262787654332553
2003-05-19,-0.02367831221951711
2003-05-20,-0.0020536160132505255
2003-05-21,0.002053616013250538
2003-05-22,0.009880766081223399
2003-05-23,0.0020277266960208786
2003-05-27,0.017340720398915672
2003-05-28,0.0028257524763633125
2003-05-29,-0.0026162627750705696
2003-05-30,0.01590691022714339
2003-06-02,0.0041178129077329645
2003-06-03,0.0041009260377969856
2003-06-04,0.014320998029514777
2003-06-05,0.00492927981002087
2003-06-06,-0.003921130508699062
2003-06-09,-0.010228525190513876
2003-06-10,0.010126783055632284
2003-06-11,0.010524269876569393
2003-06-12,0.003085872977851631
2003-06-13,-0.01049108839584736
2003-06-16,0.020873370010976014
2003-06-17,0.0
2003-06-18,-0.00088548227127436
2003-06-19,-0.015377835854178073
2003-06-20,-0.0022102706718553572
2003-06-23,-0.010310545680498715
2003-06-24,0.0010156018230826514
2003-06-25,-0.010099203212514115
2003-06-26,0.012938046832612456
2003-06-27,-0.01160570225639086
2003-06-30,-0.0003074801515516165
2003-07-01,0.009176348166795023
2003-07-02,0.012506104531676965
2003-07-03,-0.010377813135613345
2003-07-07,0.019655954137470427
2003-07-08,0.004459215933886318
2003-07-09,-0.005651844447801728
2003-07-10,-0.012807320540864678
2003-07-11,0.009421772308554654
2003-07-14,0.004876054221800922
2003-07-15,-0.002186190594115797
2003-07-16,-0.005887346637831773
2003-07-17,-0.014313703634389335
2003-07-18,0.010201919168913776
2003-07-21,-0.012438013719668727
2003-07-22,0.009015299652274683
2003-07-23,0.0007060160877448248
2003-07-24,-0.0075867909003932196
2003-07-25,0.017512834200029213
2003-07-28,-0.0036983521368430814
2003-07-29,-0.004617358825787322
2003-07-30,-0.002416998059191343
2003-07-31,0.002316348038413688
2003-08-01,-0.008892638055009068
2003-08-04,0.0
2003-08-05,-0.02144501059016788
2003-08-06,0.005791282857158272
2003-08-07,0.01046278066429154
2003-08-08,0.002852587067479833
2003-08-11,0.0037578160027576684
2003-08-12,0.009082018658329657
2003-08-13,-0.005136814282248104
2003-08-14,0.002722996247165009
2003-08-15,0.003116907314824594
2003-08-18,0.008595229905248507
2003-08-19,0.003775227791698668
2003-08-20,-0.0040730387564009915
2003-08-21,0.003180177909605068
2003-08-22,-0.009973203851320833
2003-08-25,0.0016020173585566196
2003-08-26,0.001800147956351558
2003-08-27,0.0002995169255531872
2003-08-28,0.0061722400560539955
2003-08-29,0.0067262776025859075
2003-09-02,0.013317878606590849
2003-09-03,0.005432442892714971
2003-09-04,0.00048337929143510357
2003-09-05,-0.005624367174988461
2003-09-08,0.008232106030006901
2003-09-09,-0.006580029399219998
2003-09-10,-0.010148047638428555
2003-09-11,0.0029373994694752562
2003-09-12,0.0018564809602539501
2003-09-15,-0.0035204095898901822
2003-09-16,0.014489685776412105
2003-09-17,-0.0019323021601430352
2003-09-18,0.011731385590388393
2003-09-19,-0.005098825506393035
2003-09-22,-0.010862602886780624
2003-09-23,0.003795772206801379
2003-09-24,-0.017936783949892544
2003-09-25,-0.008242818934782922
2003-09-26,-0.003296836079323189
2003-09-29,0.009757398738732053
2003-09-30,-0.009757398738732031
2003-10-01,0.02108688787078778
2003-10-02,0.0036181209102753996
2003-10-03,0.009133596392399924
2003-10-06,0.004534925715136308
2003-10-07,0.0038447965947321352
2003-10-08,-0.002497224664389036
2003-10-09,0.0026889330396585786
2003-10-10,0.0027774714593456337
2003-10-13,0.0031506347421139456
2003-10-14,0.0035202570706992843
2003-10-15,-0.0026630630092385325
2003-10-16,0.003992377972057864
2003-10-17,-0.010969386610247697
2003-10-20,0.0074528247468287285
2003-10-21,-0.0017150778346355635
2003-10-22,-0.012667409088273233
2003-10-23,-0.0018371503613093933
2003-10-24,0.0022229727967857304
2003-10-27,0.00048307171232649386
2003-10-28,0.013513592775105854
2003-10-29,0.0013321139549998839
2003-10-30,0.0020898997594847725
2003-10-31,-0.0009491538101024159
2003-11-03,0.006530777691936296
2003-11-04,-0.002172153938774858
2003-11-05,0.0007558536034100166
2003-11-06,0.005277317809820047
2003-11-07,-0.007452881736030874
2003-11-10,-0.004079659379742998
2003-11-11,-0.0002847309923554193
2003-11-12,0.011159128425139792
2003-11-13,0.00028211461924140574
2003-11-14,-0.00849814343655393
2003-11-17,-0.0050379732125190955
2003-11-18,-0.01044239212760958
2003-11-19,0.008439394784555056
2003-11-20,-0.009016957319917559
2003-11-21,0.004134468477914085
2003-11-24,0.01315589364701935
2003-11-25,0.0037807207764046597
2003-11-26,0.0035791174971474544
2003-11-28,0.0007520629995040804
2003-12-01,0.010744920708934552
2003-12-02,-0.0025123559705384924
2003-12-03,-0.0015852338206463945
2003-12-04,0.004097589791184917
2003-12-05,-0.006994687507403752
2003-12-08,0.0067161465428804456
2003-12-09,-0.007746100002722368
2003-12-10,-9.358639461889715e-05
2003-12-11,0.011180599089008451
2003-12-12,0.001943590125470787
2003-12-15,-0.005005961852614849
2003-12-16,0.005190899316090332
2003-12-17,0.0031390345538969827
2003-12-18,0.01118108904947268
2003-12-19,-0.00278803297041679
2003-12-22,0.0069548804966345495
2003-12-23,0.0006382018662231601
2003-12-24,-0.001003011686420743
2003-12-26,0.0007292770565529576
2003-12-29,0.0132218455332594
2003-12-30,0.00017979107994168115
2003-12-31,0.0008989872739504316
2004-01-02,-0.00044959927846232136
2004-01-05,0.010819521502125163
2004-01-06,0.0009782769671604463
2004-01-07,0.003370704999893354
2004-01-08,0.003976423014122819
2004-01-09,-0.00876954688567918
2004-01-12,0.007357141702015205
2004-01-13,-0.005845882412192236
2004-01-14,0.008316258560724276
2004-01-15,0.0024637833460227116
2004-01-16,0.0039471796064272915
2004-01-20,-0.00026244643294939465
2004-01-21,0.007849476372031094
2004-01-22,-0.0026093850928207572
2004-01-23,-0.0032283203016580725
2004-01-26,0.012505584758742652
2004-01-27,-0.010322847794560774
2004-01-28,-0.01148909193979319
2004-01-29,0.0009698504565105169
2004-01-30,0.0
2004-02-02,0.0043081004005837
2004-02-03,-0.0016681000325129002
2004-02-04,-0.008207402628451743
2004-02-05,0.0029202107347614057
2004-02-06,0.011158550691591461
2004-02-09,0.0002623752546489062
2004-02-10,0.003226310917064714
2004-02-11,0.010567224389785548
2004-02-12,-0.003625855749930754
2004-02-13,-0.004506210377448035
2004-02-17,0.00899260163268217
2004-02-18,-0.004399733309297306
2004-02-19,-0.003724810677710815
2004-02-20,-0.003041754284089523
2004-02-23,-0.002527923313703409
2004-02-24,-0.0017465787397080114
2004-02-25,0.004187155659318689
2004-02-26,0.0006092646726193778
2004-02-27,0.0006956341219193825
2004-03-01,0.009863062053382924
2004-03-02,-0.005870961956945907
2004-03-03,0.0018159471196279365
2004-03-04,0.0025899328030772268
2004-03-05,0.003356925491509396
2004-03-08,-0.012276160819154848
2004-03-09,-0.004009692937635914
2004-03-10,-0.01691090386377084
2004-03-11,-0.013052952785466422
2004-03-12,0.013052952785466383
2004-03-15,-0.01233351691290288
2004-03-16,0.005291534433032032
2004-03-17,0.011119818615598692
2004-03-18,0.00026534259849835435
2004-03-19,-0.01443691940277091
2004-03-22,-0.012777435272885782
2004-03-23,-0.0017340924248481582
2004-03-24,0.0008216825059145642
2004-03-25,0.013149615306073188
2004-03-26,0.00026999668935749757
2004-03-29,0.013952520732110858
2004-03-30,0.003369418246196903
2004-03-31,0.0011499557482057734
2004-04-01,0.005994503048449608
2004-04-02,0.007529671173903474
2004-04-05,0.005481091588973301
2004-04-06,-0.0032152488503636293
2004-04-07,-0.0023525666644361467
2004-04-08,-0.002270885193311918
2004-04-12,0.003926631982511929
2004-04-13,-0.014121391760798274
2004-04-14,0.0015891292370386488
2004-04-15,-0.0037998088183450454
2004-04-16,0.007672675399094183
2004-04-19,0.0
2004-04-20,-0.016921475707530057
2004-04-21,0.006678916869766594
2004-04-22,0.013925464665123151
2004-04-23,0.0009625288857976137
2004-04-26,-0.0014003120016411333
2004-04-27,0.000875374661493819
2004-04-28,-0.013033076143220643
2004-04-29,-0.008813786680580546
2004-04-30,-0.007810227492629788
2004-05-03,0.010667610003506226
2004-05-04,-0.0008027277029061657
2004-05-05,0.006404460639121012
2004-05-06,-0.008637749155767437
2004-05-07,-0.016684196581754122
2004-05-10,-0.010329922879573555
2004-05-11,0.008418111939427148
2004-05-12,0.006357987230810289
2004-05-13,-0.0041735222024439625
2004-05-14,0.00045411956555307053
2004-05-17,-0.00857848654207115
2004-05-18,0.0050280106837931725
2004-05-19,-0.0034715116043224944
2004-05-20,0.0031978028913638317
2004-05-21,0.0017320855348726537
2004-05-24,0.004180141932656606
2004-05-25,0.014227025145241474
2004-05-26,0.0034806590425765027
2004-05-27,0.005596847185902246
2004-05-28,-8.798249894743422e-05
2004-06-01,-0.0013299145040795285
2004-06-02,0.0037193328731648604
2004-06-03,-0.009235549010445572
2004-06-04,0.007908607789649425
2004-06-07,0.015109007453496196
2004-06-08,0.001394112573327511
2004-06-09,-0.009359290548459107
2004-06-10,0.004909220883041827
2004-06-14,-0.00993107200847148
2004-06-15,0.007041251137167341
2004-06-16,-0.00017580513522848744
2004-06-17,-0.0014920711867797332
2004-06-18,0.0018849279095741697
2004-06-21,-0.0037911580464093392
2004-06-22,0.005022468120817464
2004-06-23,0.008577276942942866
2004-06-24,-0.0031424548611520215
2004-06-25,-0.004819835369153732
2004-06-28,-0.0034313246493160943
2004-06-29,0.004134390711569264
2004-06-30,0.005340401805165716
2004-07-01,-0.013980844577949871
2004-07-02,-0.000531021082917235
2004-07-06,-0.008809231327793297
2004-07-07,0.0029450413699829304
2004-07-08,-0.006974765834732155
2004-07-09,0.0025989884481304737
2004-07-12,0.00044746531358771105
2004-07-13,0.0007153038532212278
2004-07-14,-0.0030439650928933185
2004-07-15,-0.006477314704412723
2004-07-16,-0.0008126480919227158
2004-07-19,-0.00425452270276317
2004-07-20,0.012619698058907933
2004-07-21,-0.01862380828956978
2004-07-22,0.002733195319313775
2004-07-23,-0.008407775425557198
2004-07-26,-0.0019292759816389535
2004-07-27,0.009335473206687006
2004-07-28,0.003001522840467987
2004-07-29,0.004260025212730135
2004-07-30,0.0024389436357263694
2004-08-02,0.002072647888413267
2004-08-03,-0.007772417515212665
2004-08-04,-9.08138761949049e-05
2004-08-05,-0.016468539271977084
2004-08-06,-0.014402488880182722
2004-08-09,0.001402608000321452
2004-08-10,0.012814895900545646
2004-08-11,-0.002031610010031421
2004-08-12,-0.0109705849059394
2004-08-13,0.001961698290434135
2004-08-16,0.010302321767191697
2004-08-17,0.005616335275598862
2004-08-18,0.010231094507833867
2004-08-19,-0.002912519198750373
2004-08-20,0.006994192371823078
2004-08-23,-0.0025374038468676734
2004-08-24,0.001359998562141325
2004-08-25,0.006773105465300205
2004-08-26,0.0
2004-08-27,0.003146386894546147
2004-08-30,-0.008289250370776326
2004-08-31,0.005233866147005629
2004-09-01,0.0018879255009884156
2004-09-02,0.011255236221219813
2004-09-03,-0.004094946385677402
2004-09-07,0.006578976771138627
2004-09-08,-0.0024840303854612683
2004-09-09,-0.0008887671638985168
2004-09-10,0.005142959843699856
2004-09-13,0.0032674981017446598
2004-09-14,0.0020258716794558265
2004-09-15,-0.007595637509699527
2004-09-16,0.0030097789702791555
2004-09-17,0.00424252213672047
2004-09-20,-0.006028507761562265
2004-09-21,0.004347682793779091
2004-09-22,-0.012561089658802161
2004-09-23,-0.005392962192993704
2004-09-24,0.004585660621008153
2004-09-27,-0.006389831431946166
2004-09-28,0.004774189572711357
2004-09-29,0.005019496522986154
2004-09-30,-0.000715515675734992
2004-10-01,0.016769785092614068
2004-10-04,0.001670329329652963
2004-10-05,0.0005273554266168537
2004-10-06,0.00682438765806272
2004-10-07,-0.010783544050517607
2004-10-08,-0.008319824925737296
2004-10-11,0.004079992761029759
2004-10-12,-0.003902233243534384
2004-10-13,-0.008836636478923039
2004-10-14,-0.008101886282639517
2004-10-15,0.0055886395668812055
2004-10-18,0.0037675053820709612
2004-10-19,-0.00845213971325408
2004-10-20,-0.001988760260166211
2004-10-21,0.00649360584876618
2004-10-22,-0.011301117867517786
2004-10-25,-0.0011819897912491687
2004-10-26,0.015176143117108475
2004-10-27,0.011941921210961106
2004-10-28,0.0030073454071724154
2004-10-29,-0.00017657576473744952
2004-11-01,0.0027351788686272773
2004-11-02,0.0003521559981341249
2004-11-03,0.012514777966802183
2004-11-04,0.013562008408024248
2004-11-05,0.006244244910803801
2004-11-08,-0.0014509740812288549
2004-11-09,-0.001965656059418477
2004-11-10,0.0007695877360879333
2004-11-11,0.007580267068232267
2004-11-12,0.007859666518836425
2004-11-15,0.002454046644188529
2004-11-16,-0.007185037503145991
2004-11-17,0.005920880144609468
2004-11-18,0.001348422254016898
2004-11-19,-0.01117902511503224
2004-11-22,0.004757643499831059
2004-11-23,0.0015248315373987476
2004-11-24,0.0023668486877779053
2004-11-26,-0.0007611365390119803
2004-11-29,-0.004572773723745242
2004-11-30,0.0006789895220358069
2004-12-01,0.011302362003021591
2004-12-02,0.000838799033426119
2004-12-03,-0.0006707928943452642
2004-12-06,-0.0003354702088303081
2004-12-07,-0.009355004663147183
2004-12-08,0.005825756090262102
2004-12-09,0.0035292485728850727
2004-12-10,0.0010062631031755105
2004-12-13,0.008677064902310946
2004-12-14,0.0034833806135433844
2004-12-15,0.000744547978922273
2004-12-16,-0.0005788990615742099
2004-12-17,-0.006692585583515685
2004-12-20,0.00025169464455670684
2004-12-21,0.007670955564412373
2004-12-22,0.0024058847875456923
2004-12-23,0.000745832703875394
2004-12-27,-0.002072591910884314
2004-12-28,0.00546161889035527
2004-12-29,0.001484217905640558
2004-12-30,-0.0018974194925952103
2004-12-31,-0.0021483444673191005
2005-01-03,-0.00472663639607379
2005-01-04,-0.012295339494317672
2005-01-05,-0.006924318825737119
2005-01-06,0.005071278232089558
2005-01-07,-0.0014338134117619153
2005-01-10,0.0047167239395022
2005-01-11,-0.006914581596943858
2005-01-12,0.003294930112677559
2005-01-13,-0.008044363201944588
2005-01-14,0.005256693085769683
2005-01-18,0.010349273575708938
2005-01-19,-0.010517727482120277
2005-01-20,-0.006109231581829088
2005-01-21,-0.006146783825214428
2005-01-24,-0.001971327608834683
2005-01-25,0.0028271655935945
2005-01-26,0.0029901589702953577
2005-01-27,0.0017051503793583608
2005-01-28,0.0
2005-01-31,0.006197045378664707
2005-02-01,0.006327047029175361
2005-02-02,0.003023154741012092
2005-02-03,-0.002602999078112186
2005-02-04,0.010619533443635724
2005-02-07,-0.0013318220233349454
2005-02-08,0.001165312242892727
2005-02-09,-0.007515354142527843
2005-02-10,0.003597997598773895
2005-02-11,0.008565353420404162
2005-02-14,-0.0007458327038753348
2005-02-15,0.0037216580963919544
2005-02-16,0.0006610033940490393
2005-02-17,-0.008118315882773638
2005-02-18,0.0013297696047868946
2005-02-22,-0.014979683634958534
2005-02-23,0.007140970150966296
2005-02-24,0.006591953891714399
2005-02-25,0.009848354381913883
2005-02-28,-0.006609969585383836
2005-03-01,0.004961499001266186
2005-03-02,-0.0004953042274557026
2005-03-03,0.00041287909775448956
2005-03-04,0.012379992011356915
2005-03-07,0.0004890097613232221
2005-03-08,-0.003753571570337176
2005-03-09,-0.011180134094936517
2005-03-10,0.002229733396875991
2005-03-11,-0.007035728580099542
2005-03-14,0.0062110533434385625
2005-03-15,-0.008289819106045584
2005-03-16,-0.008526296411926758
2005-03-17,0.0020126485825338147
2005-03-18,-0.0029735838695055896
2005-03-21,-0.0037184949986255
2005-03-22,-0.010212641623731257
2005-03-23,0.0008547843587671214
2005-03-24,0.0011961815737793111
2005-03-28,0.0014499832899796646
2005-03-29,-0.006671533134801658
2005-03-30,0.014060241121338185
2005-03-31,-0.0018633730435935597
2005-04-01,-0.004502862230226513
2005-04-04,0.0017013238966761676
2005-04-05,0.00474969619911467
2005-04-06,0.003463088548117633
2005-04-07,0.00538165130649355
2005-04-08,-0.010453835605004338
2005-04-11,0.000762541031378828
2005-04-12,0.005152275107915516
2005-04-13,-0.011864538291575041
2005-04-14,-0.013129815842158218
2005-04-15,-0.01409177033143693
2005-04-18,0.003061669399989673
2005-04-19,0.007916123654054233
2005-04-20,-0.0140487663558037
2005-04-21,0.019233903074290223
2005-04-22,-0.0038002303401400003
2005-04-25,0.006555377746832001
2005-04-26,-0.009761730339913509
2005-04-27,0.0038988642785307602
2005-04-28,-0.01261698845298376
2005-04-29,0.013481299119556799
2005-05-02,0.00559969050308452
2005-05-03,0.0017167515309125345
2005-05-04,0.007689212831608543
2005-05-05,-0.000340600761067265
2005-05-06,-0.0031548695516945566
2005-05-09,0.006215154678194351
2005-05-10,-0.01040889719704101
2005-05-11,0.0054736146622562775
2005-05-12,-0.011063770121100271
2005-05-13,-0.00198515187593839
2005-05-16,0.00928902050279753
2005-05-17,0.006656162277915768
2005-05-18,0.01023852009101306
2005-05-19,0.004199927961853239
2005-05-20,-0.0014258991782380842
2005-05-23,0.005525359403045996
2005-05-24,-0.002340691911915515
2005-05-25,-0.000753446309431891
2005-05-26,0.005345338485381225
2005-05-27,0.0016644120887498643
2005-05-31,-0.006423457899114697
2005-06-01,0.008500784051414516
2005-06-02,0.0021550698885655197
2005-06-03,-0.005064162306064188
2005-06-06,-0.0009160234152119534
2005-06-07,0.0007499611549474779
2005-06-08,-0.0018330976936158842
2005-06-09,0.004742019862061388
2005-06-10,-0.002326609925598414
2005-06-13,0.003156564654731416
2005-06-14,0.00231937885282101
2005-06-15,0.0019009924367132767
2005-06-16,0.00255708609255841
2005-06-17,0.003698268655794
2005-06-20,0.00032953018926047716
2005-06-21,0.000576209422270864
2005-06-22,0.0008231066940243687
2005-06-23,-0.014165977605796394
2005-06-24,-0.007368589946318363
2005-06-27,0.001427663063169562
2005-06-28,0.008357512766784224
2005-06-29,-0.002666875746461733
2005-06-30,-0.005438918968185025
2005-07-01,0.0029325688155868146
2005-07-05,0.00799932927103569
2005-07-06,-0.008417821777280303
2005-07-07,0.003925999560130911
2005-07-08,0.011356809890280277
2005-07-11,0.005097092307559545
2005-07-12,0.0026212471707633346
2005-07-13,0.0013890225391817478
2005-07-14,0.0039134213306653036
2005-07-15,-0.0005700028772843635
2005-07-18,-0.003997314531158582
2005-07-19,0.005461366880376387
2005-07-20,0.0034081720452117112
2005-07-21,-0.005849633796249374
2005-07-22,0.006659519207626415
2005-07-25,-0.0028367920569683054
2005-07-26,0.001216818345738099
2005-07-27,0.0036415962996414987
2005-07-28,0.006281376130815117
2005-07-29,-0.00668528340577834
2005-08-01,-0.0007274987557069862
2005-08-02,0.005966600399364446
2005-08-03,0.0026497974575937235
2005-08-04,-0.008050670481027662
2005-08-05,-0.006812402084969767
2005-08-08,-0.001873582010496117
2005-08-09,0.006015646004539351
2005-08-10,-0.00048704179581753596
2005-08-11,0.003965704133304629
2005-08-12,-0.006157423080858898
2005-08-15,0.006157423080858936
2005-08-16,-0.013088331013305329
2005-08-17,-8.194084635376019e-05
2005-08-18,-8.194756120631724e-05
2005-08-19,0.002289439137395621
2005-08-22,0.0
2005-08-23,-0.0018801345800289837
2005-08-24,-0.00895672196536314
2005-08-25,0.003625319118459154
2005-08-26,-0.006849877821475647
2005-08-29,0.007671896487767972
2005-08-30,-0.005272837045003087
2005-08-31,0.012560072386852231
2005-09-01,-0.0007344769492231926
2005-09-02,-0.0017978352658376824
2005-09-06,0.011627706354354563
2005-09-07,0.0016961697470548255
2005-09-08,-0.0033141364971155866
2005-09-09,0.008866864696289712
2005-09-12,-0.00200828756618176
2005-09-13,-0.005564193421384037
2005-09-14,-0.003645703603983328
2005-09-15,-0.00048675434685825175
2005-09-16,0.007085687947996578
2005-09-19,-0.003325339692363177
2005-09-20,-0.008485319990249334
2005-09-21,-0.009384297046268305
2005-09-22,0.0035498343579114934
2005-09-23,0.0008241666678113261
2005-09-26,0.0011521435763689393
2005-09-27,-0.0002466190587994694
2005-09-28,0.0009866609201885806
2005-09-29,0.008103519459937064
2005-09-30,0.003093436629936086
2005-10-03,-0.0035824821075111264
2005-10-04,-0.01132035591147483
2005-10-05,-0.01320269443353364
2005-10-06,-0.003601132380226154
2005-10-07,0.0034333012488711357
2005-10-10,-0.008479713847132715
2005-10-11,-0.0014343195068661863
2005-10-12,-0.007883549183125475
2005-10-13,-0.0005956244919325368
2005-10-14,0.010503807148234009
2005-10-17,0.003700996820490195
2005-10-18,-0.01088984733262059
2005-10-19,0.016499267411604044
2005-10-20,-0.017773314751124567
2005-10-21,0.0039014115367038667
2005-10-24,0.015373098959855986
2005-10-25,-0.002002467775547119
2005-10-26,-0.002927705523393655
2005-10-27,-0.01069608795070732
2005-10-28,0.014291728373608769
2005-10-31,0.0027509426751557817
2005-11-01,0.0029921535764269253
2005-11-02,0.010403139402509075
2005-11-03,0.00426161114096113
2005-11-04,-0.0013091211347683754
2005-11-07,0.000982138205503585
2005-11-08,0.0
2005-11-09,0.001308292008646581
2005-11-10,0.0077316355079199905
2005-11-11,0.0033997235203507316
2005-11-14,-0.0005655783553979055
2005-11-15,-0.0036452493113249664
2005-11-16,0.0020266183720485166
2005-11-17,0.00926958393893264
2005-11-18,0.003923529098480557
2005-11-21,0.005022199833189038
2005-11-22,0.004284708040415924
2005-11-23,0.005763149094586815
2005-11-25,0.0007865633096261718
2005-11-28,-0.007104707684675652
2005-11-29,-0.001109059977700683
2005-11-30,-0.005407817138318828
2005-12-01,0.010154468531818965
2005-12-02,0.0012625281167114681
2005-12-05,-0.0021307706392031294
2005-12-06,0.0018943107552508768
2005-12-07,-0.005852597519158586
2005-12-08,-0.000634212986612921
2005-12-09,0.0026157558171805368
2005-12-12,0.0009494340095685498
2005-12-13,0.006777660558748982
2005-12-14,0.003919769329866918
2005-12-15,-0.0028991328194860493
2005-12-16,-0.003223770321702925
2005-12-19,-0.005157073196862133
2005-12-20,0.0009540179861661076
2005-12-21,0.0015884498682046761
2005-12-22,0.005222829721591732
2005-12-23,0.000552513403410424
2005-12-27,-0.010228846727964987
2005-12-28,0.0022290547537893736
2005-12-29,-0.004463089294959381
2005-12-30,-0.005446661747233289
2006-01-03,0.01743636614962215
2006-01-04,0.004724509208381105
2006-01-05,0.0006277352388871019
2006-01-06,0.008287212200314325
2006-01-09,0.0025660397552038764
2006-01-10,0.001009340397412445
2006-01-11,0.003175342146597046
2006-01-12,-0.003951654160132474
2006-01-13,-0.0009323534040602265
2006-01-17,-0.002723526644553964
2006-01-18,-0.003981717902294955
2006-01-19,0.0038257450889210183
2006-01-20,-0.018405108266354626
2006-01-23,0.003566026686002256
2006-01-24,0.001027567512919744
2006-01-25,0.0008689456486767096
2006-01-26,0.005511352838408221
2006-01-27,0.009222746111700366
2006-01-30,-0.000778745808445443
2006-01-31,-0.007345434919714044
2006-02-01,0.0069561365885689235
2006-02-02,-0.011673218933848852
2006-02-03,-0.004976553700505667
2006-02-06,0.0026100798130414336
2006-02-07,-0.008886292392572067
2006-02-08,0.009043846563960893
2006-02-09,-0.0016595032421447386
2006-02-10,0.0018172951223340656
2006-02-13,-0.0018172951223340257
2006-02-14,0.01054430685327317
2006-02-15,0.0035163410485261133
2006-02-16,0.0074602724729350995
2006-02-17,-0.00271330530683662
2006-02-21,-0.002487183010137782
2006-02-22,0.006052139564025356
2006-02-23,-0.001471076190422802
2006-02-24,0.002553161715980396
2006-02-27,0.00038682977814727897
2006-02-28,-0.009547120370443684
2006-03-01,0.00885118157366297
2006-03-02,-7.709943037615872e-05
2006-03-03,-0.004648927400481243
2006-03-06,-0.0045931654749658
2006-03-07,-0.0015613020480441397
2006-03-08,0.002107955812865325
2006-03-09,-0.006729281564807302
2006-03-10,0.0094542848821136
2006-03-13,0.001864883529806347
2006-03-14,0.010424647196902247
2006-03-15,0.004445282293644145
2006-03-16,0.0020626867264473096
2006-03-17,0.0008348539078501921
2006-03-20,-0.0016090373416802342
2006-03-21,-0.006308065085236895
2006-03-22,0.006078148345235714
2006-03-23,-0.002073159991624684
2006-03-24,0.0007682534883224425
2006-03-27,-0.001460432823327596
2006-03-28,-0.0061719084201894365
2006-03-29,0.006248652254063816
2006-03-30,-0.0017698315123522203
2006-03-31,0.00023111401906335252
2006-04-03,-0.0007712685674318891
2006-04-04,0.006378050647524306
2006-04-05,0.0034406651869821952
2006-04-06,-0.0010690974067122277
2006-04-07,-0.010214948284202004
2006-04-10,0.0015429259036768492
2006-04-11,-0.008514889869603312
2006-04-12,0.0018638912533077859
2006-04-13,-0.0013196757936965202
2006-04-17,-0.00038822936419401617
2006-04-18,0.015731077322486596
2006-04-19,0.0019107450384595302
2006-04-20,0.0013741425934010682
2006-04-21,0.00015201426505545305
2006-04-24,-0.0018316004721510063
2006-04-25,-0.004133196574689954
2006-04-26,0.00023010367381015492
2006-04-27,0.004819312481932846
2006-04-28,0.003352447925862437
2006-05-01,-0.008171760407795289
2006-05-02,0.007487079806541059
2006-05-03,-0.0037368702044369108
2006-05-04,0.0035845338983463153
2006-05-05,0.008791870727223188
2006-05-08,-0.0012080112592053028
2006-05-09,0.001962049031290619
2006-05-10,-0.000527583526139329
2006-05-11,-0.012144531959045359
2006-05-12,-0.013144492689581094
2006-05-15,0.0020099646612354184
2006-05-16,-0.0014680189519202683
2006-05-17,-0.019207715002337224
2006-05-18,-0.005058101181277791
2006-05-19,0.007027390117710622
2006-05-22,-0.0076612366779919006
2006-05-23,-0.0076404845934066315
2006-05-24,0.007957414350005737
2006-05-25,0.01228861095265784
2006-05-26,0.005075702559421115
2006-05-30,-0.017919312896240776
2006-05-31,0.01111962304402543
2006-06-01,0.00952236431285642
2006-06-02,0.002095275955692932
2006-06-05,-0.014680862639399012
2006-06-06,-0.0024416138596941184
2006-06-07,-0.007519457502319736
2006-06-08,-0.0008746926816810189
2006-06-09,-0.003186381222278289
2006-06-12,-0.010908246058772863
2006-06-13,-0.011682346667340174
2006-06-14,0.0077226696674339325
2006-06-15,0.020992270337638314
2006-06-16,-0.007313773553897889
2006-06-19,-0.007893058347640109
2006-06-20,0.003390687051765978
2006-06-21,0.007386480517293847
2006-06-22,-0.00440937326965221
2006-06-23,-0.0001605407879042648
2006-06-26,0.004409727952962931
2006-06-27,-0.008678089148511458
2006-06-28,0.006756054120455172
2006-06-29,0.019999230164038546
2006-06-30,7.840238057133856e-05
2006-07-03,0.0040772476618184655
2006-07-05,-0.005728449310102704
2006-07-06,0.0029079089183451094
2006-07-07,-0.006534241769312541
2006-07-10,0.0018934783693404784
2006-07-11,0.0044049707267017
2006-07-12,-0.010731488013502143
2006-07-13,-0.016396730850173853
2006-07-14,-0.003878638328577296
2006-07-17,-0.0014589446760809868
2006-07-18,0.005095425511403985
2006-07-19,0.013778608855663184
2006-07-20,-0.006865661395268653
2006-07-21,-0.007074743469138051
2006-07-24,0.01806929833692392
2006-07-25,0.003558851914612901
2006-07-26,0.0013415355828937548
2006-07-27,-0.0009463967996787376
2006-07-28,0.009973024121036013
2006-07-31,-0.001016278978315819
2006-08-01,-0.004939887607099961
2006-08-02,0.0067371118366233405
2006-08-03,0.0026509008410035935
2006-08-04,-0.0017144508508778083
2006-08-07,-0.0023429001774213794
2006-08-08,-0.0038386358540259966
2006-08-09,-0.003380251029985015
2006-08-10,0.003066320739686113
2006-08-11,-0.0028305950374664397
2006-08-14,0.0007876856440661603
2006-08-15,0.011886684200751646
2006-08-16,0.008283962145661747
2006-08-17,0.0025414339888381854
2006-08-18,0.005062732108545618
2006-08-21,-0.004294009669326099
2006-08-22,-7.719193643695765e-05
2006-08-23,-0.0027701816319098257
2006-08-24,-0.0008483022348848336
2006-08-25,0.0012334947747364117
2006-08-28,0.00476447205764476
2006-08-29,0.0011499603842145788
2006-08-30,0.0006124186558672328
2006-08-31,-0.00015300641441323053
2006-09-01,0.00595256277757628
2006-09-05,0.0019004457496811283
2006-09-06,-0.008848415991512567
2006-09-07,-0.004608412378831837
2006-09-08,0.002844175157165211
2006-09-11,0.0009972485436278286
2006-09-12,0.009767297771150893
2006-09-13,0.00401645095584958
2006-09-14,7.579974343099321e-05
2006-09-15,0.002344459280042226
2006-09-18,0.0013628729491476574
2006-09-19,-0.0025005467246136783
2006-09-20,0.0052970322540754405
2006-09-21,-0.004842072928238592
2006-09-22,-0.0030380889405405916
2006-09-25,0.007653641708404049
2006-09-26,0.008268710741994433
2006-09-27,0.0011971412155377104
2006-09-28,-0.00037411638761712765
2006-09-29,-0.0008230248279205395
2006-10-02,-0.0037500013171293785
2006-10-03,0.002101752668894697
2006-10-04,0.01162934977449829
2006-10-05,0.0019254948403352227
2006-10-06,-0.0012581275970782466
2006-10-09,0.0005925716770693898
2006-10-10,0.0013310736054493357
2006-10-11,-0.0011835929071536398
2006-10-12,0.00862278290671807
2006-10-13,0.0025643062812920467
2006-10-16,0.0015362329631954921
2006-10-17,-0.0031474179772793464
2006-10-18,0.0013186027961336973
2006-10-19,0.0016092235614978863
2006-10-20,0.00021959161964769182
2006-10-23,0.0045933158934472265
2006-10-24,0.002977975758585138
2006-10-25,0.0034034118510452775
2006-10-26,0.003102956344464625
2006-10-27,-0.006288559894438703
2006-10-30,-0.000725815255498796
2006-10-31,-0.00014482925061642932
2006-11-01,-0.006772620800831404
2006-11-02,-0.0005844261634187817
2006-11-03,-0.0017561319595868308
2006-11-06,0.01121559035511594
2006-11-07,0.0038310061069381403
2006-11-08,0.0021619041969787333
2006-11-09,-0.005269068272968464
2006-11-10,0.000434465433464168
2006-11-13,0.0024559903879471197
2006-11-14,0.007476583448302285
2006-11-15,0.00286068774230803
2006-11-16,0.0025686227522018286
2006-11-17,0.000284606078510248
2006-11-20,0.0005694365271888199
2006-11-21,0.0009963178321205361
2006-11-22,0.001988653280858968
2006-11-24,-0.004053223080773975
2006-11-27,-0.013846832916055395
2006-11-28,0.004325454680274439
2006-11-29,0.010376226868984956
2006-11-30,0.00042668327840597993
2006-12-01,-0.002208196224908183
2006-12-04,0.00760197881953543
2006-12-05,0.0043082566035079605
2006-12-06,-0.0008458442996090695
2006-12-07,-0.00438259855525904
2006-12-08,0.001839990755398012
2006-12-11,0.0028946862876021613
2006-12-12,-0.0007757709207027322
2006-12-13,0.001057853506588467
2006-12-14,0.008772221823308625
2006-12-15,9.135417588400902e-05
2006-12-18,-0.0027435722597261014
2006-12-19,0.0019001211020690805
2006-12-20,-0.0005621859184964183
2006-12-21,-0.0036655436382123678
2006-12-22,-0.006162139294073148
2006-12-26,0.00587981808627916
2006-12-27,0.006547295468920027
2006-12-28,-0.0021073285073826826
2006-12-29,-0.004157645753743228
2007-01-03,-0.001766547825935765
2007-01-04,0.002119452494638585
2007-01-05,-0.008008107229969925
2007-01-08,0.004614253394503314
2007-01-09,-0.0008501698288093944
2007-01-10,0.003325781847527185
2007-01-11,0.0043711124672898005
2007-01-12,0.007568448511145204
2007-01-16,-0.0019565981033124896
2007-01-17,0.0004194412604795886
2007-01-18,-0.0033616878856706743
2007-01-19,0.0019627386545962152
2007-01-22,-0.003085817303205134
2007-01-23,0.002945700385732559
2007-01-24,0.008020729853436125
2007-01-25,-0.01180972070590072
2007-01-26,-0.000914355128305854
2007-01-29,-0.0005625420370149486
2007-01-30,0.005195860297371234
2007-01-31,0.006700171579124953
2007-02-01,0.005964930138971285
2007-02-02,0.0013823216493962696
2007-02-05,0.0002760999661689084
2007-02-06,0.0002759486578758474
2007-02-07,0.0022059012842046565
2007-02-08,-0.001309181008705364
2007-02-09,-0.007474902967246389
2007-02-12,-0.003410249931538973
2007-02-13,0.008399821942193894
2007-02-14,0.0065454743158356804
2007-02-15,0.0013044021851122468
2007-02-16,-0.0004806542364635605
2007-02-20,0.0021247311291271035
2007-02-21,-0.00041046773776793705
2007-02-22,-0.0007537825845996001
2007-02-23,-0.0039158396343132095
2007-02-26,-0.0008945420945862056
2007-02-27,-0.03984084707992394
2007-02-28,0.010198857464461917
2007-03-01,-0.0029849230038796644
2007-03-02,-0.013181528391789177
2007-03-05,-0.009564777734917996
2007-03-06,0.016965136721735805
2007-03-07,-0.001002610799376124
2007-03-08,0.008419427346833484
2007-03-09,0.00028423788281482895
2007-03-12,0.0014908283777261225
2007-03-13,-0.01962580774193493
2007-03-14,0.007423071801933333
2007-03-15,0.0013630195576745854
2007-03-16,-0.0028041763097919085
2007-03-19,0.011983087866813411
2007-03-20,0.005476786320944682
2007-03-21,0.016323605119078807
2007-03-22,-0.0007679317714904631
2007-03-23,0.001465663875670051
2007-03-26,-0.0013256382666496198
2007-03-27,-0.002377340335006094
2007-03-28,-0.007306190044441644
2007-03-29,0.0010570267997043678
2007-03-30,0.0002109813188602276
2007-04-02,0.0011262868387053916
2007-04-03,0.010704927489261076
2007-04-04,0.0011130473846673885
2007-04-05,0.0027075218675694595
2007-04-09,0.0013854958276475354
2007-04-10,0.0011762989518295545
2007-04-11,-0.004088346570835735
2007-04-12,0.004433939100604749
2007-04-13,0.004551677516523927
2007-04-16,0.009452000985445012
2007-04-17,0.0026552125812947178
2007-04-18,0.0012223843035130042
2007-04-19,-0.0002711519713736189
2007-04-20,0.009396745903609645
2007-04-23,-0.00377547093744209
2007-04-24,0.0004049332828408509
2007-04-25,0.009139952228169086
2007-04-26,0.0011368054559629287
2007-04-27,-0.0008021803040495941
2007-04-30,-0.008326828328312953
2007-05-01,0.0025591309014037144
2007-05-02,0.005834522051939044
2007-05-03,0.005402127080741679
2007-05-04,0.0037838551328557317
2007-05-07,0.00019868619448003207
2007-05-08,-0.0013257762281364224
2007-05-09,0.0027161923403184736
2007-05-10,-0.010507468385996472
2007-05-11,0.00852044417451677
2007-05-14,-0.0021896773765566345
2007-05-15,0.0002662162459030934
2007-05-16,0.0068167966793233024
2007-05-17,-0.0019807505409482184
2007-05-18,0.008686418278268064
2007-05-21,-0.0005241413594036618
2007-05-22,-0.0007869763783022333
2007-05-23,0.00013153753101123396
2007-05-24,-0.009094325587815892
2007-05-25,0.004162220541272743
2007-05-29,0.0036189404810072646
2007-05-30,0.00811201192586646
2007-05-31,-0.0010427496099630728
2007-06-01,0.004944231655337453
2007-06-04,0.00013033150748163045
2007-06-05,-0.003966849903525636
2007-06-06,-0.010807846860397671
2007-06-07,-0.018210144313263323
2007-06-08,0.012927474042874846
2007-06-11,0.0017198680495518666
2007-06-12,-0.010965289637481378
2007-06-13,0.014857231424671226
2007-06-14,0.006366459560873612
2007-06-15,0.005673353591769685
2007-06-18,-0.001176918041522335
2007-06-19,0.0024827866843986817
2007-06-20,-0.013995072791249518
2007-06-21,0.005542854538331495
2007-06-22,-0.009453959163171356
2007-06-25,-0.004794271703026042
2007-06-26,-0.010331121384378932
2007-06-27,0.014128468224824347
2007-06-28,-0.00013282142688175288
2007-06-29,0.0003324150514823651
2007-07-02,0.009000521563152819
2007-07-03,0.0036163686676102267
2007-07-05,-0.0010507971992216169
2007-07-06,0.005243261100889906
2007-07-09,0.0007839048670314776
2007-07-10,-0.014341239917061537
2007-07-11,0.007064949571522004
2007-07-12,0.01566686869448898
2007-07-13,0.0029755083421410308
2007-07-16,-0.0001293526632806352
2007-07-17,-0.0005168806902931771
2007-07-18,-0.001810770082320314
2007-07-19,0.0038767613712478157
2007-07-20,-0.010176039055733513
2007-07-23,0.003057146162756057
2007-07-24,-0.01749318012308607
2007-07-25,0.002046144436224213
2007-07-26,-0.023963597862497427
2007-07-27,-0.019855442886589046
2007-07-30,0.015522262258448482
2007-07-31,-0.011327226097774127
2007-08-01,0.004860106238783428
2007-08-02,0.007958566161302364
2007-08-03,-0.026082177376536973
2007-08-06,0.01662016500964939
2007-08-07,0.010613609330041272
2007-08-08,0.013843619714058774
2007-08-09,-0.03008109606994669
2007-08-10,-0.004687992988307758
2007-08-13,0.00358671468060793
2007-08-14,-0.015403758777635182
2007-08-15,-0.013871585121306906
2007-08-16,0.00748759690645884
2007-08-17,0.01820103231187533
2007-08-20,-0.00048387260735973677
2007-08-21,0.00200311389904922
2007-08-22,0.011797622108910335
2007-08-23,-0.0008867434215081331
2007-08-24,0.012277870916893304
2007-08-27,-0.009347363251003249
2007-08-28,-0.022225395986187987
2007-08-29,0.019431282269243268
2007-08-30,-0.002664815503069117
2007-08-31,0.00980476153151476
2007-09-04,0.010044552211484392
2007-09-05,-0.008690667697888064
2007-09-06,0.002297893369907667
2007-09-07,-0.014004274390282196
2007-09-10,-0.001918772290837047
2007-09-11,0.011593455624934723
2007-09-12,0.0025727678591655942
2007-09-13,0.007009139666878116
2007-09-14,-6.689180144905613e-05
2007-09-17,-0.0053878262535166435
2007-09-18,0.02901449280900531
2007-09-19,0.005885819134040489
2007-09-20,-0.0070672365919128895
2007-09-21,0.002695366391399962
2007-09-24,-0.0018442029783449102
2007-09-25,-0.0019798449893019205
2007-09-26,0.005270430347039034
2007-09-27,0.005896465381373592
2007-09-28,-0.003336952559377476
2007-10-01,0.011209273743072748
2007-10-02,-0.0013616943113879249
2007-10-03,-0.0020141404064692066
2007-10-04,0.0015598531886051527
2007-10-05,0.011811965946015973
2007-10-08,-0.005340523553664049
2007-10-09,0.009373940067075669
2007-10-10,-0.0016628404887719455
2007-10-11,-0.004812067446210761
2007-10-12,0.005515914361731744
2007-10-15,-0.008479521954880996
2007-10-16,-0.007966720119900956
2007-10-17,0.0030520352939751947
2007-10-18,-0.003636865584633874
2007-10-19,-0.026505023938862268
2007-10-22,0.0057958396680779095
2007-10-23,0.008071953210309669
2007-10-24,-0.0018472534564487897
2007-10-25,0.0023735954930627196
2007-10-26,0.011654859992828075
2007-10-29,0.0033144699302165644
2007-10-30,-0.006966208422032973
2007-10-31,0.01033418107028811
2007-11-01,-0.02368619276279246
2007-11-02,0.0011251908622117949
2007-11-05,-0.00763445087762578
2007-11-06,0.013372234763025669
2007-11-07,-0.027737221563028422
2007-11-08,-0.005083913838771818
2007-11-09,-0.013821136019189707
2007-11-12,-0.009971244520623505
2007-11-13,0.030025351043812692
2007-11-14,-0.0027728892748796873
2007-11-15,-0.014528985425377866
2007-11-16,0.0017159470972221344
2007-11-19,-0.014021773904834823
2007-11-20,0.00610289731134974
2007-11-21,-0.020677209253632072
2007-11-23,0.017144889575824863
2007-11-26,-0.022310595700395248
2007-11-27,0.011427836831121242
2007-11-28,0.031483773382254214
2007-11-29,0.00033953917153564244
2007-11-30,0.010005206121534766
2007-12-03,-0.0066138855716416645
2007-12-04,-0.008977911109916236
2007-12-05,0.016600532633445818
2007-12-06,0.0142122648249807
2007-12-07,-0.00019876272581874634
2007-12-10,0.007722832266841711
2007-12-11,-0.027802762914842266
2007-12-12,0.009822337224630644
2007-12-13,-0.002077060109775561
2007-12-14,-0.012760222177297139
2007-12-17,-0.014372708353325029
2007-12-18,0.00556817735273383
2007-12-19,0.0
2007-12-20,0.006286607983819715
2007-12-21,0.014312718939510674
2007-12-24,0.00739872534319798
2007-12-26,0.002141555318142653
2007-12-27,-0.012650942592292744
2007-12-28,-0.0025085272357453538
2007-12-31,-0.007427345440134014
2008-01-02,-0.008793492246236833
2008-01-03,-0.0004825211884213936
2008-01-04,-0.024811828017144887
2008-01-07,-0.0008492593279794996
2008-01-08,-0.01628034034252737
2008-01-09,0.010455451911091892
2008-01-10,0.006532604204026437
2008-01-11,-0.008100823219261382
2008-01-14,0.008030195171034368
2008-01-15,-0.022259194477093347
2008-01-16,-0.008649537671792301
2008-01-17,-0.02625806682336584
2008-01-18,-0.010320845952473325
2008-01-22,-0.010198461467152824
2008-01-23,0.023736646172618135
2008-01-24,0.008406584624880652
2008-01-25,-0.014551340185683305
2008-01-28,0.016401151481959395
2008-01-29,0.004941950609743808
2008-01-30,-0.007385210523235147
2008-01-31,0.018070380705726106
2008-02-01,0.015959752360121874
2008-02-04,-0.01268918698003274
2008-02-05,-0.027138831290202784
2008-02-06,-0.008084522223623703
2008-02-07,0.0065924707582578875
2008-02-08,-0.006442563301944094
2008-02-11,0.005097587251324302
2008-02-12,0.00922836133758849
2008-02-13,0.010170657839636995
2008-02-14,-0.008838502629392637
2008-02-15,-0.00022188948990564358
2008-02-19,0.0028077309032905774
2008-02-20,0.0029474196758081392
2008-02-21,-0.008348747552391914
2008-02-22,0.006139352127443003
2008-02-25,0.012529916268676795
2008-02-26,0.007472155953716362
2008-02-27,-0.0010122159762673904
2008-02-28,-0.00981509723345255
2008-02-29,-0.022536070729994927
2008-03-03,-0.002394307819224812
2008-03-04,-0.0038273999996335122
2008-03-05,0.0062963528230205405
2008-03-06,-0.020915132350452847
2008-03-07,-0.010354263292271149
2008-03-10,-0.013270580720849167
2008-03-11,0.03530674874526969
2008-03-12,-0.00939564338906913
2008-03-13,0.0022050897563445993
2008-03-14,-0.015616536781286253
2008-03-17,-0.01015897181256883
2008-03-18,0.040704130816878424
2008-03-19,-0.025082190283506715
2008-03-20,0.018353579068999516
2008-03-24,0.019790583639757484
2008-03-25,0.000964642727152047
2008-03-26,-0.012311465400477742
2008-03-27,-0.0031584214304945747
2008-03-28,-0.009610740608256414
2008-03-31,0.0034920580614294307
2008-04-01,0.03455491253124759
2008-04-02,0.0006593194731815663
2008-04-03,0.0024841574224898012
2008-04-04,-0.0010956023281337179
2008-04-07,0.0005115080888340696
2008-04-08,-0.0010226563362143544
2008-04-09,-0.00726222367921734
2008-04-10,0.0013979900287868104
2008-04-11,-0.019599887868658645
2008-04-14,-0.003379658776260236
2008-04-15,0.002329698820870069
2008-04-16,0.026733177002404112
2008-04-17,0.0014605749699882942
2008-04-18,0.010380550764378695
2008-04-21,0.000504792062220525
2008-04-22,-0.004412742742041689
2008-04-23,-0.001595719171831724
2008-04-24,0.004347144886303773
2008-04-25,0.009211308079050639
2008-04-28,0.00021473291762219769
2008-04-29,-0.003946637811499793
2008-04-30,-0.005913829580621823
2008-05-01,0.020474787492241752
2008-05-02,0.0027601299554307324
2008-05-05,-0.004816837743331052
2008-05-06,0.008625187840948097
2008-05-07,-0.017970836903998307
2008-05-08,-0.0025837896295247548
2008-05-09,-0.0018702266721248482
2008-05-12,0.011169023792245778
2008-05-13,0.00014198119953611436
2008-05-14,0.00206243150316003
2008-05-15,0.01242494787682484
2008-05-16,0.0009115853488561168
2008-05-19,0.00273030092536957
2008-05-20,-0.008142336749075661
2008-05-21,-0.017058972244515355
2008-05-22,0.00014304468852488424
2008-05-23,-0.013494348565817858
2008-05-27,0.0073832229797414035
2008-05-28,0.004605043951722089
2008-05-29,0.005012387278335198
2008-05-30,0.002497182242357258
2008-06-02,-0.010385494227264282
2008-06-03,-0.0058486084509563495
2008-06-04,-0.0005068593220462162
2008-06-05,0.019799741067313945
2008-06-06,-0.03241338954290928
2008-06-09,0.0024183220785493863
2008-06-10,-0.004989442940236262
2008-06-11,-0.0148219246570573
2008-06-12,0.003800517306657413
2008-06-13,0.012564685608298185
2008-06-16,0.0005874902836137467
2008-06-17,-0.004856403290584089
2008-06-18,-0.009784455175607228
2008-06-19,0.0012651220192201609
2008-06-20,-0.01636419550728496
2008-06-23,-0.0009887747572450735
2008-06-24,-0.001979842317376028
2008-06-25,0.004714941981753794
2008-06-26,-0.0275362490618236
2008-06-27,-0.0054737827226708415
2008-06-30,0.0035224515782392384
2008-07-01,0.0031206673016684152
2008-07-02,-0.01728562099055142
2008-07-03,0.0010296320059325669
2008-07-07,-0.010264631579564445
2008-07-08,0.017600910948581093
2008-07-09,-0.019442591830962155
2008-07-10,0.004078366004911271
2008-07-11,-0.011720048130944847
2008-07-14,-0.009085552884582878
2008-07-15,-0.014197289006309939
2008-07-16,0.024251108133613523
2008-07-17,0.00995298472037218
2008-07-18,0.006211460890038853
2008-07-21,0.0005551253306691589
2008-07-22,0.011280858554460161
2008-07-23,0.005397768061691207
2008-07-24,-0.020971504522796416
2008-07-25,-0.00023905316180726215
2008-07-28,-0.01477248250122927
2008-07-29,0.021127366964737167
2008-07-30,0.017660504984957234
2008-07-31,-0.013314424282063262
2008-08-01,-0.005296717517982896
2008-08-04,-0.009317204104994332
2008-08-05,0.02660537172189164
2008-08-06,0.004430309500729207
2008-08-07,-0.01500396034613526
2008-08-08,0.0184111264817175
2008-08-11,0.010304472397033347
2008-08-12,-0.010459188650840489
2008-08-13,-0.006048156060685973
2008-08-14,0.00751625996472678
2008-08-15,0.004851571166605414
2008-08-18,-0.013768991446689189
2008-08-19,-0.010964018815902584
2008-08-20,0.0046351343396961045
2008-08-21,0.001722729090743641
2008-08-22,0.01437207410489783
2008-08-25,-0.02049389307959131
2008-08-26,0.0029085805775555863
2008-08-27,0.009687116772606589
2008-08-28,0.01205476635431163
2008-08-29,-0.010811936177845852
2008-09-02,-0.006230812072011678
2008-09-03,-0.0008598387044462155
2008-09-04,-0.030568890393201945
2008-09-05,0.003139465477375074
2008-09-08,0.020445503709910832
2008-09-09,-0.030137061690432475
2008-09-10,0.004049854923166022
2008-09-11,0.014364420473198827
2008-09-12,0.0046097982723790724
2008-09-15,-0.048753943303564556
2008-09-16,0.01659882265744736
2008-09-17,-0.04600550454140429
2008-09-18,0.02923992078795622
2008-09-19,0.03894596325658024
2008-09-22,-0.022900151692734988
2008-09-23,-0.023014146959105263
2008-09-24,0.00320021757874743
2008-09-25,0.015518602453005669
2008-09-26,0.0004963597918167952
2008-09-29,-0.08160224130310526
2008-09-30,0.040556344474996474
2008-10-01,0.0006030789478763457
2008-10-02,-0.0369491594907146
2008-10-03,-0.013591267944197743
2008-10-06,-0.0522763911214095
2008-10-07,-0.045819876024431404
2008-10-08,-0.025515621926930417
2008-10-09,-0.07239761971844785
2008-10-10,-0.024555133458581763
2008-10-13,0.13557754666380425
2008-10-14,-0.014910515071969877
2008-10-15,-0.1036369454814691
2008-10-16,0.04081307771347345
2008-10-17,-0.005990286426261156
2008-10-20,0.05834356836641904
2008-10-21,-0.030309842937411433
2008-10-22,-0.05599288095714402
2008-10-23,0.011517519147269843
2008-10-24,-0.05204551747974417
2008-10-27,-0.03614665193942717
2008-10-28,0.11051730868988562
2008-10-29,-0.007279348933898916
2008-10-30,0.034009047532239815
2008-10-31,0.005488577709033111
2008-11-03,0.00288754086562788
2008-11-04,0.03341725080416828
2008-11-05,-0.04293619180221105
2008-11-06,-0.057005491303018845
2008-11-07,0.032484481014524766
2008-11-10,-0.013191461664005042
2008-11-11,-0.031361939114231324
2008-11-12,-0.04499897184840471
2008-11-13,0.06047381404399898
2008-11-14,-0.05119509118282028
2008-11-17,-0.013365094849792203
2008-11-18,0.018661950235750346
2008-11-19,-0.06622469739605151
2008-11-20,-0.07713264300058724
2008-11-21,0.05253858259915164
2008-11-24,0.06699500600535642
2008-11-25,0.00738180713038415
2008-11-26,0.03791378395306727
2008-11-28,0.012509555866058071
2008-12-01,-0.09274893481547247
2008-12-02,0.03776273620262407
2008-12-03,0.023756756103987656
2008-12-04,-0.023405477369026192
2008-12-05,0.03036697130502834
2008-12-08,0.0343188272822449
2008-12-09,-0.016621362263667512
2008-12-10,0.006792504534424797
2008-12-11,-0.024376405349321797
2008-12-12,0.011869407625061256
2008-12-15,-0.014032272423353738
2008-12-16,0.04599177804227871
2008-12-17,-0.009734031086625126
2008-12-18,-0.01885976346561899
2008-12-19,-0.004310820368210677
2008-12-22,-0.012896429886183175
2008-12-23,-0.01039111995069177
2008-12-24,0.00578665775667892
2008-12-26,0.005752586886828198
2008-12-29,-0.002872276957433826
2008-12-30,0.023426132269193854
2008-12-31,0.014173485233809641
2009-01-02,0.029696662353485302
2009-01-05,-0.0011847054692213086
2009-01-06,0.006656081595792644
2009-01-07,-0.030414692301204888
2009-01-08,0.004072499370190416
2009-01-09,-0.021651504502042555
2009-01-12,-0.024314069848882732
2009-01-13,0.0018387002719378871
2009-01-14,-0.0319602116257589
2009-01-15,0.00035556635102324045
2009-01-16,0.007789661955140187
2009-01-20,-0.054230732002270805
2009-01-21,0.042285880783924056
2009-01-22,-0.015588140234913981
2009-01-23,0.004340845867892872
2009-01-26,0.006834923695976605
2009-01-27,0.010106250516893471
2009-01-28,0.03327438855447473
2009-01-29,-0.033037203020100735
2009-01-30,-0.020552992470485434
2009-02-02,-0.0030229711319591335
2009-02-03,0.013949332296640598
2009-02-04,-0.004908009600811752
2009-02-05,0.014771338431326152
2009-02-06,0.028098628919679028
2009-02-09,0.0013783422098628858
2009-02-10,-0.046892028401496325
2009-02-11,0.0058787792542521556
2009-02-12,0.0007171784370706159
2009-02-13,-0.010815715851067687
2009-02-17,-0.043716706290400476
2009-02-18,-0.0024008095842177005
2009-02-19,-0.010813860492951584
2009-02-20,-0.009768402873365873
2009-02-23,-0.036434452265210304
2009-02-24,0.03720939538884746
2009-02-25,-0.007904427710123512
2009-02-26,-0.016394467619539187
2009-02-27,-0.022602500109466017
2009-03-02,-0.04608876747337539
2009-03-03,-0.007535435996560525
2009-03-04,0.02341425793981116
2009-03-05,-0.04170509692788065
2009-03-06,0.0017424715181809105
2009-03-09,-0.011822222544379837
2009-03-10,0.057900578776303335
2009-03-11,0.006491410771157299
2009-03-12,0.03861692626109018
2009-03-13,0.007783996785540043
2009-03-16,-0.003027374963891132
2009-03-17,0.030124111042861727
2009-03-18,0.02213736701499634
2009-03-19,-0.012462868753095864
2009-03-20,-0.021523992381822746
2009-03-23,0.06936618360654234
2009-03-24,-0.019899894458347497
2009-03-25,0.010491106868355743
2009-03-26,0.020175396967773818
2009-03-27,-0.018213202617311835
2009-03-30,-0.03516545736867758
2009-03-31,0.009222463913910491
2009-04-01,0.019181023079970994
2009-04-02,0.02881793575905199
2009-04-03,0.009899617467688377
2009-04-06,-0.0078641827493191
2009-04-07,-0.023601642818355473
2009-04-08,0.010720441908979524
2009-04-09,0.03897384022747861
2009-04-13,0.00023313401778033135
2009-04-14,-0.017394156453784608
2009-04-15,0.010613352908244087
2009-04-16,0.014556226660368845
2009-04-17,0.006682963798804296
2009-04-20,-0.042819594967884775
2009-04-21,0.019349033285098564
2009-04-22,-0.006131788394261374
2009-04-23,0.009769658941635808
2009-04-24,0.014997651428028225
2009-04-27,-0.009507313435886934
2009-04-28,-0.0031502368211576283
2009-04-29,0.021046221608864588
2009-04-30,0.00034344847490588013
2009-05-01,0.0053616960192268935
2009-05-04,0.03345357419038655
2009-05-05,-0.0034162456990835637
2009-05-06,0.017185850193177376
2009-05-07,-0.0139898394852626
2009-05-08,0.02306483696076125
2009-05-11,-0.018890914375295494
2009-05-12,-0.002963457659752245
2009-05-13,-0.0254953817673654
2009-05-14,0.008533943165072458
2009-05-15,-0.008195723433244064
2009-05-18,0.028011169859990488
2009-05-19,-0.001206672050211436
2009-05-20,-0.006716580843806908
2009-05-21,-0.014467078384596023
2009-05-22,-0.0021326221441964454
2009-05-26,0.02528964501944467
2009-05-27,-0.01801421273550753
2009-05-28,0.0138437218357791
2009-05-29,0.017552921770775734
2009-06-01,0.023919636799855426
2009-06-02,0.0008436753803516411
2009-06-03,-0.012731589724476565
2009-06-04,0.009352499468751828
2009-06-05,0.00021168547736985367
2009-06-08,-0.0041332210252514705
2009-06-09,0.005084704270297277
2009-06-10,-0.0025393398225252925
2009-06-11,0.0044390484284140995
2009-06-12,0.002738503185353622
2009-06-15,-0.023195122575530844
2009-06-16,-0.0136557361822364
2009-06-17,-0.0009826473470951461
2009-06-18,0.007291669381037208
2009-06-19,0.003679488319381144
2009-06-22,-0.030445498938220256
2009-06-23,0.0007832969936680369
2009-06-24,0.008580928657079856
2009-06-25,0.02151550938032146
2009-06-26,-0.0026095953507147282
2009-06-29,0.009320420488795927
2009-06-30,-0.008123090474313763
2009-07-01,0.004124068922042589
2009-07-02,-0.02767333277421173
2009-07-06,-0.00011160039043042336
2009-07-07,-0.019565904760484896
2009-07-08,-0.0006818165461594024
2009-07-09,0.0019300427963634575
2009-07-10,-0.002384416183075575
2009-07-13,0.02403772690048283
2009-07-14,0.005644561326048351
2009-07-15,0.0288265881178354
2009-07-16,-0.0016103022121412474
2009-07-17,0.010895717441984837
2009-07-20,0.010567811126792725
2009-07-21,0.004614599304010267
2009-07-22,-0.00020921969054562176
2009-07-23,0.021842402694521108
2009-07-24,0.004087422067900374
2009-07-27,0.0029531859597582105
2009-07-28,-0.0046879810656767175
2009-07-29,-0.0024550453383962107
2009-07-30,0.010391239751181822
2009-07-31,0.0014181015487537323
2009-08-03,0.01636103755427765
2009-08-04,0.0025856970317625575
2009-08-05,-0.0028842722067933474
2009-08-06,-0.005192164676957406
2009-08-07,0.013029199948830481
2009-08-10,-0.0020773979291066084
2009-08-11,-0.012554599574740994
2009-08-12,0.010671342639481551
2009-08-13,0.007609809326608445
2009-08-14,-0.007709548166262345
2009-08-17,-0.02491248960263421
2009-08-18,0.007902842291010837
2009-08-19,0.008741277308981447
2009-08-20,0.010251365777555548
2009-08-21,0.019416393146292586
2009-08-24,-9.723662911480578e-05
2009-08-25,0.0019405420436058908
2009-08-26,9.694829054369489e-05
2009-08-27,0.002226921649409951
2009-08-28,-0.00019317569798214804
2009-08-31,-0.008939432157861306
2009-09-01,-0.022303535257813253
2009-09-02,-0.0038001546038046474
2009-09-03,0.008280531277274948
2009-09-04,0.013911910117909387
2009-09-08,0.008585443020921363
2009-09-09,0.007644855320096606
2009-09-10,0.010166995526493946
2009-09-11,-0.00019110461177661796
2009-09-14,0.004856414495787217
2009-09-15,0.004170731435501165
2009-09-16,0.015020444382489766
2009-09-17,-0.0014915575236695818
2009-09-18,0.0006368903057422202
2009-09-21,-0.0025328563810902162
2009-09-22,0.005807371491561495
2009-09-23,-0.008347142271867556
2009-09-24,-0.011080371818583472
2009-09-25,-0.005346715928362154
2009-09-28,0.017744786104067073
2009-09-29,-0.0030145340215550634
2009-09-30,-0.003875041646774672
2009-10-01,-0.025126072083763447
2009-10-02,-0.004672431921778096
2009-10-05,0.014817883535851995
2009-10-06,0.014222753705391436
2009-10-07,0.0027446476282832195
2009-10-08,0.007627042198966829
2009-10-09,0.00607837587470863
2009-10-12,0.003907936965089002
2009-10-13,-0.002045450526040858
2009-10-14,0.017069433717230496
2009-10-15,0.0036527795717848917
2009-10-16,-0.007502706881337496
2009-10-19,0.008231384262376653
2009-10-20,-0.00529664660234395
2009-10-21,-0.009014107506680207
2009-10-22,0.010112347140797458
2009-10-23,-0.011498967516393451
2009-10-26,-0.010884707085647314
2009-10-27,-0.0045933822976716
2009-10-28,-0.019068369111096346
2009-10-29,0.02122741560484632
2009-10-30,-0.02940168767027032
2009-11-02,0.007312126284836701
2009-11-03,0.003158226976782068
2009-11-04,0.0025766587417424174
2009-11-05,0.01822790026027157
2009-11-06,0.00261707349768426
2009-11-09,0.02251992487030853
2009-11-10,0.0001830834713716678
2009-11-11,0.0050966746041572015
2009-11-12,-0.010220116602570483
2009-11-13,0.005396835384903485
2009-11-16,0.014400699795801412
2009-11-17,0.0011679077415600741
2009-11-18,-0.0006281440218369818
2009-11-19,-0.013117757129832592
2009-11-20,-0.0035571165548860867
2009-11-23,0.012621977737262069
2009-11-24,0.001532487451512163
2009-11-25,0.003507946026698566
2009-11-27,-0.016384477904140445
2009-11-30,0.003371419662367118
2009-12-01,0.012295063087550016
2009-12-02,-0.0004499534230409664
2009-12-03,-0.007850851960567841
2009-12-04,0.005691780523093899
2009-12-07,-0.0015329499140064606
2009-12-08,-0.011159029238387106
2009-12-09,0.0037336537511288544
2009-12-10,0.005619272796279057
2009-12-11,0.0042389478010240005
2009-12-14,0.006816953825550352
2009-12-15,-0.004658901698649588
2009-12-16,0.0015253822288767026
2009-12-17,-0.012088467380461182
2009-12-18,0.005641390292514454
2009-12-21,0.010111406592323364
2009-12-22,0.003586705156403772
2009-12-23,0.0019663938001138483
2009-12-24,0.0047230105031182985
2009-12-28,0.0021319709646637703
2009-12-29,-0.001420416272889076
2009-12-30,-0.0003555328155094856
2009-12-31,-0.009645009835188276
2010-01-04,0.016817777901057786
2010-01-05,0.002643781385820776
2010-01-06,0.0007035485265253442
2010-01-07,0.004212446174925139
2010-01-08,0.0033224290842408305
2010-01-11,0.0013953365089700498
2010-01-12,-0.009369793090380631
2010-01-13,0.008410814064052615
2010-01-14,0.0027006601751676245
2010-01-15,-0.011287683906929713
2010-01-19,0.012418586372969104
2010-01-20,-0.010220880011237114
2010-01-21,-0.019416605968114793
2010-01-22,-0.022543725411435893
2010-01-25,0.005114541891389241
2010-01-26,-0.004199400171413429
2010-01-27,0.004746100456072263
2010-01-28,-0.011539060222827953
2010-01-29,-0.010927467738512428
2010-02-01,0.015430814011924593
2010-02-02,0.012030560718609496
2010-02-03,-0.004994846769193736
2010-02-04,-0.03135216316515767
2010-02-05,0.0020644995501744434
2010-02-08,-0.00724558010721597
2010-02-09,0.012482269718362422
2010-02-10,-0.001960987088369183
2010-02-11,0.010412208304234324
2010-02-12,-0.0008329210011817803
2010-02-16,0.01561246478260873
2010-02-17,0.004727363239232717
2010-02-18,0.005877811608887382
2010-02-19,0.002072118369955881
2010-02-22,0.00017953078480560414
2010-02-23,-0.012219341408610982
2010-02-24,0.009155749103755816
2010-02-25,-0.0013542139173121895
2010-02-26,0.0006324955059091148
2010-03-01,0.010330576512455482
2010-03-02,0.0027671907328764207
2010-03-03,0.0008905835554716205
2010-03-04,0.0030231876117032272
2010-03-05,0.014192232627012627
2010-03-08,0.00017517966557820054
2010-03-09,0.0016610299795227251
2010-03-10,0.004445772032964131
2010-03-11,0.004166553028274068
2010-03-12,8.655077758476779e-05
2010-03-15,0.0002595191052282496
2010-03-16,0.007934789021151628
2010-03-17,0.005909631376120596
2010-03-18,-0.000512227917342943
2010-03-19,-0.005074764415761562
2010-03-22,0.005331999905729533
2010-03-23,0.007008860316173885
2010-03-24,-0.004866612821139711
2010-03-25,-0.0016278008325374025
2010-03-26,-0.0006001554384136251
2010-03-29,0.006327105229049038
2010-03-30,0.0006819212444935421
2010-03-31,-0.0034130508138689253
2010-04-01,0.006814664731848921
2010-04-05,0.008116356379423897
2010-04-06,0.002354744141053984
2010-04-07,-0.005728557257459751
2010-04-08,0.003457948651620114
2010-04-09,0.006545954098850933
2010-04-12,0.001587751554742152
2010-04-13,0.0007510265293096064
2010-04-14,0.01128605234663831
2010-04-15,0.0008246824924861021
2010-04-16,-0.016040470061365764
2010-04-19,0.0037631999541997085
2010-04-20,0.00889111961555473
2010-04-21,-0.0018217665978567546
2010-04-22,0.0029793927776498126
2010-04-23,0.006506594533793365
2010-04-26,-0.0037836371870911315
2010-04-27,-0.023934509061696096
2010-04-28,0.007567364509232916
2010-04-29,0.012320968379717809
2010-04-30,-0.017107252513328255
2010-05-03,0.012878681428425106
2010-05-04,-0.02379563672162479
2010-05-05,-0.0059742717015558
2010-05-06,-0.0337772295161088
2010-05-07,-0.014987404458122322
2010-05-10,0.04309921648867883
2010-05-11,-0.002844966079754937
2010-05-12,0.013889116997640916
2010-05-13,-0.012509264583215765
2010-05-14,-0.018270467403157197
2010-05-17,0.0005263720771556707
2010-05-18,-0.013695672426560468
2010-05-19,-0.0057103897503422785
2010-05-20,-0.03849060921966778
2010-05-21,0.01449394139648778
2010-05-24,-0.012914268664617739
2010-05-25,0.001020524983253062
2010-05-26,-0.006047293621998557
2010-05-27,0.03295007654287358
2010-05-28,-0.012629196483920628
2010-06-01,-0.016967083810723135
2010-06-02,0.025706214372342127
2010-06-03,0.0034383323526870607
2010-06-04,-0.03576854577355107
2010-06-07,-0.012529192055981674
2010-06-08,0.01065475318328254
2010-06-09,-0.0053602487347252726
2010-06-10,0.028812089848878977
2010-06-11,0.004844333722678376
2010-06-14,-0.0015516483420199496
2010-06-15,0.02248342492961515
2010-06-16,-0.00035765914648810287
2010-06-17,0.0016068297604345857
2010-06-18,0.001083536783482792
2010-06-21,-0.0028686090811408443
2010-06-22,-0.016653615823200206
2010-06-23,-0.0031074132630725063
2010-06-24,-0.016709439412815837
2010-06-25,0.004180161568192918
2010-06-28,-0.0031568381324117243
2010-06-29,-0.031361470508630494
2010-06-30,-0.009545623898564132
2010-07-01,-0.004466250985754614
2010-07-02,-0.005464838842199993
2010-07-06,0.006534543327532875
2010-07-07,0.03101035148998371
2010-07-08,0.009846850491952412
2010-07-09,0.007437553621194706
2010-07-12,0.0006479851156469935
2010-07-13,0.014976043937903067
2010-07-14,-9.152344935321214e-05
2010-07-15,0.00027390018924005433
2010-07-16,-0.027920809105193362
2010-07-19,0.005888811670313898
2010-07-20,0.011031022857881987
2010-07-21,-0.01308358652163965
2010-07-22,0.022076677583761677
2010-07-23,0.008641286685530413
2010-07-26,0.010362277440335849
2010-07-27,-9.023641948010226e-05
2010-07-28,-0.0064751066933180544
2010-07-29,-0.0048839023052612346
2010-07-30,-0.00018182618053822787
2010-08-02,0.022329945947059036
2010-08-03,-0.004800648634122142
2010-08-04,0.00666108296630002
2010-08-05,-0.0010625919136739636
2010-08-06,-0.004084435536017344
2010-08-09,0.00532459779317331
2010-08-10,-0.005413358394424087
2010-08-11,-0.027790152270423335
2010-08-12,-0.006148660552759099
2010-08-13,-0.0029500328896916407
2010-08-16,-0.0004619135820273248
2010-08-17,0.012210001213189086
2010-08-18,0.0018237126049611488
2010-08-19,-0.01754961710138321
2010-08-20,-0.0032500591515049206
2010-08-23,-0.0038202774235980177
2010-08-24,-0.014954089646751144
2010-08-25,0.0038775332307601456
2010-08-26,-0.006724362592356739
2010-08-27,0.015371008436748212
2010-08-30,-0.014611393856599583
2010-08-31,0.0
2010-09-01,0.029473360703194822
2010-09-02,0.009269078780711822
2010-09-03,0.012887801892232242
2010-09-07,-0.0113355570576732
2010-09-08,0.006997821192937584
2010-09-09,0.004608573703056672
2010-09-10,0.005035754644572733
2010-09-13,0.011061912795094211
2010-09-14,-0.0006208361486215421
2010-09-15,0.0038092551686325247
2010-09-16,-0.00026494859043948353
2010-09-17,0.0003733570423116004
2010-09-20,0.01517432130361514
2010-09-21,-0.002015521203589344
2010-09-22,-0.004925681478534221
2010-09-23,-0.00814455951517814
2010-09-24,0.020412604862223387
2010-09-27,-0.004801492436961338
2010-09-28,0.003494685677634329
2010-09-29,-0.0017457723253320966
2010-09-30,-0.002975072065772162
2010-10-01,0.004197239658350962
2010-10-04,-0.0075319859983445205
2010-10-05,0.019931878710883873
2010-10-06,-8.611723471965836e-05
2010-10-07,-0.0012072880877612153
2010-10-08,0.005592771657441133
2010-10-11,0.0009436884309414823
2010-10-12,0.003081535808525665
2010-10-13,0.007746867328728905
2010-10-14,-0.003908852407688742
2010-10-15,0.002041281432699121
2010-10-18,0.004915629245848062
2010-10-19,-0.013190787591308368
2010-10-20,0.009718765862955295
2010-10-21,0.00220321143098965
2010-10-22,0.0018606940641202622
2010-10-25,0.002952904936493815
2010-10-26,0.00016835337650529284
2010-10-27,-0.0028680771231363307
2010-10-28,0.00016897827285320687
2010-10-29,0.0007597945491412794
2010-11-01,0.0003376143371918519
2010-11-02,0.007899196471141194
2010-11-03,0.00400975749808552
2010-11-04,0.019074959842102463
2010-11-05,0.0037555936847243248
2010-11-08,-0.0018760337829077632
2010-11-09,-0.007210136584836928
2010-11-10,0.004021012996188899
2010-11-11,-0.0037743700745409663
2010-11-12,-0.011908940239524626
2010-11-15,-0.0014151020371876695
2010-11-16,-0.015702377367077403
2010-11-17,0.0005077925855549288
2010-11-18,0.01461090400808187
2010-11-19,0.0027471199774905335
2010-11-22,-0.0008314738521517183
2010-11-23,-0.014582821468041239
2010-11-24,0.014665958153330754
2010-11-26,-0.011715542660704178
2010-11-29,0.0030257671894493164
2010-11-30,-0.005638878676369284
2010-12-01,0.02104485955780349
2010-12-02,0.012727610757553354
2010-12-03,0.002688592702634763
2010-12-06,-0.0010579621965289955
2010-12-07,0.0005698802836687116
2010-12-08,0.0036567371516429193
2010-12-09,0.0038862378031674287
2010-12-10,0.005800780975427012
2010-12-13,0.000642396243151702
2010-12-14,0.0008827929096219617
2010-12-15,-0.004582482847174496
2010-12-16,0.005785014836576841
2010-12-17,0.0010704400926531802
2010-12-20,0.002410609321779565
2010-12-21,0.00632040799050888
2010-12-22,0.0031053352436856917
2010-12-23,-0.0014317456321115128
2010-12-27,0.0003976253817143361
2010-12-28,0.0014315742290681313
2010-12-29,0.0007150193204916732
2010-12-30,-0.0015897857765934346
2010-12-31,0.00023900281934287977
2011-01-03,0.010284616109247285
2011-01-04,-0.0005512135241595155
2011-01-05,0.005184462345040665
2011-01-06,-0.001960620711018349
2011-01-07,-0.0019641576728744677
2011-01-10,-0.001259683961147892
2011-01-11,0.00353779938165614
2011-01-12,0.008984309929463682
2011-01-13,-0.0016346147082395997
2011-01-14,0.007218422588548624
2011-01-18,0.0016995406569033115
2011-01-19,-0.009853151877950491
2011-01-20,-0.0013264600728257149
2011-01-21,0.002261648705324185
2011-01-24,0.005670382183305149
2011-01-25,0.000541699677837775
2011-01-26,0.0038637589287531158
2011-01-27,0.002464769462425869
2011-01-28,-0.017616819976551314
2011-01-31,0.00748780797189254
2011-02-01,0.015882070922368593
2011-02-02,-0.0019140877761166155
2011-02-03,0.0022196962444921567
2011-02-04,0.0028255858306473025
2011-02-07,0.006232976523478357
2011-02-08,0.004536035005281419
2011-02-09,-0.002265521158646546
2011-02-10,0.00037765375722620604
2011-02-11,0.005952750845905259
2011-02-14,0.002401223495995451
2011-02-15,-0.003152338723924944
2011-02-16,0.006295070279587221
2011-02-17,0.0029843628938298994
2011-02-18,0.0020834848504590452
2011-02-22,-0.02027424325362091
2011-02-23,-0.006163058463055192
2011-02-24,-0.0006874063920021987
2011-02-25,0.010636181990942557
2011-02-28,0.0061772668752042206
2011-03-01,-0.016813448866146722
2011-03-02,0.0021363364094665726
2011-03-03,0.017077615254234832
2011-03-04,-0.007520558535078071
2011-03-07,-0.007881626481929896
2011-03-08,0.008711611355696884
2011-03-09,-0.0014342492222307107
2011-03-10,-0.018679103679757315
2011-03-11,0.0069024013823149105
2011-03-14,-0.006056416921066764
2011-03-15,-0.011523121655616449
2011-03-16,-0.01868626962542204
2011-03-17,0.01314813937616351
2011-03-18,0.0036306780583566433
2011-03-21,0.015379067684059314
2011-03-22,-0.0034744308053001275
2011-03-23,0.0028576597258069963
2011-03-24,0.009517997852073103
2011-03-25,0.0030514567453701832
2011-03-28,-0.0024404504385477062
2011-03-29,0.006696166935046876
2011-03-30,0.006877386755105093
2011-03-31,-0.0013566792067916504
2011-04-01,0.004214624987921993
2011-04-04,0.0008257642179598383
2011-04-05,-0.00014982328539672553
2011-04-06,0.0031473209271547934
2011-04-07,-0.002546818079506911
2011-04-08,-0.0034567395511846837
2011-04-11,-0.003015273979298619
2011-04-12,-0.007501820198139987
2011-04-13,-7.634534243724844e-05
2011-04-14,0.0007606179861336534
2011-04-15,0.003641743167733331
2011-04-18,-0.011272024271258872
2011-04-19,0.005728408563241362
2011-04-20,0.013539593759019211
2011-04-21,0.005095778374580437
2011-04-25,-0.001047389339365044
2011-04-26,0.008568570299728195
2011-04-27,0.006507508303179172
2011-04-28,0.0032381618291941533
2011-04-29,0.002348285625039763
2011-05-02,-0.001540618469269768
2011-05-03,-0.0036035201579993036
2011-05-04,-0.0066531947746829865
2011-05-05,-0.009089334206285611
2011-05-06,0.004405871475251526
2011-05-09,0.0038675394457937007
2011-05-10,0.008500020966196708
2011-05-11,-0.010580221881948909
2011-05-12,0.004748686586147344
2011-05-13,-0.00772869281315842
2011-05-16,-0.006361406139359772
2011-05-17,-0.00015027583494175477
2011-05-18,0.00889641178897718
2011-05-19,0.002378686748252236
2011-05-20,-0.00797662034120996
2011-05-23,-0.011668588314701777
2011-05-24,-0.0008332706807047368
2011-05-25,0.003328999975359325
2011-05-26,0.004596947140975197
2011-05-27,0.003827266778356775
2011-05-31,0.010357373485803198
2011-06-01,-0.022717402638518316
2011-06-02,-0.0010619631949052842
2011-06-03,-0.009994541944949649
2011-06-06,-0.010637440814695375
2011-06-07,-0.0006201951239195641
2011-06-08,-0.0041962336843191315
2011-06-09,0.007602287420466839
2011-06-10,-0.014007948077965678
2011-06-13,0.0007833842450078677
2011-06-14,0.012606017618473384
2011-06-15,-0.017945297858188453
2011-06-16,0.002202132587539605
2011-06-17,0.0029793969107298306
2011-06-20,0.00510338020371026
2011-06-21,0.013610817921734644
2011-06-22,-0.00604375292475193
2011-06-23,-0.00287989319214393
2011-06-24,-0.011681050961351434
2011-06-27,0.008871137234403121
2011-06-28,0.012968899995578338
2011-06-29,0.008527453530248256
2011-06-30,0.009517132831391082
2011-07-01,0.014668101063577296
2011-07-05,-0.0008220801086951671
2011-07-06,0.0011951127459052626
2011-07-07,0.010322427272791052
2011-07-08,-0.007117851530888287
2011-07-11,-0.01824570944269018
2011-07-12,-0.004328632119858577
2011-07-13,0.0033431313689506414
2011-07-14,-0.006926439318913105
2011-07-15,0.005788074411614647
2011-07-18,-0.008235101040568198
2011-07-19,0.01610118438198559
2011-07-20,-0.0006025869305687333
2011-07-21,0.013775526740266334
2011-07-22,0.0006692210533929815
2011-07-25,-0.0055887237885904545
2011-07-26,-0.0037428226638234084
2011-07-27,-0.020688495336754337
2011-07-28,-0.0029135861330650188
2011-07-29,-0.006858069848792299
2011-08-01,-0.00426199310656425
2011-08-02,-0.025879362117909338
2011-08-03,0.005404470690304474
2011-08-04,-0.047973968165407964
2011-08-05,-0.001498273251070942
2011-08-08,-0.06734073905595171
2011-08-09,0.04545059043950213
2011-08-10,-0.045183465885465415
2011-08-11,0.04390603436735806
2011-08-12,0.006710507384337297
2011-08-15,0.020943778392966593
2011-08-16,-0.0085757355891577
2011-08-17,0.000668868258640196
2011-08-18,-0.04407594828488851
2011-08-19,-0.01646552073124254
2011-08-22,0.0007988096973903741
2011-08-23,0.03238052089767316
2011-08-24,0.013986292792815557
2011-08-25,-0.015361282823467938
2011-08-26,0.01442937588408709
2011-08-29,0.028330978643254963
2011-08-30,0.002633210926478943
2011-08-31,0.004428326494691287
2011-09-01,-0.010528223905312169
2011-09-02,-0.02588180999684851
2011-09-06,-0.007324178131943955
2011-09-07,0.0278169108353162
2011-09-08,-0.01044599348418484
2011-09-09,-0.0265591693336511
2011-09-12,0.0064490799003369325
2011-09-13,0.00912970812232188
2011-09-14,0.01374892736607835
2011-09-15,0.017109920869716733
2011-09-16,0.005901221056345641
2011-09-19,-0.010007127636421025
2011-09-20,-0.0011645716461960863
2011-09-21,-0.029900556298803633
2011-09-22,-0.03285862308388036
2011-09-23,0.006007021386531868
2011-09-26,0.023501745100789544
2011-09-27,0.011121901068014117
2011-09-28,-0.020630211843476437
2011-09-29,0.007872483917939998
2011-09-30,-0.02530657672905624
2011-10-03,-0.028870885015700128
2011-10-04,0.021686533741535563
2011-10-05,0.018346050135693032
2011-10-06,0.017929053000162957
2011-10-07,-0.006718301079211127
2011-10-10,0.032898902738491644
2011-10-11,0.0010027511613871433
2011-10-12,0.00873354678099377
2011-10-13,-0.001989207427863786
2011-10-14,0.01694937616799596
2011-10-17,-0.01927575893370681
2011-10-18,0.019357220150151188
2011-10-19,-0.011899199492210981
2011-10-20,0.004365751006831464
2011-10-21,0.018809172432437654
2011-10-24,0.012186581307909292
2011-10-25,-0.019635086236945928
2011-10-26,0.010107310775067614
2011-10-27,0.03424173750846445
2011-10-28,-0.00023306019055405162
2011-10-31,-0.024401414608430948
2011-11-01,-0.02828449495220897
2011-11-02,0.01617990003520582
2011-11-03,0.0180632718574662
2011-11-04,-0.006117893416648983
2011-11-07,0.00619690217221878
2011-11-08,0.012748762590440301
2011-11-09,-0.03760776536466904
2011-11-10,0.009374544275601924
2011-11-11,0.01864740529489898
2011-11-14,-0.009519247931823767
2011-11-15,0.004929747643931697
2011-11-16,-0.015990093480350596
2011-11-17,-0.016004189088800504
2011-11-18,-0.0010651290876739928
2011-11-21,-0.01920266371442674
2011-11-22,-0.003936024137609486
2011-11-23,-0.022312420142864796
2011-11-25,-0.0018893727061857811
2011-11-28,0.028555452235907094
2011-11-29,0.0028359767569377616
2011-11-30,0.04032554646929763
2011-12-01,-0.00016002389429858004
2011-12-02,-0.0008807078647708978
2011-12-05,0.010833661101935194
2011-12-06,0.00031654104452368687
2011-12-07,0.0037154101092672217
2011-12-08,-0.022180266458539596
2011-12-09,0.016800450229455657
2011-12-12,-0.014704970352805461
2011-12-13,-0.009382882707957748
2011-12-14,-0.010703482292835317
2011-12-15,0.0036080289531560472
2011-12-16,0.0014813196245818745
2011-12-19,-0.010748840603744004
2011-12-20,0.029810991485472407
2011-12-21,0.0019350451833739526
2011-12-22,0.008819658231451824
2011-12-23,0.008900890330095133
2011-12-27,0.0007906992126969158
2011-12-28,-0.013210061213415778
2011-12-29,0.010280639216160547
2011-12-30,-0.004928264711460973
2012-01-03,0.0158109179069763
2012-01-04,0.0015674060801346458
2012-01-05,0.002658789050417669
2012-01-06,-0.002580862844654244
2012-01-09,0.002424717529738921
2012-01-10,0.008633079841950771
2012-01-11,0.0005418201276879666
2012-01-12,0.0023964095630401154
2012-01-13,-0.005186371554911806
2012-01-17,0.0038730252525093264
2012-01-18,0.01099575057157311
2012-01-19,0.0052626266654994015
2012-01-20,0.0037204169116203936
2012-01-23,-0.002580197943811341
2012-01-24,-0.0011402189678090468
2012-01-25,0.008332531052536056
2012-01-26,-0.005142935954852824
2012-01-27,-0.000454789903004683
2012-01-30,-0.0034199190295983515
2012-01-31,-0.00038047363833370766
2012-02-01,0.008718987397227046
2012-02-02,0.001584020873827019
2012-02-03,0.013921282726043382
2012-02-06,-0.0006690602916887573
2012-02-07,0.002525910171038037
2012-02-08,0.002962473657870377
2012-02-09,0.001257274166199996
2012-02-10,-0.007415239128201585
2012-02-13,0.007415239128201591
2012-02-14,-0.001257274166200041
2012-02-15,-0.004670671891811946
2012-02-16,0.011012067793537578
2012-02-17,0.002642662351917646
2012-02-21,0.00044020815406083764
2012-02-22,-0.0032296780346963193
2012-02-23,0.0044011144757434
2012-02-24,0.002193279041649472
2012-02-27,0.0016784431045304103
2012-02-28,0.0029115734942946133
2012-02-29,-0.003933069911265362
2012-03-01,0.005168624944344628
2012-03-02,-0.003054125379506588
2012-03-05,-0.004087065539365897
2012-03-06,-0.014732726809242177
2012-03-07,0.006951167768342834
2012-03-08,0.009900300766760128
2012-03-09,0.0038597334108226465
2012-03-12,7.304752720282066e-05
2012-03-13,0.017865378756332196
2012-03-14,-0.001071531056049043
2012-03-15,0.005772215503204799
2012-03-16,0.0013840469710855298
2012-03-19,0.003912988101478763
2012-03-20,-0.0029154758937621848
2012-03-21,-0.0016392164024445488
2012-03-22,-0.007229667489896447
2012-03-23,0.003227484666673491
2012-03-26,0.013937637360141267
2012-03-27,-0.0031116555665460684
2012-03-28,-0.004971217209771449
2012-03-29,-0.0017100070545167767
2012-03-30,0.004127649398991336
2012-04-02,0.0072881855028534255
2012-04-03,-0.004097545152924409
2012-04-04,-0.009960124432685938
2012-04-05,-0.0005007698569223652
2012-04-09,-0.011294621149688334
2012-04-10,-0.01692727947024166
2012-04-11,0.008061383107155817
2012-04-12,0.012981073744777518
2012-04-13,-0.011959403723597602
2012-04-16,-0.0006567086953426119
2012-04-17,0.014703690121861642
2012-04-18,-0.0033850233138054677
2012-04-19,-0.006441431598405699
2012-04-20,0.0016684043111309566
2012-04-23,-0.008444424058278013
2012-04-24,0.0037943966595227682
2012-04-25,0.013598704297619535
2012-04-26,0.006944883035085973
2012-04-27,0.001639452900464725
2012-04-30,-0.0037111369196002695
2012-05-01,0.006201112054765269
2012-05-02,-0.002988645525732397
2012-05-03,-0.007654589026640087
2012-05-04,-0.016290354263826395
2012-05-07,0.0007300028975676905
2012-05-08,-0.004020234067714755
2012-05-09,-0.005949274692375375
2012-05-10,0.002060661465496548
2012-05-11,-0.003018945219119192
2012-05-14,-0.011122698614795631
2012-05-15,-0.005757935691370506
2012-05-16,-0.0038319672607543646
2012-05-17,-0.014942242812575186
2012-05-18,-0.00859530449437151
2012-05-21,0.017041987401921675
2012-05-22,0.001741182057883387
2012-05-23,0.0005292917213011765
2012-05-24,0.0019637543816125023
2012-05-25,-0.0032494525135433544
2012-05-29,0.012038898767875011
2012-05-30,-0.01461630094058124
2012-05-31,-0.0022033854284953087
2012-06-01,-0.025499374712849007
2012-06-04,-0.0004680068614290989
2012-06-05,0.00754393495080684
2012-06-06,0.022219458577419433
2012-06-07,0.0006060623707246169
2012-06-08,0.007920303857146805
2012-06-11,-0.012779044608736611
2012-06-12,0.01142528968659538
2012-06-13,-0.006415164557820346
2012-06-14,0.010544377704129323
2012-06-15,0.010175747862495525
2012-06-18,0.0019360330633618756
2012-06-19,0.009626339777612123
2012-06-20,-0.001622459164149203
2012-06-21,-0.022694192054881428
2012-06-22,0.007672041828728216
2012-06-25,-0.0161649533308257
2012-06-26,0.00501335227998461
2012-06-27,0.00897617321724379
2012-06-28,-0.0028576597749453
2012-06-29,0.024621018645428087
2012-07-02,0.0030078892608142458
2012-07-03,0.006571150511468198
2012-07-05,-0.004522368029055631
2012-07-06,-0.00954855288561482
2012-07-09,-0.0012555320770118528
2012-07-10,-0.008758281268157407
2012-07-11,0.000148836256960523
2012-07-12,-0.004856401715695013
2012-07-13,0.016638425888938168
2012-07-16,-0.0023601688481703275
2012-07-17,0.00684353749620724
2012-07-18,0.00737935814319254
2012-07-19,0.002617840301395847
2012-07-20,-0.009190484016668487
2012-07-23,-0.01016393765741253
2012-07-24,-0.008624312789022304
2012-07-25,0.00022461013739481057
2012-07-26,0.01636257773393599
2012-07-27,0.018264607771621942
2012-07-30,0.0
2012-07-31,-0.007018461920113527
2012-08-01,-0.0008718615125662181
2012-08-02,-0.006928831438808192
2012-08-03,0.01963948126673808
2012-08-06,0.0019352907987898742
2012-08-07,0.005000995024194947
2012-08-08,0.001210821419952455
2012-08-09,0.0008538034581968196
2012-08-10,0.001634404604110827
2012-08-13,-0.0004968571014508753
2012-08-14,0.00014175794554801682
2012-08-15,0.0011359563246845351
2012-08-16,0.007351608510372282
2012-08-17,0.0013369604867835454
2012-08-20,7.048563479409572e-05
2012-08-21,-0.0030290812207125675
2012-08-22,0.0004236814449715553
2012-08-23,-0.008213294009314314
2012-08-24,0.006024600940301578
2012-08-27,0.00021237448185868152
2012-08-28,-0.0009896602205378684
2012-08-29,0.0007772857386792664
2012-08-30,-0.007234027018285668
2012-08-31,0.0047580952690979735
2012-09-04,-0.0009218105792365452
2012-09-05,-0.0008510531624911317
2012-09-06,0.020093178149228903
2012-09-07,0.0038878128290290707
2012-09-10,-0.00569762125271811
2012-09-11,0.002783432398558556
2012-09-12,0.0033299243335663787
2012-09-13,0.015121327221150295
2012-09-14,0.004424492610584502
2012-09-17,-0.003401752548724583
2012-09-18,-0.0008178569067473167
2012-09-19,0.0005455547430332311
2012-09-20,6.798329861943422e-05
2012-09-21,-0.00041795879365468907
2012-09-24,-0.0015093860801557793
2012-09-25,-0.010699022310587936
2012-09-26,-0.005636819248733337
2012-09-27,0.009376834590115813
2012-09-28,-0.004642704505677581
2012-10-01,0.0026361680986325417
2012-10-02,0.001038499890772073
2012-10-03,0.004074542977820855
2012-10-04,0.0071422399010698644
2012-10-05,6.881061709589255e-05
2012-10-08,-0.003427062036018969
2012-10-09,-0.009937079307160894
2012-10-10,-0.00640056421365281
2012-10-11,0.0005586038604348373
2012-10-12,-0.0032837087313565966
2012-10-15,0.008293400420314779
2012-10-16,0.010082444367929468
2012-10-17,0.004524485680012982
2012-10-18,-0.0026026345581344197
2012-10-19,-0.01680445654982827
2012-10-22,0.0001390346421922639
2012-10-23,-0.013973292641016186
2012-10-24,-0.002832503790430355
2012-10-25,0.0029030601650029122
2012-10-26,-0.0005655462504238098
2012-10-31,0.0
2012-11-01,0.01041590939683088
2012-11-02,-0.008931333352047578
2012-11-05,0.002046314638557956
2012-11-06,0.007794639246876589
2012-11-07,-0.02292417523554621
2012-11-08,-0.012097030005681604
2012-11-09,0.0008686690250463308
2012-11-12,0.0007958909575487047
2012-11-13,-0.003477280460895928
2012-11-14,-0.013590764142819664
2012-11-15,-0.0016934522287423096
2012-11-16,0.00492516168855914
2012-11-19,0.020037400457067832
2012-11-20,0.00043050592808176966
2012-11-21,0.0018663396570253294
2012-11-23,0.013533204430138635
2012-11-26,-0.0021249173374044187
2012-11-27,-0.0051174472232592425
2012-11-28,0.008020505142947056
2012-11-29,0.0046540656696067075
2012-11-30,0.00021149444189621543
2012-12-03,-0.004936510832777481
2012-12-04,-0.0014150851560827222
2012-12-05,0.001768288030397587
2012-12-06,0.0033865359071147956
2012-12-07,0.0030242159328617057
2012-12-10,0.00042120230131555944
2012-12-11,0.006785191421151163
2012-12-12,0.0004878467046081835
2012-12-13,-0.00615081132936332
2012-12-14,-0.0037230037337783817
2012-12-17,0.011683956843219873
2012-12-18,0.011067446691067313
2012-12-19,-0.007456762769684329
2012-12-20,0.005735457292876224
2012-12-21,-0.009118216289165102
2012-12-24,-0.003086359762621621
2012-12-26,-0.00422413802749609
2012-12-27,-0.0013412130499498587
2012-12-28,-0.010867151391223236
2012-12-31,0.01685360683639096
2013-01-02,0.02530759542450992
2013-01-03,-0.00226247508928252
2013-01-04,0.004382699621151289
2013-01-07,-0.002736582650712045
2013-01-08,-0.002881613061312473
2013-01-09,0.002538750392375673
2013-01-10,0.007918603217355224
2013-01-11,-6.834537192915997e-05
2013-01-14,-0.000679863979094284
2013-01-15,0.0006798639790942023
2013-01-16,-0.00013611828276235345
2013-01-17,0.00643990171577001
2013-01-18,0.002227358655650757
2013-01-22,0.005378839259777416
2013-01-23,0.0016073333542767074
2013-01-24,0.00026843957966339794
2013-01-25,0.0056057256218902144
2013-01-28,-0.0011984976853465503
2013-01-29,0.003923825611560862
2013-01-30,-0.00392382561156086
2013-01-31,-0.002468905956219602
2013-02-01,0.010234886603487599
2013-02-04,-0.011303792373856017
2013-02-05,0.01004698067537407
2013-02-06,0.0007280071772770213
2013-02-07,-0.0013241881403896953
2013-02-08,0.005549087692323539
2013-02-11,-0.00019747424944415985
2013-02-12,0.001645899209910598
2013-02-13,0.000854873771059289
2013-02-14,0.000919332716368289
2013-02-15,-0.0011825594932981184
2013-02-19,0.0074667211056341064
2013-02-20,-0.012541578947787815
2013-02-21,-0.006097596907497428
2013-02-22,0.00972551798747123
2013-02-25,-0.019210662095272137
2013-02-26,0.006822340451910682
2013-02-27,0.01251947193538097
2013-02-28,-0.0019764575574033353
2013-03-01,0.003292244027563795
2013-03-04,0.005311072188734487
2013-03-05,0.008919038867249835
2013-03-06,0.0013596973175246175
2013-03-07,0.0018111317518964894
2013-03-08,0.004254955821461692
2013-03-11,0.0037882178871455285
2013-03-12,-0.002245528540648291
2013-03-13,0.0014122901338613754
2013-03-14,0.005309591508850929
2013-03-15,-0.0013208697536961271
2013-03-18,-0.005534033894012583
2013-03-19,-0.002326033715317546
2013-03-20,0.006961319750609195
2013-03-21,-0.008579622944657934
2013-03-22,0.008001447148833336
2013-03-25,-0.004186148026539779
2013-03-26,0.007970732039173438
2013-03-27,0.0
2013-03-28,0.0030684778942848038
2013-04-01,-0.003965336611780184
2013-04-02,0.00492203828389834
2013-04-03,-0.010190527306905287
2013-04-04,0.004050083724122762
2013-04-05,-0.004501155063064923
2013-04-08,0.00674449356583534
2013-04-09,0.00345072979682553
2013-04-10,0.012174316836514508
2013-04-11,0.0032724397873294996
2013-04-12,-0.002453400431142258
2013-04-15,-0.0234464787019924
2013-04-16,0.014655180269385377
2013-04-17,-0.014720065227915507
2013-04-18,-0.006273087046982236
2013-04-19,0.008656121166571508
2013-04-22,0.004428078173449345
2013-04-23,0.010256359916789921
2013-04-24,0.0006339403064494197
2013-04-25,0.004045189450611084
2013-04-26,-0.0017678815841431716
2013-04-29,0.006676295089180126
2013-04-30,0.00238256182593246
2013-05-01,-0.008805680453384207
2013-05-02,0.009244105801439298
2013-05-03,0.010089917276678202
2013-05-06,0.002537566662879154
2013-05-07,0.005055662225855991
2013-05-08,0.004540329895557832
2013-05-09,-0.002819812176362982
2013-05-10,0.0032488828537114837
2013-05-13,0.0007949407594878987
2013-05-14,0.010281173927278578
2013-05-15,0.0053715108091861455
2013-05-16,-0.004706483195728246
2013-05-17,0.009630503362997176
2013-05-20,-5.966207948572e-05
2013-05-21,0.0014366151264734177
2013-05-22,-0.0074451331022078295
2013-05-23,-0.002897045735780107
2013-05-24,-0.0008464684791557653
2013-05-28,0.005970867742512776
2013-05-29,-0.006515561380247548
2013-05-30,0.0036856072661919747
2013-05-31,-0.014456514830410388
2013-06-03,0.005491382576575161
2013-06-04,-0.004818181591445396
2013-06-05,-0.014099933090278403
2013-06-06,0.009011997978599376
2013-06-07,0.012640193675706589
2013-06-10,0.0
2013-06-11,-0.010368855640137396
2013-06-12,-0.008312020960735998
2013-06-13,0.015094895716820331
2013-06-14,-0.006292954684888911
2013-06-17,0.007692086685102378
2013-06-18,0.007874919142879747
2013-06-19,-0.013913529808197524
2013-06-20,-0.02509017033213274
2013-06-21,0.0032048602398996704
2013-06-24,-0.012716448726881421
2013-06-25,0.00956832373269108
2013-06-26,0.009851927981749924
2013-06-27,0.005852907191154599
2013-06-28,-0.0041057040619894725
2013-07-01,0.005842602070428697
2013-07-02,-0.0009299965608609686
2013-07-03,0.0004342158631871792
2013-07-05,0.010730886690126862
2013-07-08,0.00568844784381951
2013-07-09,0.007171706046972671
2013-07-10,0.00036301793441782706
2013-07-11,0.013528826536264294
2013-07-12,0.00041817656590392526
2013-07-15,0.003813419924775987
2013-07-16,-0.003753370983738013
2013-07-17,0.0025633304771290354
2013-07-18,0.005462925313268584
2013-07-19,0.00177487265065281
2013-07-22,0.0019486611562919383
2013-07-23,-0.0021262760379909865
2013-07-24,-0.0036725700693041406
2013-07-25,0.0024301794109502757
2013-07-26,0.0010653053805568184
2013-07-29,-0.0030802127277299455
2013-07-30,0.0
2013-07-31,0.0007120243449187342
2013-08-01,0.011491697484627923
2013-08-02,0.0016977660164780564
2013-08-05,-0.0014633586113333278
2013-08-06,-0.005698473482625439
2013-08-07,-0.0032458440736446233
2013-08-08,0.003658491435887856
2013-08-09,-0.0028907685911942604
2013-08-12,-0.0011813217953848426
2013-08-13,0.0029515872049598836
2013-08-14,-0.005142270478971147
2013-08-15,-0.014084729511481228
2013-08-16,-0.0033106203772206282
2013-08-19,-0.006413187484263932
2013-08-20,0.0049040414377919846
2013-08-21,-0.0061790576922982916
2013-08-22,0.009073818558879421
2013-08-23,0.00336664503734634
2013-08-26,-0.0037281036743302943
2013-08-27,-0.016215260643811104
2013-08-28,0.003545221303060263
2013-08-29,0.0015846281459496099
2013-08-30,-0.0031721192513759484
2013-09-03,0.004511124280867154
2013-09-04,0.008239493132461173
2013-09-05,0.0012656392800784546
2013-09-06,0.00048191777449063287
2013-09-09,0.009530689493339514
2013-09-10,0.007370370973371628
2013-09-11,0.003133373604839974
2013-09-12,-0.0026599833153771544
2013-09-13,0.002246697469667088
2013-09-16,0.005770961903334459
2013-09-17,0.004452152244925022
2013-09-18,0.011507804369917425
2013-09-19,-0.0016772556484012367
2013-09-20,-0.0070157228321271695
2013-09-23,-0.004638100506853026
2013-09-24,-0.0023571111688891156
2013-09-25,-0.0028949473704704
2013-09-26,0.0038380356997453854
2013-09-27,-0.00460672039429957
2013-09-30,-0.005342989376030632
2013-10-01,0.00788498297792324
2013-10-02,-0.0009452617634225308
2013-10-03,-0.009263179362238815
2013-10-04,0.0075479122130232695
2013-10-07,-0.008682338446642228
2013-10-08,-0.011714832356584881
2013-10-09,0.0007249628851069051
2013-10-10,0.021328750316589415
2013-10-11,0.006422496708980015
2013-10-14,0.0039860600644238565
2013-10-15,-0.007280519553513584
2013-10-16,0.013869125802725955
2013-10-17,0.006661175346039704
2013-10-18,0.006731799483627531
2013-10-21,5.6966992841477126e-05
2013-10-22,0.005774593704628261
2013-10-23,-0.004799834793661434
2013-10-24,0.0033169041687701817
2013-10-25,0.004556862048487674
2013-10-28,0.001590019340346113
2013-10-29,0.005320222704346977
2013-10-30,-0.004979894166153957
2013-10-31,-0.002840296976984754
2013-11-01,0.002386678493849947
2013-11-04,0.0035123357743427823
2013-11-05,-0.003171968684725573
2013-11-06,0.005093145559671563
2013-11-07,-0.012724176232726
2013-11-08,0.013400681594798259
2013-11-11,0.0001693744027343542
2013-11-12,-0.0020324674961487905
2013-11-13,0.007992866052043386
2013-11-14,0.004976264668769543
2013-11-15,0.004342231849292429
2013-11-18,-0.0035057297271893447
2013-11-19,-0.0021756452854908223
2013-11-20,-0.0031329289852570687
2013-11-21,0.008035952762950932
2013-11-22,0.0049904616879873995
2013-11-25,-0.0009962065132501517
2013-11-26,0.0002766377552900861
2013-11-27,0.0024321816557921912
2013-11-29,-0.0006624038009445474
2013-12-02,-0.0026002346773314634
2013-12-03,-0.004330032344161121
2013-12-04,-0.00011107129112250098
2013-12-05,-0.004405287900368101
2013-12-06,0.011115364082462102
2013-12-09,0.002538334117809992
2013-12-10,-0.0035894138218463168
2013-12-11,-0.011294609590697436
2013-12-12,-0.0033066300864948678
2013-12-13,-0.0001121875199665319
2013-12-16,0.006212719826605657
2013-12-17,-0.0031858455696877883
2013-12-18,0.016928755580319546
2013-12-19,-0.0011566756867699998
2013-12-20,0.005800361846617134
2013-12-23,0.00532817098429295
2013-12-24,0.002188905209747976
2013-12-26,0.0050713839667577525
2013-12-27,-5.466362738255625e-05
2013-12-30,-0.00016329345146778943
2013-12-31,0.004721869712932034
2014-01-02,-0.009629827371020926
2014-01-03,-0.00016412372500743393
2014-01-06,-0.0029017719306246087
2014-01-07,0.006122829853637707
2014-01-08,0.000218053767599395
2014-01-09,0.000653466984747783
2014-01-10,0.002718974169891532
2014-01-13,-0.013394345730143626
2014-01-14,0.010838518189593034
2014-01-15,0.005375980280556345
2014-01-16,-0.0013007461222068856
2014-01-17,-0.004238380787690338
2014-01-21,0.002935940521118187
2014-01-22,0.000651737962017574
2014-01-23,-0.008227256811304262
2014-01-24,-0.021566320973732934
2014-01-27,-0.004931791786918762
2014-01-28,0.005937289466469068
2014-01-29,-0.009651551826155135
2014-01-30,0.01054431652819707
2014-01-31,-0.005875252939749282
2014-02-03,-0.02276278278199996
2014-02-04,0.006980436854927274
2014-02-05,-0.001255217241160648
2014-02-06,0.013101533382934282
2014-02-07,0.012319003420450213
2014-02-10,0.0018347213610838357
2014-02-11,0.010884827649889416
2014-02-12,0.000494338645861437
2014-02-13,0.0051496805882743244
2014-02-14,0.005503630089789652
2014-02-18,0.0011946824489308706
2014-02-19,-0.0066437059550208954
2014-02-20,0.005883498052099183
2014-02-21,-0.0011412433132133104
2014-02-24,0.005531413584615308
2014-02-25,-0.00037860363588601597
2014-02-26,5.386272465992669e-05
2014-02-27,0.005233992828015445
2014-02-28,0.0025260907969715425
2014-03-03,-0.00705688236434072
2014-03-04,0.01395776424509049
2014-03-05,0.0009060108292992638
2014-03-06,0.0022872478618996637
2014-03-07,0.0004253709584285061
2014-03-10,-0.00053159222001164
2014-03-11,-0.004954700565508331
2014-03-12,0.0002668507216792535
2014-03-13,-0.011276193245968218
2014-03-14,-0.002812018951834027
2014-03-17,0.009003008574791013
2014-03-18,0.007112346782819341
2014-03-19,-0.005342645455193317
2014-03-20,0.0058223255388979885
2014-03-21,-0.0038865869513107555
2014-03-24,-0.0041436901522181905
2014-03-25,0.004734232386245238
2014-03-26,-0.007218015486828478
2014-03-27,-0.002110428055247081
2014-03-28,0.00491762330911352
2014-03-31,0.008161212893749518
2014-04-01,0.006608965733862399
2014-04-02,0.003340954187655502
2014-04-03,-0.0013243738409378302
2014-04-04,-0.01189279904257589
2014-04-07,-0.011113056159196257
2014-04-08,0.004114388394080051
2014-04-09,0.010693771338286546
2014-04-10,-0.021229745387528767
2014-04-11,-0.009049453064008185
2014-04-14,0.007847587253545715
2014-04-15,0.006863543663407186
2014-04-16,0.010423446925060668
2014-04-17,0.0013958352240942258
2014-04-21,0.0034813377099721433
2014-04-22,0.004534223548416152
2014-04-23,-0.0023447578550824166
2014-04-24,0.002025577057857437
2014-04-25,-0.008233055949636444
2014-04-28,0.0031623001264066463
2014-04-29,0.004644591222930801
2014-04-30,0.0029782527761180433
2014-05-01,0.00010646475450656762
2014-05-02,-0.0014350489862536245
2014-05-05,0.0019130075503688737
2014-05-06,-0.008742635302339272
2014-05-07,0.0058719489685903625
2014-05-08,-0.0010650203699670738
2014-05-09,0.0014910892422189202
2014-05-12,0.009689110629666665
2014-05-13,0.0008949783117475764
2014-05-14,-0.004748799126518934
2014-05-15,-0.00881949536354718
2014-05-16,0.0034627069669734686
2014-05-19,0.003662641568744771
2014-05-20,-0.006325059343407792
2014-05-21,0.00838951430763884
2014-05-22,0.002428821935901253
2014-05-23,0.00400038791767189
2014-05-27,0.006128020548227415
2014-05-28,-0.0007310177859886471
2014-05-29,0.005159314804923941
2014-05-30,0.0016104700917346528
2014-06-02,0.0011408549499633911
2014-06-03,-0.0005180739751318275
2014-06-04,0.002020540810257987
2014-06-05,0.006500664131906814
2014-06-06,0.004771313863266194
2014-06-09,0.0010232602420560742
2014-06-10,0.00010222065048676716
2014-06-11,-0.003482720775337964
2014-06-12,-0.0071051470010857765
2014-06-13,0.0030443100982587624
2014-06-16,0.0008236723084049457
2014-06-17,0.002775243891552178
2014-06-18,0.0073128367394432615
2014-06-19,0.001120532707860994
2014-06-20,0.0020284297983581565
2014-06-23,-0.0003063161676131795
2014-06-24,-0.006042377230565149
2014-06-25,0.004509768051957289
2014-06-26,-0.0007164222608673904
2014-06-27,0.0019427164684048016
2014-06-30,-0.0005109554607264214
2014-07-01,0.006671080642028854
2014-07-02,0.0010145774725874735
2014-07-03,0.00490612702895205
2014-07-07,-0.0034875399268952598
2014-07-08,-0.0064508630500633175
2014-07-09,0.00447445654760506
2014-07-10,-0.00396494950810275
2014-07-11,0.0013742695850221954
2014-07-14,0.005022734733988511
2014-07-15,-0.0018742354105066392
2014-07-16,0.0036943792149400053
2014-07-17,-0.011431014086068652
2014-07-18,0.010167429206208542
2014-07-21,-0.0018732859236943872
2014-07-22,0.004348618617566399
2014-07-23,0.00221774686351239
2014-07-24,4.985003293298972e-05
2014-07-25,-0.004692845063252991
2014-07-28,0.00040472649559821405
2014-07-29,-0.004306113198814771
2014-07-30,0.0001522431989284927
2014-07-31,-0.01994594694887008
2014-08-01,-0.0030602311209729626
2014-08-04,0.0071949888840102125
2014-08-05,-0.009743613944805572
2014-08-06,0.00031239212706032167
2014-08-07,-0.005429796512967228
2014-08-08,0.011502644393694833
2014-08-11,0.0028940050238748754
2014-08-12,-0.001394305794291693
2014-08-13,0.0067462211035121695
2014-08-14,0.004710510697244031
2014-08-15,-0.00020426137996134354
2014-08-18,0.008344935576838686
2014-08-19,0.005204871193140956
2014-08-20,0.002668062356046062
2014-08-21,0.0029116019105267857
2014-08-22,-0.0015554250417458134
2014-08-25,0.005057700329570431
2014-08-26,0.0006495002896315316
2014-08-27,-0.0003995210076054509
2014-08-28,-0.0005496835181287851
2014-08-29,0.0028440802273215237
2014-09-02,-0.000498410925488901
2014-09-03,-0.0005481398927846864
2014-09-04,-0.0014478986936270635
2014-09-05,0.004485335123831925
2014-09-08,-0.0025888600678731456
2014-09-09,-0.006351496122315085
2014-09-10,0.003755637351121527
2014-09-11,0.0011490745394626654
2014-09-12,-0.005858541752071959
2014-09-15,-0.0007535042792323605
2014-09-16,0.0075100787054371235
2014-09-17,0.0013456314224337114
2014-09-18,0.005316441096565255
2014-09-19,-0.0009017598675604058
2014-09-22,-0.007752809409909182
2014-09-23,-0.005740993139280837
2014-09-24,0.007797365509674471
2014-09-25,-0.01626681571368244
2014-09-26,0.007913886782815672
2014-09-29,-0.001820939843802647
2014-09-30,-0.002635842492655388
2014-10-01,-0.01364434040586045
2014-10-02,0.00015422921217643956
2014-10-03,0.010949219820285608
2014-10-06,-0.0011707399028718921
2014-10-07,-0.015556750633671734
2014-10-08,0.017338115879107684
2014-10-09,-0.020032602387685294
2014-10-10,-0.01147975804450572
2014-10-13,-0.0165638855810836
2014-10-14,0.0015465303555363603
2014-10-15,-0.006789463589228789
2014-10-16,-0.000858398422925356
2014-10-17,0.011741774530766998
2014-10-20,0.009662782399480265
2014-10-21,0.019617402676148154
2014-10-22,-0.007136458136021793
2014-10-23,0.01155780860729497
2014-10-24,0.007665829281596386
2014-10-27,-0.0013755478427520422
2014-10-28,0.011404935271063442
2014-10-29,-0.0015133943401711663
2014-10-30,0.0063903586169123915
2014-10-31,0.011370343581677433
2014-11-03,0.0005452076557806885
2014-11-04,-0.0034751817646335916
2014-11-05,0.006296396685953461
2014-11-06,0.0039950924868792535
2014-11-07,0.000934989412180232
2014-11-10,0.003142395428424237
2014-11-11,0.0009797330775226918
2014-11-12,-0.0010781043785788157
2014-11-13,0.0011275558102282297
2014-11-14,0.0002447712589434894
2014-11-17,0.0006362338076342284
2014-11-18,0.0057575365497320365
2014-11-19,-0.0016072079825893615
2014-11-20,0.0017528538868306575
2014-11-21,0.00533630174322497
2014-11-24,0.0028027353189132953
2014-11-25,-0.0007241450455731893
2014-11-26,0.002555862154813071
2014-11-28,-0.0021216519858901863
2014-12-01,-0.006973871104568818
2014-12-02,0.006442865846033431
2014-12-03,0.0038558695639199984
2014-12-04,-0.0011069412958784953
2014-12-05,0.0016359035501352394
2014-12-08,-0.00670534889752435
2014-12-09,-0.0006776984508560153
2014-12-10,-0.016161118515183665
2014-12-11,0.005057049597883173
2014-12-12,-0.016293529375248198
2014-12-15,-0.0068931613215528036
2014-12-16,-0.008051956149351447
2014-12-17,0.019415300852125422
2014-12-18,0.024427422343371735
2014-12-19,0.004246244184248257
2014-12-22,0.0045894553000514985
2014-12-23,0.0013486425273583568
2014-12-24,9.622404014750055e-05
2014-12-26,0.0032196249457486907
2014-12-29,0.0013421058214486208
2014-12-30,-0.005380152277932405
2014-12-31,-0.009972713998411951
2015-01-02,-0.0005353157899113266
2015-01-05,-0.018224656079675088
2015-01-06,-0.009463839787236713
2015-01-07,0.012384499253011745
2015-01-08,0.017589506300197098
2015-01-09,-0.008046462999092391
2015-01-12,-0.007864213622911755
2015-01-13,-0.002816454816387837
2015-01-14,-0.006055683524815908
2015-01-15,-0.009202234546844337
2015-01-16,0.013028673658157786
2015-01-20,0.0021304020273632132
2015-01-21,0.005035260480035844
2015-01-22,0.01476135378574611
2015-01-23,-0.005497542916198086
2015-01-26,0.002339151898801292
2015-01-27,-0.013278597706089683
2015-01-28,-0.012907346983983188
2015-01-29,0.009201240037108859
2015-01-30,-0.012654653989947938
2015-02-02,0.01230814374513248
2015-02-03,0.014357487498293438
2015-02-04,-0.003814849211437221
2015-02-05,0.010044230170571525
2015-02-06,-0.0027690630106962273
2015-02-09,-0.004485913465958045
2015-02-10,0.01059655769190124
2015-02-11,0.0005803625986147175
2015-02-12,0.009570622970816676
2015-02-13,0.004108326780930125
2015-02-17,0.0015714802360449825
2015-02-18,9.531867376753814e-05
2015-02-19,-0.0007141025104990023
2015-02-20,0.005983159893351526
2015-02-23,-0.00014209911293089946
2015-02-24,0.002836500012689913
2015-02-25,-0.0008501664663441343
2015-02-26,-0.001181982262744349
2015-02-27,-0.003412211934575943
2015-03-02,0.0062935442125006845
2015-03-03,-0.004112451190677015
2015-03-04,-0.004224434659106875
2015-03-05,0.0010936344345616608
2015-03-06,-0.014164427869728323
2015-03-09,0.004136029179106916
2015-03-10,-0.01635512844832069
2015-03-11,-0.0023444327426281925
2015-03-12,0.012634336039073798
2015-03-13,-0.006151470022006244
2015-03-16,0.013272173457311413
2015-03-17,-0.0029770582715280933
2015-03-18,0.011949978678719188
2015-03-19,-0.00457186033312739
2015-03-20,0.00878820007988564
2015-03-23,-0.001950714932224914
2015-03-24,-0.005634624594425074
2015-03-25,-0.014762472885013082
2015-03-26,-0.0023844785965252972
2015-03-27,0.0022871222318563015
2015-03-30,0.012126273906671321
2015-03-31,-0.008777654112495285
2015-04-01,-0.0035430934352958035
2015-04-02,0.0035911657894407423
2015-04-06,0.006710600112116951
2015-04-07,-0.0026496875777920754
2015-04-08,0.003371321280452336
2015-04-09,0.0044136517183036
2015-04-10,0.005442280733688972
2015-04-13,-0.004533072269983596
2015-04-14,0.001911300808088357
2015-04-15,0.0044769287661328575
2015-04-16,-0.00028517819449325443
2015-04-17,-0.011570390712006377
2015-04-20,0.009095579417205452
2015-04-21,-0.0011919647880219654
2015-04-22,0.004902019386934159
2015-04-23,0.0025130900546456226
2015-04-24,0.00231786995193364
2015-04-27,-0.004166346646214248
2015-04-28,0.003173495267419296
2015-04-29,-0.004123190201325337
2015-04-30,-0.010070849073716498
2015-05-01,0.010783183052959517
2015-05-04,0.0028432308874549277
2015-05-05,-0.011517986440701414
2015-05-06,-0.004125020543683448
2015-05-07,0.003981353359532629
2015-05-08,0.01308024331780835
2015-05-11,-0.004784091147412322
2015-05-12,-0.002995737347794862
2015-05-13,0.00019033534148432985
2015-05-14,0.010373886553722707
2015-05-15,0.0010832861785145251
2015-05-18,0.003101675361376573
2015-05-19,-0.00032853205613823054
2015-05-20,-0.0007043486128441624
2015-05-21,0.002908335344245863
2015-05-22,-0.0023918047162621945
2015-05-26,-0.010809715990959036
2015-05-27,0.009447087416430175
2015-05-28,-0.0011287560907166704
2015-05-29,-0.006232382825713119
2015-06-01,0.0020342683783969432
2015-06-02,-0.0009927065859888513
2015-06-03,0.0026454347123298395
2015-06-04,-0.008482076943339856
2015-06-05,-0.001714474779974922
2015-06-08,-0.006168951676378642
2015-06-09,-0.00014386865476610346
2015-06-10,0.011921998715243368
2015-06-11,0.0032183795522290814
2015-06-12,-0.007684073517903083
2015-06-15,-0.004295000851335685
2015-06-16,0.005436917468511362
2015-06-17,0.0016157984370219545
2015-06-18,0.01034560741993727
2015-06-19,-0.004448849946143248
2015-06-22,0.005110023917666068
2015-06-23,0.0007077437343438491
2015-06-24,-0.007289372457880757
2015-06-25,-0.003045314431114589
2015-06-26,-0.00019042836129997163
2015-06-29,-0.021193432335256397
2015-06-30,0.0020912965932908477
2015-07-01,0.007983519528293641
2015-07-02,-0.0009161443455806601
2015-07-06,-0.0028497289373571083
2015-07-07,0.006268687453221424
2015-07-08,-0.016919573751972696
2015-07-09,0.001807499929430058
2015-07-10,0.012512747153749525
2015-07-13,0.010976802943047446
2015-07-14,0.0043283344578233015
2015-07-15,-0.00033225781709482905
2015-07-16,0.007992545054649901
2015-07-17,0.0008475416236539664
2015-07-20,0.000517316789130078
2015-07-21,-0.003958870585975777
2015-07-22,-0.0017963034536937416
2015-07-23,-0.005645865759332973
2015-07-24,-0.010426100056622676
2015-07-27,-0.005834348200697127
2015-07-28,0.012208393020790428
2015-07-29,0.006855371786900926
2015-07-30,0.00023702199682871042
2015-07-31,-0.0015187102948118088
2015-08-03,-0.0033787836463095708
2015-08-04,-0.001956073215260106
2015-08-05,0.003289978569084309
2015-08-06,-0.008221761970679291
2015-08-07,-0.0019215872109199198
2015-08-10,0.012520485365448085
2015-08-11,-0.00906417758692171
2015-08-12,0.00119742379376537
2015-08-13,-0.0012454520648421613
2015-08-14,0.0036357452433016454
2015-08-17,0.005571643601459906
2015-08-18,-0.0029009922237588828
2015-08-19,-0.007936963837376725
2015-08-20,-0.021102426178515713
2015-08-21,-0.030564556386724798
2015-08-24,-0.04301919102981063
2015-08-25,-0.011837550556406671
2015-08-26,0.03767527205164699
2015-08-27,0.024433815254513807
2015-08-28,5.029139006497908e-05
2015-08-31,-0.008112304757119358
2015-09-01,-0.03030187858926177
2015-09-02,0.018803180624385553
2015-09-03,0.000716254143012154
2015-09-04,-0.015252595057389476
2015-09-08,0.024820740055908497
2015-09-09,-0.013462268504031172
2015-09-10,0.005426882273660402
2015-09-11,0.004534127352477997
2015-09-14,-0.0037175907841044023
2015-09-15,0.012422058940699723
2015-09-16,0.008629262560161726
2015-09-17,-0.002250304878488391
2015-09-18,-0.01647664661805699
2015-09-21,0.005154355123234286
2015-09-22,-0.013064483480239737
2015-09-23,-0.0016004992744192432
2015-09-24,-0.0036218139252948093
2015-09-25,-0.0002592103608268225
2015-09-28,-0.025417821605702506
2015-09-29,0.0005848867915455546
2015-09-30,0.018486741493378502
2015-10-01,0.002605357596808164
2015-10-02,0.0148273956441752
2015-10-05,0.0176387175237553
2015-10-06,-0.003432516054454516
2015-10-07,0.008157442615104381
2015-10-08,0.008986356915548659
2015-10-09,0.000595868100160725
2015-10-12,0.0009433330575279861
2015-10-13,-0.006322236161703442
2015-10-14,-0.00480520229798671
2015-10-15,0.015237751197577655
2015-10-16,0.004536267862510848
2015-10-19,0.0004916990713239398
2015-10-20,-0.0012790996311900686
2015-10-21,-0.006223103521057784
2015-10-22,0.01675283547517403
2015-10-23,0.010901897932912684
2015-10-26,-0.0024608003285484822
2015-10-27,-0.0019340512666709143
2015-10-28,0.011310657334010687
2015-10-29,-0.0005745663405951755
2015-10-30,-0.004319234993474596
2015-11-02,0.011761416480007116
2015-11-03,0.002895370131878264
2015-11-04,-0.003037889905011531
2015-11-05,-0.0009987260445049138
2015-11-06,-0.0005237299528184747
2015-11-09,-0.009375373247065989
2015-11-10,0.002304467958973998
2015-11-11,-0.003939512189861449
2015-11-12,-0.014058347367685593
2015-11-13,-0.011291597415245769
2015-11-16,0.015092046824477436
2015-11-17,-0.0007295206537251902
2015-11-18,0.01574161628321428
2015-11-19,-0.0008630130028053433
2015-11-20,0.0036377937737034414
2015-11-23,-0.001147224522091287
2015-11-24,0.0013384308367158809
2015-11-25,-0.00014340130837280088
2015-11-27,0.00114568184040446
2015-11-30,-0.004159867903400289
2015-12-01,0.00949007294485128
2015-12-02,-0.01025710266718502
2015-12-03,-0.014101954236055075
2015-12-04,0.01931530559172297
2015-12-07,-0.006077105260606262
2015-12-08,-0.006741754908780962
2015-12-09,-0.0078102420158211025
2015-12-10,0.0025774420074427904
2015-12-11,-0.019570952167615206
2015-12-14,0.00503973146608441
2015-12-15,0.010442790732950647
2015-12-16,0.014526004600547182
2015-12-17,-0.015355486861490894
2015-12-18,-0.0179753997192942
2015-12-21,0.008215294740637208
2015-12-22,0.009033199803602607
2015-12-23,0.012306951605094785
2015-12-24,-0.0016516344939050795
2015-12-28,-0.0022874799499530895
2015-12-29,0.010615566074005864
2015-12-30,-0.007113014882548993
2015-12-31,-0.01005389381256476
2016-01-04,-0.014078305221375995
2016-01-05,0.001690338199049601
2016-01-06,-0.012694798380075863
2016-01-07,-0.02428398103196685
2016-01-08,-0.011037231488814
2016-01-11,0.0009897251140791024
2016-01-12,0.008035904228910517
2016-01-13,-0.025256691555382422
2016-01-14,0.01628336060445502
2016-01-15,-0.021700370843605894
2016-01-19,0.0013305117679405071
2016-01-20,-0.012898062789617665
2016-01-21,0.005586528428124616
2016-01-22,0.020307860521380495
2016-01-25,-0.015232340320386846
2016-01-26,0.013551197065945993
2016-01-27,-0.010942983490564839
2016-01-28,0.005195629796214372
2016-01-29,0.024084893689431414
2016-02-01,-0.0003613640623760822
2016-02-02,-0.01818652956584434
2016-02-03,0.005976768331443951
2016-02-04,0.0015674700482737796
2016-02-05,-0.019234232482783258
2016-02-08,-0.013552518727527232
2016-02-09,5.413169932213314e-05
2016-02-10,-0.0008628537070189614
2016-02-11,-0.013093764895060932
2016-02-12,0.020407155413234863
2016-02-16,0.016737560179099803
2016-02-17,0.016202792141314953
2016-02-18,-0.004104271037537541
2016-02-19,-0.00046851132889010684
2016-02-22,0.014375291772433704
2016-02-23,-0.01271008410644609
2016-02-24,0.004565378293071331
2016-02-25,0.012038795729426139
2016-02-26,-0.0023038929197184543
2016-02-29,-0.007873607650358916
2016-03-01,0.023234696455239682
2016-03-02,0.004482505637427181
2016-03-03,0.003912159382145257
2016-03-04,0.0032480766940428903
2016-03-07,0.0007982461697766009
2016-03-08,-0.010978130866793919
2016-03-09,0.004927707230673146
2016-03-10,0.0008018147381421675
2016-03-11,0.016008347387565822
2016-03-14,-0.0012829329031618202
2016-03-15,-0.001631254414937987
2016-03-16,0.005770723095981429
2016-03-17,0.006324194924931036
2016-03-18,0.003922049118329158
2016-03-21,0.0014176717979553373
2016-03-22,-0.0005373617511246377
2016-03-23,-0.006621646143376693
2016-03-24,-0.0004429823809921341
2016-03-28,0.0005903933827506654
2016-03-29,0.00920780839836569
2016-03-30,0.004378005727472223
2016-03-31,-0.002429781054988951
2016-04-01,0.00678879016303436
2016-04-04,-0.0032432439713937773
2016-04-05,-0.010037819321486842
2016-04-06,0.01086168940291622
2016-04-07,-0.012038206616826481
2016-04-08,0.002693349079300628
2016-04-11,-0.002349791122132025
2016-04-12,0.009269668858766142
2016-04-13,0.010050448366336
2016-04-14,4.757609510207784e-05
2016-04-15,-0.0011058008843568244
2016-04-18,0.007001840732058225
2016-04-19,0.00314931360761133
2016-04-20,0.0009522323742142183
2016-04-21,-0.005392656277101995
2016-04-22,0.0
2016-04-25,-0.0017241923433657456
2016-04-26,0.0014847173991997394
2016-04-27,0.0020562744720791643
2016-04-28,-0.009117532559237747
2016-04-29,-0.005413159291121429
2016-05-02,0.007916917618095971
2016-05-03,-0.008741408418976266
2016-05-04,-0.005593502211552083
2016-05-05,-0.00019564423109714847
2016-05-06,0.0036528299200983823
2016-05-09,0.0008260788648097138
2016-05-10,0.012357289902039603
2016-05-11,-0.009399184739059001
2016-05-12,0.0002904519844592414
2016-05-13,-0.008751783838867818
2016-05-16,0.009816255928815633
2016-05-17,-0.009377083957344745
2016-05-18,0.0002928787144967188
2016-05-19,-0.0034711391666734873
2016-05-20,0.006297857369213562
2016-05-23,-0.0013636099191010039
2016-05-24,0.012878834693766576
2016-05-25,0.006760101189306639
2016-05-26,0.0002868516303003883
2016-05-27,0.004289683337793107
2016-05-31,-0.0019042735348068632
2016-06-01,0.0020467557894725866
2016-06-02,0.0030395639746851363
2016-06-03,-0.002991391114052736
2016-06-06,0.005075192538119342
2016-06-07,0.0015602609577485187
2016-06-08,0.003254395368261272
2016-06-09,-0.00136657420879026
2016-06-10,-0.009522738859647726
2016-06-13,-0.007741304138095309
2016-06-14,-0.001969071026016527
2016-06-15,-0.0013949505612784207
2016-06-16,0.0029797574528992216
2016-06-17,-0.003730693184939854
2016-06-20,0.006419165690293825
2016-06-21,0.0028345413547406447
2016-06-22,-0.001632479044516906
2016-06-23,0.012938354370886892
2016-06-24,-0.036569479586682024
2016-06-27,-0.018072411507951705
2016-06-28,0.017875644690326126
2016-06-29,0.01688402727545431
2016-06-30,0.013553726065154838
2016-07-01,0.0020978075043417716
2016-07-05,-0.007219465288760989
2016-07-06,0.005980023496289103
2016-07-07,-0.0006201695439622953
2016-07-08,0.014780701319672922
2016-07-11,0.003520953051632635
2016-07-12,0.0072370377398996225
2016-07-13,-0.0001395731250930665
2016-07-14,0.005567785708942614
2016-07-15,-0.0013426827308427461
2016-07-18,0.0026838127682718865
2016-07-19,-0.001017352572462948
2016-07-20,0.004154411432950868
2016-07-21,-0.003784307726561271
2016-07-22,0.0044750895847896835
2016-07-25,-0.0027196455316129283
2016-07-26,0.00046148195228627183
2016-07-27,-0.0010617187982193397
2016-07-28,0.0011541215183541091
2016-07-29,0.0016133216781345824
2016-08-01,-0.0008294373239616244
2016-08-02,-0.006427927484380209
2016-08-03,0.00291849307098839
2016-08-04,0.0010634701996944738
2016-08-05,0.008145505251607423
2016-08-08,-0.0005960263666622637
2016-08-09,0.0005960263666623438
2016-08-10,-0.0024779364241669507
2016-08-11,0.004629634485994745
2016-08-12,-0.0008691039428686651
2016-08-15,0.002879754616119983
2016-08-16,-0.005170952100041968
2016-08-17,0.0018789858876423354
2016-08-18,0.0022415933020188275
2016-08-19,-0.0014634501050245427
2016-08-22,-4.570346732721618e-05
2016-08-23,0.0020114270764600714
2016-08-24,-0.005128028211593895
2016-08-25,-0.0006885187397387007
2016-08-26,-0.0018852671087013194
2016-08-29,0.004912208208083294
2016-08-30,-0.0016501314718211056
2016-08-31,-0.0028476523787855355
2016-09-01,4.5863038837042406e-05
2016-09-02,0.004497659857593058
2016-09-06,0.0030180764226982577
2016-09-07,-9.161240324137747e-05
2016-09-08,-0.0022852739540036933
2016-09-09,-0.024226008426626845
2016-09-12,0.014245564992347718
2016-09-13,-0.014480326680988788
2016-09-14,-0.00037529748506775384
2016-09-15,0.009943833157110624
2016-09-16,-0.0038734220991325234
2016-09-19,0.00018761361946619505
2016-09-20,4.698120361217196e-05
2016-09-21,0.011182314332009332
2016-09-22,0.006281915162266276
2016-09-23,-0.005494339369882054
2016-09-26,-0.008134963726451623
2016-09-27,0.0061884046962123575
2016-09-28,0.00495167415854867
2016-09-29,-0.009088532013074841
2016-09-30,0.007517656027053332
2016-10-03,-0.0024071686015314734
2016-10-04,-0.005110487425521919
2016-10-05,0.0044154760305699006
2016-10-06,0.0006950113949522309
2016-10-07,-0.0034352543849475946
2016-10-10,0.005195139849044221
2016-10-11,-0.012710450191889952
2016-10-12,0.0013112732027455438
2016-10-13,-0.003280870119755656
2016-10-14,0.0005163907017075591
2016-10-17,-0.0034782882092727497
2016-10-18,0.006242767627320845
2016-10-19,0.0026636112198898804
2016-10-20,-0.0018682627315680842
2016-10-21,0.0004671853101264855
2016-10-24,0.00424385128128239
2016-10-25,-0.00335611940269675
2016-10-26,-0.002009776021695062
2016-10-27,-0.0026705161044249894
2016-10-28,-0.002960005699078023
2016-10-31,4.7340805884960466e-05
2016-11-01,-0.007271772755432591
2016-11-02,-0.006036542109428741
2016-11-03,-0.004587863127334547
2016-11-04,-0.001102183840247262
2016-11-07,0.02181703528479317
2016-11-08,0.004494014832576065
2016-11-09,0.010546327292057086
2016-11-10,0.0024927036252296573
2016-11-11,-0.002308028216790228
2016-11-14,0.0007850647769597977
2016-11-15,0.007772712136727047
2016-11-16,-0.0018802593326671484
2016-11-17,0.005127749742143601
2016-11-18,-0.0022400541329717157
2016-11-21,0.007523109517040439
2016-11-22,0.001951315364660628
2016-11-23,0.0005438630069855262
2016-11-25,0.0037085820431751316
2016-11-28,-0.004706051541858842
2016-11-29,0.0019482369452085073
2016-11-30,-0.002401887954393864
2016-12-01,-0.0036822181730073386
2016-12-02,0.0005009665505019529
2016-12-05,0.005990817426775699
2016-12-06,0.0031625208715971415
2016-12-07,0.012995780160069347
2016-12-08,0.0024454069796544437
2016-12-09,0.006022538517101884
2016-12-12,-0.0011486489208580464
2016-12-13,0.0066519427418389706
2016-12-14,-0.008288652003555384
2016-12-15,0.004108982413887988
2016-12-16,-0.0019577427232744925
2016-12-19,0.00217498975594824
2016-12-20,0.0038500191447758004
2016-12-21,-0.002786409558050432
2016-12-22,-0.0017288228843849
2016-12-23,0.00146294822408714
2016-12-27,0.0024779710250969126
2016-12-28,-0.008298780033441122
2016-12-29,-0.00022267379330562537
2016-12-30,-0.0036619628625402336
2017-01-03,0.00762117465996257
2017-01-04,0.005931459977502624
2017-01-05,-0.0007949047549268184
2017-01-06,0.003571444751814176
2017-01-09,-0.0033063802719230056
2017-01-10,0.0
2017-01-11,0.0028222131607829677
2017-01-12,-0.002513372111277458
2017-01-13,0.0022932681680922747
2017-01-17,-0.0035297518738370936
2017-01-18,0.002207642232025757
2017-01-19,-0.0037116088661906937
2017-01-20,0.003667492837598853
2017-01-23,-0.0026055932058938907
2017-01-24,0.006391233642560665
2017-01-25,0.00861817156875795
2017-01-26,-0.0010459948251885058
2017-01-27,-0.0015707378060207022
2017-01-30,-0.0062212922859228685
2017-01-31,-8.761310679034518e-05
2017-02-01,0.0003952079170058852
2017-02-02,0.0006586692077978012
2017-02-03,0.006869229763145694
2017-02-06,-0.0017891976891103545
2017-02-07,4.377121857806111e-05
2017-02-08,0.0013096252136699366
2017-02-09,0.005914947405275743
2017-02-10,0.0039384548240867165
2017-02-13,0.0054277752305663144
2017-02-14,0.003987420019608886
2017-02-15,0.005206889591554203
2017-02-16,-0.0008517536444560083
2017-02-17,0.0015750652608437939
2017-02-21,0.005937614919074308
2017-02-22,-0.0008883566876287713
2017-02-23,0.0006767688245684854
2017-02-24,0.0012681096298352585
2017-02-27,0.0015617854340394032
2017-02-28,-0.002702832340535822
2017-03-01,0.013900475369292804
2017-03-02,-0.0063173809510777825
2017-03-03,0.0006292376984994708
2017-03-06,-0.0029823374807868234
2017-03-07,-0.0029912584295479325
2017-03-08,-0.0018583172634745564
2017-03-09,0.0012673920432966152
2017-03-10,0.0034980179783255716
2017-03-13,0.0005048134863783928
2017-03-14,-0.0038342158322176804
2017-03-15,0.008616278096475988
2017-03-16,-0.0019686697674425836
2017-03-17,-0.0017578322854897124
2017-03-20,-0.001097550143186952
2017-03-21,-0.012922666455113977
2017-03-22,0.002350395782307456
2017-03-23,-0.0010677316138572352
2017-03-24,-0.0007266761341757573
2017-03-27,-0.0010266404553122043
2017-03-28,0.00725044572339614
2017-03-29,0.0009344374256364388
2017-03-30,0.003179076360225867
2017-03-31,-0.0023303041240260018
2017-04-03,-0.001740736678348715
2017-04-04,0.0006372520086047316
2017-04-05,-0.0029772232624049938
2017-04-06,0.002807204529667838
2017-04-07,-0.0010197472677899437
2017-04-10,0.0005949851715322737
2017-04-11,-0.0011905491432225225
2017-04-12,-0.004391524153782792
2017-04-13,-0.006515883081653282
2017-04-17,0.00882043572436585
2017-04-18,-0.0029885658727773416
2017-04-19,-0.0018399194394160092
2017-04-20,0.00810600596648608
2017-04-21,-0.0031920798466233916
2017-04-24,0.010938100308973372
2017-04-25,0.005801632398399581
2017-04-26,-0.000628974601057125
2017-04-27,0.0008385940856679902
2017-04-28,-0.0021819864681829337
2017-05-01,0.002517124078858355
2017-05-02,0.00037740227682448346
2017-05-03,-0.0012154938860006077
2017-05-04,0.0011733380420298851
2017-05-05,0.003929208196590205
2017-05-08,-0.00016673156216794364
2017-05-09,-0.0009183659873078414
2017-05-10,0.0017940019315283624
2017-05-11,-0.002044932596013541
2017-05-12,-0.0016721259143799014
2017-05-15,0.005508140674792466
2017-05-16,-0.0009157725154988793
2017-05-17,-0.017903461064896743
2017-05-18,0.004020311438122366
2017-05-19,0.006483204065327442
2017-05-22,0.005064449082517107
2017-05-23,0.0022103734768817635
2017-05-24,0.002330272730360447
2017-05-25,0.004768134639648196
2017-05-26,-0.00020658807852078407
2017-05-30,-0.0008695498506454924
2017-05-31,-0.0002484255795804003
2017-06-01,0.007920829610127479
2017-06-02,0.0033228592382188523
2017-06-05,-0.0007375957849006019
2017-06-06,-0.0032018748681157533
2017-06-07,0.0018487670048072833
2017-06-08,0.0004921198471770616
2017-06-09,-0.0015189432487508789
2017-06-12,-0.0002053321884360917
2017-06-13,0.0048780936395585684
2017-06-14,-0.001268590492246153
2017-06-15,-0.0019263006345310875
2017-06-16,0.0002186271415211927
2017-06-19,0.008290862282411927
2017-06-20,-0.00676728573227364
2017-06-21,-0.00024690883027735994
2017-06-22,-0.00045296880801397934
2017-06-23,0.0011936565314888841
2017-06-26,0.0006578728523803824
2017-06-27,-0.008088973840839434
2017-06-28,0.008910473018630297
2017-06-29,-0.008827538235977893
2017-06-30,0.0018629491369961265
2017-07-03,0.0016940803367544901
2017-07-05,0.0023092843915905087
2017-07-06,-0.009186606789496626
2017-07-07,0.0064644865900888955
2017-07-10,0.0010732066549314038
2017-07-11,-0.0007429388359711093
2017-07-12,0.007486768913431537
2017-07-13,0.0016788931827027714
2017-07-14,0.004653072163835562
2017-07-17,-0.0001223074227474526
2017-07-18,0.0005297007400304413
2017-07-19,0.005399118947063955
2017-07-20,0.00044543039065045585
2017-07-21,-0.0008909174166665764
2017-07-24,-0.00024317979406429877
2017-07-25,0.0024282915840990143
2017-07-26,4.0341401501139016e-05
2017-07-27,-0.0009301060308757126
2017-07-28,-0.001173637592166097
2017-07-31,-0.0005673241793985081
2017-08-01,0.002226444003580199
2017-08-02,0.0004848928028894686
2017-08-03,-0.0019416926122122929
2017-08-04,0.0018205268416491163
2017-08-07,0.0018574883390897077
2017-08-08,-0.0024638207933711047
2017-08-09,-4.065243331579854e-05
2017-08-10,-0.014215890329663966
2017-08-11,0.0014759819696870862
2017-08-14,0.009864127323228191
2017-08-15,-0.00012175019687571319
2017-08-16,0.0017430094548503948
2017-08-17,-0.015713478313714658
2017-08-18,-0.0015645593585444399
2017-08-21,0.0007823693814147583
2017-08-22,0.010402844597059289
2017-08-23,-0.0035917611743001465
2017-08-24,-0.00233370143019473
2017-08-25,0.0023337014301945997
2017-08-28,4.095636550919524e-05
2017-08-29,0.0011440236893550428
2017-08-30,0.004726284069347079
2017-08-31,0.005998092194869565
2017-09-01,0.0014132679969360868
2017-09-05,-0.007207944197425609
2017-09-06,0.0034079963490832466
2017-09-07,-0.00012157263941156847
2017-09-08,-0.0011753493155078753
2017-09-11,0.010609340587263377
2017-09-12,0.003364922141044914
2017-09-13,0.00047995018681388764
2017-09-14,-0.00032001121537494594
2017-09-15,0.0013453034181216178
2017-09-18,0.00212489231095559
2017-09-19,0.001000529570421297
2017-09-20,0.0003597673385398263
2017-09-21,-0.002682829670954119
2017-09-22,0.00020050680082142483
2017-09-25,-0.0020467081458315846
2017-09-26,0.0006023009589541206
2017-09-27,0.0038869403847941234
2017-09-28,0.0011991270054996985
2017-09-29,0.0035088801156125094
2017-10-02,0.004329183211921888
2017-10-03,0.002137771877553654
2017-10-04,0.0011856028108822704
2017-10-05,0.005907704700632888
2017-10-06,-0.0011392256716579736
2017-10-09,-0.0016526763833178094
2017-10-10,0.002634856417704179
2017-10-11,0.001569757590520897
2017-10-12,-0.001491129044766681
2017-10-13,0.0012165514435713385
2017-10-16,0.0013327522003876249
2017-10-17,0.0007048281701758204
2017-10-18,0.0009782257454450194
2017-10-19,0.000273410279851757
2017-10-20,0.005147163638712747
2017-10-23,-0.003896888137847466
2017-10-24,0.0017559138110980808
2017-10-25,-0.004962653507436051
2017-10-26,0.0012919875084069646
2017-10-27,0.008142653574316929
2017-10-30,-0.0037318266002829524
2017-10-31,0.00155667702826742
2017-11-01,0.0013211544381106003
2017-11-02,0.0003882946171742155
2017-11-03,0.0033332323060022363
2017-11-06,0.0015465130116870888
2017-11-07,-0.0006956887880452571
2017-11-08,0.0016994125674586343
2017-11-09,-0.003634274720262173
2017-11-10,-0.0003099796668170187
2017-11-13,0.0009295834350971921
2017-11-14,-0.0023254794201469885
2017-11-15,-0.005017529957376319
2017-11-16,0.008464916237797163
2017-11-17,-0.002942947147999935
2017-11-20,0.0017049486315806506
2017-11-21,0.006521283303291965
2017-11-22,-0.000884872174205169
2017-11-24,0.00230705880967712
2017-11-27,-0.0004992594890037796
2017-11-28,0.010093789632513
2017-11-29,-0.000609098300081409
2017-11-30,0.00871698550183979
2017-12-01,-0.00207754561630943
2017-12-04,-0.0012109072784002848
2017-12-05,-0.003603077851399064
2017-12-06,0.0001901269063102255
2017-12-07,0.0031481189149374024
2017-12-08,0.0054381231681145115
2017-12-11,0.0030085151398256418
2017-12-12,0.0017633097962082521
2017-12-13,-0.00011221839514258821
2017-12-14,-0.004094840573078663
2017-12-15,0.008292744581767618
2017-12-18,0.006321366871595669
2017-12-19,-0.0038478094447745945
2017-12-20,-0.0005240472167425005
2017-12-21,0.002057419660846827
2017-12-22,-0.00026152300232835246
2017-12-26,-0.001197035774328667
2017-12-27,0.00048650914374015697
2017-12-28,0.0020552548214501807
2017-12-29,-0.0037776528616103927
2018-01-02,0.007131647768657976
2018-01-03,0.00630549215230586
2018-01-04,0.0042060207028150895
2018-01-05,0.006641580851226265
2018-01-08,0.0018271914714797128
2018-01-09,0.002260928886778521
2018-01-10,-0.0015308975498116116
2018-01-11,0.00726951787338142
2018-01-12,0.006497649762596397
2018-01-16,-0.003424079465653276
2018-01-17,0.009486707352687475
2018-01-18,-0.0016821531948091647
2018-01-19,0.00453937892491126
2018-01-22,0.008098119653492733
2018-01-23,0.0021198169334633488
2018-01-24,-0.00038836521961194896
2018-01-25,0.0004237971849945581
2018-01-26,0.01151091356361522
2018-01-29,-0.006651633810602677
2018-01-30,-0.010310095694758981
2018-01-31,0.0004967806551112732
2018-02-01,-0.0011360813716623005
2018-02-02,-0.022009914129897168
2018-02-05,-0.04272233049656437
2018-02-06,0.019510663431484224
2018-02-07,-0.005439750584754692
2018-02-08,-0.0382306444983245
2018-02-09,0.01490994030661424
2018-02-12,0.014577805634053254
2018-02-13,0.0024841244363815883
2018-02-14,0.013405828167938033
2018-02-15,0.012679525435986204
2018-02-16,0.0002933077478271182
2018-02-20,-0.006281332812769108
2018-02-21,-0.004986464861542998
2018-02-22,0.0012954806109608166
2018-02-23,0.015813536130333466
2018-02-26,0.011545319594079631
2018-02-27,-0.012565278329790527
2018-02-28,-0.01018165271864977
2018-03-01,-0.01464738892224897
2018-03-02,0.005141658540563439
2018-03-05,0.011491636265000597
2018-03-06,0.0025319159410094045
2018-03-07,-0.0003666394725218482
2018-03-08,0.004827395957074878
2018-03-09,0.017252486092590197
2018-03-12,-0.0012558603196295478
2018-03-13,-0.006483732680668202
2018-03-14,-0.005144551015483408
2018-03-15,-0.0010903924073180596
2018-03-16,0.0010837173241691365
2018-03-19,-0.013622490060400224
2018-03-20,0.0016990300458063746
2018-03-21,-0.0019208861690947023
2018-03-22,-0.0253151115291846
2018-03-23,-0.02154494188000825
2018-03-26,0.02699122492647711
2018-03-27,-0.017157897420450863
2018-03-28,-0.002958798289717884
2018-03-29,0.012696372277556057
2018-04-02,-0.02182093243749275
2018-04-03,0.012735731119784757
2018-04-04,0.010641933214371391
2018-04-05,0.00786133926117489
2018-04-06,-0.022538119896494603
2018-04-09,0.004916387676160075
2018-04-10,0.015775079074676346
2018-04-11,-0.005255852689006776
2018-04-12,0.008193682317601049
2018-04-13,-0.002937829628594287
2018-04-16,0.008188045595382342
2018-04-17,0.010641899099952778
2018-04-18,0.000740028069744763
2018-04-19,-0.005563027618307812
2018-04-20,-0.008515719404740264
2018-04-23,-0.0001498784458817438
2018-04-24,-0.013558907679173433
2018-04-25,0.002468567495844179
2018-04-26,0.0101146097776642
2018-04-27,0.0009380305624844136
2018-04-30,-0.007720118334957639
2018-05-01,0.0017753341419531649
2018-05-02,-0.006740075703574347
2018-05-03,-0.0022064159310804044
2018-05-04,0.012863301941556124
2018-05-07,0.003377739943777237
2018-05-08,0.0
2018-05-09,0.009619273557319702
2018-05-10,0.009307191443969107
2018-05-11,0.0030467742766564043
2018-05-14,0.0004765434669725184
2018-05-15,-0.00691106019596904
2018-05-16,0.004196117258900734
2018-05-17,-0.0008448749575325268
2018-05-18,-0.002503214221310148
2018-05-21,0.007490543501748417
2018-05-22,-0.002783966480305292
2018-05-23,0.002747330761132026
2018-05-24,-0.0020506438453969265
2018-05-25,-0.0023856792050110306
2018-05-29,-0.011567693148717148
2018-05-30,0.01325668543799308
2018-05-31,-0.006145084034775907
2018-06-01,0.009770039613228013
2018-06-04,0.004740043162966855
2018-06-05,0.0007275418408654143
2018-06-06,0.008325763064439409
2018-06-07,-0.00010825207979531113
2018-06-08,0.002951908534368961
2018-06-11,0.001329079342659803
2018-06-12,0.0012917812327486644
2018-06-13,-0.0031960377124781512
2018-06-14,0.0025145186945245233
2018-06-15,-0.0012765349711942452
2018-06-18,-0.0020586679941290514
2018-06-19,-0.0038405377195392895
2018-06-20,0.0017043735582745068
2018-06-21,-0.006288507163258303
2018-06-22,0.0018218229381715828
2018-06-25,-0.01370647897252284
2018-06-26,0.002211563921535855
2018-06-27,-0.00831845021555993
2018-06-28,0.005700906064614469
2018-06-29,0.0014389351168832528
2018-07-02,0.0021355588016289473
2018-07-03,-0.003537308688151523
2018-07-05,0.008124849041127763
2018-07-06,0.008422679888051975
2018-07-09,0.0089639070439666
2018-07-10,0.003591919227447328
2018-07-11,-0.007341257183350823
2018-07-12,0.009025055048825467
2018-07-13,0.0007871025809931712
2018-07-16,-0.0008947261213374434
2018-07-17,0.004037262179540473
2018-07-18,0.0021013755445371033
2018-07-19,-0.0037785027429676115
2018-07-20,-0.0011435377457188155
2018-07-23,0.0018577080477799584
2018-07-24,0.005019206728968105
2018-07-25,0.008486091154797587
2018-07-26,-0.0023614151231214396
2018-07-27,-0.006799413231880155
2018-07-30,-0.005237246777550707
2018-07-31,0.0049171216963281115
2018-08-01,-0.0016718128112750915
2018-08-02,0.005432426088363674
2018-08-03,0.004276363497626105
2018-08-06,0.003660212564632201
2018-08-07,0.0032968429342302382
2018-08-08,-0.0004205366307985715
2018-08-09,-0.0013668059242025563
2018-08-10,-0.0067227384948186225
2018-08-13,-0.003750549393250144
2018-08-14,0.0063604748548371755
2018-08-15,-0.007495434186575995
2018-08-16,0.008058625452288703
2018-08-17,0.003514586448325732
2018-08-20,0.002137559024866379
2018-08-21,0.002342717712802118
2018-08-22,-0.0005937849484003233
2018-08-23,-0.0013292466901586083
2018-08-24,0.00600092832746076
2018-08-27,0.007864124854028435
2018-08-28,0.00048310878650294816
2018-08-29,0.005366082787964324
2018-08-30,-0.004056588770570957
2018-08-31,3.446215442938217e-05
2018-09-04,-0.0017237338344780354
2018-09-05,-0.0026949623562522087
2018-09-06,-0.003014664123057631
2018-09-07,-0.0019454213511037846
2018-09-10,0.0017370875695646771
2018-09-11,0.0032922238538406067
2018-09-12,0.00024225309049142485
2018-09-13,0.005896905307720902
2018-09-14,0.00017210310389519326
2018-09-17,-0.005308498678938014
2018-09-18,0.005411439056872012
2018-09-19,0.0010648286711868826
2018-09-20,0.008071313104229169
2018-09-21,-0.0009140751326165644
2018-09-24,-0.0033278061117357175
2018-09-25,-0.0009279680655202037
2018-09-26,-0.0029963841728768447
2018-09-27,0.002790130543282604
2018-09-28,0.00010348530632667643
2018-10-01,0.003467916000577025
2018-10-02,-0.0005830011674943646
2018-10-03,0.0005486266721463492
2018-10-04,-0.007846282318297529
2018-10-05,-0.005612981382071793
2018-10-08,0.0
2018-10-09,-0.0014603396456357141
2018-10-10,-0.03217516595995035
2018-10-11,-0.02227288765967379
2018-10-12,0.013792838087344519
2018-10-15,-0.005632714099521405
2018-10-16,0.021630395778200168
2018-10-17,0.0001781269887814035
2018-10-18,-0.014546321851663008
2018-10-19,-0.0005428053545693387
2018-10-22,-0.004498678070358342
2018-10-23,-0.005103866113776717
2018-10-24,-0.030766741216226298
2018-10-25,0.017781057763189022
2018-10-26,-0.017743585473571976
2018-10-29,-0.005555782193022437
2018-10-30,0.014709837924182692
2018-10-31,0.010624251600701953
2018-11-01,0.01058545462616868
2018-11-02,-0.00594093368039619
2018-11-05,0.005502186455305383
2018-11-06,0.006308146043828628
2018-11-07,0.021182902423817953
2018-11-08,-0.0018166615765222635
2018-11-09,-0.009816151977274772
2018-11-12,-0.01886216326441862
2018-11-13,-0.0018730295892138559
2018-11-14,-0.006859841374830608
2018-11-15,0.010382421889505247
2018-11-16,0.002597213746213847
2018-11-19,-0.017059214937546852
2018-11-20,-0.018679571981933735
2018-11-21,0.0034018615769341315
2018-11-23,-0.006700985755475088
2018-11-26,0.016014957981314002
2018-11-27,0.003359013802066091
2018-11-28,0.022764289059426665
2018-11-29,-0.002187223088205561
2018-11-30,0.006076414477097329
2018-12-03,0.013154718435304838
2018-12-04,-0.032939297884232284
2018-12-06,-0.0015176855064192513
2018-12-07,-0.023510599761265596
2018-12-10,0.0018953306090740349
2018-12-11,0.00022717254578174823
2018-12-12,0.005022688869340022
2018-12-13,-0.0003391350386977032
2018-12-14,-0.018637446126690313
2018-12-17,-0.019813320422709925
2018-12-18,-0.0010970694223244924
2018-12-19,-0.015089016979772302
2018-12-20,-0.016411751235025335
2018-12-21,-0.02070242283944023
2018-12-24,-0.02677811553992539
2018-12-26,0.04928984247850587
2018-12-27,0.007647862922522781
2018-12-28,-0.00129078928480549
2018-12-31,0.00872071251299343
2019-01-02,0.0010398373312371493
2019-01-03,-0.024152151555336867
2019-01-04,0.0329469452536166
2019-01-07,0.007853725705150662
2019-01-08,0.009351535127756865
2019-01-09,0.00466250002608206
2019-01-10,0.003521586368742595
2019-01-11,0.00038615073545395206
2019-01-14,-0.0061197687889421775
2019-01-15,0.011395733661073887
2019-01-16,0.00241668278652996
2019-01-17,0.007558227961351339
2019-01-18,0.013222290030965398
2019-01-22,-0.013602530474855117
2019-01-23,0.0020903751370801387
2019-01-24,0.0005310945311327651
2019-01-25,0.008426025105322074
2019-01-28,-0.007629621539462048
2019-01-29,-0.001327498096992734
2019-01-30,0.015706438533849166
2019-01-31,0.008744029860100692
2019-02-01,0.0004815429328201856
2019-02-04,0.007011053495949411
2019-02-05,0.004183270551881818
2019-02-06,-0.0013193073768052908
2019-02-07,-0.009578594302887268
2019-02-08,0.0012207292840710272
2019-02-11,0.0005545790248224555
2019-02-12,0.012777243491224333
2019-02-13,0.0032418779884499406
2019-02-14,-0.0022207441534092777
2019-02-15,0.01083792619155691
2019-02-19,0.0017293794825686377
2019-02-20,0.002013520939395947
2019-02-21,-0.003562217221864132
2019-02-22,0.006180933748916174
2019-02-25,0.0013601715284309484
2019-02-26,-0.0007157901810552568
2019-02-27,-0.00042925706108008056
2019-02-28,-0.001864525282441218
2019-03-01,0.006224485036849399
2019-03-04,-0.003644288600357158
2019-03-05,-0.0013610609490853378
2019-03-06,-0.006075504355977128
2019-03-07,-0.00840033676676591
2019-03-08,-0.0020021764838098403
2019-03-11,0.014396927747892006
2019-03-12,0.003764337118601129
2019-03-13,0.006597103792535499
2019-03-14,-0.0006402374178310611
2019-03-15,0.004928872969329045
2019-03-18,0.0036191037624012518
2019-03-19,0.00024805019031344993
2019-03-20,-0.003014541338119549
2019-03-21,0.011231548700955765
2019-03-22,-0.01943389857070608
2019-03-25,-0.0007523096040126326
2019-03-26,0.007426410370456172
2019-03-27,-0.005242829489727525
2019-03-28,0.0037835675848494313
2019-03-29,0.0062857799070207875
2019-04-01,0.011789333037711886
2019-04-02,0.0004892553220572954
2019-04-03,0.0015723135022361907
2019-04-04,0.002650273863602144
2019-04-05,0.004828634495856569
2019-04-08,0.0007617276764257377
2019-04-09,-0.005137835560636419
2019-04-10,0.0034051233533640662
2019-04-11,-0.0002775974091498363
2019-04-12,0.006742974855837632
2019-04-15,-0.0006548473976554378
2019-04-16,0.0006548473976554145
2019-04-17,-0.002449904055706068
2019-04-18,0.0019674818313849592
2019-04-22,0.000861563483260151
2019-04-23,0.008951625177935487
2019-04-24,-0.0022221454239655706
2019-04-25,-0.0006161035605995996
2019-04-26,0.0046457852285699645
2019-04-29,0.0015664829001031863
2019-04-30,0.0005106702943688937
2019-05-01,-0.007545116838197617
2019-05-02,-0.0021609601143882016
2019-05-03,0.009739835849657015
2019-05-06,-0.004123665288993131
2019-05-07,-0.016840487256817173
2019-05-08,-0.0013901424588392448
2019-05-09,-0.0030304587485406277
2019-05-10,0.005010947596938099
2019-05-13,-0.025451511009410097
2019-05-14,0.009003046286572738
2019-05-15,0.0058403206581656535
2019-05-16,0.00921858709721228
2019-05-17,-0.006486114086591482
2019-05-20,-0.0066339793240708855
2019-05-21,0.008975390520690326
2019-05-22,-0.003075777172684734
2019-05-23,-0.012294127111688239
2019-05-24,0.002265583082756384
2019-05-28,-0.009343938311253967
2019-05-29,-0.006733564824727378
2019-05-30,0.002727546691963675
2019-05-31,-0.013566773381307518
2019-06-03,-0.002546321004970297
2019-06-04,0.021474663559239885
2019-06-05,0.008624681233018487
2019-06-06,0.006481617321027286
2019-06-07,0.009957179294687061
2019-06-10,0.00457870732405013
2019-06-11,-0.00024246844247815605
2019-06-12,-0.0017667047672956769
2019-06-13,0.004117739280672135
2019-06-14,-0.0011055497905577648
2019-06-17,0.0003799693997639627
2019-06-18,0.010416788154733538
2019-06-19,0.002254493869049861
2019-06-20,0.009508893720654641
2019-06-21,-0.0014546792150609722
2019-06-24,-0.0012249686741479934
2019-06-25,-0.009856118169553632
2019-06-26,-0.000997997649380825
2019-06-27,0.003539474002721332
2019-06-28,0.005132466257914172
2019-07-01,0.009037394284863673
2019-07-02,0.0026013177718904224
2019-07-03,0.007963661051860523
2019-07-05,-0.0011388572673029776
2019-07-08,-0.005509924784969183
2019-07-09,0.0012456582639038196
2019-07-10,0.004766571227080297
2019-07-11,0.0023415091954531652
2019-07-12,0.004466943955073528
2019-07-15,0.00033264564078198364
2019-07-16,-0.003230340384459129
2019-07-17,-0.006828617878538003
2019-07-18,0.0036543726580506417
2019-07-19,-0.005570469621234973
2019-07-22,0.0024535674282657803
2019-07-23,0.007124572504759975
2019-07-24,0.004688566552418672
2019-07-25,-0.004788576856934426
2019-07-26,0.006677668751496283
2019-07-29,-0.0018228848597718905
2019-07-30,-0.0024577412651488884
2019-07-31,-0.011000538664033091
2019-08-01,-0.008745962366810151
2019-08-02,-0.007558120295547073
2019-08-05,-0.030534399102690613
2019-08-06,0.013925174055425656
2019-08-07,0.0005906820664007529
2019-08-08,0.019430218422873614
2019-08-09,-0.006835030270985397
2019-08-12,-0.012248483064047284
2019-08-13,0.015432516155262385
2019-08-14,-0.030013838567942076
2019-08-15,0.0026385776223981677
2019-08-16,0.014647058664627406
2019-08-19,0.011975642209772364
2019-08-20,-0.007691832225495934
2019-08-21,0.008102767016827599
2019-08-22,-0.0003080699476883321
2019-08-23,-0.02602312714528078
2019-08-26,0.010997672101726507
2019-08-27,-0.003931305015981738
2019-08-28,0.007017017108361612
2019-08-29,0.012691995190092486
2019-08-30,-0.0004441822912298153
2019-09-03,-0.005864286061473629
2019-09-04,0.011286066496350415
2019-09-05,0.012773823556991847
2019-09-06,0.0007714951387406886
2019-09-09,0.0005033348157419259
2019-09-10,-0.00023461681274453312
2019-09-11,0.007085635190447994
2019-09-12,0.003458062555833121
2019-09-13,-0.0006646567518794022
2019-09-16,-0.0030931345399022236
2019-09-17,0.0025288706613495115
2019-09-18,0.0005978543055528431
2019-09-19,-6.651014018954697e-05
2019-09-20,-0.004735925252760366
2019-09-23,-0.00023448835457578113
2019-09-24,-0.007877890073979807
2019-09-25,0.005897174140829956
2019-09-26,-0.0020853160556290424
2019-09-27,-0.005401704292658222
2019-09-30,0.004626970214090255
2019-10-01,-0.011966060429849538
2019-10-02,-0.01782232033007272
2019-10-03,0.008159370579426055
2019-10-04,0.013441212367544133
2019-10-07,-0.004323598106167731
2019-10-08,-0.015646777661174706
2019-10-09,0.009451310494647609
2019-10-10,0.006740802655797338
2019-10-11,0.010313535812254783
2019-10-14,-0.0011142388212036461
2019-10-15,0.009852039645828325
2019-10-16,-0.0016074466712636083
2019-10-17,0.0029442483623871815
2019-10-18,-0.004386461862194785
2019-10-21,0.0067560839772358005
2019-10-22,-0.0032718850522163684
2019-10-23,0.002905351691731331
2019-10-24,0.0016324787207452752
2019-10-25,0.004086488106473537
2019-10-28,0.005620836927180574
2019-10-29,-0.00029667819679912125
2019-10-30,0.0030623579958025085
2019-10-31,-0.0026666591135012263
2019-11-01,0.009221138234785707
2019-11-04,0.0040094034438685686
2019-11-05,-0.0011063673612372914
2019-11-06,0.0002278623164112284
2019-11-07,0.003510705716768877
2019-11-08,0.002463346344307846
2019-11-11,-0.0019116385891073029
2019-11-12,0.0021054035504266804
2019-11-13,0.00032369053968830686
2019-11-14,0.0014544991597459202
2019-11-15,0.0072104716013622365
2019-11-18,0.0007374261859014271
2019-11-19,-0.00028849331394715806
2019-11-20,-0.003725826962094394
2019-11-21,-0.0016099266668762994
2019-11-22,0.0022212507985057404
2019-11-25,0.007720438120529291
2019-11-26,0.00226309019660128
2019-11-27,0.004447797134066468
2019-11-29,-0.0037156389699430237
2019-12-02,-0.00853101673585313
2019-12-03,-0.0067295713882526646
2019-12-04,0.006151259095030448
2019-12-05,0.001796638692233211
2019-12-06,0.009092838511835654
2019-12-09,-0.0031494155841784908
2019-12-10,-0.0011158385550795757
2019-12-11,0.002834921386023617
2019-12-12,0.00858205060535162
2019-12-13,0.0005989619160172931
2019-12-16,0.006846644558100938
2019-12-17,0.0002190748685045132
2019-12-18,6.226899504306858e-05
2019-12-19,0.00409064227300734
2019-12-20,0.0043747160144826545
2019-12-23,0.0015266663902774116
2019-12-24,3.118736213495146e-05
2019-12-26,0.005308859001415924
2019-12-27,-0.0002476876252878064
2019-12-30,-0.005528563942967321
2019-12-31,0.0024265030073465656
2020-01-02,0.009308609164343248
2020-01-03,-0.007601051908542689
2020-01-06,0.003807644753507669
2020-01-07,-0.0028154668718652067
2020-01-08,0.0053149204453450645
2020-01-09,0.006757989833210331
2020-01-10,-0.002882063966896893
2020-01-13,0.0068537263273580435
2020-01-14,-0.0015256021231965817
2020-01-15,0.0022574641175363242
2020-01-16,0.00828389146406194
2020-01-17,0.0031077024817367884
2020-01-21,-0.0019602827363646574
2020-01-22,0.00012115004669815368
2020-01-23,0.0011459659193841275
2020-01-24,-0.008932764495874303
2020-01-27,-0.01615926357674248
2020-01-28,0.01042464564296186
2020-01-29,-0.0008264793102798124
2020-01-30,0.003239969245429074
2020-01-31,-0.018324591863204946
2020-02-03,0.0074011308464008285
2020-02-04,0.015126557090783343
2020-02-05,0.011481638350419302
2020-02-06,0.0033591207079369198
2020-02-07,-0.005344195494279202
2020-02-10,0.007438042585447849
2020-02-11,0.0017315526202850233
2020-02-12,0.00642184339471681
2020-02-13,-0.0010674474238724385
2020-02-14,0.0016008430636542715
2020-02-18,-0.002580569914819732
2020-02-19,0.004769940931929484
2020-02-20,-0.004116914305894245
2020-02-21,-0.010351332060216892
2020-02-24,-0.033728107765073206
2020-02-25,-0.03077041255965904
2020-02-26,-0.003685073785035024
2020-02-27,-0.04595148345802251
2020-02-28,-0.004210613996513152
2020-03-02,0.042395140421726714
2020-03-03,-0.02905026837951372
2020-03-04,0.041173582729550406
2020-03-05,-0.033806729159445104
2020-03-06,-0.01666904353462444
2020-03-09,-0.08131262314793562
2020-03-10,0.05045031119918445
2020-03-11,-0.04997642129110112
2020-03-12,-0.10056899069242059
2020-03-13,0.08202800659130642
2020-03-16,-0.11588650567543266
2020-03-17,0.05258497390937293
2020-03-18,-0.05195989568465245
2020-03-19,0.0021228479448532297
2020-03-20,-0.04405034128835114
2020-03-23,-0.02590066011294352
2020-03-24,0.08673108370483862
2020-03-25,0.014859166762562912
2020-03-26,0.0567485912052012
2020-03-27,-0.030238290581292817
2020-03-30,0.03195965560463279
2020-03-31,-0.015017655283585996
2020-04-01,-0.04604898201345055
2020-04-02,0.02281317947302192
2020-04-03,-0.01455974081399462
2020-04-06,0.06500682880195592
2020-04-07,0.0010188421517339497
2020-04-08,0.033017420348778734
2020-04-09,0.015102569209683529
2020-04-13,-0.00917192196282199
2020-04-14,0.02906642619253744
2020-04-15,-0.021477286642715254
2020-04-16,0.00481299652879434
2020-04-17,0.0266567340125468
2020-04-20,-0.017775123560010563
2020-04-21,-0.03083386239528839
2020-04-22,0.021952251942752073
2020-04-23,-7.196668599786987e-05
2020-04-24,0.013842473177585567
2020-04-27,0.014315582734030144
2020-04-28,-0.004609147925960673
2020-04-29,0.025841612947304637
2020-04-30,-0.009354320828181828
2020-05-01,-0.02682993268850409
2020-05-04,0.0027544414216857643
2020-05-05,0.009196817862521136
2020-05-06,-0.006801780506791785
2020-05-07,0.011994335640231071
2020-05-08,0.016411188317187013
2020-05-11,0.00020477439982931943
2020-05-12,-0.02013264803649215
2020-05-13,-0.017844215073633395
2020-05-14,0.011896153974652147
2020-05-15,0.004586391702349687
2020-05-18,0.03000531682046888
2020-05-19,-0.010324210762958351
2020-05-20,0.01684506307444836
2020-05-21,-0.006927759198406252
2020-05-22,0.001897259093532302
2020-05-26,0.012245435252414685
2020-05-27,0.014769289649739201
2020-05-28,-0.0018466445546836384
2020-05-29,0.0044458461372391695
2020-06-01,0.004033685005828996
2020-06-02,0.00824595967770846
2020-06-03,0.01322045727421985
2020-06-04,-0.002630167302939162
2020-06-05,0.02530675627668469
2020-06-08,0.012014674143584536
2020-06-09,-0.007484385832579882
2020-06-10,-0.0055957199836068625
2020-06-11,-0.059377347805368214
2020-06-12,0.011904494736540415
2020-06-15,0.00929227983149554
2020-06-16,0.019064759838767282
2020-06-17,-0.004162301517963984
2020-06-18,0.0003847899904100724
2020-06-19,-0.005731122051811058
2020-06-22,0.006394704585045959
2020-06-23,0.004592962747940907
2020-06-24,-0.025839627370125625
2020-06-25,0.010663466282530157
2020-06-26,-0.024038137402820615
2020-06-29,0.014590451251238238
2020-06-30,0.0127283686443608
2020-07-01,0.0069805725796513425
2020-07-02,0.005491806870721818
2020-07-06,0.015319025444309632
2020-07-07,-0.010367239489533386
2020-07-08,0.007619650747178354
2020-07-09,-0.0057089464152556765
2020-07-10,0.01015856925918275
2020-07-13,-0.008696647279336292
2020-07-14,0.012875467904779897
2020-07-15,0.0091454178833343
2020-07-16,-0.003298842472643098
2020-07-17,0.0028947487326002456
2020-07-20,0.008049176919145863
2020-07-21,0.0021255291408375956
2020-07-22,0.0056755500049845455
2020-07-23,-0.012003204772226595
2020-07-24,-0.006461372966681647
2020-07-27,0.007266091405728904
2020-07-28,-0.006362913325289054
2020-07-29,0.012224145011127875
2020-07-30,-0.0035746056177755428
2020-07-31,0.00787146689998398
2020-08-03,0.006928029383555452
2020-08-04,0.003854915641261099
2020-08-05,0.006191960975418756
2020-08-06,0.006662146599760987
2020-08-07,0.0007176928588686015
2020-08-10,0.002984329637655111
2020-08-11,-0.008288941502526386
2020-08-12,0.013846329614973008
2020-08-13,-0.001809453237185793
2020-08-14,2.9733013730193995e-05
2020-08-17,0.003171444457219443
2020-08-18,0.0021580468824914656
2020-08-19,-0.004172553100281794
2020-08-20,0.003108768353414166
2020-08-21,0.0035412650723915745
2020-08-24,0.010082279565289867
2020-08-25,0.0034930470280395065
2020-08-26,0.009975728038506125
2020-08-27,0.0021841055411136933
2020-08-28,0.006438801489363375
2020-08-31,-0.0036292489883628276
2020-09-01,0.009374442938406643
2020-09-02,0.014360774013969704
2020-09-03,-0.035020814149635475
2020-09-04,-0.00819819716477044
2020-09-08,-0.027702715297004906
2020-09-09,0.01955446189353563
2020-09-10,-0.017516271490435012
2020-09-11,0.000509294940376699
2020-09-14,0.013085129226209066
2020-09-15,0.005039597504716438
2020-09-16,-0.003976573435721294
2020-09-17,-0.008834168932403269
2020-09-18,-0.0115794044043763
2020-09-21,-0.011192058292726148
2020-09-22,0.01013301406798378
2020-09-23,-0.023464052108241266
2020-09-24,0.002661880484081018
2020-09-25,0.016037716362388432
2020-09-28,0.01647289938455345
2020-09-29,-0.005461069261393971
2020-09-30,0.007553716137941709
2020-10-01,0.006399102605746749
2020-10-02,-0.009539470868109131
2020-10-05,0.017577632167576396
2020-10-06,-0.014318125171950231
2020-10-07,0.017256827573987738
2020-10-08,0.00882373150540157
2020-10-09,0.008890171149280729
2020-10-12,0.015959844776100962
2020-10-13,-0.006547474888453286
2020-10-14,-0.006303316968485337
2020-10-15,-0.001236701382553245
2020-10-16,-0.0006041365483028102
2020-10-19,-0.015320385266120081
2020-10-20,0.003997513365328861
2020-10-21,-0.0018945499226545337
2020-10-22,0.00547012095413031
2020-10-23,0.003389471022257611
2020-10-26,-0.01865259864252069
2020-10-27,-0.003453397095834515
2020-10-28,-0.03477657363190857
2020-10-29,0.010112249288506524
2020-10-30,-0.010479868390474012
2020-11-02,0.011146195618287353
2020-11-03,0.01750187235223737
2020-11-04,0.022103016323142512
2020-11-05,0.01931527531735441
2020-11-06,-0.00022853213981900502
2020-11-09,0.012487334744688806
2020-11-10,-0.0014676654256098583
2020-11-11,0.007401248817378128
2020-11-12,-0.009748317528887298
2020-11-13,0.013749262648823712
2020-11-16,0.012405567753218065
2020-11-17,-0.0053929723791466214
2020-11-18,-0.01210764245953502
2020-11-19,0.004201053010163267
2020-11-20,-0.00687127884830087
2020-11-23,0.0059766690287730885
2020-11-24,0.01598523420724276
2020-11-25,-0.001542936520064364
2020-11-27,0.0027809149754641884
2020-11-30,-0.004436707320878895
2020-12-01,0.01087799236569863
2020-12-02,0.002101318200485858
2020-12-03,-0.00027253484503320054
2020-12-04,0.008580789388900792
2020-12-07,-0.002057154896330824
2020-12-08,0.002921986033686627
2020-12-09,-0.009009474782038939
2020-12-10,-0.00032706903090583516
2020-12-11,-0.0011733559308493603
2020-12-14,-0.004487113741517217
2020-12-15,0.013428822294482227
2020-12-16,0.00156819119082906
2020-12-17,0.005576270516014844
2020-12-18,-0.004000589507463685
2020-12-21,-0.003582041549486863
2020-12-22,-0.0016868454214003638
2020-12-23,0.000898048858623146
2020-12-24,0.0038829631886344047
2020-12-28,0.008554328358087254
2020-12-29,-0.0019097779910071952
2020-12-30,0.0014255592309678046
2020-12-31,0.005068081178605743
2021-01-04,-0.013707368069591884
2021-01-05,0.006863575037297697
2021-01-06,0.005960995095149955
2021-01-07,0.014748079683893162
2021-01-08,0.005681408454396619
2021-01-11,-0.0067635036923866295
2021-01-12,0.00021111217894883235
2021-01-13,0.0026895719002775617
2021-01-14,-0.0035082156183730527
2021-01-15,-0.007319576199660113
2021-01-19,0.007821318495984973
2021-01-20,0.013743897171418069
2021-01-21,0.0009112447767309742
2021-01-22,-0.003545511707444439
2021-01-25,0.003936010429936425
2021-01-26,-0.0015623127501353884
2021-01-27,-0.024744036279869368
2021-01-28,0.008563374468273911
2021-01-29,-0.02022264878188141
2021-02-01,0.016508407910908875
2021-02-02,0.014041437376444444
2021-02-03,0.0007856610232333519
2021-02-04,0.011301444908748112
2021-02-05,0.003928216246206305
2021-02-08,0.007195978190254264
2021-02-09,-0.0006659121028838931
2021-02-10,-0.00043572798727623235
2021-02-11,0.0016135785908403149
2021-02-12,0.00492778752755197
2021-02-16,-0.0008661707510896642
2021-02-17,0.00022926997249512007
2021-02-18,-0.0042651289008353716
2021-02-19,-0.0017673350514069571
2021-02-22,-0.00772148902433903
2021-02-23,0.0012134467626406737
2021-02-24,0.010959112448840845
2021-02-25,-0.024390764090014738
2021-02-26,-0.0051658048458681684
2021-03-01,0.023950922159519737
2021-03-02,-0.007833734577742479
2021-03-03,-0.013334413669716853
2021-03-04,-0.012451680969583321
2021-03-05,0.018229208639952536
2021-03-08,-0.0049912552311499716
2021-03-09,0.014176569603125272
2021-03-10,0.0062053062051147774
2021-03-11,0.010088224492871008
2021-03-12,0.0013459140460421407
2021-03-15,0.005945814928749109
2021-03-16,-0.0012622470613957847
2021-03-17,0.0034041036981638955
2021-03-18,-0.014656633884627757
2021-03-19,-0.0018517330993085073
2021-03-22,0.007953060800609018
2021-03-23,-0.00790180347561369
2021-03-24,-0.005096538199965316
2021-03-25,0.0056098054566563645
2021-03-26,0.015986504051846925
2021-03-29,-0.0005052076483195823
2021-03-30,-0.0026564322547331684
2021-03-31,0.004044995318601266
2021-04-01,0.010741160621453668
2021-04-05,0.014251055501168793
2021-04-06,-0.0005906116251274406
2021-04-07,0.0011563643111242175
2021-04-08,0.004735953026322655
2021-04-09,0.0072437557957004605
2021-04-12,0.00036448523335265426
2021-04-13,0.0029592287785939297
2021-04-14,-0.003420831924802365
2021-04-15,0.01068496700679084
2021-04-16,0.0033369265521279987
2021-04-19,-0.004925289628487742
2021-04-20,-0.007348258174704028
2021-04-21,0.009417664662645747
2021-04-22,-0.009175113460364497
2021-04-23,0.010783795872472746
2021-04-26,0.002085446216865618
2021-04-27,-0.00021542360302011224
2021-04-28,-0.0002873297726870352
2021-04-29,0.006352513015219135
2021-04-30,-0.006592239424493691
2021-05-03,0.0021545340351285954
2021-05-04,-0.006188541681286873
2021-05-05,0.00031268826005824684
2021-05-06,0.007953948120233196
2021-05-07,0.007251779673472343
2021-05-10,-0.00995183949901837
2021-05-11,-0.008964653215344828
2021-05-12,-0.02147428160551609
2021-05-13,0.01194093997493996
2021-05-14,0.015238669823128515
2021-05-17,-0.0025478475129434744
2021-05-18,-0.008653038966773361
2021-05-19,-0.002625252732959268
2021-05-20,0.010700625058821894
2021-05-21,-0.0008192477060101612
2021-05-24,0.01014293866062191
2021-05-25,-0.0022213361969414328
2021-05-26,0.001982544244522162
2021-05-27,0.0005248306473768651
2021-05-28,0.0017870184811371458
2021-06-01,-0.0008810420009615493
2021-06-02,0.0015714180865946165
2021-06-03,-0.003718163138382805
2021-06-04,0.009104089751905768
2021-06-07,-0.0009706594446252397
2021-06-08,0.00021304096321234323
2021-06-09,-0.001493015662382615
2021-06-10,0.0046378420362821
2021-06-11,0.0016510741452716983
2021-06-14,0.0022363097709165894
2021-06-15,-0.0018354938750097046
2021-06-16,-0.005599234040139158
2021-06-17,-0.000331593136946903
2021-06-18,-0.013582384059259886
2021-06-21,0.014214352257088048
2021-06-22,0.005332034962727825
2021-06-23,-0.0012061268075389587
2021-06-24,0.005898468669633015
2021-06-25,0.0035457832668055987
2021-06-28,0.002013696158663828
2021-06-29,0.0005380478149932056
2021-06-30,0.0008412998711660202
2021-07-01,0.005521445271680124
2021-07-02,0.007614376060236322
2021-07-06,-0.0018231234566404029
2021-07-07,0.0035279436598639243
2021-07-08,-0.008181325711288177
2021-07-09,0.010618001911599301
2021-07-12,0.003575554447858837
2021-07-13,-0.0034149402492482652
2021-07-14,0.0014913280904782352
2021-07-15,-0.0034214519414100465
2021-07-16,-0.007874311961764312
2021-07-19,-0.014878131770041053
2021-07-20,0.014228582221128851
2021-07-21,0.008063794287790409
2021-07-22,0.002091897711190569
2021-07-23,0.010235346545314739
2021-07-26,0.0024519259582611577
2021-07-27,-0.00456797409234226
2021-07-28,-0.0004101065232546221
2021-07-29,0.0041388237991263725
2021-07-30,-0.004868482643246514
2021-08-02,-0.0021000326521818484
2021-08-03,0.008102305405575048
2021-08-04,-0.004930834429543825
2021-08-05,0.006312852110973718
2021-08-06,0.0016512229251486302
2021-08-09,-0.0008140003195194241
2021-08-10,0.0012432281270459797
2021-08-11,0.00248175560332405
2021-08-12,0.0029923893643923937
2021-08-13,0.0018181247012055053
2021-08-16,0.002351905685502515
2021-08-17,-0.006576735155254218
2021-08-18,-0.011005391735577586
2021-08-19,0.0015473413341099145
2021-08-20,0.007925432992602344
2021-08-23,0.008758070752988711
2021-08-24,0.0015860783524199314
2021-08-25,0.002096186443864276
2021-08-26,-0.0059206126855443336
2021-08-27,0.008901208003751857
2021-08-30,0.004388012312863796
2021-08-31,-0.001482553888897106
2021-09-01,0.0005309767818809932
2021-09-02,0.003072091351318465
2021-09-03,-0.00024285843416881062
2021-09-07,-0.003581797773767067
2021-09-08,-0.0012191072822385404
2021-09-09,-0.004289316976237149
2021-09-10,-0.007915838044132291
2021-09-13,0.00255588384589371
2021-09-14,-0.005411201623222987
2021-09-15,0.008318033394530444
2021-09-16,-0.0015863972718626583
2021-09-17,-0.009788983981759385
2021-09-20,-0.016814657644072483
2021-09-21,-0.0009450349797165731
2021-09-22,0.00970753344878748
2021-09-23,0.012076982926600994
2021-09-24,0.0016456574148284112
2021-09-27,-0.0028649580480349206
2021-09-28,-0.020357783801627942
2021-09-29,0.0016819699447269253
2021-09-30,-0.012297862852364082
2021-10-01,0.011814277790008449
2021-10-04,-0.012980106474407442
2021-10-05,0.010351131205085592
2021-10-06,0.00414748337897676
2021-10-07,0.008608639214579376
2021-10-08,-0.0018254306983716384
2021-10-11,-0.007266143876543552
2021-10-12,-0.0024643736728997253
2021-10-13,0.0035910094626961826
2021-10-14,0.016680889629187505
2021-10-15,0.007586749804152098
2021-10-18,0.0029563277014337495
2021-10-19,0.007685146655126287
2021-10-20,0.003919999909115455
2021-10-21,0.0026049416145556737
2021-10-22,-0.0010366058234576587
2021-10-25,0.0053484246157859405
2021-10-26,0.0008994401063188594
2021-10-27,-0.004440015837019756
2021-10-28,0.009602512796339939
2021-10-29,0.002027163458147158
2021-11-01,0.00171881940749781
2021-11-02,0.0040349720863477245
2021-11-03,0.006086574938538783
2021-11-04,0.0047015077247704665
2021-11-05,0.0034635266289352405
2021-11-08,0.0008535568188533724
2021-11-09,-0.003310869458661628
2021-11-10,-0.008077574206544676
2021-11-11,0.0003234544175563491
2021-11-12,0.007518484509073334
2021-11-15,0.0003424586914023143
2021-11-16,0.003949930602665185
2021-11-17,-0.0024319521806007755
2021-11-18,0.0033903766791648616
2021-11-19,-0.0017898119720584948
2021-11-22,-0.002819109453783911
2021-11-23,0.0013251947414667739
2021-11-24,0.002666363466541082
2021-11-26,-0.022555644057256213
2021-11-29,0.012191880927735377
2021-11-30,-0.019649363167862824
2021-12-01,-0.01116946687102055
2021-12-02,0.015200176685822167
2021-12-03,-0.008739224775590018
2021-12-06,0.01177363766551102
2021-12-07,0.020473831033017132
2021-12-08,0.002644625017287593
2021-12-09,-0.006774449521022548
2021-12-10,0.009369342180573633
2021-12-13,-0.008897754527068005
2021-12-14,-0.006903812312044746
2021-12-15,0.015504149887947941
2021-12-16,-0.008857748429853748
2021-12-17,-0.010699937992393991
2021-12-20,-0.01069016136587526
2021-12-21,0.017603055710385767
2021-12-22,0.009949179853200145
2021-12-23,0.006202766798264051
2021-12-27,0.014052845029774006
2021-12-28,-0.000817534505093011
2021-12-29,0.0012784252943009453
2021-12-30,-0.0027684684946017546
2021-12-31,-0.0025233587552832837
2022-01-03,0.005773295931005551
2022-01-04,-0.00033493081079482374
2022-01-05,-0.019388923778980067
2022-01-06,-0.000939777409655771
2022-01-07,-0.003961318884882587
2022-01-10,-0.001245332897828936
2022-01-11,0.009067017456032764
2022-01-12,0.0027000853388724436
2022-01-13,-0.013874384127800135
2022-01-14,0.0004089194630126352
2022-01-18,-0.01786832277427617
2022-01-19,-0.010437767266823734
2022-01-20,-0.011129894571416082
2022-01-21,-0.019825864859266244
2022-01-24,0.0042377527998827885
2022-01-25,-0.01228408362990091
2022-01-26,-0.0025118440792604143
2022-01-27,-0.0049503453081947615
2022-01-28,0.02453198768185931
2022-01-31,0.017850717203594203
2022-02-01,0.0067343347583903096
2022-02-02,0.009667185114517819
2022-02-03,-0.023785602153832963
2022-02-04,0.0046911674735265595
2022-02-07,-0.0032144670700940173
2022-02-08,0.008194125815924349
2022-02-09,0.014530113765930145
2022-02-10,-0.018129108679783526
2022-02-11,-0.01991557804097281
2022-02-14,-0.0032746274041206545
2022-02-15,0.015998230128007374
2022-02-16,0.0011201440115826348
2022-02-17,-0.021592823388812174
2022-02-18,-0.006496103560473796
2022-02-22,-0.01078983100148732
2022-02-23,-0.017897856923494
2022-02-24,0.01493722659036404
2022-02-25,0.021824130863197847
2022-02-28,-0.002561976002029447
2022-03-01,-0.015347514380390188
2022-03-02,0.01822921171995873
2022-03-03,-0.004990926608064034
2022-03-04,-0.00815803480835133
2022-03-07,-0.02992237962769706
2022-03-08,-0.007610570174308666
2022-03-09,0.026457778743473725
2022-03-10,-0.00452586260068716
2022-03-11,-0.012796500464846518
2022-03-14,-0.007335126423368345
2022-03-15,0.021752017986443772
2022-03-16,0.02193209901381573
2022-03-17,0.012433252321176518
2022-03-18,0.010893194423354062
2022-03-21,-0.00029234976603095814
2022-03-22,0.011633429281610893
2022-03-23,-0.012962161159249908
2022-03-24,0.014961858915039103
2022-03-25,0.004871793062816318
2022-03-28,0.007087847080291798
2022-03-29,0.012294949005717933
2022-03-30,-0.006193963173024755
2022-03-31,-0.0155109328279521
2022-04-01,0.0028301356761412243
2022-04-04,0.008530141775440996
2022-04-05,-0.012711782540910129
2022-04-06,-0.010049748657576605
2022-04-07,0.005026180489443885
2022-04-08,-0.002677413413566235
2022-04-11,-0.017240177962157124
2022-04-12,-0.003711937392625333
2022-04-13,0.011388315203916635
2022-04-14,-0.012529855694694423
2022-04-18,0.0004110458028515574
2022-04-19,0.01601367868577636
2022-04-20,-0.000741602097425579
2022-04-21,-0.015066653839393153
2022-04-22,-0.02782256675753243
2022-04-25,0.0057810232526282895
2022-04-26,-0.02938868306721444
2022-04-27,0.002808050645965805
2022-04-28,0.024945597438772765
2022-04-29,-0.0376559356432161
2022-05-02,0.006001638644241285
2022-05-03,0.004573407572710234
2022-05-04,0.029998534034809895
2022-05-05,-0.03619004244578569
2022-05-06,-0.005986611399653195
2022-05-09,-0.03254101071256074
2022-05-10,0.002307832733655723
2022-05-11,-0.016013715407764566
2022-05-12,-0.0010444602231383508
2022-05-13,0.023626490681372347
2022-05-16,-0.004065788883529613
2022-05-17,0.020361839699660742
2022-05-18,-0.04114675213169098
2022-05-19,-0.006143552158643216
2022-05-20,0.0004365494351446775
2022-05-23,0.018537123686204048
2022-05-24,-0.007662925871417933
2022-05-25,0.008795983052126123
2022-05-26,0.019784328096856065
2022-05-27,0.02425281159893478
2022-05-31,-0.00562686187459498
2022-06-01,-0.00812134565166785
2022-06-02,0.018864338413521017
2022-06-03,-0.016547562766678094
2022-06-06,0.0030398798296900173
2022-06-07,0.009546662668886112
2022-06-08,-0.01093156566313976
2022-06-09,-0.024070560076348658
2022-06-10,-0.029424111970288394
2022-06-13,-0.03870767673499629
2022-06-14,-0.003017927720282787
2022-06-15,0.014155714178545949
2022-06-16,-0.033656217853567934
2022-06-17,0.0021533854672229503
2022-06-21,0.024862043686065503
2022-06-22,-0.0018146248310299078
2022-06-23,0.009754870069866032
2022-06-24,0.031298921030432074
2022-06-27,-0.003827146398908482
2022-06-28,-0.020644482915905118
2022-06-29,-0.0008149100627767381
2022-06-30,-0.008157233877291097
2022-07-01,0.010520802176321077
2022-07-05,0.0018870591960073687
2022-07-06,0.0033715040948704275
2022-07-07,0.01486604699061851
2022-07-08,-0.0008227124587005246
2022-07-11,-0.011489488198890768
2022-07-12,-0.008888427319870221
2022-07-13,-0.00526545180191077
2022-07-14,-0.0024313881810495534
2022-07-15,0.018924850536670593
2022-07-18,-0.008291163985843729
2022-07-19,0.026660611928545384
2022-07-20,0.00635297099175474
2022-07-21,0.010131678228729468
2022-07-22,-0.009321347978488524
2022-07-25,0.0012140219794063065
2022-07-26,-0.01190149546950817
2022-07-27,0.025634932072463278
2022-07-28,0.012464429705950778
2022-07-29,0.014473648724575908
2022-08-01,-0.0029656642128097982
2022-08-02,-0.0066192787528878035
2022-08-03,0.015538209268329313
2022-08-04,-0.0006757755952175776
2022-08-05,-0.0016917114577193325
2022-08-08,-0.0011615114816626595
2022-08-09,-0.0039791826417488714
2022-08-10,0.02078669620661995
2022-08-11,0.0
2022-08-12,0.016787151139200922
2022-08-15,0.004112277536427529
2022-08-16,0.0019568545389420126
2022-08-17,-0.007123331435166236
2022-08-18,0.0029022694575680102
2022-08-19,-0.0135291941343732
2022-08-22,-0.02104230002327383
2022-08-23,-0.0024221540083426154
2022-08-24,0.0031960741659276936
2022-08-25,0.014018806631438797
2022-08-26,-0.03443535526385651
2022-08-29,-0.006634016655095224
2022-08-30,-0.011038507568507591
2022-08-31,-0.0076381817830406505
2022-09-01,0.0031327855369274985
2022-09-02,-0.010600340538216919
2022-09-06,-0.0037801451187831174
2022-09-07,0.01780545172213344
2022-09-08,0.006515027517807074
2022-09-09,0.015415743744738392
2022-09-12,0.010690232133607043
2022-09-13,-0.04445606361206034
2022-09-14,0.003808629227126057
2022-09-15,-0.011418565783398326
2022-09-16,-0.007657840961987119
2022-09-19,0.007724840690309291
2022-09-20,-0.011544766064817193
2022-09-21,-0.0175977005714478
2022-09-22,-0.008435284420699159
2022-09-23,-0.016896805681924865
2022-09-26,-0.009942037508806656
2022-09-27,-0.00255607812109835
2022-09-28,0.019485471986071107
2022-09-29,-0.021110354747030158
2022-09-30,-0.015584285648218694
2022-10-03,0.02605874607940751
2022-10-04,0.03051630017605874
2022-10-05,-0.002331107545097844
2022-10-06,-0.01036917502910259
2022-10-07,-0.02829047803304716
2022-10-10,-0.0076646452537306505
2022-10-11,-0.0063531067372522105
2022-10-12,-0.003303950505540169
2022-10-13,0.026048860060801537
2022-10-14,-0.02305238639018966
2022-10-17,0.025372291652890663
2022-10-18,0.011681230840226027
2022-10-19,-0.007111829820825487
2022-10-20,-0.008420671958752724
2022-10-21,0.024010977315256553
2022-10-24,0.012162265947195723
2022-10-25,0.015842326567431304
2022-10-26,-0.007562627660753365
2022-10-27,-0.005354048910973991
2022-10-28,0.02351196185283001
2022-10-31,-0.007249665419341942
2022-11-01,-0.004385358275205532
2022-11-02,-0.025416472731973422
2022-11-03,-0.010350476691955131
2022-11-04,0.014290852772674284
2022-11-07,0.009519958175422099
2022-11-08,0.005380926998416122
2022-11-09,-0.020817287092967023
2022-11-10,0.05349746874965498
2022-11-11,0.009631785900534545
2022-11-14,-0.008542983366718849
2022-11-15,0.008492745987064286
2022-11-16,-0.0076579772988681965
2022-11-17,-0.0030644205828312325
2022-11-18,0.0045300109140643755
2022-11-21,-0.003642643220090022
2022-11-22,0.013367238176866683
2022-11-23,0.006281819428554794
2022-11-25,-0.0002236526427874177
2022-11-28,-0.016085788866274906
2022-11-29,-0.0017190252043810677
2022-11-30,0.031014632723045533
2022-12-01,-0.0007360001499922081
2022-12-02,-0.0011544898269738057
2022-12-05,-0.01815294961331448
2022-12-06,-0.014519632771257238
2022-12-07,-0.001702733012360016
2022-12-08,0.007803220881782789
2022-12-09,-0.007498155860757362
2022-12-12,0.01431440668840602
2022-12-13,0.007541244782756402
2022-12-14,-0.006414016856265916
2022-12-15,-0.02476571168045656
2022-12-16,-0.011876558852943638
2022-12-19,-0.008515810939582834
2022-12-20,0.0013673522104122062
2022-12-21,0.014841858659414474
2022-12-22,-0.014368902520478373
2022-12-23,0.005735913788745929
2022-12-27,-0.003951401343619279
2022-12-28,-0.012505567082991591
2022-12-29,0.017840076700589017
2022-12-30,-0.0026375179324144545
2023-01-03,-0.004218735884996126
2023-01-04,0.007690610019874914
2023-01-05,-0.011479120048785993
2023-01-06,0.022672940213026644
2023-01-09,-0.0005669024399027532
2023-01-10,0.006988263631786612
2023-01-11,0.012568543158967225
2023-01-12,0.003634273532492544
2023-01-13,0.003871902531668069
2023-01-17,-0.00183351307908396
2023-01-18,-0.015914030152744514
2023-01-19,-0.007306350698889381
2023-01-20,0.018457686070809245
2023-01-23,0.011927130100293417
2023-01-24,-0.0010737610227377803
2023-01-25,0.0003745878086760841
2023-01-26,0.010930428343608004
2023-01-27,0.002295075247341636
2023-01-30,-0.012626375333630688
2023-01-31,0.014596481031750267
2023-02-01,0.010571675899479762
2023-02-02,0.01445206801788799
2023-02-03,-0.01068597152069169
2023-02-06,-0.006130013483758645
2023-02-07,0.012993696243960247
2023-02-08,-0.010994991550788858
2023-02-09,-0.00870697025801973
2023-02-10,0.002331049814243526
2023-02-13,0.011670517946952409
2023-02-14,-0.00046023110861619527
2023-02-15,0.003242093624473707
2023-02-16,-0.013864384294868736
2023-02-17,-0.002501550867028855
2023-02-21,-0.0202647014861679
2023-02-22,-0.0013792354211881667
2023-02-23,0.005305440201459266
2023-02-24,-0.010739884251809544
2023-02-27,0.003400076924572109
2023-02-28,-0.0037028983388823216
2023-03-01,-0.0038432661808350875
2023-03-02,0.007747042782563761
2023-03-03,0.015910827009320224
2023-03-06,0.0006922968457576505
2023-03-07,-0.015447297621447456
2023-03-08,0.0016307745942190151
2023-03-09,-0.018622106795744824
2023-03-10,-0.01453464467455934
2023-03-13,-0.0014262916513383505
2023-03-14,0.016394986442090462
2023-03-15,-0.006273887365466091
2023-03-16,0.01739295103099869
2023-03-17,-0.011761671147282101
2023-03-20,0.009569763894455182
2023-03-21,0.01304505120820807
2023-03-22,-0.01719338853488705
2023-03-23,0.002699610033168612
2023-03-24,0.006540552019111762
2023-03-27,0.0018680172715307595
2023-03-28,-0.002247042065082889
2023-03-29,0.014430277692056563
2023-03-30,0.005838306417816468
2023-03-31,0.013996072307935084
2023-04-03,0.0038032105190857896
2023-04-04,-0.005563500534434829
2023-04-05,-0.00262151658910629
2023-04-06,0.0038931220591936367
2023-04-10,0.0010259850869156156
2023-04-11,0.0002685420501391944
2023-04-12,-0.0040843730200626335
2023-04-13,0.013195321127763653
2023-04-14,-0.0024457926958436193
2023-04-17,0.0035819111988091724
2023-04-18,0.0006517596476888617
2023-04-19,-0.00016868152306193402
2023-04-20,-0.00547217218850302
2023-04-21,0.0007766614072566254
2023-04-24,0.0010427066161094924
2023-04-25,-0.016001268573609388
2023-04-26,-0.004244654535494122
2023-04-27,0.019712325411492475
2023-04-28,0.008499008467617915
2023-05-01,-0.0010100824101443443
2023-05-02,-0.011303039231050445
2023-05-03,-0.006887526970370419
2023-05-04,-0.007108196442641487
2023-05-05,0.018343434284199815
2023-05-08,0.00026634635588391927
2023-05-09,-0.004394937218782441
2023-05-10,0.004661519912199483
2023-05-11,-0.001745447552027435
2023-05-12,-0.0013112997866706806
2023-05-15,0.003444125869193695
2023-05-16,-0.006704949250190306
2023-05-17,0.012065887205696017
2023-05-18,0.009587083176711024
2023-05-19,-0.0014561812900801081
2023-05-22,0.00040612108798474705
2023-05-23,-0.011286231145958368
2023-05-24,-0.007271362916804743
2023-05-25,0.008622705734562084
2023-05-26,0.012867661940212508
2023-05-30,0.00038069148087925856
2023-05-31,-0.005560635073297694
2023-06-01,0.009456137556354185
2023-06-02,0.014357703211042622
2023-06-05,-0.0019182378661929715
2023-06-06,0.0021752168133399715
2023-06-07,-0.0034637966930590137
2023-06-08,0.006030403988823777
2023-06-09,0.0017925513009261998
2023-06-12,0.009031043047095849
2023-06-13,0.00657141272661062
2023-06-14,0.0011899985359819978
2023-06-15,0.012321418523166911
2023-06-16,-0.0034117692186088158
2023-06-20,-0.005201911056010932
2023-06-21,-0.005136850883914143
2023-06-22,0.003603088284429961
2023-06-23,-0.007588692530627521
2023-06-26,-0.004094041748098782
2023-06-27,0.01090366953766956
2023-06-28,0.0005041913090574656
2023-06-29,0.003933612609811292
2023-06-30,0.011731721590126306
2023-07-03,0.0011498895116467814
2023-07-05,-0.001488369266011716
2023-07-06,-0.007861378464587598
2023-07-07,-0.0025280524675247284
2023-07-10,0.0025280524675247856
2023-07-11,0.006348154270748705
2023-07-12,0.00801373659167901
2023-07-13,0.007905680399994054
2023-07-14,-0.0006231663844245188
2023-07-17,0.0034662111398934656
2023-07-18,0.0074032839540805594
2023-07-19,0.0022211676208745063
2023-07-20,-0.006656557726850724
2023-07-21,0.0
2023-07-24,0.004457441878739654
2023-07-25,0.0027261487439354773
2023-07-26,0.0001537898963209208
2023-07-27,-0.006652082057490303
2023-07-28,0.009742700454377282
2023-07-31,0.0019022098824401747
2023-08-01,-0.0028655748670867462
2023-08-02,-0.014008503369098865
2023-08-03,-0.0028699906531661074
2023-08-04,-0.004532996954383221
2023-08-07,0.008690535668191321
2023-08-08,-0.0043579702653620545
2023-08-09,-0.006707829798571282
2023-08-10,0.00035895236612735624
2023-08-11,-0.0005832478336693685
2023-08-14,0.005504922398074254
2023-08-15,-0.01171738584163096
2023-08-16,-0.007365264011677466
2023-08-17,-0.007649093174242473
2023-08-18,0.00048117966544841396
2023-08-21,0.006485375421310237
2023-08-22,-0.002712321488407705
2023-08-23,0.011076179475242897
2023-08-24,-0.01395597988681532
2023-08-25,0.00702510092287507
2023-08-28,0.006321217458420001
2023-08-29,0.014351391732318476
2023-08-30,0.00411023859268069
2023-08-31,-0.0014644552594600653
2023-09-01,0.0018635502478924258
2023-09-05,-0.004331239052821776
2023-09-06,-0.006745309002027251
2023-09-07,-0.0030747825240834002
2023-09-08,0.0015048164159544022
2023-09-11,0.006555164988900833
2023-09-12,-0.005500737632830303
2023-09-13,0.0011652672695937256
2023-09-14,0.008585368779572668
2023-09-15,-0.012121254442280798
2023-09-18,0.0005861733749458241
2023-09-19,-0.0020759048063247495
2023-09-20,-0.009235913058250616
2023-09-21,-0.016666571756081414
2023-09-22,-0.002250948133605748
2023-09-25,0.004196193806210918
2023-09-26,-0.014800294595471565
2023-09-27,0.0003991327342267313
2023-09-28,0.005780761585175118
2023-09-29,-0.0024297547971785585
2023-10-02,-0.0003977235297862628
2023-10-03,-0.013476582728815563
2023-10-04,0.007255633540166907
2023-10-05,-0.00037677931993294466
2023-10-06,0.011802822086355315
2023-10-09,0.0063817581322218155
2023-10-10,0.005191294896654101
2023-10-11,0.0040878701581288845
2023-10-12,-0.006114964894474204
2023-10-13,-0.004993445515495732
2023-10-16,0.01046649174341024
2023-10-17,-4.599604933018972e-05
2023-10-18,-0.01341443628498085
2023-10-19,-0.008825389021979366
2023-10-20,-0.012364200196342583
2023-10-23,-0.0017344653937595355
2023-10-24,0.007510909560920561
2023-10-25,-0.014456089502018014
2023-10-26,-0.012046729004971241
2023-10-27,-0.004543223976629808
2023-10-30,0.01188483482521086
2023-10-31,0.00626067913229715
2023-11-01,0.010608226048089182
2023-11-02,0.01898301144418693
2023-11-03,0.009082032438367731
2023-11-06,0.002297803556915171
2023-11-07,0.002841989113104302
2023-11-08,0.0007322791798963328
2023-11-09,-0.007829375685505444
2023-11-10,0.015484175502117368
2023-11-13,-0.0009534728252509245
2023-11-14,0.01921483409103666
2023-11-15,0.0021148808133026977
2023-11-16,0.0012222824964543016
2023-11-17,0.0012430705250005374
2023-11-20,0.0076682053277729
2023-11-21,-0.0021819552694427534
2023-11-22,0.00385341222744162
2023-11-24,0.0006152892619038331
2023-11-27,-0.0018026670850627522
2023-11-28,0.0009896716774419794
2023-11-29,-0.0007036720630361266
2023-11-30,0.0039296896029246825
2023-12-01,0.0058985461428583295
2023-12-04,-0.0052633312678850835
2023-12-05,-0.0001969830979772495
2023-12-06,-0.004037831709488205
2023-12-07,0.0076013092240170155
2023-12-08,0.004289909982509019
2023-12-11,0.00388204846230179
2023-12-12,0.004556800061527671
2023-12-13,0.01369589077536085
2023-12-14,0.0032042103818616463
2023-12-15,-0.0016477903545550365
2023-12-18,0.005609369816252359
2023-12-19,0.0060623869606101395
2023-12-20,-0.013954224363458655
2023-12-21,0.009437219235017252
2023-12-22,0.0020077894795178033
2023-12-26,0.0042135200459463415
2023-12-27,0.0018065030376105341
2023-12-28,0.0003776574480017819
2023-12-29,-0.00289917915885732
2024-01-02,-0.005612037323891652
2024-01-03,-0.008200256677243124
2024-01-04,-0.003226291743837468
2024-01-05,0.0013688356427243788
2024-01-08,0.014174948995509409
2024-01-09,-0.0015182135778739451
2024-01-10,0.0056394921047486606
2024-01-11,-0.0004407563666352606
2024-01-12,0.0006924735680979739
2024-01-16,-0.003677969687080206
2024-01-17,-0.005574179597774228
2024-01-18,0.008853491005808225
2024-01-19,0.012389167193113839
2024-01-22,0.002111986683231418
2024-01-23,0.002912198971491317
2024-01-24,0.0010927020523077762
2024-01-25,0.005424082943186015
2024-01-26,-0.0012711544240388854
2024-01-29,0.007888222846309866
2024-01-30,-0.0007739102236680928
2024-01-31,-0.016451764740123897
2024-02-01,0.013003210860014804
2024-02-02,0.010472332133591505
2024-02-05,-0.003647745418476348
2024-02-06,0.0028989723242963572
2024-02-07,0.008305930286688848
2024-02-08,0.0004414621797337929
2024-02-09,0.005762824833734324
2024-02-12,-0.0004389874623027481
2024-02-13,-0.013868878910386299
2024-02-14,0.00904662675184559
2024-02-15,0.006876042972305404
2024-02-16,-0.00499229813435476
2024-02-20,-0.005520758612883617
2024-02-21,0.0009054174485427361
2024-02-22,0.02048435775562523
2024-02-23,0.0006893781654168484
2024-02-26,-0.0036692764676822323
2024-02-27,0.0018560848401234628
2024-02-28,-0.0013226448309235945
2024-02-29,0.0035885748451023286
2024-03-01,0.009344541376475108
2024-03-04,-0.0010730925261107367
2024-03-05,-0.010044310795917522
2024-03-06,0.005054420689669335
2024-03-07,0.009877468537032736
2024-03-08,-0.006020281656443549
2024-03-11,-0.0008602291344054963
2024-03-12,0.010699979636751983
2024-03-13,-0.001568796853078672
2024-03-14,-0.001978682035652373
2024-03-15,-0.006890405598132244
2024-03-18,0.005925621657485119
2024-03-19,0.005541688705201126
2024-03-20,0.009206943705209159
2024-03-21,0.0032991398328917673
2024-03-22,-0.0018974700477540462
2024-03-25,-0.0027668150445598412
2024-03-26,-0.001848745207493437
2024-03-27,0.008368845681081928
2024-03-28,-0.0001910443471608467
2024-04-01,-0.0017416376492026837
2024-04-02,-0.006378080685180323
2024-04-03,0.0010977606546431354
2024-04-04,-0.012281127169429468
2024-04-05,0.010392569660799851
2024-04-08,0.0005593485757530947
2024-04-09,0.001156043938918036
2024-04-10,-0.010063667535723452
2024-04-11,0.007518713084343577
2024-04-12,-0.013899374332643773
2024-04-15,-0.012607239535032184
2024-04-16,-0.001825538110809934
2024-04-17,-0.005935760616897201
2024-04-18,-0.0020597842121778177
2024-04-19,-0.008766751091695554
2024-04-22,0.009166999354821815
2024-04-23,0.01179675357205064
2024-04-24,-0.00047465817279098024
2024-04-25,-0.003806143124186124
2024-04-26,0.009429289692970494
2024-04-29,0.003535112362373109
2024-04-30,-0.015967843699512714
2024-05-01,-0.0032525591368321323
2024-05-02,0.009309996295354443
2024-05-03,0.012318981658142505
2024-05-06,0.010274020376059963
2024-05-07,0.001102763434147798
2024-05-08,9.665231507194031e-05
2024-05-09,0.00574539184458996
2024-05-10,0.001287394892331957
2024-05-13,0.00013413339270914617
2024-05-14,0.00457770091357138
2024-05-15,0.01230686649208651
2024-05-16,-0.0020596645888600737
2024-05-17,0.0014366014591867028
2024-05-20,0.0011516186481526074
2024-05-21,0.0024494134752486626
2024-05-22,-0.0028834455866350367
2024-05-23,-0.007330960579578275
2024-05-24,0.006594598211651822
2024-05-28,0.0006986012794964109
2024-05-29,-0.007027323960096576
2024-05-30,-0.006655686202549178
2024-05-31,0.0090668483612123
2024-06-03,0.0008150657972758407
2024-06-04,0.0011172358120410402
2024-06-05,0.01181497596193171
2024-06-06,-1.870945675388144e-05
2024-06-07,-0.0012162807591576666
2024-06-10,0.0030849122809887618
2024-06-11,0.002405324556655933
2024-06-12,0.008179652319561206
2024-06-13,0.002011392952919653
2024-06-14,0.00060813571757503
2024-06-17,0.007927375662002814
2024-06-18,0.0025374833765740234
2024-06-20,-0.0027201136182723484
2024-06-21,-0.0013416056626281395
2024-06-24,-0.003255921869277183
2024-06-25,0.003843682046871477
2024-06-26,0.0012471447891578638
2024-06-27,0.0015752820100936133
2024-06-28,-0.00394286765825608
2024-07-01,0.002055888098291708
2024-07-02,0.006706969006299484
2024-07-03,0.004452817676428542
2024-07-05,0.005750020885147285
2024-07-08,0.0011531627259042687
2024-07-09,0.0009720073332111152
2024-07-10,0.009846779377452432
2024-07-11,-0.008660114259832138
2024-07-12,0.0062877354356749805
2024-07-15,0.002746567824380867
2024-07-16,0.005912345878991276
2024-07-17,-0.014120401300877288
2024-07-18,-0.007714494423302083
2024-07-19,-0.006662865348016932
2024-07-22,0.010257366600354308
2024-07-23,-0.0015699778365581333
2024-07-24,-0.02292310919447822
2024-07-25,-0.005224013565418577
2024-07-26,0.011137459437553917
2024-07-29,0.0005876069125860719
2024-07-30,-0.00507945661027887
2024-07-31,0.01612400909867429
2024-08-01,-0.014262021983354306
2024-08-02,-0.018794122569683547
2024-08-05,-0.029556096743112346
2024-08-06,0.009177225046938206
2024-08-07,-0.00670631433052484
2024-08-08,0.02285409726696231
2024-08-09,0.0044001756534963925
2024-08-12,0.0005249694019925235
2024-08-13,0.016311894024751885
2024-08-14,0.0031498706634310713
2024-08-15,0.01699500857259861
2024-08-16,0.002239469667383563
2024-08-19,0.009515950300571948
2024-08-20,-0.001627437600269879
2024-08-21,0.0034307727003390835
2024-08-22,-0.007879427360554647
2024-08-23,0.01056914549840411
2024-08-26,-0.0023866259113007634
2024-08-27,0.001372045854220628
2024-08-28,-0.005822055272045735
2024-08-29,8.951821015109205e-05
2024-08-30,0.009500711609878811
2024-09-03,-0.02079380724062509
2024-09-04,-0.0020488617355461165
2024-09-05,-0.0024352282468067007
2024-09-06,-0.016973052327323376
2024-09-09,0.011133871189323036
2024-09-10,0.004346212941568779
2024-09-11,0.010206681706174558
2024-09-12,0.008388118911093636
2024-09-13,0.0052090359063868075
2024-09-16,0.001475812389744031
2024-09-17,0.00040848561337042405
2024-09-18,-0.0029701369002973965
2024-09-19,0.016920417068611568
2024-09-20,-0.0017301316421127779
2024-09-23,0.002495707790257474
2024-09-24,0.002857246549837139
2024-09-25,-0.0022079972930059673
2024-09-26,0.003956909205468846
2024-09-27,-0.001451524521008009
2024-09-30,0.003999438308025966
2024-10-01,-0.008998908950549243
2024-10-02,0.000421992719650843
2024-10-03,-0.001829959097201489
2024-10-04,0.009046338124377482
2024-10-07,-0.009081570901981272
2024-10-08,0.00941320719075716
2024-10-09,0.00690247597092669
2024-10-10,-0.0017514865874064195
2024-10-11,0.005970301784518169
2024-10-14,0.008145081837390078
2024-10-15,-0.0077999686368360405
2024-10-16,0.004336971876182105
2024-10-17,8.577972710240778e-05
2024-10-18,0.003839207141191209
2024-10-21,-0.0016436612270650608
2024-10-22,-0.000531233343237344
2024-10-23,-0.009179320377298883
2024-10-24,0.0021603916004062384
2024-10-25,-0.0003455423012858097
2024-10-28,0.0030867649236738953
2024-10-29,0.0016171912487949784
2024-10-30,-0.0030300305072402203
2024-10-31,-0.019797749198162094
2024-11-01,0.004211678376356711
2024-11-04,-0.0021563387077012815
2024-11-05,0.012019404124795185
2024-11-06,0.024561360335779398
2024-11-07,0.007702426027757667
2024-11-08,0.004322491038592225
2024-11-11,0.0009522684623651929
2024-11-12,-0.0031111784923821034
2024-11-13,0.00048575555089007405
2024-11-14,-0.006450987500950271
2024-11-15,-0.012891343001767624
2024-11-18,0.004088904662761587
2024-11-19,0.0036488180625069496
2024-11-20,0.00033884693030040655
2024-11-21,0.005353982844241787
2024-11-22,0.003094485882628035
2024-11-25,0.003386412252227037
2024-11-26,0.005207896253582305
2024-11-27,-0.0030346597241055645
2024-11-29,0.006192849565569897
2024-12-02,0.0017908603149040228
2024-12-03,0.00046367499375192284
2024-12-04,0.006190198461458886
2024-12-05,-0.0016468536024237565
2024-12-06,0.001893739884636484
2024-12-09,-0.005162931843531355
2024-12-10,-0.0031139625452146617
2024-12-11,0.00770103838263702
2024-12-12,-0.005166016306231997
2024-12-13,-0.00019853874112794794
2024-12-16,0.004260893044531318
2024-12-17,-0.004128563775186064
2024-12-18,-0.03025662357994095
2024-12-19,-0.00030704645349531975
2024-12-20,0.0119393312611692
2024-12-23,0.0059705691359047235
2024-12-24,0.01105353996160407
2024-12-26,6.66244163079086e-05
2024-12-27,-0.010582308699819935
2024-12-30,-0.011477115381013247
2024-12-31,-0.0036447896666181993
2025-01-02,-0.002460067216906564
2025-01-03,0.012425845115167358
2025-01-06,0.005744137498316307
2025-01-07,-0.011368391350712789
2025-01-08,0.001459872842085627
2025-01-10,-0.015385123221368308
2025-01-13,0.0015492396610574451
2025-01-14,0.0013748771556175742
2025-01-15,0.01802673111940654
2025-01-16,-0.0019251302809906758
2025-01-17,0.009989888126204568
2025-01-21,0.00911184153609896
2025-01-22,0.0056057265506004325
2025-01-23,0.005443282562212271
2025-01-24,-0.002923547658573923
2025-01-27,-0.014246366989865908
2025-01-28,0.008555742924976927
2025-01-29,-0.004493100456406383
2025-01-30,0.0053527269690866785
2025-01-31,-0.0053360588431012705
2025-02-03,-0.006752394526380682
2025-02-04,0.006685823251079387
2025-02-05,0.004046303200414227
2025-02-06,0.0034696905226085967
2025-02-07,-0.009195631719871061
2025-02-10,0.006768133482180273
2025-02-11,0.0007603452599696442
2025-02-12,-0.0032266930567723807
2025-02-13,0.010502226223428519
2025-02-14,-4.9153363785846196e-05
2025-02-18,0.002931466010428503
2025-02-19,0.002352073742817084
2025-02-20,-0.004168941410624594
2025-02-21,-0.01725204722983592
2025-02-24,-0.004560761261523953
2025-02-25,-0.004985667960468419
2025-02-26,0.0005047276523352883
2025-02-27,-0.016090692718088075
2025-02-28,0.015484988958083439
2025-03-03,-0.017675163929164895
2025-03-04,-0.011907507261230079
2025-03-05,0.010690567257336967
2025-03-06,-0.01791064955282235
2025-03-07,0.0055893217140628795
2025-03-10,-0.026996817266839387
2025-03-11,-0.008347592381907083
2025-03-12,0.0052924115487716404
2025-03-13,-0.013419953983158109
2025-03-14,0.02044505764108304
2025-03-17,0.007681855696161048
2025-03-18,-0.010867171874899478
2025-03-19,0.010831906618755681
2025-03-20,-0.002895991331383918
2025-03-21,0.0003298658763302372
2025-03-24,0.017750086193809182
2025-03-25,0.0024009971253177113
2025-03-26,-0.0120100659661846
2025-03-27,-0.002659393438435454
2025-03-28,-0.020343714466003155
2025-03-31,0.006690231009001413
2025-04-01,0.002820487746496578
2025-04-02,0.006308494357111239
2025-04-03,-0.050536534960503074
2025-04-04,-0.06032656014450251
2025-04-07,-0.0017827814203064058
2025-04-08,-0.015786671024523878
2025-04-09,0.09986289644408139
2025-04-10,-0.044808277373538576
2025-04-11,0.01768562624901455
2025-04-14,0.009654564485726522
2025-04-15,-0.0028046244086618183
2025-04-16,-0.022478913258385427
2025-04-17,0.0014257923621276338
2025-04-21,-0.024090623785153736
2025-04-22,0.025685115551747496
2025-04-23,0.015376643965653828
2025-04-24,0.020830321165997923
2025-04-25,0.007199512658338526
2025-04-28,0.0003812293734920367
2025-04-29,0.006279582464638656
2025-04-30,0.0003967340036316154
2025-05-01,0.007062032092100689
2025-05-02,0.014734924412869804
2025-05-05,-0.005750689730443321
2025-05-06,-0.008393447431861177
2025-05-07,0.004196618771925092
2025-05-08,0.006943627636358309
2025-05-09,-0.0012749277843107142
2025-05-12,0.03251307324194498
2025-05-13,0.006582124635303903
2025-05-14,0.0012771385761610014
2025-05-15,0.004872557762829333
2025-05-16,0.006314102279205575
2025-05-19,0.0010932163119030398
2025-05-20,-0.0033678968350383067
2025-05-21,-0.01699427924742923
2025-05-22,0.0003945692246958432
2025-05-23,-0.006849183214543818
2025-05-27,0.020577387012457326
2025-05-28,-0.005802215424402607
2025-05-29,0.0039397169478358725
2025-05-30,-0.0011191873844055738
2025-06-02,0.005617200418764615
2025-06-03,0.005686288008741855
2025-06-04,-0.00026837630786721444
2025-06-05,-0.00484458823974022
2025-06-06,0.010216509050123456
2025-06-09,0.000900980015689671
2025-06-10,0.005653754979559288
2025-06-11,-0.0028560914136342855
2025-06-12,0.003966349722052468
2025-06-13,-0.011243031070609706
2025-06-16,0.009469221553216311
2025-06-17,-0.00858175064837527
2025-06-18,-0.00015075043315051226
2025-06-20,-0.002351298196901591
2025-06-23,0.009829017063755472
2025-06-24,0.01098663429244116
2025-06-25,0.0005602076849731048
2025-06-26,0.0077934334109692775
2025-06-27,0.004956029834652175
2025-06-30,0.004769811928816336
2025-07-01,-0.0003237317036786633
2025-07-02,0.004523032166475909
2025-07-03,0.00785049006139128
2025-07-07,-0.007479822911334436
2025-07-08,-0.0005479654391165573
2025-07-09,0.005978718557821743
2025-07-10,0.0028163406054207227
2025-07-11,-0.003521617492822476
2025-07-14,0.0019062990833984936
2025-07-15,-0.004282323121872532
2025-07-16,0.003337615079474222
2025-07-17,0.006100942713355944
2025-07-18,-0.0007325832395875651
2025-07-21,0.0018943796948635745
2025-07-22,0.00014311092236799798
2025-07-23,0.008471555947003452
2025-07-24,0.0003309977370316064
2025-07-25,0.004215355509912938
2025-07-28,-0.0002511317003774528
2025-07-29,-0.0026410366877477926
2025-07-30,-0.0012601246347007209
2025-07-31,-0.0037582800219577626
2025-08-01,-0.01652617763451541
2025-08-04,0.015085355384855111
2025-08-05,-0.005082764440420212
2025-08-06,0.0076303958197283745
2025-08-07,-0.0008379750805715818
2025-08-08,0.007767426102698934
2025-08-11,-0.001979497560583303
2025-08-12,0.010589843604162286
2025-08-13,0.003417206050253846
2025-08-14,9.305657202052432e-05
2025-08-15,-0.002344034961438168
2025-08-18,-0.00021765512234882508
2025-08-19,-0.005439899526511449
2025-08-20,-0.002660619942930772
2025-08-21,-0.004019891234610142
2025-08-22,0.01524006767331853
2025-08-25,-0.004410775275590772
2025-08-26,0.004178295104639576
2025-08-27,0.002275921406955702
2025-08-28,0.0035351068723046006
2025-08-29,-0.00598153537129435
2025-09-02,-0.007437888193564877
2025-09-03,0.005405022362943885
2025-09-04,0.008322535450544438
2025-09-05,-0.002900350441516548
2025-09-08,0.0024535295419670193
2025-09-09,0.0023092523208794106
2025-09-10,0.0028866837953472123
2025-09-11,0.008275924601042638
2025-09-12,-0.0003347625365709058
2025-09-15,0.00530983028777682
2025-09-16,-0.001377834697222049
2025-09-17,-0.0012431144932423498
2025-09-18,0.004661656098012296
2025-09-19,0.004940556697161345
2025-09-22,0.004719943972387415
2025-09-23,-0.005458436585496771
2025-09-24,-0.003186705609680798
2025-09-25,-0.004624172513464782
2025-09-26,0.005712795234045289
2025-09-29,0.0028064247447203627
2025-09-30,0.0037597898827210047
2025-10-01,0.003401684988263315
2025-10-02,0.001151140720406421
2025-10-03,-1.4767471260179647e-05
2025-10-06,0.003579813724412676
2025-10-07,-0.0037143820348426687
2025-10-08,0.005945343779221919
2025-10-09,-0.002901212830195306
2025-10-10,-0.027399797306962
2025-10-13,0.01522754489520044
2025-10-14,-0.0012224016319925188
2025-10-15,0.004429697562726796
2025-10-16,-0.006833556809050219
2025-10-17,0.005660343785832389
2025-10-20,0.010346762560389149
2025-10-21,-1.4904592548673624e-05
2025-10-22,-0.005212468267243702
2025-10-23,0.00591237858353294
2025-10-24,0.008139356488562998
2025-10-27,0.011728661579555206
2025-10-28,0.0026524780243792965
2025-10-29,0.00048027169098161166
2025-10-30,-0.011059070654489161
2025-10-31,0.003274731939679319
2025-11-03,0.001875018306885159
2025-11-04,-0.011924353295924664
2025-11-05,0.003459398571762206
2025-11-06,-0.010787307565268271
2025-11-07,0.0009840232716329205
2025-11-10,0.015483847432383142
2025-11-11,0.0022866236688574054
2025-11-12,0.0005563336963194146
2025-11-13,-0.016733243059015003
2025-11-14,-0.00016378217190490574
2025-11-17,-0.009360102835536118
2025-11-18,-0.008433010863377237
2025-11-19,0.003855757148191913
2025-11-20,-0.015359602533844793
2025-11-21,0.009911937023691694
2025-11-24,0.014611241086193577
2025-11-25,0.009362030553383407
2025-11-26,0.006879763512976049
2025-11-28,0.0054435632273936016
2025-12-01,-0.004575959173217758
2025-12-02,0.0018505862825212542
2025-12-03,0.003456786217426821
2025-12-04,0.0007307890626128348
2025-12-05,0.0018977350040129193
2025-12-08,-0.003008799415334641
2025-12-09,-0.0008634278241621205
2025-12-10,0.006610281415951135
2025-12-11,0.002324244979309141
2025-12-12,-0.010810189042095767
2025-12-15,-0.001512030324677354
2025-12-16,-0.002736037133594218
2025-12-17,-0.01106460773219221
2025-12-18,0.007522963990016468
2025-12-19,0.009022618958016409
2025-12-22,0.006210566721978087
2025-12-23,0.004560042005282501
2025-12-24,0.0035114479496600164
2025-12-26,-0.0001014201750952399
2025-12-29,-0.0035699930558561223
2025-12-30,-0.0012218468855631148
2025-12-31,-0.0074365500962735335
2026-01-02,0.0018313617663269853
2026-01-05,0.006638033243240065
2026-01-06,0.005929568682081867
2026-01-07,-0.0032285629973805552
2026-01-08,-0.00010153783677743937
2026-01-09,0.006591570183952557
2026-01-12,0.0015692219387488094
2026-01-13,-0.002001476724789629
2026-01-14,-0.004927356850498766
